{
  "#abspos": {
    "current": {
      "number": "9",
      "spec": "CSS Grid Layout 3",
      "text": "Absolute Positioning",
      "url": "https://drafts.csswg.org/css-grid-3/#abspos"
    }
  },
  "#abstract": {
    "current": {
      "number": "",
      "spec": "CSS Grid Layout 3",
      "text": "Abstract",
      "url": "https://drafts.csswg.org/css-grid-3/#abstract"
    }
  },
  "#acknowledgements": {
    "current": {
      "number": "",
      "spec": "CSS Grid Layout 3",
      "text": "12. Acknowledgements",
      "url": "https://drafts.csswg.org/css-grid-3/#acknowledgements"
    }
  },
  "#alignment": {
    "current": {
      "number": "6",
      "spec": "CSS Grid Layout 3",
      "text": "Alignment and Spacing",
      "url": "https://drafts.csswg.org/css-grid-3/#alignment"
    }
  },
  "#background": {
    "current": {
      "number": "1.1",
      "spec": "CSS Grid Layout 3",
      "text": "Background and Motivation",
      "url": "https://drafts.csswg.org/css-grid-3/#background"
    }
  },
  "#containing-block": {
    "current": {
      "number": "3",
      "spec": "CSS Grid Layout 3",
      "text": "Containing Block",
      "url": "https://drafts.csswg.org/css-grid-3/#containing-block"
    }
  },
  "#graceful-degradation": {
    "current": {
      "number": "",
      "spec": "CSS Grid Layout 3",
      "text": "11. Graceful Degradation",
      "url": "https://drafts.csswg.org/css-grid-3/#graceful-degradation"
    }
  },
  "#grid-axis-pagination": {
    "current": {
      "number": "7.2",
      "spec": "CSS Grid Layout 3",
      "text": "Fragmentation in the Grid Axis",
      "url": "https://drafts.csswg.org/css-grid-3/#grid-axis-pagination"
    }
  },
  "#grid-template-masonry": {
    "current": {
      "number": "2",
      "spec": "CSS Grid Layout 3",
      "text": "Masonry Layout",
      "url": "https://drafts.csswg.org/css-grid-3/#grid-template-masonry"
    }
  },
  "#implicit-grid": {
    "current": {
      "number": "4",
      "spec": "CSS Grid Layout 3",
      "text": "The Implicit Grid",
      "url": "https://drafts.csswg.org/css-grid-3/#implicit-grid"
    }
  },
  "#index": {
    "current": {
      "number": "",
      "spec": "CSS Grid Layout 3",
      "text": "Index",
      "url": "https://drafts.csswg.org/css-grid-3/#index"
    }
  },
  "#index-defined-elsewhere": {
    "current": {
      "number": "",
      "spec": "CSS Grid Layout 3",
      "text": "Terms defined by reference",
      "url": "https://drafts.csswg.org/css-grid-3/#index-defined-elsewhere"
    }
  },
  "#index-defined-here": {
    "current": {
      "number": "",
      "spec": "CSS Grid Layout 3",
      "text": "Terms defined by this specification",
      "url": "https://drafts.csswg.org/css-grid-3/#index-defined-here"
    }
  },
  "#informative": {
    "current": {
      "number": "",
      "spec": "CSS Grid Layout 3",
      "text": "Informative References",
      "url": "https://drafts.csswg.org/css-grid-3/#informative"
    }
  },
  "#intrinsic-sizes": {
    "current": {
      "number": "5",
      "spec": "CSS Grid Layout 3",
      "text": "Sizing Grid Containers",
      "url": "https://drafts.csswg.org/css-grid-3/#intrinsic-sizes"
    }
  },
  "#intro": {
    "current": {
      "number": "1",
      "spec": "CSS Grid Layout 3",
      "text": "Introduction",
      "url": "https://drafts.csswg.org/css-grid-3/#intro"
    }
  },
  "#issues-index": {
    "current": {
      "number": "",
      "spec": "CSS Grid Layout 3",
      "text": "Issues Index",
      "url": "https://drafts.csswg.org/css-grid-3/#issues-index"
    }
  },
  "#line-name-resolution": {
    "current": {
      "number": "2.1",
      "spec": "CSS Grid Layout 3",
      "text": "Line Name Resolution",
      "url": "https://drafts.csswg.org/css-grid-3/#line-name-resolution"
    }
  },
  "#masonry-auto-flow": {
    "current": {
      "number": "2.4",
      "spec": "CSS Grid Layout 3",
      "text": "The masonry-auto-flow Property",
      "url": "https://drafts.csswg.org/css-grid-3/#masonry-auto-flow"
    }
  },
  "#masonry-axis-baseline-alignment": {
    "current": {
      "number": "6.1",
      "spec": "CSS Grid Layout 3",
      "text": "Baseline Alignment in the Masonry Axis",
      "url": "https://drafts.csswg.org/css-grid-3/#masonry-axis-baseline-alignment"
    }
  },
  "#masonry-axis-pagination": {
    "current": {
      "number": "7.1",
      "spec": "CSS Grid Layout 3",
      "text": "Fragmentation in the Masonry Axis",
      "url": "https://drafts.csswg.org/css-grid-3/#masonry-axis-pagination"
    }
  },
  "#masonry-layout-algorithm": {
    "current": {
      "number": "2.3",
      "spec": "CSS Grid Layout 3",
      "text": "Masonry Layout Algorithm",
      "url": "https://drafts.csswg.org/css-grid-3/#masonry-layout-algorithm"
    }
  },
  "#normative": {
    "current": {
      "number": "",
      "spec": "CSS Grid Layout 3",
      "text": "Normative References",
      "url": "https://drafts.csswg.org/css-grid-3/#normative"
    }
  },
  "#pagination": {
    "current": {
      "number": "7",
      "spec": "CSS Grid Layout 3",
      "text": "Fragmentation",
      "url": "https://drafts.csswg.org/css-grid-3/#pagination"
    }
  },
  "#performance-notes": {
    "current": {
      "number": "",
      "spec": "CSS Grid Layout 3",
      "text": "10. Performance Notes",
      "url": "https://drafts.csswg.org/css-grid-3/#performance-notes"
    }
  },
  "#property-index": {
    "current": {
      "number": "",
      "spec": "CSS Grid Layout 3",
      "text": "Property Index",
      "url": "https://drafts.csswg.org/css-grid-3/#property-index"
    }
  },
  "#references": {
    "current": {
      "number": "",
      "spec": "CSS Grid Layout 3",
      "text": "References",
      "url": "https://drafts.csswg.org/css-grid-3/#references"
    }
  },
  "#repeat-auto-fit": {
    "current": {
      "number": "2.2.1",
      "spec": "CSS Grid Layout 3",
      "text": "repeat(auto-fit)",
      "url": "https://drafts.csswg.org/css-grid-3/#repeat-auto-fit"
    }
  },
  "#sotd": {
    "current": {
      "number": "",
      "spec": "CSS Grid Layout 3",
      "text": "Status of this document",
      "url": "https://drafts.csswg.org/css-grid-3/#sotd"
    }
  },
  "#subgrids": {
    "current": {
      "number": "8",
      "spec": "CSS Grid Layout 3",
      "text": "Subgrids",
      "url": "https://drafts.csswg.org/css-grid-3/#subgrids"
    }
  },
  "#title": {
    "current": {
      "number": "",
      "spec": "CSS Grid Layout 3",
      "text": "CSS Grid Layout Module Level 3",
      "url": "https://drafts.csswg.org/css-grid-3/#title"
    }
  },
  "#toc": {
    "current": {
      "number": "",
      "spec": "CSS Grid Layout 3",
      "text": "Table of Contents",
      "url": "https://drafts.csswg.org/css-grid-3/#toc"
    }
  },
  "#track-sizing": {
    "current": {
      "number": "2.2",
      "spec": "CSS Grid Layout 3",
      "text": "Grid Axis Track Sizing",
      "url": "https://drafts.csswg.org/css-grid-3/#track-sizing"
    }
  },
  "#values": {
    "current": {
      "number": "1.2",
      "spec": "CSS Grid Layout 3",
      "text": "Value Definitions",
      "url": "https://drafts.csswg.org/css-grid-3/#values"
    }
  },
  "#w3c-conform-future-proofing": {
    "current": {
      "number": "",
      "spec": "CSS Grid Layout 3",
      "text": "Implementations of Unstable and Proprietary Features",
      "url": "https://drafts.csswg.org/css-grid-3/#w3c-conform-future-proofing"
    }
  },
  "#w3c-conformance": {
    "current": {
      "number": "",
      "spec": "CSS Grid Layout 3",
      "text": "Conformance",
      "url": "https://drafts.csswg.org/css-grid-3/#w3c-conformance"
    }
  },
  "#w3c-conformance-classes": {
    "current": {
      "number": "",
      "spec": "CSS Grid Layout 3",
      "text": "Conformance classes",
      "url": "https://drafts.csswg.org/css-grid-3/#w3c-conformance-classes"
    }
  },
  "#w3c-conventions": {
    "current": {
      "number": "",
      "spec": "CSS Grid Layout 3",
      "text": "Document conventions",
      "url": "https://drafts.csswg.org/css-grid-3/#w3c-conventions"
    }
  },
  "#w3c-partial": {
    "current": {
      "number": "",
      "spec": "CSS Grid Layout 3",
      "text": "Partial implementations",
      "url": "https://drafts.csswg.org/css-grid-3/#w3c-partial"
    }
  },
  "#w3c-testing": {
    "current": {
      "number": "",
      "spec": "CSS Grid Layout 3",
      "text": "Non-experimental implementations",
      "url": "https://drafts.csswg.org/css-grid-3/#w3c-testing"
    }
  }
}