{
  "#abstract": {
    "current": {
      "number": "",
      "spec": "File and Directory Entries API",
      "text": "Abstract",
      "url": "https://wicg.github.io/entries-api/#abstract"
    }
  },
  "#acknowledgements": {
    "current": {
      "number": "8",
      "spec": "File and Directory Entries API",
      "text": "Acknowledgements",
      "url": "https://wicg.github.io/entries-api/#acknowledgements"
    }
  },
  "#algorithms": {
    "current": {
      "number": "3",
      "spec": "File and Directory Entries API",
      "text": "Algorithms",
      "url": "https://wicg.github.io/entries-api/#algorithms"
    }
  },
  "#api-directoryentry": {
    "current": {
      "number": "7.2",
      "spec": "File and Directory Entries API",
      "text": "The FileSystemDirectoryEntry Interface",
      "url": "https://wicg.github.io/entries-api/#api-directoryentry"
    }
  },
  "#api-directoryreader": {
    "current": {
      "number": "7.3",
      "spec": "File and Directory Entries API",
      "text": "The FileSystemDirectoryReader Interface",
      "url": "https://wicg.github.io/entries-api/#api-directoryreader"
    }
  },
  "#api-domfilesystem": {
    "current": {
      "number": "7.5",
      "spec": "File and Directory Entries API",
      "text": "The FileSystem Interface",
      "url": "https://wicg.github.io/entries-api/#api-domfilesystem"
    }
  },
  "#api-entry": {
    "current": {
      "number": "7.1",
      "spec": "File and Directory Entries API",
      "text": "The FileSystemEntry Interface",
      "url": "https://wicg.github.io/entries-api/#api-entry"
    }
  },
  "#api-fileentry": {
    "current": {
      "number": "7.4",
      "spec": "File and Directory Entries API",
      "text": "The FileSystemFileEntry Interface",
      "url": "https://wicg.github.io/entries-api/#api-fileentry"
    }
  },
  "#api-files-directories": {
    "current": {
      "number": "7",
      "spec": "File and Directory Entries API",
      "text": "Files and Directories",
      "url": "https://wicg.github.io/entries-api/#api-files-directories"
    }
  },
  "#concepts": {
    "current": {
      "number": "2",
      "spec": "File and Directory Entries API",
      "text": "Concepts",
      "url": "https://wicg.github.io/entries-api/#concepts"
    }
  },
  "#entries": {
    "current": {
      "number": "2.3",
      "spec": "File and Directory Entries API",
      "text": "Entries",
      "url": "https://wicg.github.io/entries-api/#entries"
    }
  },
  "#file-interface": {
    "current": {
      "number": "4",
      "spec": "File and Directory Entries API",
      "text": "The File Interface",
      "url": "https://wicg.github.io/entries-api/#file-interface"
    }
  },
  "#files-dirs": {
    "current": {
      "number": "2.2",
      "spec": "File and Directory Entries API",
      "text": "Files and Directories",
      "url": "https://wicg.github.io/entries-api/#files-dirs"
    }
  },
  "#goals": {
    "current": {
      "number": "1",
      "spec": "File and Directory Entries API",
      "text": "Goals",
      "url": "https://wicg.github.io/entries-api/#goals"
    }
  },
  "#html-data": {
    "current": {
      "number": "6",
      "spec": "File and Directory Entries API",
      "text": "HTML: Drag and drop",
      "url": "https://wicg.github.io/entries-api/#html-data"
    }
  },
  "#html-forms": {
    "current": {
      "number": "5",
      "spec": "File and Directory Entries API",
      "text": "HTML: Forms",
      "url": "https://wicg.github.io/entries-api/#html-forms"
    }
  },
  "#idl-index": {
    "current": {
      "number": "",
      "spec": "File and Directory Entries API",
      "text": "IDL Index",
      "url": "https://wicg.github.io/entries-api/#idl-index"
    }
  },
  "#index": {
    "current": {
      "number": "",
      "spec": "File and Directory Entries API",
      "text": "Index",
      "url": "https://wicg.github.io/entries-api/#index"
    }
  },
  "#index-defined-elsewhere": {
    "current": {
      "number": "",
      "spec": "File and Directory Entries API",
      "text": "Terms defined by reference",
      "url": "https://wicg.github.io/entries-api/#index-defined-elsewhere"
    }
  },
  "#index-defined-here": {
    "current": {
      "number": "",
      "spec": "File and Directory Entries API",
      "text": "Terms defined by this specification",
      "url": "https://wicg.github.io/entries-api/#index-defined-here"
    }
  },
  "#informative": {
    "current": {
      "number": "",
      "spec": "File and Directory Entries API",
      "text": "Informative References",
      "url": "https://wicg.github.io/entries-api/#informative"
    }
  },
  "#issues-index": {
    "current": {
      "number": "",
      "spec": "File and Directory Entries API",
      "text": "Issues Index",
      "url": "https://wicg.github.io/entries-api/#issues-index"
    }
  },
  "#names-paths": {
    "current": {
      "number": "2.1",
      "spec": "File and Directory Entries API",
      "text": "Names and Paths",
      "url": "https://wicg.github.io/entries-api/#names-paths"
    }
  },
  "#normative": {
    "current": {
      "number": "",
      "spec": "File and Directory Entries API",
      "text": "Normative References",
      "url": "https://wicg.github.io/entries-api/#normative"
    }
  },
  "#references": {
    "current": {
      "number": "",
      "spec": "File and Directory Entries API",
      "text": "References",
      "url": "https://wicg.github.io/entries-api/#references"
    }
  },
  "#status": {
    "current": {
      "number": "",
      "spec": "File and Directory Entries API",
      "text": "Status of this document",
      "url": "https://wicg.github.io/entries-api/#status"
    }
  },
  "#title": {
    "current": {
      "number": "",
      "spec": "File and Directory Entries API",
      "text": "File and Directory Entries API",
      "url": "https://wicg.github.io/entries-api/#title"
    }
  },
  "#toc": {
    "current": {
      "number": "",
      "spec": "File and Directory Entries API",
      "text": "Table of Contents",
      "url": "https://wicg.github.io/entries-api/#toc"
    }
  },
  "#w3c-conformance": {
    "current": {
      "number": "",
      "spec": "File and Directory Entries API",
      "text": "Conformance",
      "url": "https://wicg.github.io/entries-api/#w3c-conformance"
    }
  },
  "#w3c-conventions": {
    "current": {
      "number": "",
      "spec": "File and Directory Entries API",
      "text": "Document conventions",
      "url": "https://wicg.github.io/entries-api/#w3c-conventions"
    }
  }
}