{
  "#VideoPlaybackQuality": {
    "current": {
      "number": "A",
      "spec": "Media Source Extensions™",
      "text": "VideoPlaybackQuality",
      "url": "https://w3c.github.io/media-source/#VideoPlaybackQuality"
    },
    "snapshot": {
      "number": "A",
      "spec": "Media Source Extensions™",
      "text": "VideoPlaybackQuality",
      "url": "https://www.w3.org/TR/media-source-2/#VideoPlaybackQuality"
    }
  },
  "#acknowledgements": {
    "current": {
      "number": "",
      "spec": "Media Source Extensions™",
      "text": "24. Acknowledgments",
      "url": "https://w3c.github.io/media-source/#acknowledgements"
    },
    "snapshot": {
      "number": "",
      "spec": "Media Source Extensions™",
      "text": "24. Acknowledgments",
      "url": "https://www.w3.org/TR/media-source-2/#acknowledgements"
    }
  },
  "#active-source-buffer-changes": {
    "current": {
      "number": "9.5",
      "spec": "Media Source Extensions™",
      "text": "Changes to selected/enabled track state",
      "url": "https://w3c.github.io/media-source/#active-source-buffer-changes"
    },
    "snapshot": {
      "number": "9.5",
      "spec": "Media Source Extensions™",
      "text": "Changes to selected/enabled track state",
      "url": "https://www.w3.org/TR/media-source-2/#active-source-buffer-changes"
    }
  },
  "#activesourcebuffers-attribute": {
    "current": {
      "number": "2.3",
      "spec": "Media Source Extensions™",
      "text": "activeSourceBuffers attribute",
      "url": "https://w3c.github.io/media-source/#activesourcebuffers-attribute"
    },
    "snapshot": {
      "number": "2.3",
      "spec": "Media Source Extensions™",
      "text": "activeSourceBuffers attribute",
      "url": "https://www.w3.org/TR/media-source-2/#activesourcebuffers-attribute"
    }
  },
  "#addsourcebuffer-method": {
    "current": {
      "number": "2.7",
      "spec": "Media Source Extensions™",
      "text": "addSourceBuffer() method",
      "url": "https://w3c.github.io/media-source/#addsourcebuffer-method"
    },
    "snapshot": {
      "number": "2.7",
      "spec": "Media Source Extensions™",
      "text": "addSourceBuffer() method",
      "url": "https://www.w3.org/TR/media-source-2/#addsourcebuffer-method"
    }
  },
  "#algorithms": {
    "current": {
      "number": "13.3",
      "spec": "Media Source Extensions™",
      "text": "Algorithms",
      "url": "https://w3c.github.io/media-source/#algorithms"
    },
    "snapshot": {
      "number": "13.3",
      "spec": "Media Source Extensions™",
      "text": "Algorithms",
      "url": "https://www.w3.org/TR/media-source-2/#algorithms"
    }
  },
  "#algorithms-0": {
    "current": {
      "number": "15.3",
      "spec": "Media Source Extensions™",
      "text": "Algorithms",
      "url": "https://w3c.github.io/media-source/#algorithms-0"
    },
    "snapshot": {
      "number": "15.3",
      "spec": "Media Source Extensions™",
      "text": "Algorithms",
      "url": "https://www.w3.org/TR/media-source-2/#algorithms-0"
    }
  },
  "#attributes": {
    "current": {
      "number": "11.1",
      "spec": "Media Source Extensions™",
      "text": "Attributes",
      "url": "https://w3c.github.io/media-source/#attributes"
    },
    "snapshot": {
      "number": "11.1",
      "spec": "Media Source Extensions™",
      "text": "Attributes",
      "url": "https://www.w3.org/TR/media-source-2/#attributes"
    }
  },
  "#attributes-0": {
    "current": {
      "number": "12.1",
      "spec": "Media Source Extensions™",
      "text": "Attributes",
      "url": "https://w3c.github.io/media-source/#attributes-0"
    },
    "snapshot": {
      "number": "12.1",
      "spec": "Media Source Extensions™",
      "text": "Attributes",
      "url": "https://www.w3.org/TR/media-source-2/#attributes-0"
    }
  },
  "#attributes-1": {
    "current": {
      "number": "13.1",
      "spec": "Media Source Extensions™",
      "text": "Attributes",
      "url": "https://w3c.github.io/media-source/#attributes-1"
    },
    "snapshot": {
      "number": "13.1",
      "spec": "Media Source Extensions™",
      "text": "Attributes",
      "url": "https://www.w3.org/TR/media-source-2/#attributes-1"
    }
  },
  "#attributes-2": {
    "current": {
      "number": "14.1",
      "spec": "Media Source Extensions™",
      "text": "Attributes",
      "url": "https://w3c.github.io/media-source/#attributes-2"
    },
    "snapshot": {
      "number": "14.1",
      "spec": "Media Source Extensions™",
      "text": "Attributes",
      "url": "https://www.w3.org/TR/media-source-2/#attributes-2"
    }
  },
  "#attributes-3": {
    "current": {
      "number": "15.1",
      "spec": "Media Source Extensions™",
      "text": "Attributes",
      "url": "https://w3c.github.io/media-source/#attributes-3"
    },
    "snapshot": {
      "number": "15.1",
      "spec": "Media Source Extensions™",
      "text": "Attributes",
      "url": "https://www.w3.org/TR/media-source-2/#attributes-3"
    }
  },
  "#attributes-4": {
    "current": {
      "number": "",
      "spec": "Media Source Extensions™",
      "text": "Attributes",
      "url": "https://w3c.github.io/media-source/#attributes-4"
    },
    "snapshot": {
      "number": "",
      "spec": "Media Source Extensions™",
      "text": "Attributes",
      "url": "https://www.w3.org/TR/media-source-2/#attributes-4"
    }
  },
  "#attributes-5": {
    "current": {
      "number": "",
      "spec": "Media Source Extensions™",
      "text": "Attributes",
      "url": "https://w3c.github.io/media-source/#attributes-5"
    },
    "snapshot": {
      "number": "",
      "spec": "Media Source Extensions™",
      "text": "Attributes",
      "url": "https://www.w3.org/TR/media-source-2/#attributes-5"
    }
  },
  "#attributes-6": {
    "current": {
      "number": "",
      "spec": "Media Source Extensions™",
      "text": "Attributes",
      "url": "https://w3c.github.io/media-source/#attributes-6"
    },
    "snapshot": {
      "number": "",
      "spec": "Media Source Extensions™",
      "text": "Attributes",
      "url": "https://www.w3.org/TR/media-source-2/#attributes-6"
    }
  },
  "#audio-track-extensions": {
    "current": {
      "number": "",
      "spec": "Media Source Extensions™",
      "text": "17. AudioTrack Extensions",
      "url": "https://w3c.github.io/media-source/#audio-track-extensions"
    },
    "snapshot": {
      "number": "",
      "spec": "Media Source Extensions™",
      "text": "17. AudioTrack Extensions",
      "url": "https://www.w3.org/TR/media-source-2/#audio-track-extensions"
    }
  },
  "#buffer-monitoring": {
    "current": {
      "number": "9.4",
      "spec": "Media Source Extensions™",
      "text": "SourceBuffer Monitoring",
      "url": "https://w3c.github.io/media-source/#buffer-monitoring"
    },
    "snapshot": {
      "number": "9.4",
      "spec": "Media Source Extensions™",
      "text": "SourceBuffer Monitoring",
      "url": "https://www.w3.org/TR/media-source-2/#buffer-monitoring"
    }
  },
  "#buffered-change": {
    "current": {
      "number": "15.3.1",
      "spec": "Media Source Extensions™",
      "text": "Buffered Change",
      "url": "https://w3c.github.io/media-source/#buffered-change"
    },
    "snapshot": {
      "number": "15.3.1",
      "spec": "Media Source Extensions™",
      "text": "Buffered Change",
      "url": "https://www.w3.org/TR/media-source-2/#buffered-change"
    }
  },
  "#bufferedchangeevent-interface": {
    "current": {
      "number": "",
      "spec": "Media Source Extensions™",
      "text": "14. BufferedChangeEvent interface",
      "url": "https://w3c.github.io/media-source/#bufferedchangeevent-interface"
    },
    "snapshot": {
      "number": "",
      "spec": "Media Source Extensions™",
      "text": "14. BufferedChangeEvent interface",
      "url": "https://www.w3.org/TR/media-source-2/#bufferedchangeevent-interface"
    }
  },
  "#byte-stream-formats": {
    "current": {
      "number": "",
      "spec": "Media Source Extensions™",
      "text": "20. Byte Stream Formats",
      "url": "https://w3c.github.io/media-source/#byte-stream-formats"
    },
    "snapshot": {
      "number": "",
      "spec": "Media Source Extensions™",
      "text": "20. Byte Stream Formats",
      "url": "https://www.w3.org/TR/media-source-2/#byte-stream-formats"
    }
  },
  "#canconstructindedicatedworker-attribute": {
    "current": {
      "number": "2.6",
      "spec": "Media Source Extensions™",
      "text": "canConstructInDedicatedWorker attribute",
      "url": "https://w3c.github.io/media-source/#canconstructindedicatedworker-attribute"
    },
    "snapshot": {
      "number": "2.6",
      "spec": "Media Source Extensions™",
      "text": "canConstructInDedicatedWorker attribute",
      "url": "https://www.w3.org/TR/media-source-2/#canconstructindedicatedworker-attribute"
    }
  },
  "#clearliveseekablerange-method": {
    "current": {
      "number": "5",
      "spec": "Media Source Extensions™",
      "text": "clearLiveSeekableRange() method",
      "url": "https://w3c.github.io/media-source/#clearliveseekablerange-method"
    },
    "snapshot": {
      "number": "5",
      "spec": "Media Source Extensions™",
      "text": "clearLiveSeekableRange() method",
      "url": "https://www.w3.org/TR/media-source-2/#clearliveseekablerange-method"
    }
  },
  "#conformance": {
    "current": {
      "number": "",
      "spec": "Media Source Extensions™",
      "text": "21. Conformance",
      "url": "https://w3c.github.io/media-source/#conformance"
    },
    "snapshot": {
      "number": "",
      "spec": "Media Source Extensions™",
      "text": "21. Conformance",
      "url": "https://www.w3.org/TR/media-source-2/#conformance"
    }
  },
  "#definitions": {
    "current": {
      "number": "1.2",
      "spec": "Media Source Extensions™",
      "text": "Definitions",
      "url": "https://w3c.github.io/media-source/#definitions"
    },
    "snapshot": {
      "number": "1.2",
      "spec": "Media Source Extensions™",
      "text": "Definitions",
      "url": "https://www.w3.org/TR/media-source-2/#definitions"
    }
  },
  "#duration-attribute": {
    "current": {
      "number": "2.5",
      "spec": "Media Source Extensions™",
      "text": "duration attribute",
      "url": "https://w3c.github.io/media-source/#duration-attribute"
    },
    "snapshot": {
      "number": "2.5",
      "spec": "Media Source Extensions™",
      "text": "duration attribute",
      "url": "https://www.w3.org/TR/media-source-2/#duration-attribute"
    }
  },
  "#duration-change-algorithm": {
    "current": {
      "number": "9.6",
      "spec": "Media Source Extensions™",
      "text": "Duration change",
      "url": "https://w3c.github.io/media-source/#duration-change-algorithm"
    },
    "snapshot": {
      "number": "9.6",
      "spec": "Media Source Extensions™",
      "text": "Duration change",
      "url": "https://www.w3.org/TR/media-source-2/#duration-change-algorithm"
    }
  },
  "#end-of-stream-algorithm": {
    "current": {
      "number": "9.7",
      "spec": "Media Source Extensions™",
      "text": "End of stream",
      "url": "https://w3c.github.io/media-source/#end-of-stream-algorithm"
    },
    "snapshot": {
      "number": "9.7",
      "spec": "Media Source Extensions™",
      "text": "End of stream",
      "url": "https://www.w3.org/TR/media-source-2/#end-of-stream-algorithm"
    }
  },
  "#endofstream-method": {
    "current": {
      "number": "3",
      "spec": "Media Source Extensions™",
      "text": "endOfStream() method",
      "url": "https://w3c.github.io/media-source/#endofstream-method"
    },
    "snapshot": {
      "number": "3",
      "spec": "Media Source Extensions™",
      "text": "endOfStream() method",
      "url": "https://www.w3.org/TR/media-source-2/#endofstream-method"
    }
  },
  "#event-summary": {
    "current": {
      "number": "13.2",
      "spec": "Media Source Extensions™",
      "text": "Event Summary",
      "url": "https://w3c.github.io/media-source/#event-summary"
    },
    "snapshot": {
      "number": "13.2",
      "spec": "Media Source Extensions™",
      "text": "Event Summary",
      "url": "https://www.w3.org/TR/media-source-2/#event-summary"
    }
  },
  "#event-summary-0": {
    "current": {
      "number": "15.2",
      "spec": "Media Source Extensions™",
      "text": "Event Summary",
      "url": "https://w3c.github.io/media-source/#event-summary-0"
    },
    "snapshot": {
      "number": "15.2",
      "spec": "Media Source Extensions™",
      "text": "Event Summary",
      "url": "https://www.w3.org/TR/media-source-2/#event-summary-0"
    }
  },
  "#examples": {
    "current": {
      "number": "",
      "spec": "Media Source Extensions™",
      "text": "22. Examples",
      "url": "https://w3c.github.io/media-source/#examples"
    },
    "snapshot": {
      "number": "",
      "spec": "Media Source Extensions™",
      "text": "22. Examples",
      "url": "https://www.w3.org/TR/media-source-2/#examples"
    }
  },
  "#goals": {
    "current": {
      "number": "1.1",
      "spec": "Media Source Extensions™",
      "text": "Goals",
      "url": "https://w3c.github.io/media-source/#goals"
    },
    "snapshot": {
      "number": "1.1",
      "spec": "Media Source Extensions™",
      "text": "Goals",
      "url": "https://www.w3.org/TR/media-source-2/#goals"
    }
  },
  "#handle-attribute": {
    "current": {
      "number": "2.1",
      "spec": "Media Source Extensions™",
      "text": "handle attribute",
      "url": "https://w3c.github.io/media-source/#handle-attribute"
    },
    "snapshot": {
      "number": "2.1",
      "spec": "Media Source Extensions™",
      "text": "handle attribute",
      "url": "https://www.w3.org/TR/media-source-2/#handle-attribute"
    }
  },
  "#htmlmediaelement-extensions": {
    "current": {
      "number": "",
      "spec": "Media Source Extensions™",
      "text": "16. HTMLMediaElement Extensions",
      "url": "https://w3c.github.io/media-source/#htmlmediaelement-extensions"
    },
    "snapshot": {
      "number": "",
      "spec": "Media Source Extensions™",
      "text": "16. HTMLMediaElement Extensions",
      "url": "https://www.w3.org/TR/media-source-2/#htmlmediaelement-extensions"
    }
  },
  "#htmlmediaelement-extensions-buffered": {
    "current": {
      "number": "16.2",
      "spec": "Media Source Extensions™",
      "text": "HTMLMediaElement's buffered",
      "url": "https://w3c.github.io/media-source/#htmlmediaelement-extensions-buffered"
    },
    "snapshot": {
      "number": "16.2",
      "spec": "Media Source Extensions™",
      "text": "HTMLMediaElement's buffered",
      "url": "https://www.w3.org/TR/media-source-2/#htmlmediaelement-extensions-buffered"
    }
  },
  "#htmlmediaelement-extensions-seekable": {
    "current": {
      "number": "16.1",
      "spec": "Media Source Extensions™",
      "text": "HTMLMediaElement's seekable",
      "url": "https://w3c.github.io/media-source/#htmlmediaelement-extensions-seekable"
    },
    "snapshot": {
      "number": "16.1",
      "spec": "Media Source Extensions™",
      "text": "HTMLMediaElement's seekable",
      "url": "https://www.w3.org/TR/media-source-2/#htmlmediaelement-extensions-seekable"
    }
  },
  "#htmlmediaelement-extensions-srcobject": {
    "current": {
      "number": "16.3",
      "spec": "Media Source Extensions™",
      "text": "HTMLMediaElement's srcObject",
      "url": "https://w3c.github.io/media-source/#htmlmediaelement-extensions-srcobject"
    },
    "snapshot": {
      "number": "16.3",
      "spec": "Media Source Extensions™",
      "text": "HTMLMediaElement's srcObject",
      "url": "https://www.w3.org/TR/media-source-2/#htmlmediaelement-extensions-srcobject"
    }
  },
  "#informative-references": {
    "current": {
      "number": "C.2",
      "spec": "Media Source Extensions™",
      "text": "Informative references",
      "url": "https://w3c.github.io/media-source/#informative-references"
    },
    "snapshot": {
      "number": "C.2",
      "spec": "Media Source Extensions™",
      "text": "Informative references",
      "url": "https://www.w3.org/TR/media-source-2/#informative-references"
    }
  },
  "#introduction": {
    "current": {
      "number": "1",
      "spec": "Media Source Extensions™",
      "text": "Introduction",
      "url": "https://w3c.github.io/media-source/#introduction"
    },
    "snapshot": {
      "number": "1",
      "spec": "Media Source Extensions™",
      "text": "Introduction",
      "url": "https://www.w3.org/TR/media-source-2/#introduction"
    }
  },
  "#issue-summary": {
    "current": {
      "number": "B",
      "spec": "Media Source Extensions™",
      "text": "Issue summary",
      "url": "https://w3c.github.io/media-source/#issue-summary"
    },
    "snapshot": {
      "number": "B",
      "spec": "Media Source Extensions™",
      "text": "Issue summary",
      "url": "https://www.w3.org/TR/media-source-2/#issue-summary"
    }
  },
  "#istypesupported-method": {
    "current": {
      "number": "6",
      "spec": "Media Source Extensions™",
      "text": "isTypeSupported() method",
      "url": "https://w3c.github.io/media-source/#istypesupported-method"
    },
    "snapshot": {
      "number": "6",
      "spec": "Media Source Extensions™",
      "text": "isTypeSupported() method",
      "url": "https://www.w3.org/TR/media-source-2/#istypesupported-method"
    }
  },
  "#managedmediasource-interface": {
    "current": {
      "number": "",
      "spec": "Media Source Extensions™",
      "text": "13. ManagedMediaSource interface",
      "url": "https://w3c.github.io/media-source/#managedmediasource-interface"
    },
    "snapshot": {
      "number": "",
      "spec": "Media Source Extensions™",
      "text": "13. ManagedMediaSource interface",
      "url": "https://www.w3.org/TR/media-source-2/#managedmediasource-interface"
    }
  },
  "#managedsourcebuffer-interface": {
    "current": {
      "number": "",
      "spec": "Media Source Extensions™",
      "text": "15. ManagedSourceBuffer interface",
      "url": "https://w3c.github.io/media-source/#managedsourcebuffer-interface"
    },
    "snapshot": {
      "number": "",
      "spec": "Media Source Extensions™",
      "text": "15. ManagedSourceBuffer interface",
      "url": "https://www.w3.org/TR/media-source-2/#managedsourcebuffer-interface"
    }
  },
  "#managedsourcebuffer-monitoring": {
    "current": {
      "number": "13.3.1",
      "spec": "Media Source Extensions™",
      "text": "ManagedSourceBuffer Monitoring",
      "url": "https://w3c.github.io/media-source/#managedsourcebuffer-monitoring"
    },
    "snapshot": {
      "number": "13.3.1",
      "spec": "Media Source Extensions™",
      "text": "ManagedSourceBuffer Monitoring",
      "url": "https://www.w3.org/TR/media-source-2/#managedsourcebuffer-monitoring"
    }
  },
  "#mediasource": {
    "current": {
      "number": "2",
      "spec": "Media Source Extensions™",
      "text": "MediaSource interface",
      "url": "https://w3c.github.io/media-source/#mediasource"
    },
    "snapshot": {
      "number": "2",
      "spec": "Media Source Extensions™",
      "text": "MediaSource interface",
      "url": "https://www.w3.org/TR/media-source-2/#mediasource"
    }
  },
  "#mediasource-algorithms": {
    "current": {
      "number": "9",
      "spec": "Media Source Extensions™",
      "text": "Algorithms",
      "url": "https://w3c.github.io/media-source/#mediasource-algorithms"
    },
    "snapshot": {
      "number": "9",
      "spec": "Media Source Extensions™",
      "text": "Algorithms",
      "url": "https://www.w3.org/TR/media-source-2/#mediasource-algorithms"
    }
  },
  "#mediasource-attach": {
    "current": {
      "number": "9.1",
      "spec": "Media Source Extensions™",
      "text": "Attaching to a media element",
      "url": "https://w3c.github.io/media-source/#mediasource-attach"
    },
    "snapshot": {
      "number": "9.1",
      "spec": "Media Source Extensions™",
      "text": "Attaching to a media element",
      "url": "https://www.w3.org/TR/media-source-2/#mediasource-attach"
    }
  },
  "#mediasource-detach": {
    "current": {
      "number": "9.2",
      "spec": "Media Source Extensions™",
      "text": "Detaching from a media element",
      "url": "https://w3c.github.io/media-source/#mediasource-detach"
    },
    "snapshot": {
      "number": "9.2",
      "spec": "Media Source Extensions™",
      "text": "Detaching from a media element",
      "url": "https://www.w3.org/TR/media-source-2/#mediasource-detach"
    }
  },
  "#mediasource-events": {
    "current": {
      "number": "7",
      "spec": "Media Source Extensions™",
      "text": "Event Summary",
      "url": "https://w3c.github.io/media-source/#mediasource-events"
    },
    "snapshot": {
      "number": "7",
      "spec": "Media Source Extensions™",
      "text": "Event Summary",
      "url": "https://www.w3.org/TR/media-source-2/#mediasource-events"
    }
  },
  "#mediasource-in-worker-communication-model": {
    "current": {
      "number": "8",
      "spec": "Media Source Extensions™",
      "text": "Cross-context communication model",
      "url": "https://w3c.github.io/media-source/#mediasource-in-worker-communication-model"
    },
    "snapshot": {
      "number": "8",
      "spec": "Media Source Extensions™",
      "text": "Cross-context communication model",
      "url": "https://www.w3.org/TR/media-source-2/#mediasource-in-worker-communication-model"
    }
  },
  "#mediasource-seeking": {
    "current": {
      "number": "9.3",
      "spec": "Media Source Extensions™",
      "text": "Seeking",
      "url": "https://w3c.github.io/media-source/#mediasource-seeking"
    },
    "snapshot": {
      "number": "9.3",
      "spec": "Media Source Extensions™",
      "text": "Seeking",
      "url": "https://www.w3.org/TR/media-source-2/#mediasource-seeking"
    }
  },
  "#mediasourcehandle": {
    "current": {
      "number": "",
      "spec": "Media Source Extensions™",
      "text": "10. MediaSourceHandle interface",
      "url": "https://w3c.github.io/media-source/#mediasourcehandle"
    },
    "snapshot": {
      "number": "",
      "spec": "Media Source Extensions™",
      "text": "10. MediaSourceHandle interface",
      "url": "https://www.w3.org/TR/media-source-2/#mediasourcehandle"
    }
  },
  "#memory-cleanup": {
    "current": {
      "number": "13.3.2",
      "spec": "Media Source Extensions™",
      "text": "Memory Cleanup",
      "url": "https://w3c.github.io/media-source/#memory-cleanup"
    },
    "snapshot": {
      "number": "13.3.2",
      "spec": "Media Source Extensions™",
      "text": "Memory Cleanup",
      "url": "https://www.w3.org/TR/media-source-2/#memory-cleanup"
    }
  },
  "#memory-cleanup-0": {
    "current": {
      "number": "15.3.2",
      "spec": "Media Source Extensions™",
      "text": "Memory cleanup",
      "url": "https://w3c.github.io/media-source/#memory-cleanup-0"
    },
    "snapshot": {
      "number": "15.3.2",
      "spec": "Media Source Extensions™",
      "text": "Memory cleanup",
      "url": "https://www.w3.org/TR/media-source-2/#memory-cleanup-0"
    }
  },
  "#methods": {
    "current": {
      "number": "11.2",
      "spec": "Media Source Extensions™",
      "text": "Methods",
      "url": "https://w3c.github.io/media-source/#methods"
    },
    "snapshot": {
      "number": "11.2",
      "spec": "Media Source Extensions™",
      "text": "Methods",
      "url": "https://www.w3.org/TR/media-source-2/#methods"
    }
  },
  "#methods-0": {
    "current": {
      "number": "12.2",
      "spec": "Media Source Extensions™",
      "text": "Methods",
      "url": "https://w3c.github.io/media-source/#methods-0"
    },
    "snapshot": {
      "number": "12.2",
      "spec": "Media Source Extensions™",
      "text": "Methods",
      "url": "https://www.w3.org/TR/media-source-2/#methods-0"
    }
  },
  "#mirror-if-necessary-algorithm": {
    "current": {
      "number": "9.8",
      "spec": "Media Source Extensions™",
      "text": "Mirror if necessary",
      "url": "https://w3c.github.io/media-source/#mirror-if-necessary-algorithm"
    },
    "snapshot": {
      "number": "9.8",
      "spec": "Media Source Extensions™",
      "text": "Mirror if necessary",
      "url": "https://www.w3.org/TR/media-source-2/#mirror-if-necessary-algorithm"
    }
  },
  "#normative-references": {
    "current": {
      "number": "C.1",
      "spec": "Media Source Extensions™",
      "text": "Normative references",
      "url": "https://w3c.github.io/media-source/#normative-references"
    },
    "snapshot": {
      "number": "C.1",
      "spec": "Media Source Extensions™",
      "text": "Normative references",
      "url": "https://www.w3.org/TR/media-source-2/#normative-references"
    }
  },
  "#readystate-attribute": {
    "current": {
      "number": "2.4",
      "spec": "Media Source Extensions™",
      "text": "readyState attribute",
      "url": "https://w3c.github.io/media-source/#readystate-attribute"
    },
    "snapshot": {
      "number": "2.4",
      "spec": "Media Source Extensions™",
      "text": "readyState attribute",
      "url": "https://www.w3.org/TR/media-source-2/#readystate-attribute"
    }
  },
  "#references": {
    "current": {
      "number": "C",
      "spec": "Media Source Extensions™",
      "text": "References",
      "url": "https://w3c.github.io/media-source/#references"
    },
    "snapshot": {
      "number": "C",
      "spec": "Media Source Extensions™",
      "text": "References",
      "url": "https://www.w3.org/TR/media-source-2/#references"
    }
  },
  "#removesourcebuffer-method": {
    "current": {
      "number": "2.8",
      "spec": "Media Source Extensions™",
      "text": "removeSourceBuffer() method",
      "url": "https://w3c.github.io/media-source/#removesourcebuffer-method"
    },
    "snapshot": {
      "number": "2.8",
      "spec": "Media Source Extensions™",
      "text": "removeSourceBuffer() method",
      "url": "https://www.w3.org/TR/media-source-2/#removesourcebuffer-method"
    }
  },
  "#setliveseekablerange-method": {
    "current": {
      "number": "4",
      "spec": "Media Source Extensions™",
      "text": "setLiveSeekableRange() method",
      "url": "https://w3c.github.io/media-source/#setliveseekablerange-method"
    },
    "snapshot": {
      "number": "4",
      "spec": "Media Source Extensions™",
      "text": "setLiveSeekableRange() method",
      "url": "https://www.w3.org/TR/media-source-2/#setliveseekablerange-method"
    }
  },
  "#sourcebuffer": {
    "current": {
      "number": "",
      "spec": "Media Source Extensions™",
      "text": "11. SourceBuffer interface",
      "url": "https://w3c.github.io/media-source/#sourcebuffer"
    },
    "snapshot": {
      "number": "",
      "spec": "Media Source Extensions™",
      "text": "11. SourceBuffer interface",
      "url": "https://www.w3.org/TR/media-source-2/#sourcebuffer"
    }
  },
  "#sourcebuffer-algorithms": {
    "current": {
      "number": "11.5",
      "spec": "Media Source Extensions™",
      "text": "Algorithms",
      "url": "https://w3c.github.io/media-source/#sourcebuffer-algorithms"
    },
    "snapshot": {
      "number": "11.5",
      "spec": "Media Source Extensions™",
      "text": "Algorithms",
      "url": "https://www.w3.org/TR/media-source-2/#sourcebuffer-algorithms"
    }
  },
  "#sourcebuffer-append-error": {
    "current": {
      "number": "11.5.3",
      "spec": "Media Source Extensions™",
      "text": "Append Error",
      "url": "https://w3c.github.io/media-source/#sourcebuffer-append-error"
    },
    "snapshot": {
      "number": "11.5.3",
      "spec": "Media Source Extensions™",
      "text": "Append Error",
      "url": "https://www.w3.org/TR/media-source-2/#sourcebuffer-append-error"
    }
  },
  "#sourcebuffer-audio-splice-frame-algorithm": {
    "current": {
      "number": "11.5.11",
      "spec": "Media Source Extensions™",
      "text": "Audio Splice Frame",
      "url": "https://w3c.github.io/media-source/#sourcebuffer-audio-splice-frame-algorithm"
    },
    "snapshot": {
      "number": "11.5.11",
      "spec": "Media Source Extensions™",
      "text": "Audio Splice Frame",
      "url": "https://www.w3.org/TR/media-source-2/#sourcebuffer-audio-splice-frame-algorithm"
    }
  },
  "#sourcebuffer-audio-splice-rendering-algorithm": {
    "current": {
      "number": "11.5.12",
      "spec": "Media Source Extensions™",
      "text": "Audio Splice Rendering",
      "url": "https://w3c.github.io/media-source/#sourcebuffer-audio-splice-rendering-algorithm"
    },
    "snapshot": {
      "number": "11.5.12",
      "spec": "Media Source Extensions™",
      "text": "Audio Splice Rendering",
      "url": "https://www.w3.org/TR/media-source-2/#sourcebuffer-audio-splice-rendering-algorithm"
    }
  },
  "#sourcebuffer-buffer-append": {
    "current": {
      "number": "11.5.5",
      "spec": "Media Source Extensions™",
      "text": "Buffer Append",
      "url": "https://w3c.github.io/media-source/#sourcebuffer-buffer-append"
    },
    "snapshot": {
      "number": "11.5.5",
      "spec": "Media Source Extensions™",
      "text": "Buffer Append",
      "url": "https://www.w3.org/TR/media-source-2/#sourcebuffer-buffer-append"
    }
  },
  "#sourcebuffer-coded-frame-eviction": {
    "current": {
      "number": "11.5.10",
      "spec": "Media Source Extensions™",
      "text": "Coded Frame Eviction",
      "url": "https://w3c.github.io/media-source/#sourcebuffer-coded-frame-eviction"
    },
    "snapshot": {
      "number": "11.5.10",
      "spec": "Media Source Extensions™",
      "text": "Coded Frame Eviction",
      "url": "https://www.w3.org/TR/media-source-2/#sourcebuffer-coded-frame-eviction"
    }
  },
  "#sourcebuffer-coded-frame-processing": {
    "current": {
      "number": "11.5.8",
      "spec": "Media Source Extensions™",
      "text": "Coded Frame Processing",
      "url": "https://w3c.github.io/media-source/#sourcebuffer-coded-frame-processing"
    },
    "snapshot": {
      "number": "11.5.8",
      "spec": "Media Source Extensions™",
      "text": "Coded Frame Processing",
      "url": "https://www.w3.org/TR/media-source-2/#sourcebuffer-coded-frame-processing"
    }
  },
  "#sourcebuffer-coded-frame-removal": {
    "current": {
      "number": "11.5.9",
      "spec": "Media Source Extensions™",
      "text": "Coded Frame Removal",
      "url": "https://w3c.github.io/media-source/#sourcebuffer-coded-frame-removal"
    },
    "snapshot": {
      "number": "11.5.9",
      "spec": "Media Source Extensions™",
      "text": "Coded Frame Removal",
      "url": "https://www.w3.org/TR/media-source-2/#sourcebuffer-coded-frame-removal"
    }
  },
  "#sourcebuffer-events": {
    "current": {
      "number": "11.4",
      "spec": "Media Source Extensions™",
      "text": "Event Summary",
      "url": "https://w3c.github.io/media-source/#sourcebuffer-events"
    },
    "snapshot": {
      "number": "11.4",
      "spec": "Media Source Extensions™",
      "text": "Event Summary",
      "url": "https://www.w3.org/TR/media-source-2/#sourcebuffer-events"
    }
  },
  "#sourcebuffer-init-segment-received": {
    "current": {
      "number": "11.5.7",
      "spec": "Media Source Extensions™",
      "text": "Initialization Segment Received",
      "url": "https://w3c.github.io/media-source/#sourcebuffer-init-segment-received"
    },
    "snapshot": {
      "number": "11.5.7",
      "spec": "Media Source Extensions™",
      "text": "Initialization Segment Received",
      "url": "https://www.w3.org/TR/media-source-2/#sourcebuffer-init-segment-received"
    }
  },
  "#sourcebuffer-prepare-append": {
    "current": {
      "number": "11.5.4",
      "spec": "Media Source Extensions™",
      "text": "Prepare Append",
      "url": "https://w3c.github.io/media-source/#sourcebuffer-prepare-append"
    },
    "snapshot": {
      "number": "11.5.4",
      "spec": "Media Source Extensions™",
      "text": "Prepare Append",
      "url": "https://www.w3.org/TR/media-source-2/#sourcebuffer-prepare-append"
    }
  },
  "#sourcebuffer-range-removal": {
    "current": {
      "number": "11.5.6",
      "spec": "Media Source Extensions™",
      "text": "Range Removal",
      "url": "https://w3c.github.io/media-source/#sourcebuffer-range-removal"
    },
    "snapshot": {
      "number": "11.5.6",
      "spec": "Media Source Extensions™",
      "text": "Range Removal",
      "url": "https://www.w3.org/TR/media-source-2/#sourcebuffer-range-removal"
    }
  },
  "#sourcebuffer-reset-parser-state": {
    "current": {
      "number": "11.5.2",
      "spec": "Media Source Extensions™",
      "text": "Reset Parser State",
      "url": "https://w3c.github.io/media-source/#sourcebuffer-reset-parser-state"
    },
    "snapshot": {
      "number": "11.5.2",
      "spec": "Media Source Extensions™",
      "text": "Reset Parser State",
      "url": "https://www.w3.org/TR/media-source-2/#sourcebuffer-reset-parser-state"
    }
  },
  "#sourcebuffer-segment-parser-loop": {
    "current": {
      "number": "11.5.1",
      "spec": "Media Source Extensions™",
      "text": "Segment Parser Loop",
      "url": "https://w3c.github.io/media-source/#sourcebuffer-segment-parser-loop"
    },
    "snapshot": {
      "number": "11.5.1",
      "spec": "Media Source Extensions™",
      "text": "Segment Parser Loop",
      "url": "https://www.w3.org/TR/media-source-2/#sourcebuffer-segment-parser-loop"
    }
  },
  "#sourcebuffer-text-splice-frame-algorithm": {
    "current": {
      "number": "11.5.13",
      "spec": "Media Source Extensions™",
      "text": "Text Splice Frame",
      "url": "https://w3c.github.io/media-source/#sourcebuffer-text-splice-frame-algorithm"
    },
    "snapshot": {
      "number": "11.5.13",
      "spec": "Media Source Extensions™",
      "text": "Text Splice Frame",
      "url": "https://www.w3.org/TR/media-source-2/#sourcebuffer-text-splice-frame-algorithm"
    }
  },
  "#sourcebufferlist": {
    "current": {
      "number": "",
      "spec": "Media Source Extensions™",
      "text": "12. SourceBufferList interface",
      "url": "https://w3c.github.io/media-source/#sourcebufferlist"
    },
    "snapshot": {
      "number": "",
      "spec": "Media Source Extensions™",
      "text": "12. SourceBufferList interface",
      "url": "https://www.w3.org/TR/media-source-2/#sourcebufferlist"
    }
  },
  "#sourcebufferlist-events": {
    "current": {
      "number": "12.3",
      "spec": "Media Source Extensions™",
      "text": "Event Summary",
      "url": "https://w3c.github.io/media-source/#sourcebufferlist-events"
    },
    "snapshot": {
      "number": "12.3",
      "spec": "Media Source Extensions™",
      "text": "Event Summary",
      "url": "https://www.w3.org/TR/media-source-2/#sourcebufferlist-events"
    }
  },
  "#sourcebuffers-attribute": {
    "current": {
      "number": "2.2",
      "spec": "Media Source Extensions™",
      "text": "sourceBuffers attribute",
      "url": "https://w3c.github.io/media-source/#sourcebuffers-attribute"
    },
    "snapshot": {
      "number": "2.2",
      "spec": "Media Source Extensions™",
      "text": "sourceBuffers attribute",
      "url": "https://www.w3.org/TR/media-source-2/#sourcebuffers-attribute"
    }
  },
  "#text-track-extensions": {
    "current": {
      "number": "",
      "spec": "Media Source Extensions™",
      "text": "19. TextTrack Extensions",
      "url": "https://w3c.github.io/media-source/#text-track-extensions"
    },
    "snapshot": {
      "number": "",
      "spec": "Media Source Extensions™",
      "text": "19. TextTrack Extensions",
      "url": "https://www.w3.org/TR/media-source-2/#text-track-extensions"
    }
  },
  "#title": {
    "current": {
      "number": "",
      "spec": "Media Source Extensions™",
      "text": "Media Source Extensions™",
      "url": "https://w3c.github.io/media-source/#title"
    },
    "snapshot": {
      "number": "",
      "spec": "Media Source Extensions™",
      "text": "Media Source Extensions™",
      "url": "https://www.w3.org/TR/media-source-2/#title"
    }
  },
  "#toc": {
    "current": {
      "number": "",
      "spec": "Media Source Extensions™",
      "text": "Table of Contents",
      "url": "https://w3c.github.io/media-source/#toc"
    },
    "snapshot": {
      "number": "",
      "spec": "Media Source Extensions™",
      "text": "Table of Contents",
      "url": "https://www.w3.org/TR/media-source-2/#toc"
    }
  },
  "#track-buffers": {
    "current": {
      "number": "11.3",
      "spec": "Media Source Extensions™",
      "text": "Track Buffers",
      "url": "https://w3c.github.io/media-source/#track-buffers"
    },
    "snapshot": {
      "number": "11.3",
      "spec": "Media Source Extensions™",
      "text": "Track Buffers",
      "url": "https://www.w3.org/TR/media-source-2/#track-buffers"
    }
  },
  "#transfer": {
    "current": {
      "number": "10.1",
      "spec": "Media Source Extensions™",
      "text": "Transfer",
      "url": "https://w3c.github.io/media-source/#transfer"
    },
    "snapshot": {
      "number": "10.1",
      "spec": "Media Source Extensions™",
      "text": "Transfer",
      "url": "https://www.w3.org/TR/media-source-2/#transfer"
    }
  },
  "#use-of-the-managed-media-source-extensions": {
    "current": {
      "number": "",
      "spec": "Media Source Extensions™",
      "text": "23. Use of the Managed Media Source Extensions",
      "url": "https://w3c.github.io/media-source/#use-of-the-managed-media-source-extensions"
    },
    "snapshot": {
      "number": "",
      "spec": "Media Source Extensions™",
      "text": "23. Use of the Managed Media Source Extensions",
      "url": "https://www.w3.org/TR/media-source-2/#use-of-the-managed-media-source-extensions"
    }
  },
  "#video-track-extensions": {
    "current": {
      "number": "",
      "spec": "Media Source Extensions™",
      "text": "18. VideoTrack Extensions",
      "url": "https://w3c.github.io/media-source/#video-track-extensions"
    },
    "snapshot": {
      "number": "",
      "spec": "Media Source Extensions™",
      "text": "18. VideoTrack Extensions",
      "url": "https://www.w3.org/TR/media-source-2/#video-track-extensions"
    }
  }
}