{
  "#ARIAMixin": {
    "current": {
      "number": "10.1",
      "spec": "WAI-ARIA",
      "text": "Interface Mixin ARIAMixin",
      "url": "https://w3c.github.io/aria/#ARIAMixin"
    },
    "snapshot": {
      "number": "10.1",
      "spec": "WAI-ARIA",
      "text": "Interface Mixin ARIAMixin",
      "url": "https://www.w3.org/TR/wai-aria-1.2/#ARIAMixin"
    }
  },
  "#Properties": {
    "current": {
      "number": "5.2",
      "spec": "WAI-ARIA",
      "text": "Characteristics of Roles",
      "url": "https://w3c.github.io/aria/#Properties"
    },
    "snapshot": {
      "number": "5.2",
      "spec": "WAI-ARIA",
      "text": "Characteristics of Roles",
      "url": "https://www.w3.org/TR/wai-aria-1.2/#Properties"
    }
  },
  "#abstract_roles": {
    "current": {
      "number": "5.3.1",
      "spec": "WAI-ARIA",
      "text": "Abstract Roles",
      "url": "https://w3c.github.io/aria/#abstract_roles"
    },
    "snapshot": {
      "number": "5.3.1",
      "spec": "WAI-ARIA",
      "text": "Abstract Roles",
      "url": "https://www.w3.org/TR/wai-aria-1.2/#abstract_roles"
    }
  },
  "#accessibility_tree": {
    "current": {
      "number": "7",
      "spec": "WAI-ARIA",
      "text": "Accessibility Tree",
      "url": "https://w3c.github.io/aria/#accessibility_tree"
    },
    "snapshot": {
      "number": "7",
      "spec": "WAI-ARIA",
      "text": "Accessibility Tree",
      "url": "https://www.w3.org/TR/wai-aria-1.2/#accessibility_tree"
    }
  },
  "#accessibilityroleandproperties-correspondence": {
    "current": {
      "number": "10.2",
      "spec": "WAI-ARIA",
      "text": "ARIA Attribute Correspondence",
      "url": "https://w3c.github.io/aria/#accessibilityroleandproperties-correspondence"
    },
    "snapshot": {
      "number": "10.2",
      "spec": "WAI-ARIA",
      "text": "ARIA Attribute Correspondence",
      "url": "https://www.w3.org/TR/wai-aria-1.2/#accessibilityroleandproperties-correspondence"
    }
  },
  "#ack_funders": {
    "current": {
      "number": "C.2",
      "spec": "WAI-ARIA",
      "text": "Enabling funders",
      "url": "https://w3c.github.io/aria/#ack_funders"
    },
    "snapshot": {
      "number": "C.3",
      "spec": "WAI-ARIA",
      "text": "Enabling funders",
      "url": "https://www.w3.org/TR/wai-aria-1.2/#ack_funders"
    }
  },
  "#ack_group": {
    "current": {
      "number": "C.1",
      "spec": "WAI-ARIA",
      "text": "Participants active in the ARIA WG at the time of publication",
      "url": "https://w3c.github.io/aria/#ack_group"
    },
    "snapshot": {
      "number": "C.1",
      "spec": "WAI-ARIA",
      "text": "Participants active in the ARIA WG at the time of publication",
      "url": "https://www.w3.org/TR/wai-aria-1.2/#ack_group"
    }
  },
  "#ack_others": {
    "snapshot": {
      "number": "C.2",
      "spec": "WAI-ARIA",
      "text": "Other ARIA contributors, commenters, and previously active participants",
      "url": "https://www.w3.org/TR/wai-aria-1.2/#ack_others"
    }
  },
  "#acknowledgements": {
    "current": {
      "number": "C",
      "spec": "WAI-ARIA",
      "text": "Acknowledgments",
      "url": "https://w3c.github.io/aria/#acknowledgements"
    },
    "snapshot": {
      "number": "C",
      "spec": "WAI-ARIA",
      "text": "Acknowledgments",
      "url": "https://www.w3.org/TR/wai-aria-1.2/#acknowledgements"
    }
  },
  "#aria-attributes": {
    "current": {
      "number": "6.3",
      "spec": "WAI-ARIA",
      "text": "ARIA Attributes",
      "url": "https://w3c.github.io/aria/#aria-attributes"
    },
    "snapshot": {
      "number": "6.3",
      "spec": "WAI-ARIA",
      "text": "ARIA Attributes",
      "url": "https://www.w3.org/TR/wai-aria-1.2/#aria-attributes"
    }
  },
  "#at_support": {
    "current": {
      "number": "1.6",
      "spec": "WAI-ARIA",
      "text": "Assistive Technologies",
      "url": "https://w3c.github.io/aria/#at_support"
    },
    "snapshot": {
      "number": "1.6",
      "spec": "WAI-ARIA",
      "text": "Assistive Technologies",
      "url": "https://www.w3.org/TR/wai-aria-1.2/#at_support"
    }
  },
  "#attrs_dragdrop": {
    "current": {
      "number": "6.6.3",
      "spec": "WAI-ARIA",
      "text": "Drag-and-Drop Attributes",
      "url": "https://w3c.github.io/aria/#attrs_dragdrop"
    },
    "snapshot": {
      "number": "6.6.3",
      "spec": "WAI-ARIA",
      "text": "Drag-and-Drop Attributes",
      "url": "https://www.w3.org/TR/wai-aria-1.2/#attrs_dragdrop"
    }
  },
  "#attrs_liveregions": {
    "current": {
      "number": "6.6.2",
      "spec": "WAI-ARIA",
      "text": "Live Region Attributes",
      "url": "https://w3c.github.io/aria/#attrs_liveregions"
    },
    "snapshot": {
      "number": "6.6.2",
      "spec": "WAI-ARIA",
      "text": "Live Region Attributes",
      "url": "https://www.w3.org/TR/wai-aria-1.2/#attrs_liveregions"
    }
  },
  "#attrs_relationships": {
    "current": {
      "number": "6.6.4",
      "spec": "WAI-ARIA",
      "text": "Relationship Attributes",
      "url": "https://w3c.github.io/aria/#attrs_relationships"
    },
    "snapshot": {
      "number": "6.6.4",
      "spec": "WAI-ARIA",
      "text": "Relationship Attributes",
      "url": "https://www.w3.org/TR/wai-aria-1.2/#attrs_relationships"
    }
  },
  "#attrs_widgets": {
    "current": {
      "number": "6.6.1",
      "spec": "WAI-ARIA",
      "text": "Widget Attributes",
      "url": "https://w3c.github.io/aria/#attrs_widgets"
    },
    "snapshot": {
      "number": "6.6.1",
      "spec": "WAI-ARIA",
      "text": "Widget Attributes",
      "url": "https://www.w3.org/TR/wai-aria-1.2/#attrs_widgets"
    }
  },
  "#authoring_practices": {
    "current": {
      "number": "1.5",
      "spec": "WAI-ARIA",
      "text": "Authoring Practices",
      "url": "https://w3c.github.io/aria/#authoring_practices"
    },
    "snapshot": {
      "number": "1.5",
      "spec": "WAI-ARIA",
      "text": "Authoring Practices",
      "url": "https://www.w3.org/TR/wai-aria-1.2/#authoring_practices"
    }
  },
  "#authoring_testing": {
    "current": {
      "number": "1.5.2",
      "spec": "WAI-ARIA",
      "text": "Testing Practices and Tools",
      "url": "https://w3c.github.io/aria/#authoring_testing"
    },
    "snapshot": {
      "number": "1.5.2",
      "spec": "WAI-ARIA",
      "text": "Testing Practices and Tools",
      "url": "https://www.w3.org/TR/wai-aria-1.2/#authoring_testing"
    }
  },
  "#authoring_tools": {
    "current": {
      "number": "1.5.1",
      "spec": "WAI-ARIA",
      "text": "Authoring Tools",
      "url": "https://w3c.github.io/aria/#authoring_tools"
    },
    "snapshot": {
      "number": "1.5.1",
      "spec": "WAI-ARIA",
      "text": "Authoring Tools",
      "url": "https://www.w3.org/TR/wai-aria-1.2/#authoring_tools"
    }
  },
  "#baseConcept": {
    "current": {
      "number": "5.1.4",
      "spec": "WAI-ARIA",
      "text": "Base Concept",
      "url": "https://w3c.github.io/aria/#baseConcept"
    },
    "snapshot": {
      "number": "5.1.4",
      "spec": "WAI-ARIA",
      "text": "Base Concept",
      "url": "https://www.w3.org/TR/wai-aria-1.2/#baseConcept"
    }
  },
  "#changelog": {
    "current": {
      "number": "B",
      "spec": "WAI-ARIA",
      "text": "Change Log",
      "url": "https://w3c.github.io/aria/#changelog"
    },
    "snapshot": {
      "number": "B",
      "spec": "WAI-ARIA",
      "text": "Substantive changes since the WAI-ARIA 1.1 Recommendation",
      "url": "https://www.w3.org/TR/wai-aria-1.2/#changelog"
    }
  },
  "#childrenArePresentational": {
    "current": {
      "number": "5.2.9",
      "spec": "WAI-ARIA",
      "text": "Presentational Children",
      "url": "https://w3c.github.io/aria/#childrenArePresentational"
    },
    "snapshot": {
      "number": "5.2.9",
      "spec": "WAI-ARIA",
      "text": "Presentational Children",
      "url": "https://www.w3.org/TR/wai-aria-1.2/#childrenArePresentational"
    }
  },
  "#co-evolution": {
    "current": {
      "number": "1.4",
      "spec": "WAI-ARIA",
      "text": "Co-Evolution of WAI-ARIA and Host Languages",
      "url": "https://w3c.github.io/aria/#co-evolution"
    },
    "snapshot": {
      "number": "1.4",
      "spec": "WAI-ARIA",
      "text": "Co-Evolution of WAI-ARIA and Host Languages",
      "url": "https://www.w3.org/TR/wai-aria-1.2/#co-evolution"
    }
  },
  "#conflict_resolution_presentation_none": {
    "current": {
      "number": "9.3",
      "spec": "WAI-ARIA",
      "text": "Presentational Roles Conflict Resolution",
      "url": "https://w3c.github.io/aria/#conflict_resolution_presentation_none"
    },
    "snapshot": {
      "number": "",
      "spec": "WAI-ARIA",
      "text": "Presentational Roles Conflict Resolution",
      "url": "https://www.w3.org/TR/wai-aria-1.2/#conflict_resolution_presentation_none"
    }
  },
  "#conformance": {
    "current": {
      "number": "3",
      "spec": "WAI-ARIA",
      "text": "Conformance",
      "url": "https://w3c.github.io/aria/#conformance"
    },
    "snapshot": {
      "number": "3",
      "spec": "WAI-ARIA",
      "text": "Conformance",
      "url": "https://www.w3.org/TR/wai-aria-1.2/#conformance"
    }
  },
  "#conformance_checkers": {
    "current": {
      "number": "3.4",
      "spec": "WAI-ARIA",
      "text": "Conformance Checkers",
      "url": "https://w3c.github.io/aria/#conformance_checkers"
    },
    "snapshot": {
      "number": "3.4",
      "spec": "WAI-ARIA",
      "text": "Conformance Checkers",
      "url": "https://www.w3.org/TR/wai-aria-1.2/#conformance_checkers"
    }
  },
  "#dedication": {
    "snapshot": {
      "number": "",
      "spec": "WAI-ARIA",
      "text": "Dedication",
      "url": "https://www.w3.org/TR/wai-aria-1.2/#dedication"
    }
  },
  "#deprecated": {
    "current": {
      "number": "3.5",
      "spec": "WAI-ARIA",
      "text": "Deprecated Requirements",
      "url": "https://w3c.github.io/aria/#deprecated"
    },
    "snapshot": {
      "number": "3.5",
      "spec": "WAI-ARIA",
      "text": "Deprecated Requirements",
      "url": "https://www.w3.org/TR/wai-aria-1.2/#deprecated"
    }
  },
  "#descriptioncomputation": {
    "current": {
      "number": "5.2.8.2",
      "spec": "WAI-ARIA",
      "text": "Description Computation",
      "url": "https://w3c.github.io/aria/#descriptioncomputation"
    },
    "snapshot": {
      "number": "5.2.8.2",
      "spec": "WAI-ARIA",
      "text": "Description Computation",
      "url": "https://www.w3.org/TR/wai-aria-1.2/#descriptioncomputation"
    }
  },
  "#document-handling_author-errors": {
    "current": {
      "number": "9",
      "spec": "WAI-ARIA",
      "text": "Handling Author Errors",
      "url": "https://w3c.github.io/aria/#document-handling_author-errors"
    },
    "snapshot": {
      "number": "9",
      "spec": "WAI-ARIA",
      "text": "Handling Author Errors",
      "url": "https://www.w3.org/TR/wai-aria-1.2/#document-handling_author-errors"
    }
  },
  "#document-handling_author-errors_roles": {
    "current": {
      "number": "9.1",
      "spec": "WAI-ARIA",
      "text": "Roles",
      "url": "https://w3c.github.io/aria/#document-handling_author-errors_roles"
    },
    "snapshot": {
      "number": "9.1",
      "spec": "WAI-ARIA",
      "text": "Roles",
      "url": "https://www.w3.org/TR/wai-aria-1.2/#document-handling_author-errors_roles"
    }
  },
  "#document-handling_author-errors_states-properties": {
    "current": {
      "number": "9.2",
      "spec": "WAI-ARIA",
      "text": "States and Properties",
      "url": "https://w3c.github.io/aria/#document-handling_author-errors_states-properties"
    },
    "snapshot": {
      "number": "9.2",
      "spec": "WAI-ARIA",
      "text": "States and Properties",
      "url": "https://www.w3.org/TR/wai-aria-1.2/#document-handling_author-errors_states-properties"
    }
  },
  "#document-handling_css-selectors": {
    "current": {
      "number": "8.7",
      "spec": "WAI-ARIA",
      "text": "CSS Selectors",
      "url": "https://w3c.github.io/aria/#document-handling_css-selectors"
    },
    "snapshot": {
      "number": "8.7",
      "spec": "WAI-ARIA",
      "text": "CSS Selectors",
      "url": "https://www.w3.org/TR/wai-aria-1.2/#document-handling_css-selectors"
    }
  },
  "#document_structure_roles": {
    "current": {
      "number": "5.3.3",
      "spec": "WAI-ARIA",
      "text": "Document Structure Roles",
      "url": "https://w3c.github.io/aria/#document_structure_roles"
    },
    "snapshot": {
      "number": "5.3.3",
      "spec": "WAI-ARIA",
      "text": "Document Structure Roles",
      "url": "https://www.w3.org/TR/wai-aria-1.2/#document_structure_roles"
    }
  },
  "#enumerated-attribute-values": {
    "current": {
      "number": "6.3.1",
      "spec": "WAI-ARIA",
      "text": "Multi-value Attribute Values",
      "url": "https://w3c.github.io/aria/#enumerated-attribute-values"
    },
    "snapshot": {
      "number": "6.3.1",
      "spec": "WAI-ARIA",
      "text": "Multi-value Attribute Values",
      "url": "https://www.w3.org/TR/wai-aria-1.2/#enumerated-attribute-values"
    }
  },
  "#enumerated-attribute-values-html": {
    "current": {
      "number": "6.3.4",
      "spec": "WAI-ARIA",
      "text": "ARIA nullable DOMString Attributes",
      "url": "https://w3c.github.io/aria/#enumerated-attribute-values-html"
    },
    "snapshot": {
      "number": "6.3.4",
      "spec": "WAI-ARIA",
      "text": "ARIA nullable DOMString Attributes",
      "url": "https://www.w3.org/TR/wai-aria-1.2/#enumerated-attribute-values-html"
    }
  },
  "#enumeration-example": {
    "current": {
      "number": "6.3.4.1",
      "spec": "WAI-ARIA",
      "text": "Example Attribute Usage",
      "url": "https://w3c.github.io/aria/#enumeration-example"
    },
    "snapshot": {
      "number": "6.3.4.1",
      "spec": "WAI-ARIA",
      "text": "Example Attribute Usage",
      "url": "https://www.w3.org/TR/wai-aria-1.2/#enumeration-example"
    }
  },
  "#global_states": {
    "current": {
      "number": "6.5",
      "spec": "WAI-ARIA",
      "text": "Global States and Properties",
      "url": "https://w3c.github.io/aria/#global_states"
    },
    "snapshot": {
      "number": "6.5",
      "spec": "WAI-ARIA",
      "text": "Global States and Properties",
      "url": "https://www.w3.org/TR/wai-aria-1.2/#global_states"
    }
  },
  "#host_general_attrs": {
    "current": {
      "number": "8.2",
      "spec": "WAI-ARIA",
      "text": "State and Property Attributes",
      "url": "https://w3c.github.io/aria/#host_general_attrs"
    },
    "snapshot": {
      "number": "8.2",
      "spec": "WAI-ARIA",
      "text": "State and Property Attributes",
      "url": "https://www.w3.org/TR/wai-aria-1.2/#host_general_attrs"
    }
  },
  "#host_general_conflict": {
    "current": {
      "number": "8.5",
      "spec": "WAI-ARIA",
      "text": "Conflicts with Host Language Semantics",
      "url": "https://w3c.github.io/aria/#host_general_conflict"
    },
    "snapshot": {
      "number": "8.5",
      "spec": "WAI-ARIA",
      "text": "Conflicts with Host Language Semantics",
      "url": "https://www.w3.org/TR/wai-aria-1.2/#host_general_conflict"
    }
  },
  "#host_general_focus": {
    "current": {
      "number": "8.3",
      "spec": "WAI-ARIA",
      "text": "Focus Navigation",
      "url": "https://w3c.github.io/aria/#host_general_focus"
    },
    "snapshot": {
      "number": "8.3",
      "spec": "WAI-ARIA",
      "text": "Focus Navigation",
      "url": "https://www.w3.org/TR/wai-aria-1.2/#host_general_focus"
    }
  },
  "#host_general_role": {
    "current": {
      "number": "8.1",
      "spec": "WAI-ARIA",
      "text": "Role Attribute",
      "url": "https://w3c.github.io/aria/#host_general_role"
    },
    "snapshot": {
      "number": "8.1",
      "spec": "WAI-ARIA",
      "text": "Role Attribute",
      "url": "https://www.w3.org/TR/wai-aria-1.2/#host_general_role"
    }
  },
  "#host_languages": {
    "current": {
      "number": "8",
      "spec": "WAI-ARIA",
      "text": "Implementation in Host Languages",
      "url": "https://w3c.github.io/aria/#host_languages"
    },
    "snapshot": {
      "number": "8",
      "spec": "WAI-ARIA",
      "text": "Implementation in Host Languages",
      "url": "https://www.w3.org/TR/wai-aria-1.2/#host_languages"
    }
  },
  "#idl-interface": {
    "current": {
      "number": "",
      "spec": "WAI-ARIA",
      "text": "10. IDL Interface",
      "url": "https://w3c.github.io/aria/#idl-interface"
    },
    "snapshot": {
      "number": "",
      "spec": "WAI-ARIA",
      "text": "10. IDL Interface",
      "url": "https://www.w3.org/TR/wai-aria-1.2/#idl-interface"
    }
  },
  "#idl-reflection-attribute-values": {
    "current": {
      "number": "6.3.2",
      "spec": "WAI-ARIA",
      "text": "IDL reflection of ARIA attributes",
      "url": "https://w3c.github.io/aria/#idl-reflection-attribute-values"
    },
    "snapshot": {
      "number": "6.3.2",
      "spec": "WAI-ARIA",
      "text": "IDL reflection of ARIA attributes",
      "url": "https://www.w3.org/TR/wai-aria-1.2/#idl-reflection-attribute-values"
    }
  },
  "#idl_attr_disambiguation": {
    "current": {
      "number": "10.2.1",
      "spec": "WAI-ARIA",
      "text": "Disambiguation Pattern",
      "url": "https://w3c.github.io/aria/#idl_attr_disambiguation"
    },
    "snapshot": {
      "number": "10.2.1",
      "spec": "WAI-ARIA",
      "text": "Disambiguation Pattern",
      "url": "https://www.w3.org/TR/wai-aria-1.2/#idl_attr_disambiguation"
    }
  },
  "#idl_attr_exceptions": {
    "current": {
      "number": "10.2.2",
      "spec": "WAI-ARIA",
      "text": "IDL Attribute Name Notes or Exceptions",
      "url": "https://w3c.github.io/aria/#idl_attr_exceptions"
    },
    "snapshot": {
      "number": "10.2.2",
      "spec": "WAI-ARIA",
      "text": "IDL Attribute Name Notes or Exceptions",
      "url": "https://www.w3.org/TR/wai-aria-1.2/#idl_attr_exceptions"
    }
  },
  "#idl_element": {
    "snapshot": {
      "number": "10.3",
      "spec": "WAI-ARIA",
      "text": "ARIAMixin Mixed in to Element",
      "url": "https://www.w3.org/TR/wai-aria-1.2/#idl_element"
    }
  },
  "#idl_example_usage": {
    "current": {
      "number": "10.3",
      "spec": "WAI-ARIA",
      "text": "Example IDL Attribute Usage",
      "url": "https://w3c.github.io/aria/#idl_example_usage"
    },
    "snapshot": {
      "number": "10.4",
      "spec": "WAI-ARIA",
      "text": "Example IDL Attribute Usage",
      "url": "https://www.w3.org/TR/wai-aria-1.2/#idl_example_usage"
    }
  },
  "#implicit_semantics": {
    "current": {
      "number": "8.4",
      "spec": "WAI-ARIA",
      "text": "Implicit WAI-ARIA Semantics",
      "url": "https://w3c.github.io/aria/#implicit_semantics"
    },
    "snapshot": {
      "number": "8.4",
      "spec": "WAI-ARIA",
      "text": "Implicit WAI-ARIA Semantics",
      "url": "https://www.w3.org/TR/wai-aria-1.2/#implicit_semantics"
    }
  },
  "#implictValueForRole": {
    "current": {
      "number": "5.2.10",
      "spec": "WAI-ARIA",
      "text": "Implicit Value for Role",
      "url": "https://w3c.github.io/aria/#implictValueForRole"
    },
    "snapshot": {
      "number": "5.2.10",
      "spec": "WAI-ARIA",
      "text": "Implicit Value for Role",
      "url": "https://www.w3.org/TR/wai-aria-1.2/#implictValueForRole"
    }
  },
  "#informative-references": {
    "current": {
      "number": "D.2",
      "spec": "WAI-ARIA",
      "text": "Informative references",
      "url": "https://w3c.github.io/aria/#informative-references"
    },
    "snapshot": {
      "number": "D.2",
      "spec": "WAI-ARIA",
      "text": "Informative references",
      "url": "https://www.w3.org/TR/wai-aria-1.2/#informative-references"
    }
  },
  "#inheritedattributes": {
    "current": {
      "number": "5.2.4",
      "spec": "WAI-ARIA",
      "text": "Inherited States and Properties",
      "url": "https://w3c.github.io/aria/#inheritedattributes"
    },
    "snapshot": {
      "number": "5.2.4",
      "spec": "WAI-ARIA",
      "text": "Inherited States and Properties",
      "url": "https://www.w3.org/TR/wai-aria-1.2/#inheritedattributes"
    }
  },
  "#intro_ria_accessibility": {
    "current": {
      "number": "1.1",
      "spec": "WAI-ARIA",
      "text": "Rich Internet Application Accessibility",
      "url": "https://w3c.github.io/aria/#intro_ria_accessibility"
    },
    "snapshot": {
      "number": "1.1",
      "spec": "WAI-ARIA",
      "text": "Rich Internet Application Accessibility",
      "url": "https://www.w3.org/TR/wai-aria-1.2/#intro_ria_accessibility"
    }
  },
  "#introduction": {
    "current": {
      "number": "1",
      "spec": "WAI-ARIA",
      "text": "Introduction",
      "url": "https://w3c.github.io/aria/#introduction"
    },
    "snapshot": {
      "number": "1",
      "spec": "WAI-ARIA",
      "text": "Introduction",
      "url": "https://www.w3.org/TR/wai-aria-1.2/#introduction"
    }
  },
  "#introroles": {
    "current": {
      "number": "4.1",
      "spec": "WAI-ARIA",
      "text": "WAI-ARIA Roles",
      "url": "https://w3c.github.io/aria/#introroles"
    },
    "snapshot": {
      "number": "4.1",
      "spec": "WAI-ARIA",
      "text": "WAI-ARIA Roles",
      "url": "https://www.w3.org/TR/wai-aria-1.2/#introroles"
    }
  },
  "#introstates": {
    "current": {
      "number": "4.2",
      "spec": "WAI-ARIA",
      "text": "WAI-ARIA States and Properties",
      "url": "https://w3c.github.io/aria/#introstates"
    },
    "snapshot": {
      "number": "4.2",
      "spec": "WAI-ARIA",
      "text": "WAI-ARIA States and Properties",
      "url": "https://www.w3.org/TR/wai-aria-1.2/#introstates"
    }
  },
  "#isAbstract": {
    "current": {
      "number": "5.2.1",
      "spec": "WAI-ARIA",
      "text": "Abstract Roles",
      "url": "https://w3c.github.io/aria/#isAbstract"
    },
    "snapshot": {
      "number": "5.2.1",
      "spec": "WAI-ARIA",
      "text": "Abstract Roles",
      "url": "https://www.w3.org/TR/wai-aria-1.2/#isAbstract"
    }
  },
  "#landmark_roles": {
    "current": {
      "number": "5.3.4",
      "spec": "WAI-ARIA",
      "text": "Landmark Roles",
      "url": "https://w3c.github.io/aria/#landmark_roles"
    },
    "snapshot": {
      "number": "5.3.4",
      "spec": "WAI-ARIA",
      "text": "Landmark Roles",
      "url": "https://www.w3.org/TR/wai-aria-1.2/#landmark_roles"
    }
  },
  "#live_region_roles": {
    "current": {
      "number": "5.3.5",
      "spec": "WAI-ARIA",
      "text": "Live Region Roles",
      "url": "https://w3c.github.io/aria/#live_region_roles"
    },
    "snapshot": {
      "number": "5.3.5",
      "spec": "WAI-ARIA",
      "text": "Live Region Roles",
      "url": "https://www.w3.org/TR/wai-aria-1.2/#live_region_roles"
    }
  },
  "#major-feature-in-this-release": {
    "current": {
      "number": "B.1",
      "spec": "WAI-ARIA",
      "text": "Major feature in this release",
      "url": "https://w3c.github.io/aria/#major-feature-in-this-release"
    }
  },
  "#managingfocus": {
    "current": {
      "number": "4.3",
      "spec": "WAI-ARIA",
      "text": "Managing Focus and Supporting Keyboard Navigation",
      "url": "https://w3c.github.io/aria/#managingfocus"
    },
    "snapshot": {
      "number": "4.3",
      "spec": "WAI-ARIA",
      "text": "Managing Focus and Supporting Keyboard Navigation",
      "url": "https://www.w3.org/TR/wai-aria-1.2/#managingfocus"
    }
  },
  "#managingfocus_authors": {
    "current": {
      "number": "4.3.1",
      "spec": "WAI-ARIA",
      "text": "Information for Authors",
      "url": "https://w3c.github.io/aria/#managingfocus_authors"
    },
    "snapshot": {
      "number": "4.3.1",
      "spec": "WAI-ARIA",
      "text": "Information for Authors",
      "url": "https://www.w3.org/TR/wai-aria-1.2/#managingfocus_authors"
    }
  },
  "#managingfocus_useragents": {
    "current": {
      "number": "4.3.2",
      "spec": "WAI-ARIA",
      "text": "Information for User Agents",
      "url": "https://w3c.github.io/aria/#managingfocus_useragents"
    },
    "snapshot": {
      "number": "4.3.2",
      "spec": "WAI-ARIA",
      "text": "Information for User Agents",
      "url": "https://www.w3.org/TR/wai-aria-1.2/#managingfocus_useragents"
    }
  },
  "#mapping_additional_relations_error_processing": {
    "current": {
      "number": "8.6.1",
      "spec": "WAI-ARIA",
      "text": "ID Reference Error Processing",
      "url": "https://w3c.github.io/aria/#mapping_additional_relations_error_processing"
    },
    "snapshot": {
      "number": "8.6.1",
      "spec": "WAI-ARIA",
      "text": "ID Reference Error Processing",
      "url": "https://www.w3.org/TR/wai-aria-1.2/#mapping_additional_relations_error_processing"
    }
  },
  "#mathml-example-with-embedded-tex-annotation": {
    "current": {
      "number": "",
      "spec": "WAI-ARIA",
      "text": "MathML Example with Embedded TeX Annotation",
      "url": "https://w3c.github.io/aria/#mathml-example-with-embedded-tex-annotation"
    },
    "snapshot": {
      "number": "",
      "spec": "WAI-ARIA",
      "text": "MathML Example with Embedded TeX Annotation",
      "url": "https://www.w3.org/TR/wai-aria-1.2/#mathml-example-with-embedded-tex-annotation"
    }
  },
  "#mustContain": {
    "current": {
      "number": "5.2.6",
      "spec": "WAI-ARIA",
      "text": "Allowed Accessibility Child Roles",
      "url": "https://w3c.github.io/aria/#mustContain"
    },
    "snapshot": {
      "number": "5.2.6",
      "spec": "WAI-ARIA",
      "text": "Required Owned Elements",
      "url": "https://www.w3.org/TR/wai-aria-1.2/#mustContain"
    }
  },
  "#namecalculation": {
    "current": {
      "number": "5.2.8",
      "spec": "WAI-ARIA",
      "text": "Accessible Name Calculation",
      "url": "https://w3c.github.io/aria/#namecalculation"
    },
    "snapshot": {
      "number": "5.2.8",
      "spec": "WAI-ARIA",
      "text": "Accessible Name Calculation",
      "url": "https://www.w3.org/TR/wai-aria-1.2/#namecalculation"
    }
  },
  "#namecomputation": {
    "current": {
      "number": "5.2.8.1",
      "spec": "WAI-ARIA",
      "text": "Name Computation",
      "url": "https://w3c.github.io/aria/#namecomputation"
    },
    "snapshot": {
      "number": "5.2.8.1",
      "spec": "WAI-ARIA",
      "text": "Name Computation",
      "url": "https://www.w3.org/TR/wai-aria-1.2/#namecomputation"
    }
  },
  "#namefromauthor": {
    "current": {
      "number": "5.2.8.4",
      "spec": "WAI-ARIA",
      "text": "Roles Supporting Name from Author",
      "url": "https://w3c.github.io/aria/#namefromauthor"
    },
    "snapshot": {
      "number": "5.2.8.4",
      "spec": "WAI-ARIA",
      "text": "Roles Supporting Name from Author",
      "url": "https://www.w3.org/TR/wai-aria-1.2/#namefromauthor"
    }
  },
  "#namefromcontent": {
    "current": {
      "number": "5.2.8.5",
      "spec": "WAI-ARIA",
      "text": "Roles Supporting Name from Content",
      "url": "https://w3c.github.io/aria/#namefromcontent"
    },
    "snapshot": {
      "number": "5.2.8.5",
      "spec": "WAI-ARIA",
      "text": "Roles Supporting Name from Content",
      "url": "https://www.w3.org/TR/wai-aria-1.2/#namefromcontent"
    }
  },
  "#namefromprohibited": {
    "current": {
      "number": "5.2.8.6",
      "spec": "WAI-ARIA",
      "text": "Roles which cannot be named (Name prohibited)",
      "url": "https://w3c.github.io/aria/#namefromprohibited"
    },
    "snapshot": {
      "number": "5.2.8.6",
      "spec": "WAI-ARIA",
      "text": "Roles which cannot be named (Name prohibited)",
      "url": "https://www.w3.org/TR/wai-aria-1.2/#namefromprohibited"
    }
  },
  "#normative-references": {
    "current": {
      "number": "D.1",
      "spec": "WAI-ARIA",
      "text": "Normative references",
      "url": "https://w3c.github.io/aria/#normative-references"
    },
    "snapshot": {
      "number": "D.1",
      "spec": "WAI-ARIA",
      "text": "Normative references",
      "url": "https://www.w3.org/TR/wai-aria-1.2/#normative-references"
    }
  },
  "#note-regarding-the-aria-1-1-none-role": {
    "snapshot": {
      "number": "",
      "spec": "WAI-ARIA",
      "text": "Note regarding the ARIA 1.1 none role.",
      "url": "https://www.w3.org/TR/wai-aria-1.2/#note-regarding-the-aria-1-1-none-role"
    }
  },
  "#note-regarding-the-aria-1-1-none-role-0": {
    "snapshot": {
      "number": "",
      "spec": "WAI-ARIA",
      "text": "Note regarding the ARIA 1.1 none role.",
      "url": "https://www.w3.org/TR/wai-aria-1.2/#note-regarding-the-aria-1-1-none-role-0"
    }
  },
  "#os-aapi-attribute-mapping": {
    "current": {
      "number": "6.3.3",
      "spec": "WAI-ARIA",
      "text": "Operating System Accessibility API mapping of multi-value ARIA attributes",
      "url": "https://w3c.github.io/aria/#os-aapi-attribute-mapping"
    },
    "snapshot": {
      "number": "6.3.3",
      "spec": "WAI-ARIA",
      "text": "Operating System Accessibility API mapping of multi-value ARIA attributes",
      "url": "https://www.w3.org/TR/wai-aria-1.2/#os-aapi-attribute-mapping"
    }
  },
  "#plain-html-or-polyfill-dom-result-of-the-mathml-quadratic-formula": {
    "current": {
      "number": "",
      "spec": "WAI-ARIA",
      "text": "Plain HTML or Polyfill DOM Result of the MathML Quadratic Formula",
      "url": "https://w3c.github.io/aria/#plain-html-or-polyfill-dom-result-of-the-mathml-quadratic-formula"
    },
    "snapshot": {
      "number": "",
      "spec": "WAI-ARIA",
      "text": "Plain HTML or Polyfill DOM Result of the MathML Quadratic Formula",
      "url": "https://www.w3.org/TR/wai-aria-1.2/#plain-html-or-polyfill-dom-result-of-the-mathml-quadratic-formula"
    }
  },
  "#presentational-role-inheritance": {
    "current": {
      "number": "",
      "spec": "WAI-ARIA",
      "text": "Presentational Role Inheritance",
      "url": "https://w3c.github.io/aria/#presentational-role-inheritance"
    }
  },
  "#privacy-and-security-considerations": {
    "snapshot": {
      "number": "",
      "spec": "WAI-ARIA",
      "text": "11. Privacy and Security Considerations",
      "url": "https://www.w3.org/TR/wai-aria-1.2/#privacy-and-security-considerations"
    }
  },
  "#privacy-considerations": {
    "current": {
      "number": "",
      "spec": "WAI-ARIA",
      "text": "12. Privacy Considerations",
      "url": "https://w3c.github.io/aria/#privacy-considerations"
    }
  },
  "#prohibitedattributes": {
    "current": {
      "number": "5.2.5",
      "spec": "WAI-ARIA",
      "text": "Prohibited States and Properties",
      "url": "https://w3c.github.io/aria/#prohibitedattributes"
    },
    "snapshot": {
      "number": "5.2.5",
      "spec": "WAI-ARIA",
      "text": "Prohibited States and Properties",
      "url": "https://www.w3.org/TR/wai-aria-1.2/#prohibitedattributes"
    }
  },
  "#propcharacteristic_inheritsintoroles": {
    "current": {
      "number": "6.2.3",
      "spec": "WAI-ARIA",
      "text": "Inherits into Roles",
      "url": "https://w3c.github.io/aria/#propcharacteristic_inheritsintoroles"
    },
    "snapshot": {
      "number": "6.2.3",
      "spec": "WAI-ARIA",
      "text": "Inherits into Roles",
      "url": "https://www.w3.org/TR/wai-aria-1.2/#propcharacteristic_inheritsintoroles"
    }
  },
  "#propcharacteristic_relatedconcept": {
    "current": {
      "number": "6.2.1",
      "spec": "WAI-ARIA",
      "text": "Related Concepts",
      "url": "https://w3c.github.io/aria/#propcharacteristic_relatedconcept"
    },
    "snapshot": {
      "number": "6.2.1",
      "spec": "WAI-ARIA",
      "text": "Related Concepts",
      "url": "https://www.w3.org/TR/wai-aria-1.2/#propcharacteristic_relatedconcept"
    }
  },
  "#propcharacteristic_usedinrole": {
    "current": {
      "number": "6.2.2",
      "spec": "WAI-ARIA",
      "text": "Used in Roles",
      "url": "https://w3c.github.io/aria/#propcharacteristic_usedinrole"
    },
    "snapshot": {
      "number": "6.2.2",
      "spec": "WAI-ARIA",
      "text": "Used in Roles",
      "url": "https://www.w3.org/TR/wai-aria-1.2/#propcharacteristic_usedinrole"
    }
  },
  "#propcharacteristic_value": {
    "current": {
      "number": "6.2.4",
      "spec": "WAI-ARIA",
      "text": "Value",
      "url": "https://w3c.github.io/aria/#propcharacteristic_value"
    },
    "snapshot": {
      "number": "6.2.4",
      "spec": "WAI-ARIA",
      "text": "Value",
      "url": "https://www.w3.org/TR/wai-aria-1.2/#propcharacteristic_value"
    }
  },
  "#references": {
    "current": {
      "number": "D",
      "spec": "WAI-ARIA",
      "text": "References",
      "url": "https://w3c.github.io/aria/#references"
    },
    "snapshot": {
      "number": "D",
      "spec": "WAI-ARIA",
      "text": "References",
      "url": "https://www.w3.org/TR/wai-aria-1.2/#references"
    }
  },
  "#relatedConcept": {
    "current": {
      "number": "5.1.3",
      "spec": "WAI-ARIA",
      "text": "Related Concepts",
      "url": "https://w3c.github.io/aria/#relatedConcept"
    },
    "snapshot": {
      "number": "5.1.3",
      "spec": "WAI-ARIA",
      "text": "Related Concepts",
      "url": "https://www.w3.org/TR/wai-aria-1.2/#relatedConcept"
    }
  },
  "#relationshipsconcepts": {
    "current": {
      "number": "5.1",
      "spec": "WAI-ARIA",
      "text": "Relationships Between Concepts",
      "url": "https://w3c.github.io/aria/#relationshipsconcepts"
    },
    "snapshot": {
      "number": "5.1",
      "spec": "WAI-ARIA",
      "text": "Relationships Between Concepts",
      "url": "https://www.w3.org/TR/wai-aria-1.2/#relationshipsconcepts"
    }
  },
  "#requiredState": {
    "current": {
      "number": "5.2.2",
      "spec": "WAI-ARIA",
      "text": "Required States and Properties",
      "url": "https://w3c.github.io/aria/#requiredState"
    },
    "snapshot": {
      "number": "5.2.2",
      "spec": "WAI-ARIA",
      "text": "Required States and Properties",
      "url": "https://www.w3.org/TR/wai-aria-1.2/#requiredState"
    }
  },
  "#role_definitions": {
    "current": {
      "number": "5.4",
      "spec": "WAI-ARIA",
      "text": "Definition of Roles",
      "url": "https://w3c.github.io/aria/#role_definitions"
    },
    "snapshot": {
      "number": "5.4",
      "spec": "WAI-ARIA",
      "text": "Definition of Roles",
      "url": "https://www.w3.org/TR/wai-aria-1.2/#role_definitions"
    }
  },
  "#roles": {
    "current": {
      "number": "5",
      "spec": "WAI-ARIA",
      "text": "The Roles Model",
      "url": "https://w3c.github.io/aria/#roles"
    },
    "snapshot": {
      "number": "5",
      "spec": "WAI-ARIA",
      "text": "The Roles Model",
      "url": "https://www.w3.org/TR/wai-aria-1.2/#roles"
    }
  },
  "#roles_categorization": {
    "current": {
      "number": "5.3",
      "spec": "WAI-ARIA",
      "text": "Categorization of Roles",
      "url": "https://w3c.github.io/aria/#roles_categorization"
    },
    "snapshot": {
      "number": "5.3",
      "spec": "WAI-ARIA",
      "text": "Categorization of Roles",
      "url": "https://www.w3.org/TR/wai-aria-1.2/#roles_categorization"
    }
  },
  "#scope": {
    "current": {
      "number": "5.2.7",
      "spec": "WAI-ARIA",
      "text": "Required Accessibility Parent Role",
      "url": "https://w3c.github.io/aria/#scope"
    },
    "snapshot": {
      "number": "5.2.7",
      "spec": "WAI-ARIA",
      "text": "Required Context Role",
      "url": "https://www.w3.org/TR/wai-aria-1.2/#scope"
    }
  },
  "#security-considerations": {
    "current": {
      "number": "",
      "spec": "WAI-ARIA",
      "text": "11. Security Considerations",
      "url": "https://w3c.github.io/aria/#security-considerations"
    }
  },
  "#state_changes": {
    "current": {
      "number": "6.7",
      "spec": "WAI-ARIA",
      "text": "State change notification",
      "url": "https://w3c.github.io/aria/#state_changes"
    }
  },
  "#state_prop_att": {
    "current": {
      "number": "6.2",
      "spec": "WAI-ARIA",
      "text": "Characteristics of States and Properties",
      "url": "https://w3c.github.io/aria/#state_prop_att"
    },
    "snapshot": {
      "number": "6.2",
      "spec": "WAI-ARIA",
      "text": "Characteristics of States and Properties",
      "url": "https://www.w3.org/TR/wai-aria-1.2/#state_prop_att"
    }
  },
  "#state_prop_def": {
    "current": {
      "number": "6.8",
      "spec": "WAI-ARIA",
      "text": "Definitions of States and Properties (all aria-* attributes)",
      "url": "https://w3c.github.io/aria/#state_prop_def"
    },
    "snapshot": {
      "number": "6.7",
      "spec": "WAI-ARIA",
      "text": "Definitions of States and Properties (all aria-* attributes)",
      "url": "https://www.w3.org/TR/wai-aria-1.2/#state_prop_def"
    }
  },
  "#state_prop_taxonomy": {
    "current": {
      "number": "6.6",
      "spec": "WAI-ARIA",
      "text": "Taxonomy of WAI-ARIA States and Properties",
      "url": "https://w3c.github.io/aria/#state_prop_taxonomy"
    },
    "snapshot": {
      "number": "6.6",
      "spec": "WAI-ARIA",
      "text": "Taxonomy of WAI-ARIA States and Properties",
      "url": "https://www.w3.org/TR/wai-aria-1.2/#state_prop_taxonomy"
    }
  },
  "#state_property_processing": {
    "current": {
      "number": "8.6",
      "spec": "WAI-ARIA",
      "text": "State and Property Attribute Processing",
      "url": "https://w3c.github.io/aria/#state_property_processing"
    },
    "snapshot": {
      "number": "8.6",
      "spec": "WAI-ARIA",
      "text": "State and Property Attribute Processing",
      "url": "https://www.w3.org/TR/wai-aria-1.2/#state_property_processing"
    }
  },
  "#states_and_properties": {
    "current": {
      "number": "6",
      "spec": "WAI-ARIA",
      "text": "Supported States and Properties",
      "url": "https://w3c.github.io/aria/#states_and_properties"
    },
    "snapshot": {
      "number": "6",
      "spec": "WAI-ARIA",
      "text": "Supported States and Properties",
      "url": "https://www.w3.org/TR/wai-aria-1.2/#states_and_properties"
    }
  },
  "#statevsprop": {
    "current": {
      "number": "6.1",
      "spec": "WAI-ARIA",
      "text": "Clarification of States versus Properties",
      "url": "https://w3c.github.io/aria/#statevsprop"
    },
    "snapshot": {
      "number": "6.1",
      "spec": "WAI-ARIA",
      "text": "Clarification of States versus Properties",
      "url": "https://www.w3.org/TR/wai-aria-1.2/#statevsprop"
    }
  },
  "#subclassroles": {
    "current": {
      "number": "5.1.2",
      "spec": "WAI-ARIA",
      "text": "Subclass Roles",
      "url": "https://w3c.github.io/aria/#subclassroles"
    },
    "snapshot": {
      "number": "5.1.2",
      "spec": "WAI-ARIA",
      "text": "Subclass Roles",
      "url": "https://www.w3.org/TR/wai-aria-1.2/#subclassroles"
    }
  },
  "#substantive-changes-since-aria-1-2": {
    "current": {
      "number": "B.2",
      "spec": "WAI-ARIA",
      "text": "Substantive changes since ARIA 1.2",
      "url": "https://w3c.github.io/aria/#substantive-changes-since-aria-1-2"
    }
  },
  "#superclassrole": {
    "current": {
      "number": "5.1.1",
      "spec": "WAI-ARIA",
      "text": "Superclass Role",
      "url": "https://w3c.github.io/aria/#superclassrole"
    },
    "snapshot": {
      "number": "5.1.1",
      "spec": "WAI-ARIA",
      "text": "Superclass Role",
      "url": "https://www.w3.org/TR/wai-aria-1.2/#superclassrole"
    }
  },
  "#supportedState": {
    "current": {
      "number": "5.2.3",
      "spec": "WAI-ARIA",
      "text": "Supported States and Properties",
      "url": "https://w3c.github.io/aria/#supportedState"
    },
    "snapshot": {
      "number": "5.2.3",
      "spec": "WAI-ARIA",
      "text": "Supported States and Properties",
      "url": "https://www.w3.org/TR/wai-aria-1.2/#supportedState"
    }
  },
  "#target-audience": {
    "current": {
      "number": "1.2",
      "spec": "WAI-ARIA",
      "text": "Target Audience",
      "url": "https://w3c.github.io/aria/#target-audience"
    },
    "snapshot": {
      "number": "1.2",
      "spec": "WAI-ARIA",
      "text": "Target Audience",
      "url": "https://www.w3.org/TR/wai-aria-1.2/#target-audience"
    }
  },
  "#terms": {
    "current": {
      "number": "2",
      "spec": "WAI-ARIA",
      "text": "Important Terms",
      "url": "https://w3c.github.io/aria/#terms"
    },
    "snapshot": {
      "number": "2",
      "spec": "WAI-ARIA",
      "text": "Important Terms",
      "url": "https://www.w3.org/TR/wai-aria-1.2/#terms"
    }
  },
  "#textalternativecomputation": {
    "current": {
      "number": "5.2.8.3",
      "spec": "WAI-ARIA",
      "text": "Accessible Name and Description Computation",
      "url": "https://w3c.github.io/aria/#textalternativecomputation"
    },
    "snapshot": {
      "number": "5.2.8.3",
      "spec": "WAI-ARIA",
      "text": "Accessible Name and Description Computation",
      "url": "https://www.w3.org/TR/wai-aria-1.2/#textalternativecomputation"
    }
  },
  "#title": {
    "current": {
      "number": "",
      "spec": "WAI-ARIA",
      "text": "Accessible Rich Internet Applications (WAI-ARIA) 1.3",
      "url": "https://w3c.github.io/aria/#title"
    },
    "snapshot": {
      "number": "",
      "spec": "WAI-ARIA",
      "text": "Accessible Rich Internet Applications (WAI-ARIA) 1.2",
      "url": "https://www.w3.org/TR/wai-aria-1.2/#title"
    }
  },
  "#toc": {
    "current": {
      "number": "",
      "spec": "WAI-ARIA",
      "text": "Table of Contents",
      "url": "https://w3c.github.io/aria/#toc"
    },
    "snapshot": {
      "number": "",
      "spec": "WAI-ARIA",
      "text": "Table of Contents",
      "url": "https://www.w3.org/TR/wai-aria-1.2/#toc"
    }
  },
  "#translatable-attributes": {
    "current": {
      "number": "6.4",
      "spec": "WAI-ARIA",
      "text": "Translatable Attributes",
      "url": "https://w3c.github.io/aria/#translatable-attributes"
    }
  },
  "#translatable-states-and-properties": {
    "snapshot": {
      "number": "6.4",
      "spec": "WAI-ARIA",
      "text": "Translatable States and Properties",
      "url": "https://www.w3.org/TR/wai-aria-1.2/#translatable-states-and-properties"
    }
  },
  "#tree_exclusion": {
    "current": {
      "number": "7.1",
      "spec": "WAI-ARIA",
      "text": "Excluding Elements from the Accessibility Tree",
      "url": "https://w3c.github.io/aria/#tree_exclusion"
    },
    "snapshot": {
      "number": "7.1",
      "spec": "WAI-ARIA",
      "text": "Excluding Elements from the Accessibility Tree",
      "url": "https://www.w3.org/TR/wai-aria-1.2/#tree_exclusion"
    }
  },
  "#tree_inclusion": {
    "current": {
      "number": "7.2",
      "spec": "WAI-ARIA",
      "text": "Including Elements in the Accessibility Tree",
      "url": "https://w3c.github.io/aria/#tree_inclusion"
    },
    "snapshot": {
      "number": "7.2",
      "spec": "WAI-ARIA",
      "text": "Including Elements in the Accessibility Tree",
      "url": "https://www.w3.org/TR/wai-aria-1.2/#tree_inclusion"
    }
  },
  "#tree_relationships": {
    "current": {
      "number": "7.3",
      "spec": "WAI-ARIA",
      "text": "Relationships in the Accessibility Tree",
      "url": "https://w3c.github.io/aria/#tree_relationships"
    }
  },
  "#typemapping": {
    "current": {
      "number": "A",
      "spec": "WAI-ARIA",
      "text": "Mapping WAI-ARIA Value types to languages",
      "url": "https://w3c.github.io/aria/#typemapping"
    },
    "snapshot": {
      "number": "A",
      "spec": "WAI-ARIA",
      "text": "Mapping WAI-ARIA Value types to languages",
      "url": "https://www.w3.org/TR/wai-aria-1.2/#typemapping"
    }
  },
  "#ua-support": {
    "current": {
      "number": "1.3",
      "spec": "WAI-ARIA",
      "text": "User Agent Support",
      "url": "https://w3c.github.io/aria/#ua-support"
    },
    "snapshot": {
      "number": "1.3",
      "spec": "WAI-ARIA",
      "text": "User Agent Support",
      "url": "https://www.w3.org/TR/wai-aria-1.2/#ua-support"
    }
  },
  "#ua_dom": {
    "current": {
      "number": "3.2",
      "spec": "WAI-ARIA",
      "text": "All WAI-ARIA in DOM",
      "url": "https://w3c.github.io/aria/#ua_dom"
    },
    "snapshot": {
      "number": "3.2",
      "spec": "WAI-ARIA",
      "text": "All WAI-ARIA in DOM",
      "url": "https://www.w3.org/TR/wai-aria-1.2/#ua_dom"
    }
  },
  "#ua_domchanges": {
    "current": {
      "number": "3.3",
      "spec": "WAI-ARIA",
      "text": "Assistive Technology Notifications Communicated to Web Applications",
      "url": "https://w3c.github.io/aria/#ua_domchanges"
    },
    "snapshot": {
      "number": "3.3",
      "spec": "WAI-ARIA",
      "text": "Assistive Technology Notifications Communicated to Web Applications",
      "url": "https://www.w3.org/TR/wai-aria-1.2/#ua_domchanges"
    }
  },
  "#ua_noninterference": {
    "current": {
      "number": "3.1",
      "spec": "WAI-ARIA",
      "text": "Non-interference with the Host Language",
      "url": "https://w3c.github.io/aria/#ua_noninterference"
    },
    "snapshot": {
      "number": "3.1",
      "spec": "WAI-ARIA",
      "text": "Non-interference with the Host Language",
      "url": "https://www.w3.org/TR/wai-aria-1.2/#ua_noninterference"
    }
  },
  "#usage": {
    "current": {
      "number": "4",
      "spec": "WAI-ARIA",
      "text": "Using WAI-ARIA",
      "url": "https://w3c.github.io/aria/#usage"
    },
    "snapshot": {
      "number": "4",
      "spec": "WAI-ARIA",
      "text": "Using WAI-ARIA",
      "url": "https://www.w3.org/TR/wai-aria-1.2/#usage"
    }
  },
  "#widget_roles": {
    "current": {
      "number": "5.3.2",
      "spec": "WAI-ARIA",
      "text": "Widget Roles",
      "url": "https://w3c.github.io/aria/#widget_roles"
    },
    "snapshot": {
      "number": "5.3.2",
      "spec": "WAI-ARIA",
      "text": "Widget Roles",
      "url": "https://www.w3.org/TR/wai-aria-1.2/#widget_roles"
    }
  },
  "#window_roles": {
    "current": {
      "number": "5.3.6",
      "spec": "WAI-ARIA",
      "text": "Window Roles",
      "url": "https://w3c.github.io/aria/#window_roles"
    },
    "snapshot": {
      "number": "5.3.6",
      "spec": "WAI-ARIA",
      "text": "Window Roles",
      "url": "https://www.w3.org/TR/wai-aria-1.2/#window_roles"
    }
  }
}