{
  "#abstract": {
    "current": {
      "number": "",
      "spec": "Measure Memory API",
      "text": "Abstract",
      "url": "https://wicg.github.io/performance-measure-memory/#abstract"
    }
  },
  "#acknowledgements": {
    "current": {
      "number": "6",
      "spec": "Measure Memory API",
      "text": "Acknowledgements",
      "url": "https://wicg.github.io/performance-measure-memory/#acknowledgements"
    }
  },
  "#converting-an-intermediate-memory-measurement-to-the-result": {
    "current": {
      "number": "3.3",
      "spec": "Measure Memory API",
      "text": "Converting an intermediate memory measurement to the result",
      "url": "https://wicg.github.io/performance-measure-memory/#converting-an-intermediate-memory-measurement-to-the-result"
    }
  },
  "#creating-or-obtaining-a-memory-attribution-token": {
    "current": {
      "number": "3.4",
      "spec": "Measure Memory API",
      "text": "Creating or obtaining a memory attribution token",
      "url": "https://wicg.github.io/performance-measure-memory/#creating-or-obtaining-a-memory-attribution-token"
    }
  },
  "#data-model": {
    "current": {
      "number": "2",
      "spec": "Measure Memory API",
      "text": "Data model",
      "url": "https://wicg.github.io/performance-measure-memory/#data-model"
    }
  },
  "#examples": {
    "current": {
      "number": "1.1",
      "spec": "Measure Memory API",
      "text": "Examples",
      "url": "https://wicg.github.io/performance-measure-memory/#examples"
    }
  },
  "#extension-to-window-or-worker-global-scope": {
    "current": {
      "number": "4.1",
      "spec": "Measure Memory API",
      "text": "Extension to WindowOrWorkerGlobalScope",
      "url": "https://wicg.github.io/performance-measure-memory/#extension-to-window-or-worker-global-scope"
    }
  },
  "#extensions-to-performance": {
    "current": {
      "number": "3.1",
      "spec": "Measure Memory API",
      "text": "Extensions to the Performance interface",
      "url": "https://wicg.github.io/performance-measure-memory/#extensions-to-performance"
    }
  },
  "#extensions-to-the-existing-algorithms": {
    "current": {
      "number": "4.2",
      "spec": "Measure Memory API",
      "text": "Extensions to the existing algorithms",
      "url": "https://wicg.github.io/performance-measure-memory/#extensions-to-the-existing-algorithms"
    }
  },
  "#fingerprinting": {
    "current": {
      "number": "5.2",
      "spec": "Measure Memory API",
      "text": "Fingerprinting",
      "url": "https://wicg.github.io/performance-measure-memory/#fingerprinting"
    }
  },
  "#idl-index": {
    "current": {
      "number": "",
      "spec": "Measure Memory API",
      "text": "IDL Index",
      "url": "https://wicg.github.io/performance-measure-memory/#idl-index"
    }
  },
  "#index": {
    "current": {
      "number": "",
      "spec": "Measure Memory API",
      "text": "Index",
      "url": "https://wicg.github.io/performance-measure-memory/#index"
    }
  },
  "#index-defined-elsewhere": {
    "current": {
      "number": "",
      "spec": "Measure Memory API",
      "text": "Terms defined by reference",
      "url": "https://wicg.github.io/performance-measure-memory/#index-defined-elsewhere"
    }
  },
  "#index-defined-here": {
    "current": {
      "number": "",
      "spec": "Measure Memory API",
      "text": "Terms defined by this specification",
      "url": "https://wicg.github.io/performance-measure-memory/#index-defined-here"
    }
  },
  "#information-leak": {
    "current": {
      "number": "5.1",
      "spec": "Measure Memory API",
      "text": "Cross-origin information leak",
      "url": "https://wicg.github.io/performance-measure-memory/#information-leak"
    }
  },
  "#integration-with-the-existing-specification": {
    "current": {
      "number": "4",
      "spec": "Measure Memory API",
      "text": "Integration with the existing specification",
      "url": "https://wicg.github.io/performance-measure-memory/#integration-with-the-existing-specification"
    }
  },
  "#intermediate-memory-measurement-section": {
    "current": {
      "number": "2.2",
      "spec": "Measure Memory API",
      "text": "Intermediate memory measurement",
      "url": "https://wicg.github.io/performance-measure-memory/#intermediate-memory-measurement-section"
    }
  },
  "#intro": {
    "current": {
      "number": "1",
      "spec": "Measure Memory API",
      "text": "Introduction",
      "url": "https://wicg.github.io/performance-measure-memory/#intro"
    }
  },
  "#memory-attribution-token-section": {
    "current": {
      "number": "2.3",
      "spec": "Measure Memory API",
      "text": "Memory attribution token",
      "url": "https://wicg.github.io/performance-measure-memory/#memory-attribution-token-section"
    }
  },
  "#memory-measurement-result": {
    "current": {
      "number": "2.1",
      "spec": "Measure Memory API",
      "text": "Memory measurement result",
      "url": "https://wicg.github.io/performance-measure-memory/#memory-measurement-result"
    }
  },
  "#normative": {
    "current": {
      "number": "",
      "spec": "Measure Memory API",
      "text": "Normative References",
      "url": "https://wicg.github.io/performance-measure-memory/#normative"
    }
  },
  "#privacy-and-security": {
    "current": {
      "number": "5",
      "spec": "Measure Memory API",
      "text": "Privacy and Security",
      "url": "https://wicg.github.io/performance-measure-memory/#privacy-and-security"
    }
  },
  "#processing-model": {
    "current": {
      "number": "3",
      "spec": "Measure Memory API",
      "text": "Processing model",
      "url": "https://wicg.github.io/performance-measure-memory/#processing-model"
    }
  },
  "#profile-and-date": {
    "current": {
      "number": "",
      "spec": "Measure Memory API",
      "text": "Draft Community Group Report, 28 May 2021",
      "url": "https://wicg.github.io/performance-measure-memory/#profile-and-date"
    }
  },
  "#references": {
    "current": {
      "number": "",
      "spec": "Measure Memory API",
      "text": "References",
      "url": "https://wicg.github.io/performance-measure-memory/#references"
    }
  },
  "#status": {
    "current": {
      "number": "",
      "spec": "Measure Memory API",
      "text": "Status of this document",
      "url": "https://wicg.github.io/performance-measure-memory/#status"
    }
  },
  "#title": {
    "current": {
      "number": "",
      "spec": "Measure Memory API",
      "text": "Measure Memory API",
      "url": "https://wicg.github.io/performance-measure-memory/#title"
    }
  },
  "#toc": {
    "current": {
      "number": "",
      "spec": "Measure Memory API",
      "text": "Table of Contents",
      "url": "https://wicg.github.io/performance-measure-memory/#toc"
    }
  },
  "#top-level-algorithms": {
    "current": {
      "number": "3.2",
      "spec": "Measure Memory API",
      "text": "Top-level algorithms",
      "url": "https://wicg.github.io/performance-measure-memory/#top-level-algorithms"
    }
  }
}