{
  "#abstract": {
    "snapshot": {
      "number": "",
      "spec": "Battery Status API",
      "text": "Abstract",
      "url": "https://www.w3.org/TR/battery-status/#abstract"
    }
  },
  "#acknowledgements": {
    "current": {
      "number": "C",
      "spec": "Battery Status API",
      "text": "Acknowledgements",
      "url": "https://w3c.github.io/battery/#acknowledgements"
    },
    "snapshot": {
      "number": "C",
      "spec": "Battery Status API",
      "text": "Acknowledgements",
      "url": "https://www.w3.org/TR/battery-status/#acknowledgements"
    }
  },
  "#algorithms": {
    "current": {
      "number": "6.7",
      "spec": "Battery Status API",
      "text": "Algorithms",
      "url": "https://w3c.github.io/battery/#algorithms"
    },
    "snapshot": {
      "number": "6.7",
      "spec": "Battery Status API",
      "text": "Algorithms",
      "url": "https://www.w3.org/TR/battery-status/#algorithms"
    }
  },
  "#concepts": {
    "current": {
      "number": "4",
      "spec": "Battery Status API",
      "text": "Concepts",
      "url": "https://w3c.github.io/battery/#concepts"
    },
    "snapshot": {
      "number": "4",
      "spec": "Battery Status API",
      "text": "Concepts",
      "url": "https://www.w3.org/TR/battery-status/#concepts"
    }
  },
  "#conformance": {
    "current": {
      "number": "2",
      "spec": "Battery Status API",
      "text": "Conformance",
      "url": "https://w3c.github.io/battery/#conformance"
    },
    "snapshot": {
      "number": "2",
      "spec": "Battery Status API",
      "text": "Conformance",
      "url": "https://www.w3.org/TR/battery-status/#conformance"
    }
  },
  "#event-handlers": {
    "current": {
      "number": "6.6",
      "spec": "Battery Status API",
      "text": "Event handlers",
      "url": "https://w3c.github.io/battery/#event-handlers"
    },
    "snapshot": {
      "number": "6.6",
      "spec": "Battery Status API",
      "text": "Event handlers",
      "url": "https://www.w3.org/TR/battery-status/#event-handlers"
    }
  },
  "#examples": {
    "current": {
      "number": "8",
      "spec": "Battery Status API",
      "text": "Examples",
      "url": "https://w3c.github.io/battery/#examples"
    },
    "snapshot": {
      "number": "8",
      "spec": "Battery Status API",
      "text": "Examples",
      "url": "https://www.w3.org/TR/battery-status/#examples"
    }
  },
  "#extensions-to-the-navigator-interface": {
    "current": {
      "number": "5",
      "spec": "Battery Status API",
      "text": "Extensions to the Navigator interface",
      "url": "https://w3c.github.io/battery/#extensions-to-the-navigator-interface"
    },
    "snapshot": {
      "number": "5",
      "spec": "Battery Status API",
      "text": "Extensions to the Navigator interface",
      "url": "https://www.w3.org/TR/battery-status/#extensions-to-the-navigator-interface"
    }
  },
  "#idl-index": {
    "current": {
      "number": "B",
      "spec": "Battery Status API",
      "text": "IDL Index",
      "url": "https://w3c.github.io/battery/#idl-index"
    },
    "snapshot": {
      "number": "B",
      "spec": "Battery Status API",
      "text": "IDL Index",
      "url": "https://www.w3.org/TR/battery-status/#idl-index"
    }
  },
  "#index": {
    "current": {
      "number": "A",
      "spec": "Battery Status API",
      "text": "Index",
      "url": "https://w3c.github.io/battery/#index"
    },
    "snapshot": {
      "number": "A",
      "spec": "Battery Status API",
      "text": "Index",
      "url": "https://www.w3.org/TR/battery-status/#index"
    }
  },
  "#index-defined-elsewhere": {
    "current": {
      "number": "A.2",
      "spec": "Battery Status API",
      "text": "Terms defined by reference",
      "url": "https://w3c.github.io/battery/#index-defined-elsewhere"
    },
    "snapshot": {
      "number": "A.2",
      "spec": "Battery Status API",
      "text": "Terms defined by reference",
      "url": "https://www.w3.org/TR/battery-status/#index-defined-elsewhere"
    }
  },
  "#index-defined-here": {
    "current": {
      "number": "A.1",
      "spec": "Battery Status API",
      "text": "Terms defined by this specification",
      "url": "https://w3c.github.io/battery/#index-defined-here"
    },
    "snapshot": {
      "number": "A.1",
      "spec": "Battery Status API",
      "text": "Terms defined by this specification",
      "url": "https://www.w3.org/TR/battery-status/#index-defined-here"
    }
  },
  "#internal-slots": {
    "current": {
      "number": "5.1",
      "spec": "Battery Status API",
      "text": "Internal slots",
      "url": "https://w3c.github.io/battery/#internal-slots"
    },
    "snapshot": {
      "number": "5.1",
      "spec": "Battery Status API",
      "text": "Internal slots",
      "url": "https://www.w3.org/TR/battery-status/#internal-slots"
    }
  },
  "#internal-slots-0": {
    "current": {
      "number": "6.1",
      "spec": "Battery Status API",
      "text": "Internal slots",
      "url": "https://w3c.github.io/battery/#internal-slots-0"
    },
    "snapshot": {
      "number": "6.1",
      "spec": "Battery Status API",
      "text": "Internal slots",
      "url": "https://www.w3.org/TR/battery-status/#internal-slots-0"
    }
  },
  "#introduction": {
    "current": {
      "number": "1",
      "spec": "Battery Status API",
      "text": "Introduction",
      "url": "https://w3c.github.io/battery/#introduction"
    },
    "snapshot": {
      "number": "1",
      "spec": "Battery Status API",
      "text": "Introduction",
      "url": "https://www.w3.org/TR/battery-status/#introduction"
    }
  },
  "#multiple-batteries": {
    "current": {
      "number": "6.8",
      "spec": "Battery Status API",
      "text": "Multiple batteries",
      "url": "https://w3c.github.io/battery/#multiple-batteries"
    },
    "snapshot": {
      "number": "6.8",
      "spec": "Battery Status API",
      "text": "Multiple batteries",
      "url": "https://www.w3.org/TR/battery-status/#multiple-batteries"
    }
  },
  "#normative-references": {
    "current": {
      "number": "D.1",
      "spec": "Battery Status API",
      "text": "Normative references",
      "url": "https://w3c.github.io/battery/#normative-references"
    },
    "snapshot": {
      "number": "D.1",
      "spec": "Battery Status API",
      "text": "Normative references",
      "url": "https://www.w3.org/TR/battery-status/#normative-references"
    }
  },
  "#permissions-policy-integration": {
    "current": {
      "number": "7",
      "spec": "Battery Status API",
      "text": "Permissions Policy integration",
      "url": "https://w3c.github.io/battery/#permissions-policy-integration"
    },
    "snapshot": {
      "number": "7",
      "spec": "Battery Status API",
      "text": "Permissions Policy integration",
      "url": "https://www.w3.org/TR/battery-status/#permissions-policy-integration"
    }
  },
  "#references": {
    "current": {
      "number": "D",
      "spec": "Battery Status API",
      "text": "References",
      "url": "https://w3c.github.io/battery/#references"
    },
    "snapshot": {
      "number": "D",
      "spec": "Battery Status API",
      "text": "References",
      "url": "https://www.w3.org/TR/battery-status/#references"
    }
  },
  "#security-and-privacy-considerations": {
    "current": {
      "number": "3",
      "spec": "Battery Status API",
      "text": "Security and privacy considerations",
      "url": "https://w3c.github.io/battery/#security-and-privacy-considerations"
    },
    "snapshot": {
      "number": "3",
      "spec": "Battery Status API",
      "text": "Security and privacy considerations",
      "url": "https://www.w3.org/TR/battery-status/#security-and-privacy-considerations"
    }
  },
  "#sotd": {
    "snapshot": {
      "number": "",
      "spec": "Battery Status API",
      "text": "Status of This Document",
      "url": "https://www.w3.org/TR/battery-status/#sotd"
    }
  },
  "#the-batterymanager-interface": {
    "current": {
      "number": "6",
      "spec": "Battery Status API",
      "text": "The BatteryManager interface",
      "url": "https://w3c.github.io/battery/#the-batterymanager-interface"
    },
    "snapshot": {
      "number": "6",
      "spec": "Battery Status API",
      "text": "The BatteryManager interface",
      "url": "https://www.w3.org/TR/battery-status/#the-batterymanager-interface"
    }
  },
  "#the-charging-attribute": {
    "current": {
      "number": "6.2",
      "spec": "Battery Status API",
      "text": "The charging attribute",
      "url": "https://w3c.github.io/battery/#the-charging-attribute"
    },
    "snapshot": {
      "number": "6.2",
      "spec": "Battery Status API",
      "text": "The charging attribute",
      "url": "https://www.w3.org/TR/battery-status/#the-charging-attribute"
    }
  },
  "#the-charging-internal-slot": {
    "current": {
      "number": "6.1.1",
      "spec": "Battery Status API",
      "text": "The [[Charging]] internal slot",
      "url": "https://w3c.github.io/battery/#the-charging-internal-slot"
    },
    "snapshot": {
      "number": "6.1.1",
      "spec": "Battery Status API",
      "text": "The [[Charging]] internal slot",
      "url": "https://www.w3.org/TR/battery-status/#the-charging-internal-slot"
    }
  },
  "#the-chargingtime-attribute": {
    "current": {
      "number": "6.3",
      "spec": "Battery Status API",
      "text": "The chargingTime attribute",
      "url": "https://w3c.github.io/battery/#the-chargingtime-attribute"
    },
    "snapshot": {
      "number": "6.3",
      "spec": "Battery Status API",
      "text": "The chargingTime attribute",
      "url": "https://www.w3.org/TR/battery-status/#the-chargingtime-attribute"
    }
  },
  "#the-chargingtime-internal-slot": {
    "current": {
      "number": "6.1.2",
      "spec": "Battery Status API",
      "text": "The [[ChargingTime]] internal slot",
      "url": "https://w3c.github.io/battery/#the-chargingtime-internal-slot"
    },
    "snapshot": {
      "number": "6.1.2",
      "spec": "Battery Status API",
      "text": "The [[ChargingTime]] internal slot",
      "url": "https://www.w3.org/TR/battery-status/#the-chargingtime-internal-slot"
    }
  },
  "#the-dischargingtime-attribute": {
    "current": {
      "number": "6.4",
      "spec": "Battery Status API",
      "text": "The dischargingTime attribute",
      "url": "https://w3c.github.io/battery/#the-dischargingtime-attribute"
    },
    "snapshot": {
      "number": "6.4",
      "spec": "Battery Status API",
      "text": "The dischargingTime attribute",
      "url": "https://www.w3.org/TR/battery-status/#the-dischargingtime-attribute"
    }
  },
  "#the-dischargingtime-internal-slot": {
    "current": {
      "number": "6.1.3",
      "spec": "Battery Status API",
      "text": "The [[DischargingTime]] internal slot",
      "url": "https://w3c.github.io/battery/#the-dischargingtime-internal-slot"
    },
    "snapshot": {
      "number": "6.1.3",
      "spec": "Battery Status API",
      "text": "The [[DischargingTime]] internal slot",
      "url": "https://www.w3.org/TR/battery-status/#the-dischargingtime-internal-slot"
    }
  },
  "#the-getbattery-method": {
    "current": {
      "number": "5.2",
      "spec": "Battery Status API",
      "text": "The getBattery() method",
      "url": "https://w3c.github.io/battery/#the-getbattery-method"
    },
    "snapshot": {
      "number": "5.2",
      "spec": "Battery Status API",
      "text": "The getBattery() method",
      "url": "https://www.w3.org/TR/battery-status/#the-getbattery-method"
    }
  },
  "#the-level-attribute": {
    "current": {
      "number": "6.5",
      "spec": "Battery Status API",
      "text": "The level attribute",
      "url": "https://w3c.github.io/battery/#the-level-attribute"
    },
    "snapshot": {
      "number": "6.5",
      "spec": "Battery Status API",
      "text": "The level attribute",
      "url": "https://www.w3.org/TR/battery-status/#the-level-attribute"
    }
  },
  "#the-level-internal-slot": {
    "current": {
      "number": "6.1.4",
      "spec": "Battery Status API",
      "text": "The [[Level]] internal slot",
      "url": "https://w3c.github.io/battery/#the-level-internal-slot"
    },
    "snapshot": {
      "number": "6.1.4",
      "spec": "Battery Status API",
      "text": "The [[Level]] internal slot",
      "url": "https://www.w3.org/TR/battery-status/#the-level-internal-slot"
    }
  },
  "#title": {
    "current": {
      "number": "",
      "spec": "Battery Status API",
      "text": "Battery Status API",
      "url": "https://w3c.github.io/battery/#title"
    },
    "snapshot": {
      "number": "",
      "spec": "Battery Status API",
      "text": "Battery Status API",
      "url": "https://www.w3.org/TR/battery-status/#title"
    }
  },
  "#toc": {
    "current": {
      "number": "",
      "spec": "Battery Status API",
      "text": "Table of Contents",
      "url": "https://w3c.github.io/battery/#toc"
    },
    "snapshot": {
      "number": "",
      "spec": "Battery Status API",
      "text": "Table of Contents",
      "url": "https://www.w3.org/TR/battery-status/#toc"
    }
  }
}