{
  "#abstract": {
    "current": {
      "number": "",
      "spec": "Media Session",
      "text": "Abstract",
      "url": "https://w3c.github.io/mediasession/#abstract"
    },
    "snapshot": {
      "number": "",
      "spec": "Media Session",
      "text": "Abstract",
      "url": "https://www.w3.org/TR/mediasession/#abstract"
    }
  },
  "#acknowledgments": {
    "current": {
      "number": "",
      "spec": "Media Session",
      "text": "Acknowledgments",
      "url": "https://w3c.github.io/mediasession/#acknowledgments"
    },
    "snapshot": {
      "number": "",
      "spec": "Media Session",
      "text": "Acknowledgments",
      "url": "https://www.w3.org/TR/mediasession/#acknowledgments"
    }
  },
  "#actions-model": {
    "current": {
      "number": "5.4",
      "spec": "Media Session",
      "text": "Actions",
      "url": "https://w3c.github.io/mediasession/#actions-model"
    },
    "snapshot": {
      "number": "5.4",
      "spec": "Media Session",
      "text": "Actions",
      "url": "https://www.w3.org/TR/mediasession/#actions-model"
    }
  },
  "#conformance": {
    "current": {
      "number": "2",
      "spec": "Media Session",
      "text": "Conformance",
      "url": "https://w3c.github.io/mediasession/#conformance"
    },
    "snapshot": {
      "number": "2",
      "spec": "Media Session",
      "text": "Conformance",
      "url": "https://www.w3.org/TR/mediasession/#conformance"
    }
  },
  "#dependencies": {
    "current": {
      "number": "3",
      "spec": "Media Session",
      "text": "Dependencies",
      "url": "https://w3c.github.io/mediasession/#dependencies"
    },
    "snapshot": {
      "number": "3",
      "spec": "Media Session",
      "text": "Dependencies",
      "url": "https://www.w3.org/TR/mediasession/#dependencies"
    }
  },
  "#examples": {
    "current": {
      "number": "",
      "spec": "Media Session",
      "text": "12. Examples",
      "url": "https://w3c.github.io/mediasession/#examples"
    },
    "snapshot": {
      "number": "",
      "spec": "Media Session",
      "text": "12. Examples",
      "url": "https://www.w3.org/TR/mediasession/#examples"
    }
  },
  "#idl-index": {
    "current": {
      "number": "",
      "spec": "Media Session",
      "text": "IDL Index",
      "url": "https://w3c.github.io/mediasession/#idl-index"
    },
    "snapshot": {
      "number": "",
      "spec": "Media Session",
      "text": "IDL Index",
      "url": "https://www.w3.org/TR/mediasession/#idl-index"
    }
  },
  "#incognito-mode-privacy": {
    "current": {
      "number": "4.2",
      "spec": "Media Session",
      "text": "Incognito mode",
      "url": "https://w3c.github.io/mediasession/#incognito-mode-privacy"
    },
    "snapshot": {
      "number": "4.2",
      "spec": "Media Session",
      "text": "Incognito mode",
      "url": "https://www.w3.org/TR/mediasession/#incognito-mode-privacy"
    }
  },
  "#index": {
    "current": {
      "number": "",
      "spec": "Media Session",
      "text": "Index",
      "url": "https://w3c.github.io/mediasession/#index"
    },
    "snapshot": {
      "number": "",
      "spec": "Media Session",
      "text": "Index",
      "url": "https://www.w3.org/TR/mediasession/#index"
    }
  },
  "#index-defined-elsewhere": {
    "current": {
      "number": "",
      "spec": "Media Session",
      "text": "Terms defined by reference",
      "url": "https://w3c.github.io/mediasession/#index-defined-elsewhere"
    },
    "snapshot": {
      "number": "",
      "spec": "Media Session",
      "text": "Terms defined by reference",
      "url": "https://www.w3.org/TR/mediasession/#index-defined-elsewhere"
    }
  },
  "#index-defined-here": {
    "current": {
      "number": "",
      "spec": "Media Session",
      "text": "Terms defined by this specification",
      "url": "https://w3c.github.io/mediasession/#index-defined-here"
    },
    "snapshot": {
      "number": "",
      "spec": "Media Session",
      "text": "Terms defined by this specification",
      "url": "https://www.w3.org/TR/mediasession/#index-defined-here"
    }
  },
  "#informative": {
    "current": {
      "number": "",
      "spec": "Media Session",
      "text": "Informative References",
      "url": "https://w3c.github.io/mediasession/#informative"
    },
    "snapshot": {
      "number": "",
      "spec": "Media Session",
      "text": "Informative References",
      "url": "https://www.w3.org/TR/mediasession/#informative"
    }
  },
  "#introduction": {
    "current": {
      "number": "1",
      "spec": "Media Session",
      "text": "Introduction",
      "url": "https://w3c.github.io/mediasession/#introduction"
    },
    "snapshot": {
      "number": "1",
      "spec": "Media Session",
      "text": "Introduction",
      "url": "https://www.w3.org/TR/mediasession/#introduction"
    }
  },
  "#media-session-actions-privacy": {
    "current": {
      "number": "4.3",
      "spec": "Media Session",
      "text": "Media Session Actions",
      "url": "https://w3c.github.io/mediasession/#media-session-actions-privacy"
    },
    "snapshot": {
      "number": "4.3",
      "spec": "Media Session",
      "text": "Media Session Actions",
      "url": "https://www.w3.org/TR/mediasession/#media-session-actions-privacy"
    }
  },
  "#media-session-routing": {
    "current": {
      "number": "5.2",
      "spec": "Media Session",
      "text": "Routing",
      "url": "https://w3c.github.io/mediasession/#media-session-routing"
    },
    "snapshot": {
      "number": "5.2",
      "spec": "Media Session",
      "text": "Routing",
      "url": "https://www.w3.org/TR/mediasession/#media-session-routing"
    }
  },
  "#metadata": {
    "current": {
      "number": "5.3",
      "spec": "Media Session",
      "text": "Metadata",
      "url": "https://w3c.github.io/mediasession/#metadata"
    },
    "snapshot": {
      "number": "5.3",
      "spec": "Media Session",
      "text": "Metadata",
      "url": "https://www.w3.org/TR/mediasession/#metadata"
    }
  },
  "#model": {
    "current": {
      "number": "5",
      "spec": "Media Session",
      "text": "Model",
      "url": "https://w3c.github.io/mediasession/#model"
    },
    "snapshot": {
      "number": "5",
      "spec": "Media Session",
      "text": "Model",
      "url": "https://www.w3.org/TR/mediasession/#model"
    }
  },
  "#normative": {
    "current": {
      "number": "",
      "spec": "Media Session",
      "text": "Normative References",
      "url": "https://w3c.github.io/mediasession/#normative"
    },
    "snapshot": {
      "number": "",
      "spec": "Media Session",
      "text": "Normative References",
      "url": "https://www.w3.org/TR/mediasession/#normative"
    }
  },
  "#permissions-policy": {
    "current": {
      "number": "",
      "spec": "Media Session",
      "text": "11. Permissions Policy Integration",
      "url": "https://w3c.github.io/mediasession/#permissions-policy"
    },
    "snapshot": {
      "number": "",
      "spec": "Media Session",
      "text": "11. Permissions Policy Integration",
      "url": "https://www.w3.org/TR/mediasession/#permissions-policy"
    }
  },
  "#playback-state-model": {
    "current": {
      "number": "5.1",
      "spec": "Media Session",
      "text": "Playback State",
      "url": "https://w3c.github.io/mediasession/#playback-state-model"
    },
    "snapshot": {
      "number": "5.1",
      "spec": "Media Session",
      "text": "Playback State",
      "url": "https://www.w3.org/TR/mediasession/#playback-state-model"
    }
  },
  "#position-state": {
    "current": {
      "number": "5.5",
      "spec": "Media Session",
      "text": "Position State",
      "url": "https://w3c.github.io/mediasession/#position-state"
    },
    "snapshot": {
      "number": "5.5",
      "spec": "Media Session",
      "text": "Position State",
      "url": "https://www.w3.org/TR/mediasession/#position-state"
    }
  },
  "#references": {
    "current": {
      "number": "",
      "spec": "Media Session",
      "text": "References",
      "url": "https://w3c.github.io/mediasession/#references"
    },
    "snapshot": {
      "number": "",
      "spec": "Media Session",
      "text": "References",
      "url": "https://www.w3.org/TR/mediasession/#references"
    }
  },
  "#security-privacy-considerations": {
    "current": {
      "number": "4",
      "spec": "Media Session",
      "text": "Security and Privacy Considerations",
      "url": "https://w3c.github.io/mediasession/#security-privacy-considerations"
    },
    "snapshot": {
      "number": "4",
      "spec": "Media Session",
      "text": "Security and Privacy Considerations",
      "url": "https://www.w3.org/TR/mediasession/#security-privacy-considerations"
    }
  },
  "#sotd": {
    "current": {
      "number": "",
      "spec": "Media Session",
      "text": "Status of this document",
      "url": "https://w3c.github.io/mediasession/#sotd"
    },
    "snapshot": {
      "number": "",
      "spec": "Media Session",
      "text": "Status of this document",
      "url": "https://www.w3.org/TR/mediasession/#sotd"
    }
  },
  "#the-mediaimage-dictionary": {
    "current": {
      "number": "8",
      "spec": "Media Session",
      "text": "The MediaImage dictionary",
      "url": "https://w3c.github.io/mediasession/#the-mediaimage-dictionary"
    },
    "snapshot": {
      "number": "8",
      "spec": "Media Session",
      "text": "The MediaImage dictionary",
      "url": "https://www.w3.org/TR/mediasession/#the-mediaimage-dictionary"
    }
  },
  "#the-mediametadata-interface": {
    "current": {
      "number": "7",
      "spec": "Media Session",
      "text": "The MediaMetadata interface",
      "url": "https://w3c.github.io/mediasession/#the-mediametadata-interface"
    },
    "snapshot": {
      "number": "7",
      "spec": "Media Session",
      "text": "The MediaMetadata interface",
      "url": "https://www.w3.org/TR/mediasession/#the-mediametadata-interface"
    }
  },
  "#the-mediapositionstate-dictionary": {
    "current": {
      "number": "9",
      "spec": "Media Session",
      "text": "The MediaPositionState dictionary",
      "url": "https://w3c.github.io/mediasession/#the-mediapositionstate-dictionary"
    },
    "snapshot": {
      "number": "9",
      "spec": "Media Session",
      "text": "The MediaPositionState dictionary",
      "url": "https://www.w3.org/TR/mediasession/#the-mediapositionstate-dictionary"
    }
  },
  "#the-mediasession-interface": {
    "current": {
      "number": "6",
      "spec": "Media Session",
      "text": "The MediaSession interface",
      "url": "https://w3c.github.io/mediasession/#the-mediasession-interface"
    },
    "snapshot": {
      "number": "6",
      "spec": "Media Session",
      "text": "The MediaSession interface",
      "url": "https://www.w3.org/TR/mediasession/#the-mediasession-interface"
    }
  },
  "#the-mediasessionactiondetails-dictionary": {
    "current": {
      "number": "",
      "spec": "Media Session",
      "text": "10. The MediaSessionActionDetails dictionary",
      "url": "https://w3c.github.io/mediasession/#the-mediasessionactiondetails-dictionary"
    },
    "snapshot": {
      "number": "",
      "spec": "Media Session",
      "text": "10. The MediaSessionActionDetails dictionary",
      "url": "https://www.w3.org/TR/mediasession/#the-mediasessionactiondetails-dictionary"
    }
  },
  "#title": {
    "current": {
      "number": "",
      "spec": "Media Session",
      "text": "Media Session",
      "url": "https://w3c.github.io/mediasession/#title"
    },
    "snapshot": {
      "number": "",
      "spec": "Media Session",
      "text": "Media Session",
      "url": "https://www.w3.org/TR/mediasession/#title"
    }
  },
  "#toc": {
    "current": {
      "number": "",
      "spec": "Media Session",
      "text": "Table of Contents",
      "url": "https://w3c.github.io/mediasession/#toc"
    },
    "snapshot": {
      "number": "",
      "spec": "Media Session",
      "text": "Table of Contents",
      "url": "https://www.w3.org/TR/mediasession/#toc"
    }
  },
  "#user-interface-guidelines": {
    "current": {
      "number": "4.1",
      "spec": "Media Session",
      "text": "User interface guidelines",
      "url": "https://w3c.github.io/mediasession/#user-interface-guidelines"
    },
    "snapshot": {
      "number": "4.1",
      "spec": "Media Session",
      "text": "User interface guidelines",
      "url": "https://www.w3.org/TR/mediasession/#user-interface-guidelines"
    }
  },
  "#w3c-conformance": {
    "current": {
      "number": "",
      "spec": "Media Session",
      "text": "Conformance",
      "url": "https://w3c.github.io/mediasession/#w3c-conformance"
    },
    "snapshot": {
      "number": "",
      "spec": "Media Session",
      "text": "Conformance",
      "url": "https://www.w3.org/TR/mediasession/#w3c-conformance"
    }
  },
  "#w3c-conformant-algorithms": {
    "current": {
      "number": "",
      "spec": "Media Session",
      "text": "Conformant Algorithms",
      "url": "https://w3c.github.io/mediasession/#w3c-conformant-algorithms"
    },
    "snapshot": {
      "number": "",
      "spec": "Media Session",
      "text": "Conformant Algorithms",
      "url": "https://www.w3.org/TR/mediasession/#w3c-conformant-algorithms"
    }
  },
  "#w3c-conventions": {
    "current": {
      "number": "",
      "spec": "Media Session",
      "text": "Document conventions",
      "url": "https://w3c.github.io/mediasession/#w3c-conventions"
    },
    "snapshot": {
      "number": "",
      "spec": "Media Session",
      "text": "Document conventions",
      "url": "https://www.w3.org/TR/mediasession/#w3c-conventions"
    }
  }
}