{
  "#abort-method": {
    "current": {
      "number": "3.4",
      "spec": "Payment Request API 1.1",
      "text": "abort() method",
      "url": "https://w3c.github.io/payment-request/#abort-method"
    },
    "snapshot": {
      "number": "3.4",
      "spec": "Payment Request API 1.1",
      "text": "abort() method",
      "url": "https://www.w3.org/TR/payment-request-1.1/#abort-method"
    }
  },
  "#abort-the-update": {
    "current": {
      "number": "14.6.1",
      "spec": "Payment Request API 1.1",
      "text": "Abort the update",
      "url": "https://w3c.github.io/payment-request/#abort-the-update"
    },
    "snapshot": {
      "number": "14.6.1",
      "spec": "Payment Request API 1.1",
      "text": "Abort the update",
      "url": "https://www.w3.org/TR/payment-request-1.1/#abort-the-update"
    }
  },
  "#accessibility-considerations": {
    "current": {
      "number": "",
      "spec": "Payment Request API 1.1",
      "text": "16. Accessibility Considerations",
      "url": "https://w3c.github.io/payment-request/#accessibility-considerations"
    },
    "snapshot": {
      "number": "",
      "spec": "Payment Request API 1.1",
      "text": "16. Accessibility Considerations",
      "url": "https://www.w3.org/TR/payment-request-1.1/#accessibility-considerations"
    }
  },
  "#acknowledgements": {
    "current": {
      "number": "B",
      "spec": "Payment Request API 1.1",
      "text": "Acknowledgements",
      "url": "https://w3c.github.io/payment-request/#acknowledgements"
    },
    "snapshot": {
      "number": "B",
      "spec": "Payment Request API 1.1",
      "text": "Acknowledgements",
      "url": "https://www.w3.org/TR/payment-request-1.1/#acknowledgements"
    }
  },
  "#algorithms": {
    "current": {
      "number": "",
      "spec": "Payment Request API 1.1",
      "text": "14. Algorithms",
      "url": "https://w3c.github.io/payment-request/#algorithms"
    },
    "snapshot": {
      "number": "",
      "spec": "Payment Request API 1.1",
      "text": "14. Algorithms",
      "url": "https://www.w3.org/TR/payment-request-1.1/#algorithms"
    }
  },
  "#can-make-payment-algorithm": {
    "current": {
      "number": "14.1",
      "spec": "Payment Request API 1.1",
      "text": "Can make payment algorithm",
      "url": "https://w3c.github.io/payment-request/#can-make-payment-algorithm"
    },
    "snapshot": {
      "number": "14.1",
      "spec": "Payment Request API 1.1",
      "text": "Can make payment algorithm",
      "url": "https://www.w3.org/TR/payment-request-1.1/#can-make-payment-algorithm"
    }
  },
  "#canmakepayment-method": {
    "current": {
      "number": "3.5",
      "spec": "Payment Request API 1.1",
      "text": "canMakePayment() method",
      "url": "https://w3c.github.io/payment-request/#canmakepayment-method"
    },
    "snapshot": {
      "number": "3.5",
      "spec": "Payment Request API 1.1",
      "text": "canMakePayment() method",
      "url": "https://www.w3.org/TR/payment-request-1.1/#canmakepayment-method"
    }
  },
  "#canmakepayment-protections-0": {
    "current": {
      "number": "15.8",
      "spec": "Payment Request API 1.1",
      "text": "canMakePayment() protections",
      "url": "https://w3c.github.io/payment-request/#canmakepayment-protections-0"
    },
    "snapshot": {
      "number": "15.8",
      "spec": "Payment Request API 1.1",
      "text": "canMakePayment() protections",
      "url": "https://www.w3.org/TR/payment-request-1.1/#canmakepayment-protections-0"
    }
  },
  "#changelog": {
    "current": {
      "number": "C",
      "spec": "Payment Request API 1.1",
      "text": "Changelog",
      "url": "https://w3c.github.io/payment-request/#changelog"
    },
    "snapshot": {
      "number": "C",
      "spec": "Payment Request API 1.1",
      "text": "Changelog",
      "url": "https://www.w3.org/TR/payment-request-1.1/#changelog"
    }
  },
  "#changes-since-last-publication": {
    "current": {
      "number": "",
      "spec": "Payment Request API 1.1",
      "text": "Changes since last publication",
      "url": "https://w3c.github.io/payment-request/#changes-since-last-publication"
    },
    "snapshot": {
      "number": "",
      "spec": "Payment Request API 1.1",
      "text": "Changes since last publication",
      "url": "https://www.w3.org/TR/payment-request-1.1/#changes-since-last-publication"
    }
  },
  "#complete-method": {
    "current": {
      "number": "11.5",
      "spec": "Payment Request API 1.1",
      "text": "complete() method",
      "url": "https://w3c.github.io/payment-request/#complete-method"
    },
    "snapshot": {
      "number": "11.5",
      "spec": "Payment Request API 1.1",
      "text": "complete() method",
      "url": "https://www.w3.org/TR/payment-request-1.1/#complete-method"
    }
  },
  "#conditional-modifications-to-payment-request": {
    "current": {
      "number": "2.3",
      "spec": "Payment Request API 1.1",
      "text": "Conditional modifications to payment request",
      "url": "https://w3c.github.io/payment-request/#conditional-modifications-to-payment-request"
    },
    "snapshot": {
      "number": "2.3",
      "spec": "Payment Request API 1.1",
      "text": "Conditional modifications to payment request",
      "url": "https://www.w3.org/TR/payment-request-1.1/#conditional-modifications-to-payment-request"
    }
  },
  "#conformance": {
    "current": {
      "number": "",
      "spec": "Payment Request API 1.1",
      "text": "18. Conformance",
      "url": "https://w3c.github.io/payment-request/#conformance"
    },
    "snapshot": {
      "number": "",
      "spec": "Payment Request API 1.1",
      "text": "18. Conformance",
      "url": "https://www.w3.org/TR/payment-request-1.1/#conformance"
    }
  },
  "#constructing-a-paymentrequest": {
    "current": {
      "number": "2.4",
      "spec": "Payment Request API 1.1",
      "text": "Constructing a PaymentRequest",
      "url": "https://w3c.github.io/payment-request/#constructing-a-paymentrequest"
    },
    "snapshot": {
      "number": "2.4",
      "spec": "Payment Request API 1.1",
      "text": "Constructing a PaymentRequest",
      "url": "https://www.w3.org/TR/payment-request-1.1/#constructing-a-paymentrequest"
    }
  },
  "#constructor": {
    "current": {
      "number": "3.1",
      "spec": "Payment Request API 1.1",
      "text": "Constructor",
      "url": "https://w3c.github.io/payment-request/#constructor"
    },
    "snapshot": {
      "number": "3.1",
      "spec": "Payment Request API 1.1",
      "text": "Constructor",
      "url": "https://www.w3.org/TR/payment-request-1.1/#constructor"
    }
  },
  "#constructor-0": {
    "current": {
      "number": "13.3.1",
      "spec": "Payment Request API 1.1",
      "text": "Constructor",
      "url": "https://w3c.github.io/payment-request/#constructor-0"
    },
    "snapshot": {
      "number": "13.3.1",
      "spec": "Payment Request API 1.1",
      "text": "Constructor",
      "url": "https://www.w3.org/TR/payment-request-1.1/#constructor-0"
    }
  },
  "#cross-origin-payment-requests": {
    "current": {
      "number": "15.3",
      "spec": "Payment Request API 1.1",
      "text": "Cross-origin payment requests",
      "url": "https://w3c.github.io/payment-request/#cross-origin-payment-requests"
    },
    "snapshot": {
      "number": "15.3",
      "spec": "Payment Request API 1.1",
      "text": "Cross-origin payment requests",
      "url": "https://www.w3.org/TR/payment-request-1.1/#cross-origin-payment-requests"
    }
  },
  "#data-usage-0": {
    "current": {
      "number": "15.6",
      "spec": "Payment Request API 1.1",
      "text": "Data usage",
      "url": "https://w3c.github.io/payment-request/#data-usage-0"
    },
    "snapshot": {
      "number": "15.6",
      "spec": "Payment Request API 1.1",
      "text": "Data usage",
      "url": "https://www.w3.org/TR/payment-request-1.1/#data-usage-0"
    }
  },
  "#declaring-multiple-ways-of-paying": {
    "current": {
      "number": "2.1",
      "spec": "Payment Request API 1.1",
      "text": "Declaring multiple ways of paying",
      "url": "https://w3c.github.io/payment-request/#declaring-multiple-ways-of-paying"
    },
    "snapshot": {
      "number": "2.1",
      "spec": "Payment Request API 1.1",
      "text": "Declaring multiple ways of paying",
      "url": "https://www.w3.org/TR/payment-request-1.1/#declaring-multiple-ways-of-paying"
    }
  },
  "#dependencies": {
    "current": {
      "number": "",
      "spec": "Payment Request API 1.1",
      "text": "17. Dependencies",
      "url": "https://w3c.github.io/payment-request/#dependencies"
    },
    "snapshot": {
      "number": "",
      "spec": "Payment Request API 1.1",
      "text": "17. Dependencies",
      "url": "https://www.w3.org/TR/payment-request-1.1/#dependencies"
    }
  },
  "#describing-what-is-being-paid-for": {
    "current": {
      "number": "2.2",
      "spec": "Payment Request API 1.1",
      "text": "Describing what is being paid for",
      "url": "https://w3c.github.io/payment-request/#describing-what-is-being-paid-for"
    },
    "snapshot": {
      "number": "2.2",
      "spec": "Payment Request API 1.1",
      "text": "Describing what is being paid for",
      "url": "https://www.w3.org/TR/payment-request-1.1/#describing-what-is-being-paid-for"
    }
  },
  "#details-attribute": {
    "current": {
      "number": "11.3",
      "spec": "Payment Request API 1.1",
      "text": "details attribute",
      "url": "https://w3c.github.io/payment-request/#details-attribute"
    },
    "snapshot": {
      "number": "11.3",
      "spec": "Payment Request API 1.1",
      "text": "details attribute",
      "url": "https://www.w3.org/TR/payment-request-1.1/#details-attribute"
    }
  },
  "#encryption-of-data-fields": {
    "current": {
      "number": "15.4",
      "spec": "Payment Request API 1.1",
      "text": "Encryption of data fields",
      "url": "https://w3c.github.io/payment-request/#encryption-of-data-fields"
    },
    "snapshot": {
      "number": "15.4",
      "spec": "Payment Request API 1.1",
      "text": "Encryption of data fields",
      "url": "https://www.w3.org/TR/payment-request-1.1/#encryption-of-data-fields"
    }
  },
  "#events": {
    "current": {
      "number": "",
      "spec": "Payment Request API 1.1",
      "text": "13. Events",
      "url": "https://w3c.github.io/payment-request/#events"
    },
    "snapshot": {
      "number": "",
      "spec": "Payment Request API 1.1",
      "text": "13. Events",
      "url": "https://www.w3.org/TR/payment-request-1.1/#events"
    }
  },
  "#examples-of-usage": {
    "current": {
      "number": "2",
      "spec": "Payment Request API 1.1",
      "text": "Examples of usage",
      "url": "https://w3c.github.io/payment-request/#examples-of-usage"
    },
    "snapshot": {
      "number": "2",
      "spec": "Payment Request API 1.1",
      "text": "Examples of usage",
      "url": "https://www.w3.org/TR/payment-request-1.1/#examples-of-usage"
    }
  },
  "#exposing-user-information": {
    "current": {
      "number": "15.7",
      "spec": "Payment Request API 1.1",
      "text": "Exposing user information",
      "url": "https://w3c.github.io/payment-request/#exposing-user-information"
    },
    "snapshot": {
      "number": "15.7",
      "spec": "Payment Request API 1.1",
      "text": "Exposing user information",
      "url": "https://www.w3.org/TR/payment-request-1.1/#exposing-user-information"
    }
  },
  "#goals": {
    "current": {
      "number": "1.1",
      "spec": "Payment Request API 1.1",
      "text": "Goals and scope",
      "url": "https://w3c.github.io/payment-request/#goals"
    },
    "snapshot": {
      "number": "1.1",
      "spec": "Payment Request API 1.1",
      "text": "Goals and scope",
      "url": "https://www.w3.org/TR/payment-request-1.1/#goals"
    }
  },
  "#how-user-agents-match-payment-handlers": {
    "current": {
      "number": "15.5",
      "spec": "Payment Request API 1.1",
      "text": "How user agents match payment handlers",
      "url": "https://w3c.github.io/payment-request/#how-user-agents-match-payment-handlers"
    },
    "snapshot": {
      "number": "15.5",
      "spec": "Payment Request API 1.1",
      "text": "How user agents match payment handlers",
      "url": "https://www.w3.org/TR/payment-request-1.1/#how-user-agents-match-payment-handlers"
    }
  },
  "#id-attribute": {
    "current": {
      "number": "3.2",
      "spec": "Payment Request API 1.1",
      "text": "id attribute",
      "url": "https://w3c.github.io/payment-request/#id-attribute"
    },
    "snapshot": {
      "number": "3.2",
      "spec": "Payment Request API 1.1",
      "text": "id attribute",
      "url": "https://www.w3.org/TR/payment-request-1.1/#id-attribute"
    }
  },
  "#idl-index": {
    "current": {
      "number": "A",
      "spec": "Payment Request API 1.1",
      "text": "IDL Index",
      "url": "https://w3c.github.io/payment-request/#idl-index"
    },
    "snapshot": {
      "number": "A",
      "spec": "Payment Request API 1.1",
      "text": "IDL Index",
      "url": "https://www.w3.org/TR/payment-request-1.1/#idl-index"
    }
  },
  "#informative-references": {
    "current": {
      "number": "D.2",
      "spec": "Payment Request API 1.1",
      "text": "Informative references",
      "url": "https://w3c.github.io/payment-request/#informative-references"
    },
    "snapshot": {
      "number": "D.2",
      "spec": "Payment Request API 1.1",
      "text": "Informative references",
      "url": "https://www.w3.org/TR/payment-request-1.1/#informative-references"
    }
  },
  "#internal-slots": {
    "current": {
      "number": "3.7",
      "spec": "Payment Request API 1.1",
      "text": "Internal Slots",
      "url": "https://w3c.github.io/payment-request/#internal-slots"
    },
    "snapshot": {
      "number": "3.7",
      "spec": "Payment Request API 1.1",
      "text": "Internal Slots",
      "url": "https://www.w3.org/TR/payment-request-1.1/#internal-slots"
    }
  },
  "#internal-slots-0": {
    "current": {
      "number": "11.6",
      "spec": "Payment Request API 1.1",
      "text": "Internal Slots",
      "url": "https://w3c.github.io/payment-request/#internal-slots-0"
    },
    "snapshot": {
      "number": "11.6",
      "spec": "Payment Request API 1.1",
      "text": "Internal Slots",
      "url": "https://www.w3.org/TR/payment-request-1.1/#internal-slots-0"
    }
  },
  "#internal-slots-1": {
    "current": {
      "number": "13.3.3",
      "spec": "Payment Request API 1.1",
      "text": "Internal Slots",
      "url": "https://w3c.github.io/payment-request/#internal-slots-1"
    },
    "snapshot": {
      "number": "13.3.3",
      "spec": "Payment Request API 1.1",
      "text": "Internal Slots",
      "url": "https://www.w3.org/TR/payment-request-1.1/#internal-slots-1"
    }
  },
  "#introduction": {
    "current": {
      "number": "1",
      "spec": "Payment Request API 1.1",
      "text": "Introduction",
      "url": "https://w3c.github.io/payment-request/#introduction"
    },
    "snapshot": {
      "number": "1",
      "spec": "Payment Request API 1.1",
      "text": "Introduction",
      "url": "https://www.w3.org/TR/payment-request-1.1/#introduction"
    }
  },
  "#methoddetails-attribute": {
    "current": {
      "number": "13.2.1",
      "spec": "Payment Request API 1.1",
      "text": "methodDetails attribute",
      "url": "https://w3c.github.io/payment-request/#methoddetails-attribute"
    },
    "snapshot": {
      "number": "13.2.1",
      "spec": "Payment Request API 1.1",
      "text": "methodDetails attribute",
      "url": "https://www.w3.org/TR/payment-request-1.1/#methoddetails-attribute"
    }
  },
  "#methodname-attribute": {
    "current": {
      "number": "11.2",
      "spec": "Payment Request API 1.1",
      "text": "methodName attribute",
      "url": "https://w3c.github.io/payment-request/#methodname-attribute"
    },
    "snapshot": {
      "number": "11.2",
      "spec": "Payment Request API 1.1",
      "text": "methodName attribute",
      "url": "https://www.w3.org/TR/payment-request-1.1/#methodname-attribute"
    }
  },
  "#methodname-attribute-0": {
    "current": {
      "number": "13.2.2",
      "spec": "Payment Request API 1.1",
      "text": "methodName attribute",
      "url": "https://w3c.github.io/payment-request/#methodname-attribute-0"
    },
    "snapshot": {
      "number": "13.2.2",
      "spec": "Payment Request API 1.1",
      "text": "methodName attribute",
      "url": "https://www.w3.org/TR/payment-request-1.1/#methodname-attribute-0"
    }
  },
  "#normative-references": {
    "current": {
      "number": "D.1",
      "spec": "Payment Request API 1.1",
      "text": "Normative references",
      "url": "https://w3c.github.io/payment-request/#normative-references"
    },
    "snapshot": {
      "number": "D.1",
      "spec": "Payment Request API 1.1",
      "text": "Normative references",
      "url": "https://www.w3.org/TR/payment-request-1.1/#normative-references"
    }
  },
  "#onpaymentmethodchange-attribute": {
    "current": {
      "number": "3.6",
      "spec": "Payment Request API 1.1",
      "text": "onpaymentmethodchange attribute",
      "url": "https://w3c.github.io/payment-request/#onpaymentmethodchange-attribute"
    },
    "snapshot": {
      "number": "3.6",
      "spec": "Payment Request API 1.1",
      "text": "onpaymentmethodchange attribute",
      "url": "https://www.w3.org/TR/payment-request-1.1/#onpaymentmethodchange-attribute"
    }
  },
  "#payment-details-dictionaries": {
    "current": {
      "number": "6",
      "spec": "Payment Request API 1.1",
      "text": "Payment details dictionaries",
      "url": "https://w3c.github.io/payment-request/#payment-details-dictionaries"
    },
    "snapshot": {
      "number": "6",
      "spec": "Payment Request API 1.1",
      "text": "Payment details dictionaries",
      "url": "https://www.w3.org/TR/payment-request-1.1/#payment-details-dictionaries"
    }
  },
  "#payment-method-changed-algorithm": {
    "current": {
      "number": "14.2",
      "spec": "Payment Request API 1.1",
      "text": "Payment method changed algorithm",
      "url": "https://w3c.github.io/payment-request/#payment-method-changed-algorithm"
    },
    "snapshot": {
      "number": "14.2",
      "spec": "Payment Request API 1.1",
      "text": "Payment method changed algorithm",
      "url": "https://www.w3.org/TR/payment-request-1.1/#payment-method-changed-algorithm"
    }
  },
  "#paymentcomplete-enum": {
    "current": {
      "number": "",
      "spec": "Payment Request API 1.1",
      "text": "10. PaymentComplete enum",
      "url": "https://w3c.github.io/payment-request/#paymentcomplete-enum"
    },
    "snapshot": {
      "number": "",
      "spec": "Payment Request API 1.1",
      "text": "10. PaymentComplete enum",
      "url": "https://www.w3.org/TR/payment-request-1.1/#paymentcomplete-enum"
    }
  },
  "#paymentcompletedetails-dictionary": {
    "current": {
      "number": "9",
      "spec": "Payment Request API 1.1",
      "text": "PaymentCompleteDetails dictionary",
      "url": "https://w3c.github.io/payment-request/#paymentcompletedetails-dictionary"
    },
    "snapshot": {
      "number": "9",
      "spec": "Payment Request API 1.1",
      "text": "PaymentCompleteDetails dictionary",
      "url": "https://www.w3.org/TR/payment-request-1.1/#paymentcompletedetails-dictionary"
    }
  },
  "#paymentcurrencyamount-dictionary": {
    "current": {
      "number": "5",
      "spec": "Payment Request API 1.1",
      "text": "PaymentCurrencyAmount dictionary",
      "url": "https://w3c.github.io/payment-request/#paymentcurrencyamount-dictionary"
    },
    "snapshot": {
      "number": "5",
      "spec": "Payment Request API 1.1",
      "text": "PaymentCurrencyAmount dictionary",
      "url": "https://www.w3.org/TR/payment-request-1.1/#paymentcurrencyamount-dictionary"
    }
  },
  "#paymentdetailsbase-dictionary": {
    "current": {
      "number": "6.1",
      "spec": "Payment Request API 1.1",
      "text": "PaymentDetailsBase dictionary",
      "url": "https://w3c.github.io/payment-request/#paymentdetailsbase-dictionary"
    },
    "snapshot": {
      "number": "6.1",
      "spec": "Payment Request API 1.1",
      "text": "PaymentDetailsBase dictionary",
      "url": "https://www.w3.org/TR/payment-request-1.1/#paymentdetailsbase-dictionary"
    }
  },
  "#paymentdetailsinit-dictionary": {
    "current": {
      "number": "6.2",
      "spec": "Payment Request API 1.1",
      "text": "PaymentDetailsInit dictionary",
      "url": "https://w3c.github.io/payment-request/#paymentdetailsinit-dictionary"
    },
    "snapshot": {
      "number": "6.2",
      "spec": "Payment Request API 1.1",
      "text": "PaymentDetailsInit dictionary",
      "url": "https://www.w3.org/TR/payment-request-1.1/#paymentdetailsinit-dictionary"
    }
  },
  "#paymentdetailsmodifier-dictionary": {
    "current": {
      "number": "7",
      "spec": "Payment Request API 1.1",
      "text": "PaymentDetailsModifier dictionary",
      "url": "https://w3c.github.io/payment-request/#paymentdetailsmodifier-dictionary"
    },
    "snapshot": {
      "number": "7",
      "spec": "Payment Request API 1.1",
      "text": "PaymentDetailsModifier dictionary",
      "url": "https://www.w3.org/TR/payment-request-1.1/#paymentdetailsmodifier-dictionary"
    }
  },
  "#paymentdetailsupdate-dictionary": {
    "current": {
      "number": "6.3",
      "spec": "Payment Request API 1.1",
      "text": "PaymentDetailsUpdate dictionary",
      "url": "https://w3c.github.io/payment-request/#paymentdetailsupdate-dictionary"
    },
    "snapshot": {
      "number": "6.3",
      "spec": "Payment Request API 1.1",
      "text": "PaymentDetailsUpdate dictionary",
      "url": "https://www.w3.org/TR/payment-request-1.1/#paymentdetailsupdate-dictionary"
    }
  },
  "#paymentitem-dictionary": {
    "current": {
      "number": "8",
      "spec": "Payment Request API 1.1",
      "text": "PaymentItem dictionary",
      "url": "https://w3c.github.io/payment-request/#paymentitem-dictionary"
    },
    "snapshot": {
      "number": "8",
      "spec": "Payment Request API 1.1",
      "text": "PaymentItem dictionary",
      "url": "https://www.w3.org/TR/payment-request-1.1/#paymentitem-dictionary"
    }
  },
  "#paymentmethodchangeevent-interface": {
    "current": {
      "number": "13.2",
      "spec": "Payment Request API 1.1",
      "text": "PaymentMethodChangeEvent interface",
      "url": "https://w3c.github.io/payment-request/#paymentmethodchangeevent-interface"
    },
    "snapshot": {
      "number": "13.2",
      "spec": "Payment Request API 1.1",
      "text": "PaymentMethodChangeEvent interface",
      "url": "https://www.w3.org/TR/payment-request-1.1/#paymentmethodchangeevent-interface"
    }
  },
  "#paymentmethodchangeeventinit-dictionary": {
    "current": {
      "number": "13.2.3",
      "spec": "Payment Request API 1.1",
      "text": "PaymentMethodChangeEventInit dictionary",
      "url": "https://w3c.github.io/payment-request/#paymentmethodchangeeventinit-dictionary"
    },
    "snapshot": {
      "number": "13.2.3",
      "spec": "Payment Request API 1.1",
      "text": "PaymentMethodChangeEventInit dictionary",
      "url": "https://www.w3.org/TR/payment-request-1.1/#paymentmethodchangeeventinit-dictionary"
    }
  },
  "#paymentmethoddata-dictionary": {
    "current": {
      "number": "4",
      "spec": "Payment Request API 1.1",
      "text": "PaymentMethodData dictionary",
      "url": "https://w3c.github.io/payment-request/#paymentmethoddata-dictionary"
    },
    "snapshot": {
      "number": "4",
      "spec": "Payment Request API 1.1",
      "text": "PaymentMethodData dictionary",
      "url": "https://www.w3.org/TR/payment-request-1.1/#paymentmethoddata-dictionary"
    }
  },
  "#paymentrequest-interface": {
    "current": {
      "number": "3",
      "spec": "Payment Request API 1.1",
      "text": "PaymentRequest interface",
      "url": "https://w3c.github.io/payment-request/#paymentrequest-interface"
    },
    "snapshot": {
      "number": "3",
      "spec": "Payment Request API 1.1",
      "text": "PaymentRequest interface",
      "url": "https://www.w3.org/TR/payment-request-1.1/#paymentrequest-interface"
    }
  },
  "#paymentrequest-updated-algorithm": {
    "current": {
      "number": "14.3",
      "spec": "Payment Request API 1.1",
      "text": "PaymentRequest updated algorithm",
      "url": "https://w3c.github.io/payment-request/#paymentrequest-updated-algorithm"
    },
    "snapshot": {
      "number": "14.3",
      "spec": "Payment Request API 1.1",
      "text": "PaymentRequest updated algorithm",
      "url": "https://www.w3.org/TR/payment-request-1.1/#paymentrequest-updated-algorithm"
    }
  },
  "#paymentrequestupdateevent-interface": {
    "current": {
      "number": "13.3",
      "spec": "Payment Request API 1.1",
      "text": "PaymentRequestUpdateEvent interface",
      "url": "https://w3c.github.io/payment-request/#paymentrequestupdateevent-interface"
    },
    "snapshot": {
      "number": "13.3",
      "spec": "Payment Request API 1.1",
      "text": "PaymentRequestUpdateEvent interface",
      "url": "https://www.w3.org/TR/payment-request-1.1/#paymentrequestupdateevent-interface"
    }
  },
  "#paymentrequestupdateeventinit-dictionary": {
    "current": {
      "number": "13.3.4",
      "spec": "Payment Request API 1.1",
      "text": "PaymentRequestUpdateEventInit dictionary",
      "url": "https://w3c.github.io/payment-request/#paymentrequestupdateeventinit-dictionary"
    },
    "snapshot": {
      "number": "13.3.4",
      "spec": "Payment Request API 1.1",
      "text": "PaymentRequestUpdateEventInit dictionary",
      "url": "https://www.w3.org/TR/payment-request-1.1/#paymentrequestupdateeventinit-dictionary"
    }
  },
  "#paymentresponse-interface": {
    "current": {
      "number": "",
      "spec": "Payment Request API 1.1",
      "text": "11. PaymentResponse interface",
      "url": "https://w3c.github.io/payment-request/#paymentresponse-interface"
    },
    "snapshot": {
      "number": "",
      "spec": "Payment Request API 1.1",
      "text": "11. PaymentResponse interface",
      "url": "https://www.w3.org/TR/payment-request-1.1/#paymentresponse-interface"
    }
  },
  "#paymentvalidationerrors-dictionary": {
    "current": {
      "number": "11.1.1",
      "spec": "Payment Request API 1.1",
      "text": "PaymentValidationErrors dictionary",
      "url": "https://w3c.github.io/payment-request/#paymentvalidationerrors-dictionary"
    },
    "snapshot": {
      "number": "11.1.1",
      "spec": "Payment Request API 1.1",
      "text": "PaymentValidationErrors dictionary",
      "url": "https://www.w3.org/TR/payment-request-1.1/#paymentvalidationerrors-dictionary"
    }
  },
  "#permissions-policy": {
    "current": {
      "number": "",
      "spec": "Payment Request API 1.1",
      "text": "12. Permissions Policy integration",
      "url": "https://w3c.github.io/payment-request/#permissions-policy"
    },
    "snapshot": {
      "number": "",
      "spec": "Payment Request API 1.1",
      "text": "12. Permissions Policy integration",
      "url": "https://www.w3.org/TR/payment-request-1.1/#permissions-policy"
    }
  },
  "#posting-payment-response-back-to-a-server": {
    "current": {
      "number": "2.5",
      "spec": "Payment Request API 1.1",
      "text": "POSTing payment response back to a server",
      "url": "https://w3c.github.io/payment-request/#posting-payment-response-back-to-a-server"
    },
    "snapshot": {
      "number": "2.5",
      "spec": "Payment Request API 1.1",
      "text": "POSTing payment response back to a server",
      "url": "https://www.w3.org/TR/payment-request-1.1/#posting-payment-response-back-to-a-server"
    }
  },
  "#privacy": {
    "current": {
      "number": "",
      "spec": "Payment Request API 1.1",
      "text": "15. Privacy and Security Considerations",
      "url": "https://w3c.github.io/payment-request/#privacy"
    },
    "snapshot": {
      "number": "",
      "spec": "Payment Request API 1.1",
      "text": "15. Privacy and Security Considerations",
      "url": "https://www.w3.org/TR/payment-request-1.1/#privacy"
    }
  },
  "#references": {
    "current": {
      "number": "D",
      "spec": "Payment Request API 1.1",
      "text": "References",
      "url": "https://w3c.github.io/payment-request/#references"
    },
    "snapshot": {
      "number": "D",
      "spec": "Payment Request API 1.1",
      "text": "References",
      "url": "https://www.w3.org/TR/payment-request-1.1/#references"
    }
  },
  "#requestid-attribute": {
    "current": {
      "number": "11.4",
      "spec": "Payment Request API 1.1",
      "text": "requestId attribute",
      "url": "https://w3c.github.io/payment-request/#requestid-attribute"
    },
    "snapshot": {
      "number": "11.4",
      "spec": "Payment Request API 1.1",
      "text": "requestId attribute",
      "url": "https://www.w3.org/TR/payment-request-1.1/#requestid-attribute"
    }
  },
  "#retry-method": {
    "current": {
      "number": "11.1",
      "spec": "Payment Request API 1.1",
      "text": "retry() method",
      "url": "https://w3c.github.io/payment-request/#retry-method"
    },
    "snapshot": {
      "number": "11.1",
      "spec": "Payment Request API 1.1",
      "text": "retry() method",
      "url": "https://www.w3.org/TR/payment-request-1.1/#retry-method"
    }
  },
  "#secure-contexts": {
    "current": {
      "number": "15.2",
      "spec": "Payment Request API 1.1",
      "text": "Secure contexts",
      "url": "https://w3c.github.io/payment-request/#secure-contexts"
    },
    "snapshot": {
      "number": "15.2",
      "spec": "Payment Request API 1.1",
      "text": "Secure contexts",
      "url": "https://www.w3.org/TR/payment-request-1.1/#secure-contexts"
    }
  },
  "#show-method": {
    "current": {
      "number": "3.3",
      "spec": "Payment Request API 1.1",
      "text": "show() method",
      "url": "https://w3c.github.io/payment-request/#show-method"
    },
    "snapshot": {
      "number": "3.3",
      "spec": "Payment Request API 1.1",
      "text": "show() method",
      "url": "https://www.w3.org/TR/payment-request-1.1/#show-method"
    }
  },
  "#summary": {
    "current": {
      "number": "13.1",
      "spec": "Payment Request API 1.1",
      "text": "Summary",
      "url": "https://w3c.github.io/payment-request/#summary"
    },
    "snapshot": {
      "number": "13.1",
      "spec": "Payment Request API 1.1",
      "text": "Summary",
      "url": "https://www.w3.org/TR/payment-request-1.1/#summary"
    }
  },
  "#title": {
    "current": {
      "number": "",
      "spec": "Payment Request API 1.1",
      "text": "Payment Request API 1.1",
      "url": "https://w3c.github.io/payment-request/#title"
    },
    "snapshot": {
      "number": "",
      "spec": "Payment Request API 1.1",
      "text": "Payment Request API 1.1",
      "url": "https://www.w3.org/TR/payment-request-1.1/#title"
    }
  },
  "#toc": {
    "current": {
      "number": "",
      "spec": "Payment Request API 1.1",
      "text": "Table of Contents",
      "url": "https://w3c.github.io/payment-request/#toc"
    },
    "snapshot": {
      "number": "",
      "spec": "Payment Request API 1.1",
      "text": "Table of Contents",
      "url": "https://www.w3.org/TR/payment-request-1.1/#toc"
    }
  },
  "#update-a-paymentrequest-s-details-algorithm": {
    "current": {
      "number": "14.6",
      "spec": "Payment Request API 1.1",
      "text": "Update a PaymentRequest's details algorithm",
      "url": "https://w3c.github.io/payment-request/#update-a-paymentrequest-s-details-algorithm"
    },
    "snapshot": {
      "number": "14.6",
      "spec": "Payment Request API 1.1",
      "text": "Update a PaymentRequest's details algorithm",
      "url": "https://www.w3.org/TR/payment-request-1.1/#update-a-paymentrequest-s-details-algorithm"
    }
  },
  "#updatewith-method": {
    "current": {
      "number": "13.3.2",
      "spec": "Payment Request API 1.1",
      "text": "updateWith() method",
      "url": "https://w3c.github.io/payment-request/#updatewith-method"
    },
    "snapshot": {
      "number": "13.3.2",
      "spec": "Payment Request API 1.1",
      "text": "updateWith() method",
      "url": "https://www.w3.org/TR/payment-request-1.1/#updatewith-method"
    }
  },
  "#user-aborts-the-payment-request-algorithm": {
    "current": {
      "number": "14.5",
      "spec": "Payment Request API 1.1",
      "text": "User aborts the payment request algorithm",
      "url": "https://w3c.github.io/payment-request/#user-aborts-the-payment-request-algorithm"
    },
    "snapshot": {
      "number": "14.5",
      "spec": "Payment Request API 1.1",
      "text": "User aborts the payment request algorithm",
      "url": "https://www.w3.org/TR/payment-request-1.1/#user-aborts-the-payment-request-algorithm"
    }
  },
  "#user-accepts-the-payment-request-algorithm": {
    "current": {
      "number": "14.4",
      "spec": "Payment Request API 1.1",
      "text": "User accepts the payment request algorithm",
      "url": "https://w3c.github.io/payment-request/#user-accepts-the-payment-request-algorithm"
    },
    "snapshot": {
      "number": "14.4",
      "spec": "Payment Request API 1.1",
      "text": "User accepts the payment request algorithm",
      "url": "https://www.w3.org/TR/payment-request-1.1/#user-accepts-the-payment-request-algorithm"
    }
  },
  "#user-activation-requirement-0": {
    "current": {
      "number": "15.9",
      "spec": "Payment Request API 1.1",
      "text": "User activation requirement",
      "url": "https://w3c.github.io/payment-request/#user-activation-requirement-0"
    },
    "snapshot": {
      "number": "15.9",
      "spec": "Payment Request API 1.1",
      "text": "User activation requirement",
      "url": "https://www.w3.org/TR/payment-request-1.1/#user-activation-requirement-0"
    }
  },
  "#user-protections-with-show-method": {
    "current": {
      "number": "15.1",
      "spec": "Payment Request API 1.1",
      "text": "User protections with show() method",
      "url": "https://w3c.github.io/payment-request/#user-protections-with-show-method"
    },
    "snapshot": {
      "number": "15.1",
      "spec": "Payment Request API 1.1",
      "text": "User protections with show() method",
      "url": "https://www.w3.org/TR/payment-request-1.1/#user-protections-with-show-method"
    }
  },
  "#using-with-cross-origin-iframes": {
    "current": {
      "number": "2.6",
      "spec": "Payment Request API 1.1",
      "text": "Using with cross-origin iframes",
      "url": "https://w3c.github.io/payment-request/#using-with-cross-origin-iframes"
    },
    "snapshot": {
      "number": "2.6",
      "spec": "Payment Request API 1.1",
      "text": "Using with cross-origin iframes",
      "url": "https://www.w3.org/TR/payment-request-1.1/#using-with-cross-origin-iframes"
    }
  },
  "#validity-checkers": {
    "current": {
      "number": "5.1",
      "spec": "Payment Request API 1.1",
      "text": "Validity checkers",
      "url": "https://w3c.github.io/payment-request/#validity-checkers"
    },
    "snapshot": {
      "number": "5.1",
      "spec": "Payment Request API 1.1",
      "text": "Validity checkers",
      "url": "https://www.w3.org/TR/payment-request-1.1/#validity-checkers"
    }
  }
}