{
  "#acknowledgements": {
    "current": {
      "number": "",
      "spec": "HTTP Alternative Services",
      "text": "Acknowledgements",
      "url": "https://httpwg.org/specs/rfc7838.html#acknowledgements"
    }
  },
  "#alt-svc": {
    "current": {
      "number": "3",
      "spec": "HTTP Alternative Services",
      "text": "The Alt-Svc HTTP Header Field",
      "url": "https://httpwg.org/specs/rfc7838.html#alt-svc"
    }
  },
  "#alt-svc-frame-registration": {
    "current": {
      "number": "7.2",
      "spec": "HTTP Alternative Services",
      "text": "The ALTSVC HTTP/2 Frame Type",
      "url": "https://httpwg.org/specs/rfc7838.html#alt-svc-frame-registration"
    }
  },
  "#alternative": {
    "current": {
      "number": "2",
      "spec": "HTTP Alternative Services",
      "text": "Alternative Services Concepts",
      "url": "https://httpwg.org/specs/rfc7838.html#alternative"
    }
  },
  "#caching": {
    "current": {
      "number": "2.2",
      "spec": "HTTP Alternative Services",
      "text": "Alternative Service Caching",
      "url": "https://httpwg.org/specs/rfc7838.html#caching"
    }
  },
  "#caching-alt-svc-header-field-values": {
    "current": {
      "number": "3.1",
      "spec": "HTTP Alternative Services",
      "text": "Caching Alt-Svc Header Field Values",
      "url": "https://httpwg.org/specs/rfc7838.html#caching-alt-svc-header-field-values"
    }
  },
  "#changing-ports": {
    "current": {
      "number": "9.1",
      "spec": "HTTP Alternative Services",
      "text": "Changing Ports",
      "url": "https://httpwg.org/specs/rfc7838.html#changing-ports"
    }
  },
  "#changing-protocols": {
    "current": {
      "number": "9.3",
      "spec": "HTTP Alternative Services",
      "text": "Changing Protocols",
      "url": "https://httpwg.org/specs/rfc7838.html#changing-protocols"
    }
  },
  "#confusion-regarding-request-scheme": {
    "current": {
      "number": "9.5",
      "spec": "HTTP Alternative Services",
      "text": "Confusion regarding Request Scheme",
      "url": "https://httpwg.org/specs/rfc7838.html#confusion-regarding-request-scheme"
    }
  },
  "#frame": {
    "current": {
      "number": "4",
      "spec": "HTTP Alternative Services",
      "text": "The ALTSVC HTTP/2 Frame",
      "url": "https://httpwg.org/specs/rfc7838.html#frame"
    }
  },
  "#host_auth": {
    "current": {
      "number": "2.1",
      "spec": "HTTP Alternative Services",
      "text": "Host Authentication",
      "url": "https://httpwg.org/specs/rfc7838.html#host_auth"
    }
  },
  "#host_security": {
    "current": {
      "number": "9.2",
      "spec": "HTTP Alternative Services",
      "text": "Changing Hosts",
      "url": "https://httpwg.org/specs/rfc7838.html#host_security"
    }
  },
  "#iana-considerations": {
    "current": {
      "number": "7",
      "spec": "HTTP Alternative Services",
      "text": "IANA Considerations",
      "url": "https://httpwg.org/specs/rfc7838.html#iana-considerations"
    }
  },
  "#iana.parameters": {
    "current": {
      "number": "7.3",
      "spec": "HTTP Alternative Services",
      "text": "Alt-Svc Parameter Registry",
      "url": "https://httpwg.org/specs/rfc7838.html#iana.parameters"
    }
  },
  "#indicator": {
    "current": {
      "number": "5",
      "spec": "HTTP Alternative Services",
      "text": "The Alt-Used HTTP Header Field",
      "url": "https://httpwg.org/specs/rfc7838.html#indicator"
    }
  },
  "#internationalization-considerations": {
    "current": {
      "number": "8",
      "spec": "HTTP Alternative Services",
      "text": "Internationalization Considerations",
      "url": "https://httpwg.org/specs/rfc7838.html#internationalization-considerations"
    }
  },
  "#introduction": {
    "current": {
      "number": "1",
      "spec": "HTTP Alternative Services",
      "text": "Introduction",
      "url": "https://httpwg.org/specs/rfc7838.html#introduction"
    }
  },
  "#n-header-field-registrations": {
    "current": {
      "number": "7.1",
      "spec": "HTTP Alternative Services",
      "text": "Header Field Registrations",
      "url": "https://httpwg.org/specs/rfc7838.html#n-header-field-registrations"
    }
  },
  "#notational-conventions": {
    "current": {
      "number": "1.1",
      "spec": "HTTP Alternative Services",
      "text": "Notational Conventions",
      "url": "https://httpwg.org/specs/rfc7838.html#notational-conventions"
    }
  },
  "#parameter.registrations": {
    "current": {
      "number": "7.3.2",
      "spec": "HTTP Alternative Services",
      "text": "Registrations",
      "url": "https://httpwg.org/specs/rfc7838.html#parameter.registrations"
    }
  },
  "#parameter.registry.procedure": {
    "current": {
      "number": "7.3.1",
      "spec": "HTTP Alternative Services",
      "text": "Procedure",
      "url": "https://httpwg.org/specs/rfc7838.html#parameter.registry.procedure"
    }
  },
  "#requiring-server-name-indication": {
    "current": {
      "number": "2.3",
      "spec": "HTTP Alternative Services",
      "text": "Requiring Server Name Indication",
      "url": "https://httpwg.org/specs/rfc7838.html#requiring-server-name-indication"
    }
  },
  "#rfc.abstract": {
    "current": {
      "number": "",
      "spec": "HTTP Alternative Services",
      "text": "Abstract",
      "url": "https://httpwg.org/specs/rfc7838.html#rfc.abstract"
    }
  },
  "#rfc.references": {
    "current": {
      "number": "",
      "spec": "HTTP Alternative Services",
      "text": "10. References",
      "url": "https://httpwg.org/specs/rfc7838.html#rfc.references"
    }
  },
  "#rfc.section.10.1": {
    "current": {
      "number": "10.1",
      "spec": "HTTP Alternative Services",
      "text": "Normative References",
      "url": "https://httpwg.org/specs/rfc7838.html#rfc.section.10.1"
    }
  },
  "#rfc.section.10.2": {
    "current": {
      "number": "10.2",
      "spec": "HTTP Alternative Services",
      "text": "Informative References",
      "url": "https://httpwg.org/specs/rfc7838.html#rfc.section.10.2"
    }
  },
  "#security-considerations": {
    "current": {
      "number": "9",
      "spec": "HTTP Alternative Services",
      "text": "Security Considerations",
      "url": "https://httpwg.org/specs/rfc7838.html#security-considerations"
    }
  },
  "#status": {
    "current": {
      "number": "6",
      "spec": "HTTP Alternative Services",
      "text": "The 421 (Misdirected Request) HTTP Status Code",
      "url": "https://httpwg.org/specs/rfc7838.html#status"
    }
  },
  "#switching": {
    "current": {
      "number": "2.4",
      "spec": "HTTP Alternative Services",
      "text": "Using Alternative Services",
      "url": "https://httpwg.org/specs/rfc7838.html#switching"
    }
  },
  "#tracking": {
    "current": {
      "number": "9.4",
      "spec": "HTTP Alternative Services",
      "text": "Tracking Clients Using Alternative Services",
      "url": "https://httpwg.org/specs/rfc7838.html#tracking"
    }
  }
}