{
  "#abstract": {
    "current": {
      "number": "",
      "spec": "CSS Exclusions 1",
      "text": "Abstract",
      "url": "https://drafts.csswg.org/css-exclusions-1/#abstract"
    },
    "snapshot": {
      "number": "",
      "spec": "CSS Exclusions 1",
      "text": "Abstract",
      "url": "https://www.w3.org/TR/css3-exclusions/#abstract"
    }
  },
  "#acks": {
    "current": {
      "number": "",
      "spec": "CSS Exclusions 1",
      "text": "Acknowledgments",
      "url": "https://drafts.csswg.org/css-exclusions-1/#acks"
    },
    "snapshot": {
      "number": "",
      "spec": "CSS Exclusions 1",
      "text": "Acknowledgments",
      "url": "https://www.w3.org/TR/css3-exclusions/#acks"
    }
  },
  "#changes": {
    "current": {
      "number": "",
      "spec": "CSS Exclusions 1",
      "text": "Changes",
      "url": "https://drafts.csswg.org/css-exclusions-1/#changes"
    }
  },
  "#changes-2012": {
    "current": {
      "number": "",
      "spec": "CSS Exclusions 1",
      "text": "Changes from the 3 May 2012 Working Draft",
      "url": "https://drafts.csswg.org/css-exclusions-1/#changes-2012"
    }
  },
  "#changes-2013": {
    "current": {
      "number": "",
      "spec": "CSS Exclusions 1",
      "text": "Changes from the 28 May 2013 Working Draft",
      "url": "https://drafts.csswg.org/css-exclusions-1/#changes-2013"
    }
  },
  "#conformance": {
    "snapshot": {
      "number": "",
      "spec": "CSS Exclusions 1",
      "text": "Conformance",
      "url": "https://www.w3.org/TR/css3-exclusions/#conformance"
    }
  },
  "#conformance-classes": {
    "snapshot": {
      "number": "",
      "spec": "CSS Exclusions 1",
      "text": "Conformance classes",
      "url": "https://www.w3.org/TR/css3-exclusions/#conformance-classes"
    }
  },
  "#contents": {
    "snapshot": {
      "number": "",
      "spec": "CSS Exclusions 1",
      "text": "Table of Contents",
      "url": "https://www.w3.org/TR/css3-exclusions/#contents"
    }
  },
  "#conventions": {
    "snapshot": {
      "number": "",
      "spec": "CSS Exclusions 1",
      "text": "Document conventions",
      "url": "https://www.w3.org/TR/css3-exclusions/#conventions"
    }
  },
  "#declaring-exclusions": {
    "current": {
      "number": "3.1",
      "spec": "CSS Exclusions 1",
      "text": "Declaring exclusions",
      "url": "https://drafts.csswg.org/css-exclusions-1/#declaring-exclusions"
    },
    "snapshot": {
      "number": "3.1",
      "spec": "CSS Exclusions 1",
      "text": "Declaring exclusions",
      "url": "https://www.w3.org/TR/css3-exclusions/#declaring-exclusions"
    }
  },
  "#effect-of-exclusions-on-floats": {
    "current": {
      "number": "3.6.3.2",
      "spec": "CSS Exclusions 1",
      "text": "Effect of exclusions on floats",
      "url": "https://drafts.csswg.org/css-exclusions-1/#effect-of-exclusions-on-floats"
    },
    "snapshot": {
      "number": "3.6.3.2",
      "spec": "CSS Exclusions 1",
      "text": "Effect of exclusions on floats",
      "url": "https://www.w3.org/TR/css3-exclusions/#effect-of-exclusions-on-floats"
    }
  },
  "#effect-of-floats-on-exclusions": {
    "current": {
      "number": "3.6.3.1",
      "spec": "CSS Exclusions 1",
      "text": "Effect of floats on exclusions",
      "url": "https://drafts.csswg.org/css-exclusions-1/#effect-of-floats-on-exclusions"
    },
    "snapshot": {
      "number": "3.6.3.1",
      "spec": "CSS Exclusions 1",
      "text": "Effect of floats on exclusions",
      "url": "https://www.w3.org/TR/css3-exclusions/#effect-of-floats-on-exclusions"
    }
  },
  "#example-resolving-rwc-1": {
    "current": {
      "number": "3.5.6.2.1",
      "spec": "CSS Exclusions 1",
      "text": "Resolving RWC-1",
      "url": "https://drafts.csswg.org/css-exclusions-1/#example-resolving-rwc-1"
    },
    "snapshot": {
      "number": "3.5.6.2.1",
      "spec": "CSS Exclusions 1",
      "text": "Resolving RWC-1",
      "url": "https://www.w3.org/TR/css3-exclusions/#example-resolving-rwc-1"
    }
  },
  "#example-resolving-rwc-2": {
    "current": {
      "number": "3.5.6.2.2",
      "spec": "CSS Exclusions 1",
      "text": "Resolving RWC-2",
      "url": "https://drafts.csswg.org/css-exclusions-1/#example-resolving-rwc-2"
    },
    "snapshot": {
      "number": "3.5.6.2.2",
      "spec": "CSS Exclusions 1",
      "text": "Resolving RWC-2",
      "url": "https://www.w3.org/TR/css3-exclusions/#example-resolving-rwc-2"
    }
  },
  "#example-step-1": {
    "current": {
      "number": "3.5.6.1",
      "spec": "CSS Exclusions 1",
      "text": "Step 1: resolve exclusion boxes belonging to each wrapping context",
      "url": "https://drafts.csswg.org/css-exclusions-1/#example-step-1"
    },
    "snapshot": {
      "number": "3.5.6.1",
      "spec": "CSS Exclusions 1",
      "text": "Step 1: resolve exclusion boxes belonging to each wrapping context",
      "url": "https://www.w3.org/TR/css3-exclusions/#example-step-1"
    }
  },
  "#example-step-2": {
    "current": {
      "number": "3.5.6.2",
      "spec": "CSS Exclusions 1",
      "text": "Step 2: resolve wrapping contexts and lay out containing blocks",
      "url": "https://drafts.csswg.org/css-exclusions-1/#example-step-2"
    },
    "snapshot": {
      "number": "3.5.6.2",
      "spec": "CSS Exclusions 1",
      "text": "Step 2: resolve wrapping contexts and lay out containing blocks",
      "url": "https://www.w3.org/TR/css3-exclusions/#example-step-2"
    }
  },
  "#exclusions": {
    "current": {
      "number": "3",
      "spec": "CSS Exclusions 1",
      "text": "Exclusions",
      "url": "https://drafts.csswg.org/css-exclusions-1/#exclusions"
    },
    "snapshot": {
      "number": "3",
      "spec": "CSS Exclusions 1",
      "text": "Exclusions",
      "url": "https://www.w3.org/TR/css3-exclusions/#exclusions"
    }
  },
  "#exclusions-order": {
    "current": {
      "number": "3.4",
      "spec": "CSS Exclusions 1",
      "text": "Exclusions order",
      "url": "https://drafts.csswg.org/css-exclusions-1/#exclusions-order"
    },
    "snapshot": {
      "number": "3.4",
      "spec": "CSS Exclusions 1",
      "text": "Exclusions order",
      "url": "https://www.w3.org/TR/css3-exclusions/#exclusions-order"
    }
  },
  "#exclusions-processing-model": {
    "current": {
      "number": "3.5",
      "spec": "CSS Exclusions 1",
      "text": "Processing model",
      "url": "https://drafts.csswg.org/css-exclusions-1/#exclusions-processing-model"
    },
    "snapshot": {
      "number": "3.5",
      "spec": "CSS Exclusions 1",
      "text": "Processing model",
      "url": "https://www.w3.org/TR/css3-exclusions/#exclusions-processing-model"
    }
  },
  "#exclusions-processing-model-description": {
    "current": {
      "number": "3.5.1",
      "spec": "CSS Exclusions 1",
      "text": "Description",
      "url": "https://drafts.csswg.org/css-exclusions-1/#exclusions-processing-model-description"
    },
    "snapshot": {
      "number": "3.5.1",
      "spec": "CSS Exclusions 1",
      "text": "Description",
      "url": "https://www.w3.org/TR/css3-exclusions/#exclusions-processing-model-description"
    }
  },
  "#experimental": {
    "snapshot": {
      "number": "",
      "spec": "CSS Exclusions 1",
      "text": "Experimental implementations",
      "url": "https://www.w3.org/TR/css3-exclusions/#experimental"
    }
  },
  "#floats-and-exclusions": {
    "current": {
      "number": "3.6",
      "spec": "CSS Exclusions 1",
      "text": "Floats and exclusions",
      "url": "https://drafts.csswg.org/css-exclusions-1/#floats-and-exclusions"
    },
    "snapshot": {
      "number": "3.6",
      "spec": "CSS Exclusions 1",
      "text": "Floats and exclusions",
      "url": "https://www.w3.org/TR/css3-exclusions/#floats-and-exclusions"
    }
  },
  "#floats-and-exclusions-differences": {
    "current": {
      "number": "3.6.2",
      "spec": "CSS Exclusions 1",
      "text": "Differences",
      "url": "https://drafts.csswg.org/css-exclusions-1/#floats-and-exclusions-differences"
    },
    "snapshot": {
      "number": "3.6.2",
      "spec": "CSS Exclusions 1",
      "text": "Differences",
      "url": "https://www.w3.org/TR/css3-exclusions/#floats-and-exclusions-differences"
    }
  },
  "#floats-and-exclusions-similarities": {
    "current": {
      "number": "3.6.1",
      "spec": "CSS Exclusions 1",
      "text": "Similarities",
      "url": "https://drafts.csswg.org/css-exclusions-1/#floats-and-exclusions-similarities"
    },
    "snapshot": {
      "number": "3.6.1",
      "spec": "CSS Exclusions 1",
      "text": "Similarities",
      "url": "https://www.w3.org/TR/css3-exclusions/#floats-and-exclusions-similarities"
    }
  },
  "#floats-interop": {
    "current": {
      "number": "3.6.3",
      "spec": "CSS Exclusions 1",
      "text": "Interoperability",
      "url": "https://drafts.csswg.org/css-exclusions-1/#floats-interop"
    },
    "snapshot": {
      "number": "3.6.3",
      "spec": "CSS Exclusions 1",
      "text": "Interoperability",
      "url": "https://www.w3.org/TR/css3-exclusions/#floats-interop"
    }
  },
  "#index": {
    "current": {
      "number": "",
      "spec": "CSS Exclusions 1",
      "text": "Index",
      "url": "https://drafts.csswg.org/css-exclusions-1/#index"
    },
    "snapshot": {
      "number": "",
      "spec": "CSS Exclusions 1",
      "text": "Index",
      "url": "https://www.w3.org/TR/css3-exclusions/#index"
    }
  },
  "#index-defined-elsewhere": {
    "current": {
      "number": "",
      "spec": "CSS Exclusions 1",
      "text": "Terms defined by reference",
      "url": "https://drafts.csswg.org/css-exclusions-1/#index-defined-elsewhere"
    }
  },
  "#index-defined-here": {
    "current": {
      "number": "",
      "spec": "CSS Exclusions 1",
      "text": "Terms defined by this specification",
      "url": "https://drafts.csswg.org/css-exclusions-1/#index-defined-here"
    }
  },
  "#informative": {
    "current": {
      "number": "",
      "spec": "CSS Exclusions 1",
      "text": "Informative References",
      "url": "https://drafts.csswg.org/css-exclusions-1/#informative"
    },
    "snapshot": {
      "number": "",
      "spec": "CSS Exclusions 1",
      "text": "Informative References",
      "url": "https://www.w3.org/TR/css3-exclusions/#informative"
    }
  },
  "#intro": {
    "current": {
      "number": "1",
      "spec": "CSS Exclusions 1",
      "text": "Introduction",
      "url": "https://drafts.csswg.org/css-exclusions-1/#intro"
    },
    "snapshot": {
      "number": "1",
      "spec": "CSS Exclusions 1",
      "text": "Introduction",
      "url": "https://www.w3.org/TR/css3-exclusions/#intro"
    }
  },
  "#issues-index": {
    "current": {
      "number": "",
      "spec": "CSS Exclusions 1",
      "text": "Issues Index",
      "url": "https://drafts.csswg.org/css-exclusions-1/#issues-index"
    },
    "snapshot": {
      "number": "",
      "spec": "CSS Exclusions 1",
      "text": "Issues Index",
      "url": "https://www.w3.org/TR/css3-exclusions/#issues-index"
    }
  },
  "#normative": {
    "current": {
      "number": "",
      "spec": "CSS Exclusions 1",
      "text": "Normative References",
      "url": "https://drafts.csswg.org/css-exclusions-1/#normative"
    },
    "snapshot": {
      "number": "",
      "spec": "CSS Exclusions 1",
      "text": "Normative References",
      "url": "https://www.w3.org/TR/css3-exclusions/#normative"
    }
  },
  "#partial": {
    "snapshot": {
      "number": "",
      "spec": "CSS Exclusions 1",
      "text": "Partial implementations",
      "url": "https://www.w3.org/TR/css3-exclusions/#partial"
    }
  },
  "#processing-model-example": {
    "current": {
      "number": "3.5.6",
      "spec": "CSS Exclusions 1",
      "text": "Processing Model Example",
      "url": "https://drafts.csswg.org/css-exclusions-1/#processing-model-example"
    },
    "snapshot": {
      "number": "3.5.6",
      "spec": "CSS Exclusions 1",
      "text": "Processing Model Example",
      "url": "https://www.w3.org/TR/css3-exclusions/#processing-model-example"
    }
  },
  "#propagation-of-exclusions": {
    "current": {
      "number": "3.3",
      "spec": "CSS Exclusions 1",
      "text": "Propagation of Exclusions",
      "url": "https://drafts.csswg.org/css-exclusions-1/#propagation-of-exclusions"
    },
    "snapshot": {
      "number": "3.3",
      "spec": "CSS Exclusions 1",
      "text": "Propagation of Exclusions",
      "url": "https://www.w3.org/TR/css3-exclusions/#propagation-of-exclusions"
    }
  },
  "#property-index": {
    "current": {
      "number": "",
      "spec": "CSS Exclusions 1",
      "text": "Property Index",
      "url": "https://drafts.csswg.org/css-exclusions-1/#property-index"
    },
    "snapshot": {
      "number": "",
      "spec": "CSS Exclusions 1",
      "text": "Property Index",
      "url": "https://www.w3.org/TR/css3-exclusions/#property-index"
    }
  },
  "#recent-changes": {
    "current": {
      "number": "",
      "spec": "CSS Exclusions 1",
      "text": "Changes from the 15 January 2015 Working Draft",
      "url": "https://drafts.csswg.org/css-exclusions-1/#recent-changes"
    }
  },
  "#references": {
    "current": {
      "number": "",
      "spec": "CSS Exclusions 1",
      "text": "References",
      "url": "https://drafts.csswg.org/css-exclusions-1/#references"
    },
    "snapshot": {
      "number": "",
      "spec": "CSS Exclusions 1",
      "text": "References",
      "url": "https://www.w3.org/TR/css3-exclusions/#references"
    }
  },
  "#scope-and-effect-of-exclusions": {
    "current": {
      "number": "3.2",
      "spec": "CSS Exclusions 1",
      "text": "Scope and effect of exclusions",
      "url": "https://drafts.csswg.org/css-exclusions-1/#scope-and-effect-of-exclusions"
    },
    "snapshot": {
      "number": "3.2",
      "spec": "CSS Exclusions 1",
      "text": "Scope and effect of exclusions",
      "url": "https://www.w3.org/TR/css3-exclusions/#scope-and-effect-of-exclusions"
    }
  },
  "#sotd": {
    "current": {
      "number": "",
      "spec": "CSS Exclusions 1",
      "text": "Status of this document",
      "url": "https://drafts.csswg.org/css-exclusions-1/#sotd"
    }
  },
  "#status": {
    "snapshot": {
      "number": "",
      "spec": "CSS Exclusions 1",
      "text": "Status of this document",
      "url": "https://www.w3.org/TR/css3-exclusions/#status"
    }
  },
  "#step-1": {
    "current": {
      "number": "3.5.2",
      "spec": "CSS Exclusions 1",
      "text": "Step 1: resolve exclusion boxes belonging to each wrapping context",
      "url": "https://drafts.csswg.org/css-exclusions-1/#step-1"
    },
    "snapshot": {
      "number": "3.5.2",
      "spec": "CSS Exclusions 1",
      "text": "Step 1: resolve exclusion boxes belonging to each wrapping context",
      "url": "https://www.w3.org/TR/css3-exclusions/#step-1"
    }
  },
  "#step-2": {
    "current": {
      "number": "3.5.3",
      "spec": "CSS Exclusions 1",
      "text": "Step 2: resolve wrapping contexts and lay out containing blocks",
      "url": "https://drafts.csswg.org/css-exclusions-1/#step-2"
    },
    "snapshot": {
      "number": "3.5.3",
      "spec": "CSS Exclusions 1",
      "text": "Step 2: resolve wrapping contexts and lay out containing blocks",
      "url": "https://www.w3.org/TR/css3-exclusions/#step-2"
    }
  },
  "#step-2-A": {
    "current": {
      "number": "3.5.4",
      "spec": "CSS Exclusions 1",
      "text": "Step 2-A: resolve the position and size of exclusion boxes",
      "url": "https://drafts.csswg.org/css-exclusions-1/#step-2-A"
    },
    "snapshot": {
      "number": "3.5.4",
      "spec": "CSS Exclusions 1",
      "text": "Step 2-A: resolve the position and size of exclusion boxes",
      "url": "https://www.w3.org/TR/css3-exclusions/#step-2-A"
    }
  },
  "#step-2-B": {
    "current": {
      "number": "3.5.5",
      "spec": "CSS Exclusions 1",
      "text": "Step 2-B: lay out containing block applying wrapping",
      "url": "https://drafts.csswg.org/css-exclusions-1/#step-2-B"
    },
    "snapshot": {
      "number": "3.5.5",
      "spec": "CSS Exclusions 1",
      "text": "Step 2-B: lay out containing block applying wrapping",
      "url": "https://www.w3.org/TR/css3-exclusions/#step-2-B"
    }
  },
  "#subtitle": {
    "snapshot": {
      "number": "",
      "spec": "CSS Exclusions 1",
      "text": "W3C Working Draft, 15 January 2015",
      "url": "https://www.w3.org/TR/css3-exclusions/#subtitle"
    }
  },
  "#terms": {
    "current": {
      "number": "2",
      "spec": "CSS Exclusions 1",
      "text": "Terminology",
      "url": "https://drafts.csswg.org/css-exclusions-1/#terms"
    },
    "snapshot": {
      "number": "2",
      "spec": "CSS Exclusions 1",
      "text": "Terminology",
      "url": "https://www.w3.org/TR/css3-exclusions/#terms"
    }
  },
  "#testing": {
    "snapshot": {
      "number": "",
      "spec": "CSS Exclusions 1",
      "text": "Non-experimental implementations",
      "url": "https://www.w3.org/TR/css3-exclusions/#testing"
    }
  },
  "#title": {
    "current": {
      "number": "",
      "spec": "CSS Exclusions 1",
      "text": "CSS Exclusions Module Level 1",
      "url": "https://drafts.csswg.org/css-exclusions-1/#title"
    },
    "snapshot": {
      "number": "",
      "spec": "CSS Exclusions 1",
      "text": "CSS Exclusions Module Level 1",
      "url": "https://www.w3.org/TR/css3-exclusions/#title"
    }
  },
  "#toc": {
    "current": {
      "number": "",
      "spec": "CSS Exclusions 1",
      "text": "Table of Contents",
      "url": "https://drafts.csswg.org/css-exclusions-1/#toc"
    }
  },
  "#values": {
    "current": {
      "number": "1.1",
      "spec": "CSS Exclusions 1",
      "text": "Value Definitions",
      "url": "https://drafts.csswg.org/css-exclusions-1/#values"
    }
  },
  "#w3c-conform-future-proofing": {
    "current": {
      "number": "",
      "spec": "CSS Exclusions 1",
      "text": "Implementations of Unstable and Proprietary Features",
      "url": "https://drafts.csswg.org/css-exclusions-1/#w3c-conform-future-proofing"
    }
  },
  "#w3c-conformance": {
    "current": {
      "number": "",
      "spec": "CSS Exclusions 1",
      "text": "Conformance",
      "url": "https://drafts.csswg.org/css-exclusions-1/#w3c-conformance"
    }
  },
  "#w3c-conformance-classes": {
    "current": {
      "number": "",
      "spec": "CSS Exclusions 1",
      "text": "Conformance classes",
      "url": "https://drafts.csswg.org/css-exclusions-1/#w3c-conformance-classes"
    }
  },
  "#w3c-conventions": {
    "current": {
      "number": "",
      "spec": "CSS Exclusions 1",
      "text": "Document conventions",
      "url": "https://drafts.csswg.org/css-exclusions-1/#w3c-conventions"
    }
  },
  "#w3c-partial": {
    "current": {
      "number": "",
      "spec": "CSS Exclusions 1",
      "text": "Partial implementations",
      "url": "https://drafts.csswg.org/css-exclusions-1/#w3c-partial"
    }
  },
  "#w3c-testing": {
    "current": {
      "number": "",
      "spec": "CSS Exclusions 1",
      "text": "Non-experimental implementations",
      "url": "https://drafts.csswg.org/css-exclusions-1/#w3c-testing"
    }
  },
  "#wrap-flow-property": {
    "current": {
      "number": "3.1.1",
      "spec": "CSS Exclusions 1",
      "text": "The wrap-flow property",
      "url": "https://drafts.csswg.org/css-exclusions-1/#wrap-flow-property"
    },
    "snapshot": {
      "number": "3.1.1",
      "spec": "CSS Exclusions 1",
      "text": "The wrap-flow property",
      "url": "https://www.w3.org/TR/css3-exclusions/#wrap-flow-property"
    }
  },
  "#wrap-through-property": {
    "current": {
      "number": "3.3.1",
      "spec": "CSS Exclusions 1",
      "text": "The wrap-through Property",
      "url": "https://drafts.csswg.org/css-exclusions-1/#wrap-through-property"
    },
    "snapshot": {
      "number": "3.3.1",
      "spec": "CSS Exclusions 1",
      "text": "The wrap-through Property",
      "url": "https://www.w3.org/TR/css3-exclusions/#wrap-through-property"
    }
  }
}