{
  "#a11y": {
    "current": {
      "number": "",
      "spec": "CSS Multicol 1",
      "text": "Accessibility Considerations",
      "url": "https://drafts.csswg.org/css-multicol-1/#a11y"
    },
    "snapshot": {
      "number": "",
      "spec": "CSS Multicol 1",
      "text": "Accessibility Considerations",
      "url": "https://www.w3.org/TR/css-multicol-1/#a11y"
    }
  },
  "#abstract": {
    "current": {
      "number": "",
      "spec": "CSS Multicol 1",
      "text": "Abstract",
      "url": "https://drafts.csswg.org/css-multicol-1/#abstract"
    },
    "snapshot": {
      "number": "",
      "spec": "CSS Multicol 1",
      "text": "Abstract",
      "url": "https://www.w3.org/TR/css-multicol-1/#abstract"
    }
  },
  "#acknowledgments": {
    "current": {
      "number": "",
      "spec": "CSS Multicol 1",
      "text": "Acknowledgments",
      "url": "https://drafts.csswg.org/css-multicol-1/#acknowledgments"
    },
    "snapshot": {
      "number": "",
      "spec": "CSS Multicol 1",
      "text": "Acknowledgments",
      "url": "https://www.w3.org/TR/css-multicol-1/#acknowledgments"
    }
  },
  "#break-before-break-after-break-inside": {
    "current": {
      "number": "5.1",
      "spec": "CSS Multicol 1",
      "text": "Controlling Fragmentation: the break-before, break-after, break-inside properties",
      "url": "https://drafts.csswg.org/css-multicol-1/#break-before-break-after-break-inside"
    },
    "snapshot": {
      "number": "5.1",
      "spec": "CSS Multicol 1",
      "text": "Controlling Fragmentation: the break-before, break-after, break-inside properties",
      "url": "https://www.w3.org/TR/css-multicol-1/#break-before-break-after-break-inside"
    }
  },
  "#cc": {
    "current": {
      "number": "3.2",
      "spec": "CSS Multicol 1",
      "text": "The Number of Columns: the column-count property",
      "url": "https://drafts.csswg.org/css-multicol-1/#cc"
    },
    "snapshot": {
      "number": "3.2",
      "spec": "CSS Multicol 1",
      "text": "The Number of Columns: the column-count property",
      "url": "https://www.w3.org/TR/css-multicol-1/#cc"
    }
  },
  "#cf": {
    "current": {
      "number": "7.1",
      "spec": "CSS Multicol 1",
      "text": "Column Balancing: the column-fill property",
      "url": "https://drafts.csswg.org/css-multicol-1/#cf"
    },
    "snapshot": {
      "number": "7.1",
      "spec": "CSS Multicol 1",
      "text": "Column Balancing: the column-fill property",
      "url": "https://www.w3.org/TR/css-multicol-1/#cf"
    }
  },
  "#cg": {
    "current": {
      "number": "4.1",
      "spec": "CSS Multicol 1",
      "text": "Gutters Between Columns: the column-gap property",
      "url": "https://drafts.csswg.org/css-multicol-1/#cg"
    },
    "snapshot": {
      "number": "4.1",
      "spec": "CSS Multicol 1",
      "text": "Gutters Between Columns: the column-gap property",
      "url": "https://www.w3.org/TR/css-multicol-1/#cg"
    }
  },
  "#changes": {
    "current": {
      "number": "B",
      "spec": "CSS Multicol 1",
      "text": "Changes",
      "url": "https://drafts.csswg.org/css-multicol-1/#changes"
    },
    "snapshot": {
      "number": "B",
      "spec": "CSS Multicol 1",
      "text": "Changes",
      "url": "https://www.w3.org/TR/css-multicol-1/#changes"
    }
  },
  "#changes-from-20110412": {
    "current": {
      "number": "",
      "spec": "CSS Multicol 1",
      "text": "Changes from the Candidate Recommendation (CR) of 12 April 2011.",
      "url": "https://drafts.csswg.org/css-multicol-1/#changes-from-20110412"
    },
    "snapshot": {
      "number": "",
      "spec": "CSS Multicol 1",
      "text": "Changes from the Candidate Recommendation (CR) of 12 April 2011.",
      "url": "https://www.w3.org/TR/css-multicol-1/#changes-from-20110412"
    }
  },
  "#changes-from-20171005": {
    "current": {
      "number": "",
      "spec": "CSS Multicol 1",
      "text": "Changes from the Working Draft (WD) of 5 October 2017",
      "url": "https://drafts.csswg.org/css-multicol-1/#changes-from-20171005"
    },
    "snapshot": {
      "number": "",
      "spec": "CSS Multicol 1",
      "text": "Changes from the Working Draft (WD) of 5 October 2017",
      "url": "https://www.w3.org/TR/css-multicol-1/#changes-from-20171005"
    }
  },
  "#changes-from-20180528": {
    "current": {
      "number": "",
      "spec": "CSS Multicol 1",
      "text": "Changes from the Working Draft (WD) of 28 May 2018",
      "url": "https://drafts.csswg.org/css-multicol-1/#changes-from-20180528"
    },
    "snapshot": {
      "number": "",
      "spec": "CSS Multicol 1",
      "text": "Changes from the Working Draft (WD) of 28 May 2018",
      "url": "https://www.w3.org/TR/css-multicol-1/#changes-from-20180528"
    }
  },
  "#changes-from-20191015": {
    "current": {
      "number": "",
      "spec": "CSS Multicol 1",
      "text": "Changes from the Working Draft (WD) of 15 October 2019",
      "url": "https://drafts.csswg.org/css-multicol-1/#changes-from-20191015"
    },
    "snapshot": {
      "number": "",
      "spec": "CSS Multicol 1",
      "text": "Changes from the Working Draft (WD) of 15 October 2019",
      "url": "https://www.w3.org/TR/css-multicol-1/#changes-from-20191015"
    }
  },
  "#changes-from-20210212": {
    "current": {
      "number": "",
      "spec": "CSS Multicol 1",
      "text": "Changes from the Working Draft (WD) of 12 February 2021",
      "url": "https://drafts.csswg.org/css-multicol-1/#changes-from-20210212"
    },
    "snapshot": {
      "number": "",
      "spec": "CSS Multicol 1",
      "text": "Changes from the Working Draft (WD) of 12 February 2021",
      "url": "https://www.w3.org/TR/css-multicol-1/#changes-from-20210212"
    }
  },
  "#changes-from-20211012": {
    "current": {
      "number": "",
      "spec": "CSS Multicol 1",
      "text": "Changes from the Candidate Recommendation (CR) of 12 October 2021",
      "url": "https://drafts.csswg.org/css-multicol-1/#changes-from-20211012"
    }
  },
  "#column-breaks": {
    "current": {
      "number": "5",
      "spec": "CSS Multicol 1",
      "text": "Column Breaks",
      "url": "https://drafts.csswg.org/css-multicol-1/#column-breaks"
    },
    "snapshot": {
      "number": "5",
      "spec": "CSS Multicol 1",
      "text": "Column Breaks",
      "url": "https://www.w3.org/TR/css-multicol-1/#column-breaks"
    }
  },
  "#column-gaps-and-rules": {
    "current": {
      "number": "4",
      "spec": "CSS Multicol 1",
      "text": "Column Gaps and Rules",
      "url": "https://drafts.csswg.org/css-multicol-1/#column-gaps-and-rules"
    },
    "snapshot": {
      "number": "4",
      "spec": "CSS Multicol 1",
      "text": "Column Gaps and Rules",
      "url": "https://www.w3.org/TR/css-multicol-1/#column-gaps-and-rules"
    }
  },
  "#column-span": {
    "current": {
      "number": "6.1",
      "spec": "CSS Multicol 1",
      "text": "Spanning An Element Across Columns: the column-span property",
      "url": "https://drafts.csswg.org/css-multicol-1/#column-span"
    },
    "snapshot": {
      "number": "6.1",
      "spec": "CSS Multicol 1",
      "text": "Spanning An Element Across Columns: the column-span property",
      "url": "https://www.w3.org/TR/css-multicol-1/#column-span"
    }
  },
  "#columns": {
    "current": {
      "number": "3.3",
      "spec": "CSS Multicol 1",
      "text": "The column-width and column-count Shorthand: The columns Property",
      "url": "https://drafts.csswg.org/css-multicol-1/#columns"
    },
    "snapshot": {
      "number": "3.3",
      "spec": "CSS Multicol 1",
      "text": "The column-width and column-count Shorthand: The columns Property",
      "url": "https://www.w3.org/TR/css-multicol-1/#columns"
    }
  },
  "#cr": {
    "current": {
      "number": "4.5",
      "spec": "CSS Multicol 1",
      "text": "Column Rule Shorthand: the column-rule property",
      "url": "https://drafts.csswg.org/css-multicol-1/#cr"
    },
    "snapshot": {
      "number": "4.5",
      "spec": "CSS Multicol 1",
      "text": "Column Rule Shorthand: the column-rule property",
      "url": "https://www.w3.org/TR/css-multicol-1/#cr"
    }
  },
  "#crc": {
    "current": {
      "number": "4.2",
      "spec": "CSS Multicol 1",
      "text": "The Color of Column Rules: the column-rule-color property",
      "url": "https://drafts.csswg.org/css-multicol-1/#crc"
    },
    "snapshot": {
      "number": "4.2",
      "spec": "CSS Multicol 1",
      "text": "The Color of Column Rules: the column-rule-color property",
      "url": "https://www.w3.org/TR/css-multicol-1/#crc"
    }
  },
  "#crs": {
    "current": {
      "number": "4.3",
      "spec": "CSS Multicol 1",
      "text": "The Style Of Column Rules: the column-rule-style property",
      "url": "https://drafts.csswg.org/css-multicol-1/#crs"
    },
    "snapshot": {
      "number": "4.3",
      "spec": "CSS Multicol 1",
      "text": "The Style Of Column Rules: the column-rule-style property",
      "url": "https://www.w3.org/TR/css-multicol-1/#crs"
    }
  },
  "#crw": {
    "current": {
      "number": "4.4",
      "spec": "CSS Multicol 1",
      "text": "The Width Of Column Rules: the column-rule-width property",
      "url": "https://drafts.csswg.org/css-multicol-1/#crw"
    },
    "snapshot": {
      "number": "4.4",
      "spec": "CSS Multicol 1",
      "text": "The Width Of Column Rules: the column-rule-width property",
      "url": "https://www.w3.org/TR/css-multicol-1/#crw"
    }
  },
  "#cw": {
    "current": {
      "number": "3.1",
      "spec": "CSS Multicol 1",
      "text": "The Inline Size of Columns: the column-width property",
      "url": "https://drafts.csswg.org/css-multicol-1/#cw"
    },
    "snapshot": {
      "number": "3.1",
      "spec": "CSS Multicol 1",
      "text": "The Inline Size of Columns: the column-width property",
      "url": "https://www.w3.org/TR/css-multicol-1/#cw"
    }
  },
  "#filling-columns": {
    "current": {
      "number": "7",
      "spec": "CSS Multicol 1",
      "text": "Filling Columns",
      "url": "https://drafts.csswg.org/css-multicol-1/#filling-columns"
    },
    "snapshot": {
      "number": "7",
      "spec": "CSS Multicol 1",
      "text": "Filling Columns",
      "url": "https://www.w3.org/TR/css-multicol-1/#filling-columns"
    }
  },
  "#index": {
    "current": {
      "number": "",
      "spec": "CSS Multicol 1",
      "text": "Index",
      "url": "https://drafts.csswg.org/css-multicol-1/#index"
    },
    "snapshot": {
      "number": "",
      "spec": "CSS Multicol 1",
      "text": "Index",
      "url": "https://www.w3.org/TR/css-multicol-1/#index"
    }
  },
  "#index-defined-elsewhere": {
    "current": {
      "number": "",
      "spec": "CSS Multicol 1",
      "text": "Terms defined by reference",
      "url": "https://drafts.csswg.org/css-multicol-1/#index-defined-elsewhere"
    },
    "snapshot": {
      "number": "",
      "spec": "CSS Multicol 1",
      "text": "Terms defined by reference",
      "url": "https://www.w3.org/TR/css-multicol-1/#index-defined-elsewhere"
    }
  },
  "#index-defined-here": {
    "current": {
      "number": "",
      "spec": "CSS Multicol 1",
      "text": "Terms defined by this specification",
      "url": "https://drafts.csswg.org/css-multicol-1/#index-defined-here"
    },
    "snapshot": {
      "number": "",
      "spec": "CSS Multicol 1",
      "text": "Terms defined by this specification",
      "url": "https://www.w3.org/TR/css-multicol-1/#index-defined-here"
    }
  },
  "#informative": {
    "current": {
      "number": "",
      "spec": "CSS Multicol 1",
      "text": "Informative References",
      "url": "https://drafts.csswg.org/css-multicol-1/#informative"
    },
    "snapshot": {
      "number": "",
      "spec": "CSS Multicol 1",
      "text": "Informative References",
      "url": "https://www.w3.org/TR/css-multicol-1/#informative"
    }
  },
  "#introduction": {
    "current": {
      "number": "1",
      "spec": "CSS Multicol 1",
      "text": "Introduction",
      "url": "https://drafts.csswg.org/css-multicol-1/#introduction"
    },
    "snapshot": {
      "number": "1",
      "spec": "CSS Multicol 1",
      "text": "Introduction",
      "url": "https://www.w3.org/TR/css-multicol-1/#introduction"
    }
  },
  "#normative": {
    "current": {
      "number": "",
      "spec": "CSS Multicol 1",
      "text": "Normative References",
      "url": "https://drafts.csswg.org/css-multicol-1/#normative"
    },
    "snapshot": {
      "number": "",
      "spec": "CSS Multicol 1",
      "text": "Normative References",
      "url": "https://www.w3.org/TR/css-multicol-1/#normative"
    }
  },
  "#overflow": {
    "current": {
      "number": "8",
      "spec": "CSS Multicol 1",
      "text": "Overflow",
      "url": "https://drafts.csswg.org/css-multicol-1/#overflow"
    },
    "snapshot": {
      "number": "8",
      "spec": "CSS Multicol 1",
      "text": "Overflow",
      "url": "https://www.w3.org/TR/css-multicol-1/#overflow"
    }
  },
  "#overflow-inside-multicol-elements": {
    "current": {
      "number": "8.1",
      "spec": "CSS Multicol 1",
      "text": "Overflow Inside Multicol Containers",
      "url": "https://drafts.csswg.org/css-multicol-1/#overflow-inside-multicol-elements"
    },
    "snapshot": {
      "number": "8.1",
      "spec": "CSS Multicol 1",
      "text": "Overflow Inside Multicol Containers",
      "url": "https://www.w3.org/TR/css-multicol-1/#overflow-inside-multicol-elements"
    }
  },
  "#pagination-and-overflow-outside-multicol": {
    "current": {
      "number": "8.2",
      "spec": "CSS Multicol 1",
      "text": "Pagination and Overflow Outside Multicol Containers",
      "url": "https://drafts.csswg.org/css-multicol-1/#pagination-and-overflow-outside-multicol"
    },
    "snapshot": {
      "number": "8.2",
      "spec": "CSS Multicol 1",
      "text": "Pagination and Overflow Outside Multicol Containers",
      "url": "https://www.w3.org/TR/css-multicol-1/#pagination-and-overflow-outside-multicol"
    }
  },
  "#privacy": {
    "current": {
      "number": "",
      "spec": "CSS Multicol 1",
      "text": "Privacy Considerations",
      "url": "https://drafts.csswg.org/css-multicol-1/#privacy"
    },
    "snapshot": {
      "number": "",
      "spec": "CSS Multicol 1",
      "text": "Privacy Considerations",
      "url": "https://www.w3.org/TR/css-multicol-1/#privacy"
    }
  },
  "#profile-and-date": {
    "snapshot": {
      "number": "",
      "spec": "CSS Multicol 1",
      "text": "W3C Candidate Recommendation Snapshot, 12 October 2021",
      "url": "https://www.w3.org/TR/css-multicol-1/#profile-and-date"
    }
  },
  "#property-index": {
    "current": {
      "number": "",
      "spec": "CSS Multicol 1",
      "text": "Property Index",
      "url": "https://drafts.csswg.org/css-multicol-1/#property-index"
    },
    "snapshot": {
      "number": "",
      "spec": "CSS Multicol 1",
      "text": "Property Index",
      "url": "https://www.w3.org/TR/css-multicol-1/#property-index"
    }
  },
  "#pseudo-algorithm": {
    "current": {
      "number": "3.4",
      "spec": "CSS Multicol 1",
      "text": "The Pseudo-algorithm",
      "url": "https://drafts.csswg.org/css-multicol-1/#pseudo-algorithm"
    },
    "snapshot": {
      "number": "3.4",
      "spec": "CSS Multicol 1",
      "text": "The Pseudo-algorithm",
      "url": "https://www.w3.org/TR/css-multicol-1/#pseudo-algorithm"
    }
  },
  "#references": {
    "current": {
      "number": "",
      "spec": "CSS Multicol 1",
      "text": "References",
      "url": "https://drafts.csswg.org/css-multicol-1/#references"
    },
    "snapshot": {
      "number": "",
      "spec": "CSS Multicol 1",
      "text": "References",
      "url": "https://www.w3.org/TR/css-multicol-1/#references"
    }
  },
  "#security": {
    "current": {
      "number": "",
      "spec": "CSS Multicol 1",
      "text": "Security Considerations",
      "url": "https://drafts.csswg.org/css-multicol-1/#security"
    },
    "snapshot": {
      "number": "",
      "spec": "CSS Multicol 1",
      "text": "Security Considerations",
      "url": "https://www.w3.org/TR/css-multicol-1/#security"
    }
  },
  "#sotd": {
    "current": {
      "number": "",
      "spec": "CSS Multicol 1",
      "text": "Status of this document",
      "url": "https://drafts.csswg.org/css-multicol-1/#sotd"
    }
  },
  "#spanning-columns": {
    "current": {
      "number": "6",
      "spec": "CSS Multicol 1",
      "text": "Spanning Columns",
      "url": "https://drafts.csswg.org/css-multicol-1/#spanning-columns"
    },
    "snapshot": {
      "number": "6",
      "spec": "CSS Multicol 1",
      "text": "Spanning Columns",
      "url": "https://www.w3.org/TR/css-multicol-1/#spanning-columns"
    }
  },
  "#stacking-context": {
    "current": {
      "number": "3.5",
      "spec": "CSS Multicol 1",
      "text": "Stacking Context",
      "url": "https://drafts.csswg.org/css-multicol-1/#stacking-context"
    },
    "snapshot": {
      "number": "3.5",
      "spec": "CSS Multicol 1",
      "text": "Stacking Context",
      "url": "https://www.w3.org/TR/css-multicol-1/#stacking-context"
    }
  },
  "#status": {
    "snapshot": {
      "number": "",
      "spec": "CSS Multicol 1",
      "text": "Status of this document",
      "url": "https://www.w3.org/TR/css-multicol-1/#status"
    }
  },
  "#the-multi-column-model": {
    "current": {
      "number": "2",
      "spec": "CSS Multicol 1",
      "text": "The Multi-Column Model",
      "url": "https://drafts.csswg.org/css-multicol-1/#the-multi-column-model"
    },
    "snapshot": {
      "number": "2",
      "spec": "CSS Multicol 1",
      "text": "The Multi-Column Model",
      "url": "https://www.w3.org/TR/css-multicol-1/#the-multi-column-model"
    }
  },
  "#the-number-and-width-of-columns": {
    "current": {
      "number": "3",
      "spec": "CSS Multicol 1",
      "text": "The Number and Width of Columns",
      "url": "https://drafts.csswg.org/css-multicol-1/#the-number-and-width-of-columns"
    },
    "snapshot": {
      "number": "3",
      "spec": "CSS Multicol 1",
      "text": "The Number and Width of Columns",
      "url": "https://www.w3.org/TR/css-multicol-1/#the-number-and-width-of-columns"
    }
  },
  "#title": {
    "current": {
      "number": "",
      "spec": "CSS Multicol 1",
      "text": "CSS Multi-column Layout Module Level 1",
      "url": "https://drafts.csswg.org/css-multicol-1/#title"
    },
    "snapshot": {
      "number": "",
      "spec": "CSS Multicol 1",
      "text": "CSS Multi-column Layout Module Level 1",
      "url": "https://www.w3.org/TR/css-multicol-1/#title"
    }
  },
  "#toc": {
    "current": {
      "number": "",
      "spec": "CSS Multicol 1",
      "text": "Table of Contents",
      "url": "https://drafts.csswg.org/css-multicol-1/#toc"
    },
    "snapshot": {
      "number": "",
      "spec": "CSS Multicol 1",
      "text": "Table of Contents",
      "url": "https://www.w3.org/TR/css-multicol-1/#toc"
    }
  },
  "#values": {
    "current": {
      "number": "1.1",
      "spec": "CSS Multicol 1",
      "text": "Value Definitions",
      "url": "https://drafts.csswg.org/css-multicol-1/#values"
    },
    "snapshot": {
      "number": "1.1",
      "spec": "CSS Multicol 1",
      "text": "Value Definitions",
      "url": "https://www.w3.org/TR/css-multicol-1/#values"
    }
  },
  "#w3c-conform-future-proofing": {
    "current": {
      "number": "",
      "spec": "CSS Multicol 1",
      "text": "Implementations of Unstable and Proprietary Features",
      "url": "https://drafts.csswg.org/css-multicol-1/#w3c-conform-future-proofing"
    },
    "snapshot": {
      "number": "",
      "spec": "CSS Multicol 1",
      "text": "Implementations of Unstable and Proprietary Features",
      "url": "https://www.w3.org/TR/css-multicol-1/#w3c-conform-future-proofing"
    }
  },
  "#w3c-conformance": {
    "current": {
      "number": "",
      "spec": "CSS Multicol 1",
      "text": "Conformance",
      "url": "https://drafts.csswg.org/css-multicol-1/#w3c-conformance"
    },
    "snapshot": {
      "number": "",
      "spec": "CSS Multicol 1",
      "text": "Conformance",
      "url": "https://www.w3.org/TR/css-multicol-1/#w3c-conformance"
    }
  },
  "#w3c-conformance-classes": {
    "current": {
      "number": "",
      "spec": "CSS Multicol 1",
      "text": "Conformance classes",
      "url": "https://drafts.csswg.org/css-multicol-1/#w3c-conformance-classes"
    },
    "snapshot": {
      "number": "",
      "spec": "CSS Multicol 1",
      "text": "Conformance classes",
      "url": "https://www.w3.org/TR/css-multicol-1/#w3c-conformance-classes"
    }
  },
  "#w3c-conventions": {
    "current": {
      "number": "",
      "spec": "CSS Multicol 1",
      "text": "Document conventions",
      "url": "https://drafts.csswg.org/css-multicol-1/#w3c-conventions"
    },
    "snapshot": {
      "number": "",
      "spec": "CSS Multicol 1",
      "text": "Document conventions",
      "url": "https://www.w3.org/TR/css-multicol-1/#w3c-conventions"
    }
  },
  "#w3c-cr-exit-criteria": {
    "snapshot": {
      "number": "",
      "spec": "CSS Multicol 1",
      "text": "CR exit criteria",
      "url": "https://www.w3.org/TR/css-multicol-1/#w3c-cr-exit-criteria"
    }
  },
  "#w3c-partial": {
    "current": {
      "number": "",
      "spec": "CSS Multicol 1",
      "text": "Partial implementations",
      "url": "https://drafts.csswg.org/css-multicol-1/#w3c-partial"
    },
    "snapshot": {
      "number": "",
      "spec": "CSS Multicol 1",
      "text": "Partial implementations",
      "url": "https://www.w3.org/TR/css-multicol-1/#w3c-partial"
    }
  },
  "#w3c-testing": {
    "current": {
      "number": "",
      "spec": "CSS Multicol 1",
      "text": "Non-experimental implementations",
      "url": "https://drafts.csswg.org/css-multicol-1/#w3c-testing"
    },
    "snapshot": {
      "number": "",
      "spec": "CSS Multicol 1",
      "text": "Non-experimental implementations",
      "url": "https://www.w3.org/TR/css-multicol-1/#w3c-testing"
    }
  }
}