{
  "#alphabetical-links": {
    "current": {
      "number": "2",
      "spec": "Internationalization Glossary",
      "text": "Alphabetical links",
      "url": "https://w3c.github.io/i18n-glossary/#alphabetical-links"
    },
    "snapshot": {
      "number": "2",
      "spec": "Internationalization Glossary",
      "text": "Alphabetical links",
      "url": "https://www.w3.org/TR/i18n-glossary/#alphabetical-links"
    }
  },
  "#bikeshed-how": {
    "current": {
      "number": "A.3",
      "spec": "Internationalization Glossary",
      "text": "Bikeshed",
      "url": "https://w3c.github.io/i18n-glossary/#bikeshed-how"
    },
    "snapshot": {
      "number": "A.3",
      "spec": "Internationalization Glossary",
      "text": "Bikeshed",
      "url": "https://www.w3.org/TR/i18n-glossary/#bikeshed-how"
    }
  },
  "#glossary": {
    "current": {
      "number": "3",
      "spec": "Internationalization Glossary",
      "text": "Glossary",
      "url": "https://w3c.github.io/i18n-glossary/#glossary"
    },
    "snapshot": {
      "number": "3",
      "spec": "Internationalization Glossary",
      "text": "Glossary",
      "url": "https://www.w3.org/TR/i18n-glossary/#glossary"
    }
  },
  "#how-to-use": {
    "current": {
      "number": "A",
      "spec": "Internationalization Glossary",
      "text": "How to use this glossary",
      "url": "https://w3c.github.io/i18n-glossary/#how-to-use"
    },
    "snapshot": {
      "number": "A",
      "spec": "Internationalization Glossary",
      "text": "How to use this glossary",
      "url": "https://www.w3.org/TR/i18n-glossary/#how-to-use"
    }
  },
  "#informative-references": {
    "current": {
      "number": "B.1",
      "spec": "Internationalization Glossary",
      "text": "Informative references",
      "url": "https://w3c.github.io/i18n-glossary/#informative-references"
    },
    "snapshot": {
      "number": "B.1",
      "spec": "Internationalization Glossary",
      "text": "Informative references",
      "url": "https://www.w3.org/TR/i18n-glossary/#informative-references"
    }
  },
  "#infra-rel": {
    "current": {
      "number": "A.1",
      "spec": "Internationalization Glossary",
      "text": "Relationship to the Infra Standard",
      "url": "https://w3c.github.io/i18n-glossary/#infra-rel"
    },
    "snapshot": {
      "number": "A.1",
      "spec": "Internationalization Glossary",
      "text": "Relationship to the Infra Standard",
      "url": "https://www.w3.org/TR/i18n-glossary/#infra-rel"
    }
  },
  "#introduction-0": {
    "current": {
      "number": "1",
      "spec": "Internationalization Glossary",
      "text": "Introduction",
      "url": "https://w3c.github.io/i18n-glossary/#introduction-0"
    },
    "snapshot": {
      "number": "1",
      "spec": "Internationalization Glossary",
      "text": "Introduction",
      "url": "https://www.w3.org/TR/i18n-glossary/#introduction-0"
    }
  },
  "#references": {
    "current": {
      "number": "B",
      "spec": "Internationalization Glossary",
      "text": "References",
      "url": "https://w3c.github.io/i18n-glossary/#references"
    },
    "snapshot": {
      "number": "B",
      "spec": "Internationalization Glossary",
      "text": "References",
      "url": "https://www.w3.org/TR/i18n-glossary/#references"
    }
  },
  "#respec-how-to-use": {
    "current": {
      "number": "A.2",
      "spec": "Internationalization Glossary",
      "text": "ReSpec",
      "url": "https://w3c.github.io/i18n-glossary/#respec-how-to-use"
    },
    "snapshot": {
      "number": "A.2",
      "spec": "Internationalization Glossary",
      "text": "ReSpec",
      "url": "https://www.w3.org/TR/i18n-glossary/#respec-how-to-use"
    }
  },
  "#title": {
    "current": {
      "number": "",
      "spec": "Internationalization Glossary",
      "text": "Internationalization Glossary",
      "url": "https://w3c.github.io/i18n-glossary/#title"
    },
    "snapshot": {
      "number": "",
      "spec": "Internationalization Glossary",
      "text": "Internationalization Glossary",
      "url": "https://www.w3.org/TR/i18n-glossary/#title"
    }
  },
  "#toc": {
    "current": {
      "number": "",
      "spec": "Internationalization Glossary",
      "text": "Table of Contents",
      "url": "https://w3c.github.io/i18n-glossary/#toc"
    },
    "snapshot": {
      "number": "",
      "spec": "Internationalization Glossary",
      "text": "Table of Contents",
      "url": "https://www.w3.org/TR/i18n-glossary/#toc"
    }
  }
}