{
  "#abstract": {
    "snapshot": {
      "number": "",
      "spec": "ISO BMFF Byte Stream Format",
      "text": "Abstract",
      "url": "https://www.w3.org/TR/mse-byte-stream-format-isobmff/#abstract"
    }
  },
  "#acknowledgements": {
    "current": {
      "number": "7",
      "spec": "ISO BMFF Byte Stream Format",
      "text": "Acknowledgments",
      "url": "https://w3c.github.io/mse-byte-stream-format-isobmff/#acknowledgements"
    },
    "snapshot": {
      "number": "7",
      "spec": "ISO BMFF Byte Stream Format",
      "text": "Acknowledgments",
      "url": "https://www.w3.org/TR/mse-byte-stream-format-isobmff/#acknowledgements"
    }
  },
  "#conformance": {
    "current": {
      "number": "6",
      "spec": "ISO BMFF Byte Stream Format",
      "text": "Conformance",
      "url": "https://w3c.github.io/mse-byte-stream-format-isobmff/#conformance"
    },
    "snapshot": {
      "number": "6",
      "spec": "ISO BMFF Byte Stream Format",
      "text": "Conformance",
      "url": "https://www.w3.org/TR/mse-byte-stream-format-isobmff/#conformance"
    }
  },
  "#informative-references": {
    "snapshot": {
      "number": "A.2",
      "spec": "ISO BMFF Byte Stream Format",
      "text": "Informative references",
      "url": "https://www.w3.org/TR/mse-byte-stream-format-isobmff/#informative-references"
    }
  },
  "#introduction": {
    "current": {
      "number": "1",
      "spec": "ISO BMFF Byte Stream Format",
      "text": "Introduction",
      "url": "https://w3c.github.io/mse-byte-stream-format-isobmff/#introduction"
    },
    "snapshot": {
      "number": "1",
      "spec": "ISO BMFF Byte Stream Format",
      "text": "Introduction",
      "url": "https://www.w3.org/TR/mse-byte-stream-format-isobmff/#introduction"
    }
  },
  "#iso-init-segments": {
    "current": {
      "number": "3",
      "spec": "ISO BMFF Byte Stream Format",
      "text": "Initialization Segments",
      "url": "https://w3c.github.io/mse-byte-stream-format-isobmff/#iso-init-segments"
    },
    "snapshot": {
      "number": "3",
      "spec": "ISO BMFF Byte Stream Format",
      "text": "Initialization Segments",
      "url": "https://www.w3.org/TR/mse-byte-stream-format-isobmff/#iso-init-segments"
    }
  },
  "#iso-media-segments": {
    "current": {
      "number": "4",
      "spec": "ISO BMFF Byte Stream Format",
      "text": "Media Segments",
      "url": "https://w3c.github.io/mse-byte-stream-format-isobmff/#iso-media-segments"
    },
    "snapshot": {
      "number": "4",
      "spec": "ISO BMFF Byte Stream Format",
      "text": "Media Segments",
      "url": "https://www.w3.org/TR/mse-byte-stream-format-isobmff/#iso-media-segments"
    }
  },
  "#iso-random-access-points": {
    "current": {
      "number": "5",
      "spec": "ISO BMFF Byte Stream Format",
      "text": "Random Access Points",
      "url": "https://w3c.github.io/mse-byte-stream-format-isobmff/#iso-random-access-points"
    },
    "snapshot": {
      "number": "5",
      "spec": "ISO BMFF Byte Stream Format",
      "text": "Random Access Points",
      "url": "https://www.w3.org/TR/mse-byte-stream-format-isobmff/#iso-random-access-points"
    }
  },
  "#mime-parameters": {
    "current": {
      "number": "2",
      "spec": "ISO BMFF Byte Stream Format",
      "text": "MIME-type parameters",
      "url": "https://w3c.github.io/mse-byte-stream-format-isobmff/#mime-parameters"
    },
    "snapshot": {
      "number": "2",
      "spec": "ISO BMFF Byte Stream Format",
      "text": "MIME-type parameters",
      "url": "https://www.w3.org/TR/mse-byte-stream-format-isobmff/#mime-parameters"
    }
  },
  "#normative-references": {
    "current": {
      "number": "A.1",
      "spec": "ISO BMFF Byte Stream Format",
      "text": "Normative references",
      "url": "https://w3c.github.io/mse-byte-stream-format-isobmff/#normative-references"
    },
    "snapshot": {
      "number": "A.1",
      "spec": "ISO BMFF Byte Stream Format",
      "text": "Normative references",
      "url": "https://www.w3.org/TR/mse-byte-stream-format-isobmff/#normative-references"
    }
  },
  "#references": {
    "current": {
      "number": "A",
      "spec": "ISO BMFF Byte Stream Format",
      "text": "References",
      "url": "https://w3c.github.io/mse-byte-stream-format-isobmff/#references"
    },
    "snapshot": {
      "number": "A",
      "spec": "ISO BMFF Byte Stream Format",
      "text": "References",
      "url": "https://www.w3.org/TR/mse-byte-stream-format-isobmff/#references"
    }
  },
  "#respecDocument": {
    "snapshot": {
      "number": "",
      "spec": "ISO BMFF Byte Stream Format",
      "text": "ISO BMFF Byte Stream Format",
      "url": "https://www.w3.org/TR/mse-byte-stream-format-isobmff/#respecDocument"
    }
  },
  "#sotd": {
    "snapshot": {
      "number": "",
      "spec": "ISO BMFF Byte Stream Format",
      "text": "Status of This Document",
      "url": "https://www.w3.org/TR/mse-byte-stream-format-isobmff/#sotd"
    }
  },
  "#title": {
    "current": {
      "number": "",
      "spec": "ISO BMFF Byte Stream Format",
      "text": "ISO BMFF Byte Stream Format",
      "url": "https://w3c.github.io/mse-byte-stream-format-isobmff/#title"
    }
  },
  "#toc": {
    "current": {
      "number": "",
      "spec": "ISO BMFF Byte Stream Format",
      "text": "Table of Contents",
      "url": "https://w3c.github.io/mse-byte-stream-format-isobmff/#toc"
    },
    "snapshot": {
      "number": "",
      "spec": "ISO BMFF Byte Stream Format",
      "text": "Table of Contents",
      "url": "https://www.w3.org/TR/mse-byte-stream-format-isobmff/#toc"
    }
  },
  "#w3c-working-group-note-04-october-2016": {
    "snapshot": {
      "number": "",
      "spec": "ISO BMFF Byte Stream Format",
      "text": "W3C Working Group Note 04 October 2016",
      "url": "https://www.w3.org/TR/mse-byte-stream-format-isobmff/#w3c-working-group-note-04-october-2016"
    }
  }
}