{
  "#abstract": {
    "current": {
      "number": "",
      "spec": "CSS Linked Parameters",
      "text": "Abstract",
      "url": "https://drafts.csswg.org/css-link-params-1/#abstract"
    }
  },
  "#index": {
    "current": {
      "number": "",
      "spec": "CSS Linked Parameters",
      "text": "Index",
      "url": "https://drafts.csswg.org/css-link-params-1/#index"
    }
  },
  "#index-defined-elsewhere": {
    "current": {
      "number": "",
      "spec": "CSS Linked Parameters",
      "text": "Terms defined by reference",
      "url": "https://drafts.csswg.org/css-link-params-1/#index-defined-elsewhere"
    }
  },
  "#index-defined-here": {
    "current": {
      "number": "",
      "spec": "CSS Linked Parameters",
      "text": "Terms defined by this specification",
      "url": "https://drafts.csswg.org/css-link-params-1/#index-defined-here"
    }
  },
  "#informative": {
    "current": {
      "number": "",
      "spec": "CSS Linked Parameters",
      "text": "Informative References",
      "url": "https://drafts.csswg.org/css-link-params-1/#informative"
    }
  },
  "#intro": {
    "current": {
      "number": "1",
      "spec": "CSS Linked Parameters",
      "text": "Introduction",
      "url": "https://drafts.csswg.org/css-link-params-1/#intro"
    }
  },
  "#issues-index": {
    "current": {
      "number": "",
      "spec": "CSS Linked Parameters",
      "text": "Issues Index",
      "url": "https://drafts.csswg.org/css-link-params-1/#issues-index"
    }
  },
  "#link-param-prop": {
    "current": {
      "number": "2.1",
      "spec": "CSS Linked Parameters",
      "text": "In CSS: the link-parameters property",
      "url": "https://drafts.csswg.org/css-link-params-1/#link-param-prop"
    }
  },
  "#normative": {
    "current": {
      "number": "",
      "spec": "CSS Linked Parameters",
      "text": "Normative References",
      "url": "https://drafts.csswg.org/css-link-params-1/#normative"
    }
  },
  "#property-index": {
    "current": {
      "number": "",
      "spec": "CSS Linked Parameters",
      "text": "Property Index",
      "url": "https://drafts.csswg.org/css-link-params-1/#property-index"
    }
  },
  "#references": {
    "current": {
      "number": "",
      "spec": "CSS Linked Parameters",
      "text": "References",
      "url": "https://drafts.csswg.org/css-link-params-1/#references"
    }
  },
  "#setting": {
    "current": {
      "number": "2",
      "spec": "CSS Linked Parameters",
      "text": "Setting a Link Parameter",
      "url": "https://drafts.csswg.org/css-link-params-1/#setting"
    }
  },
  "#setting-url": {
    "current": {
      "number": "2.3",
      "spec": "CSS Linked Parameters",
      "text": "Setting via the CSS url() Function",
      "url": "https://drafts.csswg.org/css-link-params-1/#setting-url"
    }
  },
  "#sotd": {
    "current": {
      "number": "",
      "spec": "CSS Linked Parameters",
      "text": "Status of this document",
      "url": "https://drafts.csswg.org/css-link-params-1/#sotd"
    }
  },
  "#title": {
    "current": {
      "number": "",
      "spec": "CSS Linked Parameters",
      "text": "CSS Linked Parameters",
      "url": "https://drafts.csswg.org/css-link-params-1/#title"
    }
  },
  "#toc": {
    "current": {
      "number": "",
      "spec": "CSS Linked Parameters",
      "text": "Table of Contents",
      "url": "https://drafts.csswg.org/css-link-params-1/#toc"
    }
  },
  "#url-frag": {
    "current": {
      "number": "2.2",
      "spec": "CSS Linked Parameters",
      "text": "In The URL",
      "url": "https://drafts.csswg.org/css-link-params-1/#url-frag"
    }
  },
  "#using": {
    "current": {
      "number": "3",
      "spec": "CSS Linked Parameters",
      "text": "Using Link Parameters",
      "url": "https://drafts.csswg.org/css-link-params-1/#using"
    }
  },
  "#w3c-conform-future-proofing": {
    "current": {
      "number": "",
      "spec": "CSS Linked Parameters",
      "text": "Implementations of Unstable and Proprietary Features",
      "url": "https://drafts.csswg.org/css-link-params-1/#w3c-conform-future-proofing"
    }
  },
  "#w3c-conformance": {
    "current": {
      "number": "",
      "spec": "CSS Linked Parameters",
      "text": "Conformance",
      "url": "https://drafts.csswg.org/css-link-params-1/#w3c-conformance"
    }
  },
  "#w3c-conformance-classes": {
    "current": {
      "number": "",
      "spec": "CSS Linked Parameters",
      "text": "Conformance classes",
      "url": "https://drafts.csswg.org/css-link-params-1/#w3c-conformance-classes"
    }
  },
  "#w3c-conventions": {
    "current": {
      "number": "",
      "spec": "CSS Linked Parameters",
      "text": "Document conventions",
      "url": "https://drafts.csswg.org/css-link-params-1/#w3c-conventions"
    }
  },
  "#w3c-partial": {
    "current": {
      "number": "",
      "spec": "CSS Linked Parameters",
      "text": "Partial implementations",
      "url": "https://drafts.csswg.org/css-link-params-1/#w3c-partial"
    }
  },
  "#w3c-testing": {
    "current": {
      "number": "",
      "spec": "CSS Linked Parameters",
      "text": "Non-experimental implementations",
      "url": "https://drafts.csswg.org/css-link-params-1/#w3c-testing"
    }
  }
}