{
  "#boundingrect-overlayscontent-and-ongeometrychange-attributes": {
    "current": {
      "number": "7.2",
      "spec": "VirtualKeyboard API",
      "text": "boundingRect, overlaysContent and ongeometrychange attributes",
      "url": "https://w3c.github.io/virtual-keyboard/#boundingrect-overlayscontent-and-ongeometrychange-attributes"
    },
    "snapshot": {
      "number": "7.2",
      "spec": "VirtualKeyboard API",
      "text": "boundingRect, overlaysContent and ongeometrychange attributes",
      "url": "https://www.w3.org/TR/virtual-keyboard/#boundingrect-overlayscontent-and-ongeometrychange-attributes"
    }
  },
  "#conformance": {
    "current": {
      "number": "2",
      "spec": "VirtualKeyboard API",
      "text": "Conformance",
      "url": "https://w3c.github.io/virtual-keyboard/#conformance"
    },
    "snapshot": {
      "number": "2",
      "spec": "VirtualKeyboard API",
      "text": "Conformance",
      "url": "https://www.w3.org/TR/virtual-keyboard/#conformance"
    }
  },
  "#contributors": {
    "current": {
      "number": "B",
      "spec": "VirtualKeyboard API",
      "text": "Contributors",
      "url": "https://w3c.github.io/virtual-keyboard/#contributors"
    },
    "snapshot": {
      "number": "B",
      "spec": "VirtualKeyboard API",
      "text": "Contributors",
      "url": "https://www.w3.org/TR/virtual-keyboard/#contributors"
    }
  },
  "#example-with-usage-of-vk-control-apis": {
    "current": {
      "number": "6.1",
      "spec": "VirtualKeyboard API",
      "text": "Example with usage of VK control APIs.",
      "url": "https://w3c.github.io/virtual-keyboard/#example-with-usage-of-vk-control-apis"
    },
    "snapshot": {
      "number": "6.1",
      "spec": "VirtualKeyboard API",
      "text": "Example with usage of VK control APIs.",
      "url": "https://www.w3.org/TR/virtual-keyboard/#example-with-usage-of-vk-control-apis"
    }
  },
  "#examples": {
    "current": {
      "number": "6",
      "spec": "VirtualKeyboard API",
      "text": "Examples",
      "url": "https://w3c.github.io/virtual-keyboard/#examples"
    },
    "snapshot": {
      "number": "6",
      "spec": "VirtualKeyboard API",
      "text": "Examples",
      "url": "https://www.w3.org/TR/virtual-keyboard/#examples"
    }
  },
  "#examples-with-usage-of-overlayscontent-and-geometry-event-as-a-result-of-vk-showing": {
    "current": {
      "number": "6.2",
      "spec": "VirtualKeyboard API",
      "text": "Examples with usage of overlaysContent and geometry event as a result of VK showing.",
      "url": "https://w3c.github.io/virtual-keyboard/#examples-with-usage-of-overlayscontent-and-geometry-event-as-a-result-of-vk-showing"
    },
    "snapshot": {
      "number": "6.2",
      "spec": "VirtualKeyboard API",
      "text": "Examples with usage of overlaysContent and geometry event as a result of VK showing.",
      "url": "https://www.w3.org/TR/virtual-keyboard/#examples-with-usage-of-overlayscontent-and-geometry-event-as-a-result-of-vk-showing"
    }
  },
  "#extensions-to-the-elementcontenteditable-mixin": {
    "current": {
      "number": "4",
      "spec": "VirtualKeyboard API",
      "text": "Extensions to the ElementContentEditable mixin",
      "url": "https://w3c.github.io/virtual-keyboard/#extensions-to-the-elementcontenteditable-mixin"
    },
    "snapshot": {
      "number": "4",
      "spec": "VirtualKeyboard API",
      "text": "Extensions to the ElementContentEditable mixin",
      "url": "https://www.w3.org/TR/virtual-keyboard/#extensions-to-the-elementcontenteditable-mixin"
    }
  },
  "#hide-and-show-methods": {
    "current": {
      "number": "7.1",
      "spec": "VirtualKeyboard API",
      "text": "hide() and show() methods",
      "url": "https://w3c.github.io/virtual-keyboard/#hide-and-show-methods"
    },
    "snapshot": {
      "number": "7.1",
      "spec": "VirtualKeyboard API",
      "text": "hide() and show() methods",
      "url": "https://www.w3.org/TR/virtual-keyboard/#hide-and-show-methods"
    }
  },
  "#idl-index": {
    "current": {
      "number": "A",
      "spec": "VirtualKeyboard API",
      "text": "IDL Index",
      "url": "https://w3c.github.io/virtual-keyboard/#idl-index"
    },
    "snapshot": {
      "number": "A",
      "spec": "VirtualKeyboard API",
      "text": "IDL Index",
      "url": "https://www.w3.org/TR/virtual-keyboard/#idl-index"
    }
  },
  "#introduction": {
    "current": {
      "number": "1",
      "spec": "VirtualKeyboard API",
      "text": "Introduction",
      "url": "https://w3c.github.io/virtual-keyboard/#introduction"
    },
    "snapshot": {
      "number": "1",
      "spec": "VirtualKeyboard API",
      "text": "Introduction",
      "url": "https://www.w3.org/TR/virtual-keyboard/#introduction"
    }
  },
  "#keyboard-inset-variables": {
    "current": {
      "number": "5.1",
      "spec": "VirtualKeyboard API",
      "text": "Keyboard inset variables",
      "url": "https://w3c.github.io/virtual-keyboard/#keyboard-inset-variables"
    },
    "snapshot": {
      "number": "5.1",
      "spec": "VirtualKeyboard API",
      "text": "Keyboard inset variables",
      "url": "https://www.w3.org/TR/virtual-keyboard/#keyboard-inset-variables"
    }
  },
  "#normative-references": {
    "current": {
      "number": "C.1",
      "spec": "VirtualKeyboard API",
      "text": "Normative references",
      "url": "https://w3c.github.io/virtual-keyboard/#normative-references"
    },
    "snapshot": {
      "number": "C.1",
      "spec": "VirtualKeyboard API",
      "text": "Normative references",
      "url": "https://www.w3.org/TR/virtual-keyboard/#normative-references"
    }
  },
  "#privacy-and-security-considerations": {
    "current": {
      "number": "7",
      "spec": "VirtualKeyboard API",
      "text": "Privacy and Security Considerations",
      "url": "https://w3c.github.io/virtual-keyboard/#privacy-and-security-considerations"
    },
    "snapshot": {
      "number": "7",
      "spec": "VirtualKeyboard API",
      "text": "Privacy and Security Considerations",
      "url": "https://www.w3.org/TR/virtual-keyboard/#privacy-and-security-considerations"
    }
  },
  "#references": {
    "current": {
      "number": "C",
      "spec": "VirtualKeyboard API",
      "text": "References",
      "url": "https://w3c.github.io/virtual-keyboard/#references"
    },
    "snapshot": {
      "number": "C",
      "spec": "VirtualKeyboard API",
      "text": "References",
      "url": "https://www.w3.org/TR/virtual-keyboard/#references"
    }
  },
  "#the-virtualkeyboard-interface": {
    "current": {
      "number": "3",
      "spec": "VirtualKeyboard API",
      "text": "The VirtualKeyboard Interface",
      "url": "https://w3c.github.io/virtual-keyboard/#the-virtualkeyboard-interface"
    },
    "snapshot": {
      "number": "3",
      "spec": "VirtualKeyboard API",
      "text": "The VirtualKeyboard Interface",
      "url": "https://www.w3.org/TR/virtual-keyboard/#the-virtualkeyboard-interface"
    }
  },
  "#title": {
    "current": {
      "number": "",
      "spec": "VirtualKeyboard API",
      "text": "VirtualKeyboard API",
      "url": "https://w3c.github.io/virtual-keyboard/#title"
    },
    "snapshot": {
      "number": "",
      "spec": "VirtualKeyboard API",
      "text": "VirtualKeyboard API",
      "url": "https://www.w3.org/TR/virtual-keyboard/#title"
    }
  },
  "#toc": {
    "current": {
      "number": "",
      "spec": "VirtualKeyboard API",
      "text": "Table of Contents",
      "url": "https://w3c.github.io/virtual-keyboard/#toc"
    },
    "snapshot": {
      "number": "",
      "spec": "VirtualKeyboard API",
      "text": "Table of Contents",
      "url": "https://www.w3.org/TR/virtual-keyboard/#toc"
    }
  },
  "#virtual-keyboard-visibility-change-css-environment-variables": {
    "current": {
      "number": "5",
      "spec": "VirtualKeyboard API",
      "text": "Virtual Keyboard Visibility Change CSS environment variables.",
      "url": "https://w3c.github.io/virtual-keyboard/#virtual-keyboard-visibility-change-css-environment-variables"
    },
    "snapshot": {
      "number": "5",
      "spec": "VirtualKeyboard API",
      "text": "Virtual Keyboard Visibility Change CSS environment variables.",
      "url": "https://www.w3.org/TR/virtual-keyboard/#virtual-keyboard-visibility-change-css-environment-variables"
    }
  }
}