{
  "#IANA.considerations": {
    "current": {
      "number": "8",
      "spec": "HTTP/1.1 Message Syntax and Routing",
      "text": "IANA Considerations",
      "url": "https://httpwg.org/specs/rfc7230.html#IANA.considerations"
    }
  },
  "#abnf.extension": {
    "current": {
      "number": "7",
      "spec": "HTTP/1.1 Message Syntax and Routing",
      "text": "ABNF List Extension: #rule",
      "url": "https://httpwg.org/specs/rfc7230.html#abnf.extension"
    }
  },
  "#absolute-form": {
    "current": {
      "number": "5.3.2",
      "spec": "HTTP/1.1 Message Syntax and Routing",
      "text": "absolute-form",
      "url": "https://httpwg.org/specs/rfc7230.html#absolute-form"
    }
  },
  "#acks": {
    "current": {
      "number": "",
      "spec": "HTTP/1.1 Message Syntax and Routing",
      "text": "10. Acknowledgments",
      "url": "https://httpwg.org/specs/rfc7230.html#acks"
    }
  },
  "#architecture": {
    "current": {
      "number": "2",
      "spec": "HTTP/1.1 Message Syntax and Routing",
      "text": "Architecture",
      "url": "https://httpwg.org/specs/rfc7230.html#architecture"
    }
  },
  "#associating.response.to.request": {
    "current": {
      "number": "5.6",
      "spec": "HTTP/1.1 Message Syntax and Routing",
      "text": "Associating a Response to a Request",
      "url": "https://httpwg.org/specs/rfc7230.html#associating.response.to.request"
    }
  },
  "#asterisk-form": {
    "current": {
      "number": "5.3.4",
      "spec": "HTTP/1.1 Message Syntax and Routing",
      "text": "asterisk-form",
      "url": "https://httpwg.org/specs/rfc7230.html#asterisk-form"
    }
  },
  "#attack.protocol.element.length": {
    "current": {
      "number": "9.3",
      "spec": "HTTP/1.1 Message Syntax and Routing",
      "text": "Attacks via Protocol Element Length",
      "url": "https://httpwg.org/specs/rfc7230.html#attack.protocol.element.length"
    }
  },
  "#authority-form": {
    "current": {
      "number": "5.3.3",
      "spec": "HTTP/1.1 Message Syntax and Routing",
      "text": "authority-form",
      "url": "https://httpwg.org/specs/rfc7230.html#authority-form"
    }
  },
  "#caches": {
    "current": {
      "number": "2.4",
      "spec": "HTTP/1.1 Message Syntax and Routing",
      "text": "Caches",
      "url": "https://httpwg.org/specs/rfc7230.html#caches"
    }
  },
  "#changes.from.1.0": {
    "current": {
      "number": "A.1",
      "spec": "HTTP/1.1 Message Syntax and Routing",
      "text": "Changes from HTTP/1.0",
      "url": "https://httpwg.org/specs/rfc7230.html#changes.from.1.0"
    }
  },
  "#changes.from.rfc.2616": {
    "current": {
      "number": "A.2",
      "spec": "HTTP/1.1 Message Syntax and Routing",
      "text": "Changes from RFC 2616",
      "url": "https://httpwg.org/specs/rfc7230.html#changes.from.rfc.2616"
    }
  },
  "#changes.to.simplify.multihomed.web.servers.and.conserve.ip.addresses": {
    "current": {
      "number": "A.1.1",
      "spec": "HTTP/1.1 Message Syntax and Routing",
      "text": "Multihomed Web Servers",
      "url": "https://httpwg.org/specs/rfc7230.html#changes.to.simplify.multihomed.web.servers.and.conserve.ip.addresses"
    }
  },
  "#chunked.encoding": {
    "current": {
      "number": "4.1",
      "spec": "HTTP/1.1 Message Syntax and Routing",
      "text": "Chunked Transfer Coding",
      "url": "https://httpwg.org/specs/rfc7230.html#chunked.encoding"
    }
  },
  "#chunked.extension": {
    "current": {
      "number": "4.1.1",
      "spec": "HTTP/1.1 Message Syntax and Routing",
      "text": "Chunk Extensions",
      "url": "https://httpwg.org/specs/rfc7230.html#chunked.extension"
    }
  },
  "#chunked.trailer.part": {
    "current": {
      "number": "4.1.2",
      "spec": "HTTP/1.1 Message Syntax and Routing",
      "text": "Chunked Trailer Part",
      "url": "https://httpwg.org/specs/rfc7230.html#chunked.trailer.part"
    }
  },
  "#collected.abnf": {
    "current": {
      "number": "B",
      "spec": "HTTP/1.1 Message Syntax and Routing",
      "text": "Collected ABNF",
      "url": "https://httpwg.org/specs/rfc7230.html#collected.abnf"
    }
  },
  "#compatibility": {
    "current": {
      "number": "A",
      "spec": "HTTP/1.1 Message Syntax and Routing",
      "text": "HTTP Version History",
      "url": "https://httpwg.org/specs/rfc7230.html#compatibility"
    }
  },
  "#compatibility.with.http.1.0.persistent.connections": {
    "current": {
      "number": "A.1.2",
      "spec": "HTTP/1.1 Message Syntax and Routing",
      "text": "Keep-Alive Connections",
      "url": "https://httpwg.org/specs/rfc7230.html#compatibility.with.http.1.0.persistent.connections"
    }
  },
  "#compress.coding": {
    "current": {
      "number": "4.2.1",
      "spec": "HTTP/1.1 Message Syntax and Routing",
      "text": "Compress Coding",
      "url": "https://httpwg.org/specs/rfc7230.html#compress.coding"
    }
  },
  "#compression.codings": {
    "current": {
      "number": "4.2",
      "spec": "HTTP/1.1 Message Syntax and Routing",
      "text": "Compression Codings",
      "url": "https://httpwg.org/specs/rfc7230.html#compression.codings"
    }
  },
  "#conformance": {
    "current": {
      "number": "2.5",
      "spec": "HTTP/1.1 Message Syntax and Routing",
      "text": "Conformance and Error Handling",
      "url": "https://httpwg.org/specs/rfc7230.html#conformance"
    }
  },
  "#connecting.inbound": {
    "current": {
      "number": "5.2",
      "spec": "HTTP/1.1 Message Syntax and Routing",
      "text": "Connecting Inbound",
      "url": "https://httpwg.org/specs/rfc7230.html#connecting.inbound"
    }
  },
  "#connection.management": {
    "current": {
      "number": "6",
      "spec": "HTTP/1.1 Message Syntax and Routing",
      "text": "Connection Management",
      "url": "https://httpwg.org/specs/rfc7230.html#connection.management"
    }
  },
  "#content.coding.registration": {
    "current": {
      "number": "8.5",
      "spec": "HTTP/1.1 Message Syntax and Routing",
      "text": "Content Coding Registration",
      "url": "https://httpwg.org/specs/rfc7230.html#content.coding.registration"
    }
  },
  "#decoding.chunked": {
    "current": {
      "number": "4.1.3",
      "spec": "HTTP/1.1 Message Syntax and Routing",
      "text": "Decoding Chunked",
      "url": "https://httpwg.org/specs/rfc7230.html#decoding.chunked"
    }
  },
  "#deflate.coding": {
    "current": {
      "number": "4.2.2",
      "spec": "HTTP/1.1 Message Syntax and Routing",
      "text": "Deflate Coding",
      "url": "https://httpwg.org/specs/rfc7230.html#deflate.coding"
    }
  },
  "#effective.request.uri": {
    "current": {
      "number": "5.5",
      "spec": "HTTP/1.1 Message Syntax and Routing",
      "text": "Effective Request URI",
      "url": "https://httpwg.org/specs/rfc7230.html#effective.request.uri"
    }
  },
  "#establishing.authority": {
    "current": {
      "number": "9.1",
      "spec": "HTTP/1.1 Message Syntax and Routing",
      "text": "Establishing Authority",
      "url": "https://httpwg.org/specs/rfc7230.html#establishing.authority"
    }
  },
  "#field.components": {
    "current": {
      "number": "3.2.6",
      "spec": "HTTP/1.1 Message Syntax and Routing",
      "text": "Field Value Components",
      "url": "https://httpwg.org/specs/rfc7230.html#field.components"
    }
  },
  "#field.extensibility": {
    "current": {
      "number": "3.2.1",
      "spec": "HTTP/1.1 Message Syntax and Routing",
      "text": "Field Extensibility",
      "url": "https://httpwg.org/specs/rfc7230.html#field.extensibility"
    }
  },
  "#field.limits": {
    "current": {
      "number": "3.2.5",
      "spec": "HTTP/1.1 Message Syntax and Routing",
      "text": "Field Limits",
      "url": "https://httpwg.org/specs/rfc7230.html#field.limits"
    }
  },
  "#field.order": {
    "current": {
      "number": "3.2.2",
      "spec": "HTTP/1.1 Message Syntax and Routing",
      "text": "Field Order",
      "url": "https://httpwg.org/specs/rfc7230.html#field.order"
    }
  },
  "#field.parsing": {
    "current": {
      "number": "3.2.4",
      "spec": "HTTP/1.1 Message Syntax and Routing",
      "text": "Field Parsing",
      "url": "https://httpwg.org/specs/rfc7230.html#field.parsing"
    }
  },
  "#gzip.coding": {
    "current": {
      "number": "4.2.3",
      "spec": "HTTP/1.1 Message Syntax and Routing",
      "text": "Gzip Coding",
      "url": "https://httpwg.org/specs/rfc7230.html#gzip.coding"
    }
  },
  "#header.connection": {
    "current": {
      "number": "6.1",
      "spec": "HTTP/1.1 Message Syntax and Routing",
      "text": "Connection",
      "url": "https://httpwg.org/specs/rfc7230.html#header.connection"
    }
  },
  "#header.content-length": {
    "current": {
      "number": "3.3.2",
      "spec": "HTTP/1.1 Message Syntax and Routing",
      "text": "Content-Length",
      "url": "https://httpwg.org/specs/rfc7230.html#header.content-length"
    }
  },
  "#header.field.registration": {
    "current": {
      "number": "8.1",
      "spec": "HTTP/1.1 Message Syntax and Routing",
      "text": "Header Field Registration",
      "url": "https://httpwg.org/specs/rfc7230.html#header.field.registration"
    }
  },
  "#header.fields": {
    "current": {
      "number": "3.2",
      "spec": "HTTP/1.1 Message Syntax and Routing",
      "text": "Header Fields",
      "url": "https://httpwg.org/specs/rfc7230.html#header.fields"
    }
  },
  "#header.host": {
    "current": {
      "number": "5.4",
      "spec": "HTTP/1.1 Message Syntax and Routing",
      "text": "Host",
      "url": "https://httpwg.org/specs/rfc7230.html#header.host"
    }
  },
  "#header.te": {
    "current": {
      "number": "4.3",
      "spec": "HTTP/1.1 Message Syntax and Routing",
      "text": "TE",
      "url": "https://httpwg.org/specs/rfc7230.html#header.te"
    }
  },
  "#header.trailer": {
    "current": {
      "number": "4.4",
      "spec": "HTTP/1.1 Message Syntax and Routing",
      "text": "Trailer",
      "url": "https://httpwg.org/specs/rfc7230.html#header.trailer"
    }
  },
  "#header.transfer-encoding": {
    "current": {
      "number": "3.3.1",
      "spec": "HTTP/1.1 Message Syntax and Routing",
      "text": "Transfer-Encoding",
      "url": "https://httpwg.org/specs/rfc7230.html#header.transfer-encoding"
    }
  },
  "#header.upgrade": {
    "current": {
      "number": "6.7",
      "spec": "HTTP/1.1 Message Syntax and Routing",
      "text": "Upgrade",
      "url": "https://httpwg.org/specs/rfc7230.html#header.upgrade"
    }
  },
  "#header.via": {
    "current": {
      "number": "5.7.1",
      "spec": "HTTP/1.1 Message Syntax and Routing",
      "text": "Via",
      "url": "https://httpwg.org/specs/rfc7230.html#header.via"
    }
  },
  "#http.message": {
    "current": {
      "number": "3",
      "spec": "HTTP/1.1 Message Syntax and Routing",
      "text": "Message Format",
      "url": "https://httpwg.org/specs/rfc7230.html#http.message"
    }
  },
  "#http.uri": {
    "current": {
      "number": "2.7.1",
      "spec": "HTTP/1.1 Message Syntax and Routing",
      "text": "http URI Scheme",
      "url": "https://httpwg.org/specs/rfc7230.html#http.uri"
    }
  },
  "#http.version": {
    "current": {
      "number": "2.6",
      "spec": "HTTP/1.1 Message Syntax and Routing",
      "text": "Protocol Versioning",
      "url": "https://httpwg.org/specs/rfc7230.html#http.version"
    }
  },
  "#https.uri": {
    "current": {
      "number": "2.7.2",
      "spec": "HTTP/1.1 Message Syntax and Routing",
      "text": "https URI Scheme",
      "url": "https://httpwg.org/specs/rfc7230.html#https.uri"
    }
  },
  "#implementation-diversity": {
    "current": {
      "number": "2.2",
      "spec": "HTTP/1.1 Message Syntax and Routing",
      "text": "Implementation Diversity",
      "url": "https://httpwg.org/specs/rfc7230.html#implementation-diversity"
    }
  },
  "#incomplete.messages": {
    "current": {
      "number": "3.4",
      "spec": "HTTP/1.1 Message Syntax and Routing",
      "text": "Handling Incomplete Messages",
      "url": "https://httpwg.org/specs/rfc7230.html#incomplete.messages"
    }
  },
  "#intermediaries": {
    "current": {
      "number": "2.3",
      "spec": "HTTP/1.1 Message Syntax and Routing",
      "text": "Intermediaries",
      "url": "https://httpwg.org/specs/rfc7230.html#intermediaries"
    }
  },
  "#internet.media.type.application.http": {
    "current": {
      "number": "8.3.2",
      "spec": "HTTP/1.1 Message Syntax and Routing",
      "text": "Internet Media Type application/http",
      "url": "https://httpwg.org/specs/rfc7230.html#internet.media.type.application.http"
    }
  },
  "#internet.media.type.http": {
    "current": {
      "number": "8.3",
      "spec": "HTTP/1.1 Message Syntax and Routing",
      "text": "Internet Media Type Registration",
      "url": "https://httpwg.org/specs/rfc7230.html#internet.media.type.http"
    }
  },
  "#internet.media.type.message.http": {
    "current": {
      "number": "8.3.1",
      "spec": "HTTP/1.1 Message Syntax and Routing",
      "text": "Internet Media Type message/http",
      "url": "https://httpwg.org/specs/rfc7230.html#internet.media.type.message.http"
    }
  },
  "#intro.requirements": {
    "current": {
      "number": "1.1",
      "spec": "HTTP/1.1 Message Syntax and Routing",
      "text": "Requirements Notation",
      "url": "https://httpwg.org/specs/rfc7230.html#intro.requirements"
    }
  },
  "#introduction": {
    "current": {
      "number": "1",
      "spec": "HTTP/1.1 Message Syntax and Routing",
      "text": "Introduction",
      "url": "https://httpwg.org/specs/rfc7230.html#introduction"
    }
  },
  "#introduction.of.transfer-encoding": {
    "current": {
      "number": "A.1.3",
      "spec": "HTTP/1.1 Message Syntax and Routing",
      "text": "Introduction of Transfer-Encoding",
      "url": "https://httpwg.org/specs/rfc7230.html#introduction.of.transfer-encoding"
    }
  },
  "#message.body": {
    "current": {
      "number": "3.3",
      "spec": "HTTP/1.1 Message Syntax and Routing",
      "text": "Message Body",
      "url": "https://httpwg.org/specs/rfc7230.html#message.body"
    }
  },
  "#message.body.length": {
    "current": {
      "number": "3.3.3",
      "spec": "HTTP/1.1 Message Syntax and Routing",
      "text": "Message Body Length",
      "url": "https://httpwg.org/specs/rfc7230.html#message.body.length"
    }
  },
  "#message.confidentiality": {
    "current": {
      "number": "9.7",
      "spec": "HTTP/1.1 Message Syntax and Routing",
      "text": "Message Confidentiality",
      "url": "https://httpwg.org/specs/rfc7230.html#message.confidentiality"
    }
  },
  "#message.forwarding": {
    "current": {
      "number": "5.7",
      "spec": "HTTP/1.1 Message Syntax and Routing",
      "text": "Message Forwarding",
      "url": "https://httpwg.org/specs/rfc7230.html#message.forwarding"
    }
  },
  "#message.integrity": {
    "current": {
      "number": "9.6",
      "spec": "HTTP/1.1 Message Syntax and Routing",
      "text": "Message Integrity",
      "url": "https://httpwg.org/specs/rfc7230.html#message.integrity"
    }
  },
  "#message.robustness": {
    "current": {
      "number": "3.5",
      "spec": "HTTP/1.1 Message Syntax and Routing",
      "text": "Message Parsing Robustness",
      "url": "https://httpwg.org/specs/rfc7230.html#message.robustness"
    }
  },
  "#message.routing": {
    "current": {
      "number": "5",
      "spec": "HTTP/1.1 Message Syntax and Routing",
      "text": "Message Routing",
      "url": "https://httpwg.org/specs/rfc7230.html#message.routing"
    }
  },
  "#message.transformations": {
    "current": {
      "number": "5.7.2",
      "spec": "HTTP/1.1 Message Syntax and Routing",
      "text": "Transformations",
      "url": "https://httpwg.org/specs/rfc7230.html#message.transformations"
    }
  },
  "#notation": {
    "current": {
      "number": "1.2",
      "spec": "HTTP/1.1 Message Syntax and Routing",
      "text": "Syntax Notation",
      "url": "https://httpwg.org/specs/rfc7230.html#notation"
    }
  },
  "#operation": {
    "current": {
      "number": "2.1",
      "spec": "HTTP/1.1 Message Syntax and Routing",
      "text": "Client/Server Messaging",
      "url": "https://httpwg.org/specs/rfc7230.html#operation"
    }
  },
  "#origin-form": {
    "current": {
      "number": "5.3.1",
      "spec": "HTTP/1.1 Message Syntax and Routing",
      "text": "origin-form",
      "url": "https://httpwg.org/specs/rfc7230.html#origin-form"
    }
  },
  "#persistent.concurrency": {
    "current": {
      "number": "6.4",
      "spec": "HTTP/1.1 Message Syntax and Routing",
      "text": "Concurrency",
      "url": "https://httpwg.org/specs/rfc7230.html#persistent.concurrency"
    }
  },
  "#persistent.connections": {
    "current": {
      "number": "6.3",
      "spec": "HTTP/1.1 Message Syntax and Routing",
      "text": "Persistence",
      "url": "https://httpwg.org/specs/rfc7230.html#persistent.connections"
    }
  },
  "#persistent.establishment": {
    "current": {
      "number": "6.2",
      "spec": "HTTP/1.1 Message Syntax and Routing",
      "text": "Establishment",
      "url": "https://httpwg.org/specs/rfc7230.html#persistent.establishment"
    }
  },
  "#persistent.failures": {
    "current": {
      "number": "6.5",
      "spec": "HTTP/1.1 Message Syntax and Routing",
      "text": "Failures and Timeouts",
      "url": "https://httpwg.org/specs/rfc7230.html#persistent.failures"
    }
  },
  "#persistent.retrying.requests": {
    "current": {
      "number": "6.3.1",
      "spec": "HTTP/1.1 Message Syntax and Routing",
      "text": "Retrying Requests",
      "url": "https://httpwg.org/specs/rfc7230.html#persistent.retrying.requests"
    }
  },
  "#persistent.tear-down": {
    "current": {
      "number": "6.6",
      "spec": "HTTP/1.1 Message Syntax and Routing",
      "text": "Tear-down",
      "url": "https://httpwg.org/specs/rfc7230.html#persistent.tear-down"
    }
  },
  "#pipelining": {
    "current": {
      "number": "6.3.2",
      "spec": "HTTP/1.1 Message Syntax and Routing",
      "text": "Pipelining",
      "url": "https://httpwg.org/specs/rfc7230.html#pipelining"
    }
  },
  "#privacy.of.server.log.information": {
    "current": {
      "number": "9.8",
      "spec": "HTTP/1.1 Message Syntax and Routing",
      "text": "Privacy of Server Log Information",
      "url": "https://httpwg.org/specs/rfc7230.html#privacy.of.server.log.information"
    }
  },
  "#request-target": {
    "current": {
      "number": "5.3",
      "spec": "HTTP/1.1 Message Syntax and Routing",
      "text": "Request Target",
      "url": "https://httpwg.org/specs/rfc7230.html#request-target"
    }
  },
  "#request.line": {
    "current": {
      "number": "3.1.1",
      "spec": "HTTP/1.1 Message Syntax and Routing",
      "text": "Request Line",
      "url": "https://httpwg.org/specs/rfc7230.html#request.line"
    }
  },
  "#request.smuggling": {
    "current": {
      "number": "9.5",
      "spec": "HTTP/1.1 Message Syntax and Routing",
      "text": "Request Smuggling",
      "url": "https://httpwg.org/specs/rfc7230.html#request.smuggling"
    }
  },
  "#response.splitting": {
    "current": {
      "number": "9.4",
      "spec": "HTTP/1.1 Message Syntax and Routing",
      "text": "Response Splitting",
      "url": "https://httpwg.org/specs/rfc7230.html#response.splitting"
    }
  },
  "#rfc.abstract": {
    "current": {
      "number": "",
      "spec": "HTTP/1.1 Message Syntax and Routing",
      "text": "Abstract",
      "url": "https://httpwg.org/specs/rfc7230.html#rfc.abstract"
    }
  },
  "#rfc.references": {
    "current": {
      "number": "",
      "spec": "HTTP/1.1 Message Syntax and Routing",
      "text": "11. References",
      "url": "https://httpwg.org/specs/rfc7230.html#rfc.references"
    }
  },
  "#rfc.section.11.1": {
    "current": {
      "number": "11.1",
      "spec": "HTTP/1.1 Message Syntax and Routing",
      "text": "Normative References",
      "url": "https://httpwg.org/specs/rfc7230.html#rfc.section.11.1"
    }
  },
  "#rfc.section.11.2": {
    "current": {
      "number": "11.2",
      "spec": "HTTP/1.1 Message Syntax and Routing",
      "text": "Informative References",
      "url": "https://httpwg.org/specs/rfc7230.html#rfc.section.11.2"
    }
  },
  "#risks.intermediaries": {
    "current": {
      "number": "9.2",
      "spec": "HTTP/1.1 Message Syntax and Routing",
      "text": "Risks of Intermediaries",
      "url": "https://httpwg.org/specs/rfc7230.html#risks.intermediaries"
    }
  },
  "#security.considerations": {
    "current": {
      "number": "9",
      "spec": "HTTP/1.1 Message Syntax and Routing",
      "text": "Security Considerations",
      "url": "https://httpwg.org/specs/rfc7230.html#security.considerations"
    }
  },
  "#start.line": {
    "current": {
      "number": "3.1",
      "spec": "HTTP/1.1 Message Syntax and Routing",
      "text": "Start Line",
      "url": "https://httpwg.org/specs/rfc7230.html#start.line"
    }
  },
  "#status.line": {
    "current": {
      "number": "3.1.2",
      "spec": "HTTP/1.1 Message Syntax and Routing",
      "text": "Status Line",
      "url": "https://httpwg.org/specs/rfc7230.html#status.line"
    }
  },
  "#target-resource": {
    "current": {
      "number": "5.1",
      "spec": "HTTP/1.1 Message Syntax and Routing",
      "text": "Identifying a Target Resource",
      "url": "https://httpwg.org/specs/rfc7230.html#target-resource"
    }
  },
  "#transfer.coding.registration": {
    "current": {
      "number": "8.4.2",
      "spec": "HTTP/1.1 Message Syntax and Routing",
      "text": "Registration",
      "url": "https://httpwg.org/specs/rfc7230.html#transfer.coding.registration"
    }
  },
  "#transfer.coding.registry": {
    "current": {
      "number": "8.4",
      "spec": "HTTP/1.1 Message Syntax and Routing",
      "text": "Transfer Coding Registry",
      "url": "https://httpwg.org/specs/rfc7230.html#transfer.coding.registry"
    }
  },
  "#transfer.coding.registry.procedure": {
    "current": {
      "number": "8.4.1",
      "spec": "HTTP/1.1 Message Syntax and Routing",
      "text": "Procedure",
      "url": "https://httpwg.org/specs/rfc7230.html#transfer.coding.registry.procedure"
    }
  },
  "#transfer.codings": {
    "current": {
      "number": "4",
      "spec": "HTTP/1.1 Message Syntax and Routing",
      "text": "Transfer Codings",
      "url": "https://httpwg.org/specs/rfc7230.html#transfer.codings"
    }
  },
  "#upgrade.token.registration": {
    "current": {
      "number": "8.6.2",
      "spec": "HTTP/1.1 Message Syntax and Routing",
      "text": "Upgrade Token Registration",
      "url": "https://httpwg.org/specs/rfc7230.html#upgrade.token.registration"
    }
  },
  "#upgrade.token.registry": {
    "current": {
      "number": "8.6",
      "spec": "HTTP/1.1 Message Syntax and Routing",
      "text": "Upgrade Token Registry",
      "url": "https://httpwg.org/specs/rfc7230.html#upgrade.token.registry"
    }
  },
  "#upgrade.token.registry.procedure": {
    "current": {
      "number": "8.6.1",
      "spec": "HTTP/1.1 Message Syntax and Routing",
      "text": "Procedure",
      "url": "https://httpwg.org/specs/rfc7230.html#upgrade.token.registry.procedure"
    }
  },
  "#uri": {
    "current": {
      "number": "2.7",
      "spec": "HTTP/1.1 Message Syntax and Routing",
      "text": "Uniform Resource Identifiers",
      "url": "https://httpwg.org/specs/rfc7230.html#uri"
    }
  },
  "#uri.comparison": {
    "current": {
      "number": "2.7.3",
      "spec": "HTTP/1.1 Message Syntax and Routing",
      "text": "http and https URI Normalization and Comparison",
      "url": "https://httpwg.org/specs/rfc7230.html#uri.comparison"
    }
  },
  "#uri.scheme.registration": {
    "current": {
      "number": "8.2",
      "spec": "HTTP/1.1 Message Syntax and Routing",
      "text": "URI Scheme Registration",
      "url": "https://httpwg.org/specs/rfc7230.html#uri.scheme.registration"
    }
  },
  "#whitespace": {
    "current": {
      "number": "3.2.3",
      "spec": "HTTP/1.1 Message Syntax and Routing",
      "text": "Whitespace",
      "url": "https://httpwg.org/specs/rfc7230.html#whitespace"
    }
  }
}