{
  "#abstract": {
    "current": {
      "number": "",
      "spec": "Compositing 2",
      "text": "Abstract",
      "url": "https://drafts.fxtf.org/compositing-2/#abstract"
    }
  },
  "#advancedcompositing": {
    "current": {
      "number": "9",
      "spec": "Compositing 2",
      "text": "Advanced compositing features",
      "url": "https://drafts.fxtf.org/compositing-2/#advancedcompositing"
    }
  },
  "#backdropCalc": {
    "current": {
      "number": "7",
      "spec": "Compositing 2",
      "text": "Backdrop calculation",
      "url": "https://drafts.fxtf.org/compositing-2/#backdropCalc"
    }
  },
  "#backdropexamples": {
    "current": {
      "number": "7.1",
      "spec": "Compositing 2",
      "text": "Examples of backdrop calculation",
      "url": "https://drafts.fxtf.org/compositing-2/#backdropexamples"
    }
  },
  "#background-blend-mode": {
    "current": {
      "number": "3.4.3",
      "spec": "Compositing 2",
      "text": "The background-blend-mode property",
      "url": "https://drafts.fxtf.org/compositing-2/#background-blend-mode"
    }
  },
  "#blending": {
    "current": {
      "number": "",
      "spec": "Compositing 2",
      "text": "10. Blending",
      "url": "https://drafts.fxtf.org/compositing-2/#blending"
    }
  },
  "#blendingcolor": {
    "current": {
      "number": "10.2.3",
      "spec": "Compositing 2",
      "text": "color blend mode",
      "url": "https://drafts.fxtf.org/compositing-2/#blendingcolor"
    }
  },
  "#blendingcolorburn": {
    "current": {
      "number": "10.1.8",
      "spec": "Compositing 2",
      "text": "color-burn blend mode",
      "url": "https://drafts.fxtf.org/compositing-2/#blendingcolorburn"
    }
  },
  "#blendingcolordodge": {
    "current": {
      "number": "10.1.7",
      "spec": "Compositing 2",
      "text": "color-dodge blend mode",
      "url": "https://drafts.fxtf.org/compositing-2/#blendingcolordodge"
    }
  },
  "#blendingdarken": {
    "current": {
      "number": "10.1.5",
      "spec": "Compositing 2",
      "text": "darken blend mode",
      "url": "https://drafts.fxtf.org/compositing-2/#blendingdarken"
    }
  },
  "#blendingdifference": {
    "current": {
      "number": "10.1.11",
      "spec": "Compositing 2",
      "text": "difference blend mode",
      "url": "https://drafts.fxtf.org/compositing-2/#blendingdifference"
    }
  },
  "#blendingexclusion": {
    "current": {
      "number": "10.1.12",
      "spec": "Compositing 2",
      "text": "exclusion blend mode",
      "url": "https://drafts.fxtf.org/compositing-2/#blendingexclusion"
    }
  },
  "#blendinghardlight": {
    "current": {
      "number": "10.1.9",
      "spec": "Compositing 2",
      "text": "hard-light blend mode",
      "url": "https://drafts.fxtf.org/compositing-2/#blendinghardlight"
    }
  },
  "#blendinghue": {
    "current": {
      "number": "10.2.1",
      "spec": "Compositing 2",
      "text": "hue blend mode",
      "url": "https://drafts.fxtf.org/compositing-2/#blendinghue"
    }
  },
  "#blendinglighten": {
    "current": {
      "number": "10.1.6",
      "spec": "Compositing 2",
      "text": "lighten blend mode",
      "url": "https://drafts.fxtf.org/compositing-2/#blendinglighten"
    }
  },
  "#blendingluminosity": {
    "current": {
      "number": "10.2.4",
      "spec": "Compositing 2",
      "text": "luminosity blend mode",
      "url": "https://drafts.fxtf.org/compositing-2/#blendingluminosity"
    }
  },
  "#blendingmultiply": {
    "current": {
      "number": "10.1.2",
      "spec": "Compositing 2",
      "text": "multiply blend mode",
      "url": "https://drafts.fxtf.org/compositing-2/#blendingmultiply"
    }
  },
  "#blendingnonseparable": {
    "current": {
      "number": "10.2",
      "spec": "Compositing 2",
      "text": "Non-separable blend modes",
      "url": "https://drafts.fxtf.org/compositing-2/#blendingnonseparable"
    }
  },
  "#blendingnormal": {
    "current": {
      "number": "10.1.1",
      "spec": "Compositing 2",
      "text": "normal blend mode",
      "url": "https://drafts.fxtf.org/compositing-2/#blendingnormal"
    }
  },
  "#blendingoverlay": {
    "current": {
      "number": "10.1.4",
      "spec": "Compositing 2",
      "text": "overlay blend mode",
      "url": "https://drafts.fxtf.org/compositing-2/#blendingoverlay"
    }
  },
  "#blendingsaturation": {
    "current": {
      "number": "10.2.2",
      "spec": "Compositing 2",
      "text": "saturation blend mode",
      "url": "https://drafts.fxtf.org/compositing-2/#blendingsaturation"
    }
  },
  "#blendingscreen": {
    "current": {
      "number": "10.1.3",
      "spec": "Compositing 2",
      "text": "screen blend mode",
      "url": "https://drafts.fxtf.org/compositing-2/#blendingscreen"
    }
  },
  "#blendingseparable": {
    "current": {
      "number": "10.1",
      "spec": "Compositing 2",
      "text": "Separable blend modes",
      "url": "https://drafts.fxtf.org/compositing-2/#blendingseparable"
    }
  },
  "#blendingsoftlight": {
    "current": {
      "number": "10.1.10",
      "spec": "Compositing 2",
      "text": "soft-light blend mode",
      "url": "https://drafts.fxtf.org/compositing-2/#blendingsoftlight"
    }
  },
  "#canvascompositingandblending": {
    "current": {
      "number": "4",
      "spec": "Compositing 2",
      "text": "Specifying Compositing and Blending in Canvas 2D",
      "url": "https://drafts.fxtf.org/compositing-2/#canvascompositingandblending"
    }
  },
  "#changes": {
    "current": {
      "number": "",
      "spec": "Compositing 2",
      "text": "12. Changes",
      "url": "https://drafts.fxtf.org/compositing-2/#changes"
    }
  },
  "#compositingandblendingorder": {
    "current": {
      "number": "3.1",
      "spec": "Compositing 2",
      "text": "Order of graphical operations",
      "url": "https://drafts.fxtf.org/compositing-2/#compositingandblendingorder"
    }
  },
  "#csscompositingandblending": {
    "current": {
      "number": "3",
      "spec": "Compositing 2",
      "text": "Specifying Blending in CSS",
      "url": "https://drafts.fxtf.org/compositing-2/#csscompositingandblending"
    }
  },
  "#csscompositingrules_CSS": {
    "current": {
      "number": "3.2",
      "spec": "Compositing 2",
      "text": "Behavior specific to HTML",
      "url": "https://drafts.fxtf.org/compositing-2/#csscompositingrules_CSS"
    }
  },
  "#csscompositingrules_SVG": {
    "current": {
      "number": "3.3",
      "spec": "Compositing 2",
      "text": "Behavior specific to SVG",
      "url": "https://drafts.fxtf.org/compositing-2/#csscompositingrules_SVG"
    }
  },
  "#csskeywords": {
    "current": {
      "number": "3.4",
      "spec": "Compositing 2",
      "text": "CSS Properties",
      "url": "https://drafts.fxtf.org/compositing-2/#csskeywords"
    }
  },
  "#generalformula": {
    "current": {
      "number": "6",
      "spec": "Compositing 2",
      "text": "General Formula for Compositing and Blending",
      "url": "https://drafts.fxtf.org/compositing-2/#generalformula"
    }
  },
  "#groupcompositing": {
    "current": {
      "number": "9.2",
      "spec": "Compositing 2",
      "text": "Group compositing behavior with Porter Duff modes",
      "url": "https://drafts.fxtf.org/compositing-2/#groupcompositing"
    }
  },
  "#groupinvariance": {
    "current": {
      "number": "8.1",
      "spec": "Compositing 2",
      "text": "Group invariance",
      "url": "https://drafts.fxtf.org/compositing-2/#groupinvariance"
    }
  },
  "#groups": {
    "current": {
      "number": "8",
      "spec": "Compositing 2",
      "text": "Compositing Groups",
      "url": "https://drafts.fxtf.org/compositing-2/#groups"
    }
  },
  "#index": {
    "current": {
      "number": "",
      "spec": "Compositing 2",
      "text": "Index",
      "url": "https://drafts.fxtf.org/compositing-2/#index"
    }
  },
  "#index-defined-elsewhere": {
    "current": {
      "number": "",
      "spec": "Compositing 2",
      "text": "Terms defined by reference",
      "url": "https://drafts.fxtf.org/compositing-2/#index-defined-elsewhere"
    }
  },
  "#index-defined-here": {
    "current": {
      "number": "",
      "spec": "Compositing 2",
      "text": "Terms defined by this specification",
      "url": "https://drafts.fxtf.org/compositing-2/#index-defined-here"
    }
  },
  "#informative": {
    "current": {
      "number": "",
      "spec": "Compositing 2",
      "text": "Informative References",
      "url": "https://drafts.fxtf.org/compositing-2/#informative"
    }
  },
  "#introduction": {
    "current": {
      "number": "1",
      "spec": "Compositing 2",
      "text": "Introduction",
      "url": "https://drafts.fxtf.org/compositing-2/#introduction"
    }
  },
  "#isolatedgroups": {
    "current": {
      "number": "8.2",
      "spec": "Compositing 2",
      "text": "Isolated Groups",
      "url": "https://drafts.fxtf.org/compositing-2/#isolatedgroups"
    }
  },
  "#isolation": {
    "current": {
      "number": "3.4.2",
      "spec": "Compositing 2",
      "text": "The isolation property",
      "url": "https://drafts.fxtf.org/compositing-2/#isolation"
    }
  },
  "#isolationblending": {
    "current": {
      "number": "10.3",
      "spec": "Compositing 2",
      "text": "Effect of group isolation on blending",
      "url": "https://drafts.fxtf.org/compositing-2/#isolationblending"
    }
  },
  "#mix-blend-mode": {
    "current": {
      "number": "3.4.1",
      "spec": "Compositing 2",
      "text": "The mix-blend-mode property",
      "url": "https://drafts.fxtf.org/compositing-2/#mix-blend-mode"
    }
  },
  "#module-interactions": {
    "current": {
      "number": "2.1",
      "spec": "Compositing 2",
      "text": "Module interactions",
      "url": "https://drafts.fxtf.org/compositing-2/#module-interactions"
    }
  },
  "#normative": {
    "current": {
      "number": "",
      "spec": "Compositing 2",
      "text": "Normative References",
      "url": "https://drafts.fxtf.org/compositing-2/#normative"
    }
  },
  "#pagebackdrop": {
    "current": {
      "number": "8.3",
      "spec": "Compositing 2",
      "text": "The Root Element Group",
      "url": "https://drafts.fxtf.org/compositing-2/#pagebackdrop"
    }
  },
  "#porterduffcompositingoperators": {
    "current": {
      "number": "9.1",
      "spec": "Compositing 2",
      "text": "The Porter Duff Compositing Operators",
      "url": "https://drafts.fxtf.org/compositing-2/#porterduffcompositingoperators"
    }
  },
  "#porterduffcompositingoperators_clear": {
    "current": {
      "number": "9.1.1",
      "spec": "Compositing 2",
      "text": "Clear",
      "url": "https://drafts.fxtf.org/compositing-2/#porterduffcompositingoperators_clear"
    }
  },
  "#porterduffcompositingoperators_dst": {
    "current": {
      "number": "9.1.3",
      "spec": "Compositing 2",
      "text": "Destination",
      "url": "https://drafts.fxtf.org/compositing-2/#porterduffcompositingoperators_dst"
    }
  },
  "#porterduffcompositingoperators_dstatop": {
    "current": {
      "number": "9.1.11",
      "spec": "Compositing 2",
      "text": "Destination Atop",
      "url": "https://drafts.fxtf.org/compositing-2/#porterduffcompositingoperators_dstatop"
    }
  },
  "#porterduffcompositingoperators_dstin": {
    "current": {
      "number": "9.1.7",
      "spec": "Compositing 2",
      "text": "Destination In",
      "url": "https://drafts.fxtf.org/compositing-2/#porterduffcompositingoperators_dstin"
    }
  },
  "#porterduffcompositingoperators_dstout": {
    "current": {
      "number": "9.1.9",
      "spec": "Compositing 2",
      "text": "Destination Out",
      "url": "https://drafts.fxtf.org/compositing-2/#porterduffcompositingoperators_dstout"
    }
  },
  "#porterduffcompositingoperators_dstover": {
    "current": {
      "number": "9.1.5",
      "spec": "Compositing 2",
      "text": "Destination Over",
      "url": "https://drafts.fxtf.org/compositing-2/#porterduffcompositingoperators_dstover"
    }
  },
  "#porterduffcompositingoperators_plus": {
    "current": {
      "number": "9.1.13",
      "spec": "Compositing 2",
      "text": "Lighter",
      "url": "https://drafts.fxtf.org/compositing-2/#porterduffcompositingoperators_plus"
    }
  },
  "#porterduffcompositingoperators_plus_darker": {
    "current": {
      "number": "9.1.14",
      "spec": "Compositing 2",
      "text": "Plus-darker",
      "url": "https://drafts.fxtf.org/compositing-2/#porterduffcompositingoperators_plus_darker"
    }
  },
  "#porterduffcompositingoperators_plus_lighter": {
    "current": {
      "number": "9.1.15",
      "spec": "Compositing 2",
      "text": "Plus-lighter",
      "url": "https://drafts.fxtf.org/compositing-2/#porterduffcompositingoperators_plus_lighter"
    }
  },
  "#porterduffcompositingoperators_src": {
    "current": {
      "number": "9.1.2",
      "spec": "Compositing 2",
      "text": "Copy",
      "url": "https://drafts.fxtf.org/compositing-2/#porterduffcompositingoperators_src"
    }
  },
  "#porterduffcompositingoperators_srcatop": {
    "current": {
      "number": "9.1.10",
      "spec": "Compositing 2",
      "text": "Source Atop",
      "url": "https://drafts.fxtf.org/compositing-2/#porterduffcompositingoperators_srcatop"
    }
  },
  "#porterduffcompositingoperators_srcin": {
    "current": {
      "number": "9.1.6",
      "spec": "Compositing 2",
      "text": "Source In",
      "url": "https://drafts.fxtf.org/compositing-2/#porterduffcompositingoperators_srcin"
    }
  },
  "#porterduffcompositingoperators_srcout": {
    "current": {
      "number": "9.1.8",
      "spec": "Compositing 2",
      "text": "Source Out",
      "url": "https://drafts.fxtf.org/compositing-2/#porterduffcompositingoperators_srcout"
    }
  },
  "#porterduffcompositingoperators_srcover": {
    "current": {
      "number": "9.1.4",
      "spec": "Compositing 2",
      "text": "Source Over",
      "url": "https://drafts.fxtf.org/compositing-2/#porterduffcompositingoperators_srcover"
    }
  },
  "#porterduffcompositingoperators_xor": {
    "current": {
      "number": "9.1.12",
      "spec": "Compositing 2",
      "text": "XOR",
      "url": "https://drafts.fxtf.org/compositing-2/#porterduffcompositingoperators_xor"
    }
  },
  "#property-index": {
    "current": {
      "number": "",
      "spec": "Compositing 2",
      "text": "Property Index",
      "url": "https://drafts.fxtf.org/compositing-2/#property-index"
    }
  },
  "#reading-this-document": {
    "current": {
      "number": "2",
      "spec": "Compositing 2",
      "text": "Reading This Document",
      "url": "https://drafts.fxtf.org/compositing-2/#reading-this-document"
    }
  },
  "#references": {
    "current": {
      "number": "",
      "spec": "Compositing 2",
      "text": "References",
      "url": "https://drafts.fxtf.org/compositing-2/#references"
    }
  },
  "#rootgroup": {
    "current": {
      "number": "8.4",
      "spec": "Compositing 2",
      "text": "The Root Group",
      "url": "https://drafts.fxtf.org/compositing-2/#rootgroup"
    }
  },
  "#security": {
    "current": {
      "number": "",
      "spec": "Compositing 2",
      "text": "11. Security issues with compositing and blending",
      "url": "https://drafts.fxtf.org/compositing-2/#security"
    }
  },
  "#simplealphacompositing": {
    "current": {
      "number": "5.1",
      "spec": "Compositing 2",
      "text": "Simple alpha compositing",
      "url": "https://drafts.fxtf.org/compositing-2/#simplealphacompositing"
    }
  },
  "#simplealphacompositingexamples": {
    "current": {
      "number": "5.1.1",
      "spec": "Compositing 2",
      "text": "Examples of simple alpha compositing",
      "url": "https://drafts.fxtf.org/compositing-2/#simplealphacompositingexamples"
    }
  },
  "#status": {
    "current": {
      "number": "",
      "spec": "Compositing 2",
      "text": "Status of this document",
      "url": "https://drafts.fxtf.org/compositing-2/#status"
    }
  },
  "#title": {
    "current": {
      "number": "",
      "spec": "Compositing 2",
      "text": "Compositing and Blending Level 2",
      "url": "https://drafts.fxtf.org/compositing-2/#title"
    }
  },
  "#toc": {
    "current": {
      "number": "",
      "spec": "Compositing 2",
      "text": "Table of Contents",
      "url": "https://drafts.fxtf.org/compositing-2/#toc"
    }
  },
  "#values": {
    "current": {
      "number": "2.2",
      "spec": "Compositing 2",
      "text": "Values",
      "url": "https://drafts.fxtf.org/compositing-2/#values"
    }
  },
  "#w3c-conform-future-proofing": {
    "current": {
      "number": "",
      "spec": "Compositing 2",
      "text": "Implementations of Unstable and Proprietary Features",
      "url": "https://drafts.fxtf.org/compositing-2/#w3c-conform-future-proofing"
    }
  },
  "#w3c-conformance": {
    "current": {
      "number": "",
      "spec": "Compositing 2",
      "text": "Conformance",
      "url": "https://drafts.fxtf.org/compositing-2/#w3c-conformance"
    }
  },
  "#w3c-conformance-classes": {
    "current": {
      "number": "",
      "spec": "Compositing 2",
      "text": "Conformance classes",
      "url": "https://drafts.fxtf.org/compositing-2/#w3c-conformance-classes"
    }
  },
  "#w3c-conventions": {
    "current": {
      "number": "",
      "spec": "Compositing 2",
      "text": "Document conventions",
      "url": "https://drafts.fxtf.org/compositing-2/#w3c-conventions"
    }
  },
  "#w3c-partial": {
    "current": {
      "number": "",
      "spec": "Compositing 2",
      "text": "Partial implementations",
      "url": "https://drafts.fxtf.org/compositing-2/#w3c-partial"
    }
  },
  "#w3c-testing": {
    "current": {
      "number": "",
      "spec": "Compositing 2",
      "text": "Non-experimental implementations",
      "url": "https://drafts.fxtf.org/compositing-2/#w3c-testing"
    }
  },
  "#whatiscompositing": {
    "current": {
      "number": "5",
      "spec": "Compositing 2",
      "text": "Introduction to compositing",
      "url": "https://drafts.fxtf.org/compositing-2/#whatiscompositing"
    }
  }
}