{
  "#abstract": {
    "current": {
      "number": "",
      "spec": "CSS Syntax 3",
      "text": "Abstract",
      "url": "https://drafts.csswg.org/css-syntax-3/#abstract"
    },
    "snapshot": {
      "number": "",
      "spec": "CSS Syntax 3",
      "text": "Abstract",
      "url": "https://www.w3.org/TR/css-syntax-3/#abstract"
    }
  },
  "#acknowledgments": {
    "current": {
      "number": "",
      "spec": "CSS Syntax 3",
      "text": "Acknowledgments",
      "url": "https://drafts.csswg.org/css-syntax-3/#acknowledgments"
    },
    "snapshot": {
      "number": "",
      "spec": "CSS Syntax 3",
      "text": "Acknowledgments",
      "url": "https://www.w3.org/TR/css-syntax-3/#acknowledgments"
    }
  },
  "#anb-microsyntax": {
    "current": {
      "number": "6",
      "spec": "CSS Syntax 3",
      "text": "The An+B microsyntax",
      "url": "https://drafts.csswg.org/css-syntax-3/#anb-microsyntax"
    },
    "snapshot": {
      "number": "6",
      "spec": "CSS Syntax 3",
      "text": "The An+B microsyntax",
      "url": "https://www.w3.org/TR/css-syntax-3/#anb-microsyntax"
    }
  },
  "#anb-syntax": {
    "current": {
      "number": "6.1",
      "spec": "CSS Syntax 3",
      "text": "Informal Syntax Description",
      "url": "https://drafts.csswg.org/css-syntax-3/#anb-syntax"
    },
    "snapshot": {
      "number": "6.1",
      "spec": "CSS Syntax 3",
      "text": "Informal Syntax Description",
      "url": "https://www.w3.org/TR/css-syntax-3/#anb-syntax"
    }
  },
  "#any-value": {
    "current": {
      "number": "7.2",
      "spec": "CSS Syntax 3",
      "text": "Defining Arbitrary Contents: the <declaration-value> and <any-value> productions",
      "url": "https://drafts.csswg.org/css-syntax-3/#any-value"
    },
    "snapshot": {
      "number": "8.2",
      "spec": "CSS Syntax 3",
      "text": "Defining Arbitrary Contents: the <declaration-value> and <any-value> productions",
      "url": "https://www.w3.org/TR/css-syntax-3/#any-value"
    }
  },
  "#at-rules": {
    "current": {
      "number": "8.2",
      "spec": "CSS Syntax 3",
      "text": "At-rules",
      "url": "https://drafts.csswg.org/css-syntax-3/#at-rules"
    },
    "snapshot": {
      "number": "9.2",
      "spec": "CSS Syntax 3",
      "text": "At-rules",
      "url": "https://www.w3.org/TR/css-syntax-3/#at-rules"
    }
  },
  "#block-contents": {
    "current": {
      "number": "7.1",
      "spec": "CSS Syntax 3",
      "text": "Defining Block Contents: the <block-contents>, <declaration-list>, <qualified-rule-list>, <declaration-rule-list>, and <rule-list> productions",
      "url": "https://drafts.csswg.org/css-syntax-3/#block-contents"
    }
  },
  "#changes": {
    "current": {
      "number": "",
      "spec": "CSS Syntax 3",
      "text": "12. Changes",
      "url": "https://drafts.csswg.org/css-syntax-3/#changes"
    },
    "snapshot": {
      "number": "",
      "spec": "CSS Syntax 3",
      "text": "12. Changes",
      "url": "https://www.w3.org/TR/css-syntax-3/#changes"
    }
  },
  "#changes-CR-20140220": {
    "current": {
      "number": "12.3",
      "spec": "CSS Syntax 3",
      "text": "Changes from the 20 February 2014 Candidate Recommendation",
      "url": "https://drafts.csswg.org/css-syntax-3/#changes-CR-20140220"
    },
    "snapshot": {
      "number": "12.2",
      "spec": "CSS Syntax 3",
      "text": "Changes from the 20 February 2014 Candidate Recommendation",
      "url": "https://www.w3.org/TR/css-syntax-3/#changes-CR-20140220"
    }
  },
  "#changes-CR-20190716": {
    "current": {
      "number": "12.2",
      "spec": "CSS Syntax 3",
      "text": "Changes from the 16 August 2019 Candidate Recommendation",
      "url": "https://drafts.csswg.org/css-syntax-3/#changes-CR-20190716"
    },
    "snapshot": {
      "number": "12.1",
      "spec": "CSS Syntax 3",
      "text": "Changes from the 16 August 2019 Candidate Recommendation",
      "url": "https://www.w3.org/TR/css-syntax-3/#changes-CR-20190716"
    }
  },
  "#changes-CR-20211224": {
    "current": {
      "number": "12.1",
      "spec": "CSS Syntax 3",
      "text": "Changes from the 24 December 2021 Candidate Recommendation Draft",
      "url": "https://drafts.csswg.org/css-syntax-3/#changes-CR-20211224"
    }
  },
  "#changes-WD-20130919": {
    "current": {
      "number": "12.5",
      "spec": "CSS Syntax 3",
      "text": "Changes from the 19 September 2013 Working Draft",
      "url": "https://drafts.csswg.org/css-syntax-3/#changes-WD-20130919"
    },
    "snapshot": {
      "number": "12.4",
      "spec": "CSS Syntax 3",
      "text": "Changes from the 19 September 2013 Working Draft",
      "url": "https://www.w3.org/TR/css-syntax-3/#changes-WD-20130919"
    }
  },
  "#changes-WD-20131105": {
    "current": {
      "number": "12.4",
      "spec": "CSS Syntax 3",
      "text": "Changes from the 5 November 2013 Last Call Working Draft",
      "url": "https://drafts.csswg.org/css-syntax-3/#changes-WD-20131105"
    },
    "snapshot": {
      "number": "12.3",
      "spec": "CSS Syntax 3",
      "text": "Changes from the 5 November 2013 Last Call Working Draft",
      "url": "https://www.w3.org/TR/css-syntax-3/#changes-WD-20131105"
    }
  },
  "#changes-css21": {
    "current": {
      "number": "12.6",
      "spec": "CSS Syntax 3",
      "text": "Changes from CSS 2.1 and Selectors Level 3",
      "url": "https://drafts.csswg.org/css-syntax-3/#changes-css21"
    },
    "snapshot": {
      "number": "12.5",
      "spec": "CSS Syntax 3",
      "text": "Changes from CSS 2.1 and Selectors Level 3",
      "url": "https://www.w3.org/TR/css-syntax-3/#changes-css21"
    }
  },
  "#charset-rule": {
    "current": {
      "number": "8.3",
      "spec": "CSS Syntax 3",
      "text": "The @charset Rule",
      "url": "https://drafts.csswg.org/css-syntax-3/#charset-rule"
    },
    "snapshot": {
      "number": "9.3",
      "spec": "CSS Syntax 3",
      "text": "The @charset Rule",
      "url": "https://www.w3.org/TR/css-syntax-3/#charset-rule"
    }
  },
  "#consume-at-rule": {
    "current": {
      "number": "5.5.2",
      "spec": "CSS Syntax 3",
      "text": "Consume an at-rule",
      "url": "https://drafts.csswg.org/css-syntax-3/#consume-at-rule"
    },
    "snapshot": {
      "number": "5.4.2",
      "spec": "CSS Syntax 3",
      "text": "Consume an at-rule",
      "url": "https://www.w3.org/TR/css-syntax-3/#consume-at-rule"
    }
  },
  "#consume-block": {
    "current": {
      "number": "5.5.4",
      "spec": "CSS Syntax 3",
      "text": "Consume a block",
      "url": "https://drafts.csswg.org/css-syntax-3/#consume-block"
    }
  },
  "#consume-block-contents": {
    "current": {
      "number": "5.5.5",
      "spec": "CSS Syntax 3",
      "text": "Consume a block’s contents",
      "url": "https://drafts.csswg.org/css-syntax-3/#consume-block-contents"
    }
  },
  "#consume-comment": {
    "current": {
      "number": "4.3.2",
      "spec": "CSS Syntax 3",
      "text": "Consume comments",
      "url": "https://drafts.csswg.org/css-syntax-3/#consume-comment"
    },
    "snapshot": {
      "number": "4.3.2",
      "spec": "CSS Syntax 3",
      "text": "Consume comments",
      "url": "https://www.w3.org/TR/css-syntax-3/#consume-comment"
    }
  },
  "#consume-component-value": {
    "current": {
      "number": "5.5.8",
      "spec": "CSS Syntax 3",
      "text": "Consume a component value",
      "url": "https://drafts.csswg.org/css-syntax-3/#consume-component-value"
    },
    "snapshot": {
      "number": "5.4.7",
      "spec": "CSS Syntax 3",
      "text": "Consume a component value",
      "url": "https://www.w3.org/TR/css-syntax-3/#consume-component-value"
    }
  },
  "#consume-declaration": {
    "current": {
      "number": "5.5.6",
      "spec": "CSS Syntax 3",
      "text": "Consume a declaration",
      "url": "https://drafts.csswg.org/css-syntax-3/#consume-declaration"
    },
    "snapshot": {
      "number": "5.4.6",
      "spec": "CSS Syntax 3",
      "text": "Consume a declaration",
      "url": "https://www.w3.org/TR/css-syntax-3/#consume-declaration"
    }
  },
  "#consume-escaped-code-point": {
    "current": {
      "number": "4.3.7",
      "spec": "CSS Syntax 3",
      "text": "Consume an escaped code point",
      "url": "https://drafts.csswg.org/css-syntax-3/#consume-escaped-code-point"
    },
    "snapshot": {
      "number": "4.3.7",
      "spec": "CSS Syntax 3",
      "text": "Consume an escaped code point",
      "url": "https://www.w3.org/TR/css-syntax-3/#consume-escaped-code-point"
    }
  },
  "#consume-function": {
    "current": {
      "number": "5.5.10",
      "spec": "CSS Syntax 3",
      "text": "Consume a function",
      "url": "https://drafts.csswg.org/css-syntax-3/#consume-function"
    },
    "snapshot": {
      "number": "5.4.9",
      "spec": "CSS Syntax 3",
      "text": "Consume a function",
      "url": "https://www.w3.org/TR/css-syntax-3/#consume-function"
    }
  },
  "#consume-ident-like-token": {
    "current": {
      "number": "4.3.4",
      "spec": "CSS Syntax 3",
      "text": "Consume an ident-like token",
      "url": "https://drafts.csswg.org/css-syntax-3/#consume-ident-like-token"
    },
    "snapshot": {
      "number": "4.3.4",
      "spec": "CSS Syntax 3",
      "text": "Consume an ident-like token",
      "url": "https://www.w3.org/TR/css-syntax-3/#consume-ident-like-token"
    }
  },
  "#consume-list-of-components": {
    "current": {
      "number": "5.5.7",
      "spec": "CSS Syntax 3",
      "text": "Consume a list of component values",
      "url": "https://drafts.csswg.org/css-syntax-3/#consume-list-of-components"
    }
  },
  "#consume-list-of-declarations": {
    "snapshot": {
      "number": "5.4.5",
      "spec": "CSS Syntax 3",
      "text": "Consume a list of declarations",
      "url": "https://www.w3.org/TR/css-syntax-3/#consume-list-of-declarations"
    }
  },
  "#consume-list-of-rules": {
    "snapshot": {
      "number": "5.4.1",
      "spec": "CSS Syntax 3",
      "text": "Consume a list of rules",
      "url": "https://www.w3.org/TR/css-syntax-3/#consume-list-of-rules"
    }
  },
  "#consume-name": {
    "current": {
      "number": "4.3.12",
      "spec": "CSS Syntax 3",
      "text": "Consume an ident sequence",
      "url": "https://drafts.csswg.org/css-syntax-3/#consume-name"
    },
    "snapshot": {
      "number": "4.3.11",
      "spec": "CSS Syntax 3",
      "text": "Consume an ident sequence",
      "url": "https://www.w3.org/TR/css-syntax-3/#consume-name"
    }
  },
  "#consume-number": {
    "current": {
      "number": "4.3.13",
      "spec": "CSS Syntax 3",
      "text": "Consume a number",
      "url": "https://drafts.csswg.org/css-syntax-3/#consume-number"
    },
    "snapshot": {
      "number": "4.3.12",
      "spec": "CSS Syntax 3",
      "text": "Consume a number",
      "url": "https://www.w3.org/TR/css-syntax-3/#consume-number"
    }
  },
  "#consume-numeric-token": {
    "current": {
      "number": "4.3.3",
      "spec": "CSS Syntax 3",
      "text": "Consume a numeric token",
      "url": "https://drafts.csswg.org/css-syntax-3/#consume-numeric-token"
    },
    "snapshot": {
      "number": "4.3.3",
      "spec": "CSS Syntax 3",
      "text": "Consume a numeric token",
      "url": "https://www.w3.org/TR/css-syntax-3/#consume-numeric-token"
    }
  },
  "#consume-qualified-rule": {
    "current": {
      "number": "5.5.3",
      "spec": "CSS Syntax 3",
      "text": "Consume a qualified rule",
      "url": "https://drafts.csswg.org/css-syntax-3/#consume-qualified-rule"
    },
    "snapshot": {
      "number": "5.4.3",
      "spec": "CSS Syntax 3",
      "text": "Consume a qualified rule",
      "url": "https://www.w3.org/TR/css-syntax-3/#consume-qualified-rule"
    }
  },
  "#consume-remnants-of-bad-url": {
    "current": {
      "number": "4.3.15",
      "spec": "CSS Syntax 3",
      "text": "Consume the remnants of a bad url",
      "url": "https://drafts.csswg.org/css-syntax-3/#consume-remnants-of-bad-url"
    },
    "snapshot": {
      "number": "4.3.14",
      "spec": "CSS Syntax 3",
      "text": "Consume the remnants of a bad url",
      "url": "https://www.w3.org/TR/css-syntax-3/#consume-remnants-of-bad-url"
    }
  },
  "#consume-simple-block": {
    "current": {
      "number": "5.5.9",
      "spec": "CSS Syntax 3",
      "text": "Consume a simple block",
      "url": "https://drafts.csswg.org/css-syntax-3/#consume-simple-block"
    },
    "snapshot": {
      "number": "5.4.8",
      "spec": "CSS Syntax 3",
      "text": "Consume a simple block",
      "url": "https://www.w3.org/TR/css-syntax-3/#consume-simple-block"
    }
  },
  "#consume-string-token": {
    "current": {
      "number": "4.3.5",
      "spec": "CSS Syntax 3",
      "text": "Consume a string token",
      "url": "https://drafts.csswg.org/css-syntax-3/#consume-string-token"
    },
    "snapshot": {
      "number": "4.3.5",
      "spec": "CSS Syntax 3",
      "text": "Consume a string token",
      "url": "https://www.w3.org/TR/css-syntax-3/#consume-string-token"
    }
  },
  "#consume-style-block": {
    "snapshot": {
      "number": "5.4.4",
      "spec": "CSS Syntax 3",
      "text": "Consume a style block’s contents",
      "url": "https://www.w3.org/TR/css-syntax-3/#consume-style-block"
    }
  },
  "#consume-stylesheet-contents": {
    "current": {
      "number": "5.5.1",
      "spec": "CSS Syntax 3",
      "text": "Consume a stylesheet’s contents",
      "url": "https://drafts.csswg.org/css-syntax-3/#consume-stylesheet-contents"
    }
  },
  "#consume-token": {
    "current": {
      "number": "4.3.1",
      "spec": "CSS Syntax 3",
      "text": "Consume a token",
      "url": "https://drafts.csswg.org/css-syntax-3/#consume-token"
    },
    "snapshot": {
      "number": "4.3.1",
      "spec": "CSS Syntax 3",
      "text": "Consume a token",
      "url": "https://www.w3.org/TR/css-syntax-3/#consume-token"
    }
  },
  "#consume-unicode-range-token": {
    "current": {
      "number": "4.3.14",
      "spec": "CSS Syntax 3",
      "text": "Consume a unicode-range token",
      "url": "https://drafts.csswg.org/css-syntax-3/#consume-unicode-range-token"
    }
  },
  "#consume-unicode-range-value": {
    "current": {
      "number": "5.5.11",
      "spec": "CSS Syntax 3",
      "text": "Consume a unicode-range value",
      "url": "https://drafts.csswg.org/css-syntax-3/#consume-unicode-range-value"
    }
  },
  "#consume-url-token": {
    "current": {
      "number": "4.3.6",
      "spec": "CSS Syntax 3",
      "text": "Consume a url token",
      "url": "https://drafts.csswg.org/css-syntax-3/#consume-url-token"
    },
    "snapshot": {
      "number": "4.3.6",
      "spec": "CSS Syntax 3",
      "text": "Consume a url token",
      "url": "https://www.w3.org/TR/css-syntax-3/#consume-url-token"
    }
  },
  "#convert-string-to-number": {
    "snapshot": {
      "number": "4.3.13",
      "spec": "CSS Syntax 3",
      "text": "Convert a string to a number",
      "url": "https://www.w3.org/TR/css-syntax-3/#convert-string-to-number"
    }
  },
  "#css-stylesheets": {
    "current": {
      "number": "8",
      "spec": "CSS Syntax 3",
      "text": "CSS stylesheets",
      "url": "https://drafts.csswg.org/css-syntax-3/#css-stylesheets"
    },
    "snapshot": {
      "number": "9",
      "spec": "CSS Syntax 3",
      "text": "CSS stylesheets",
      "url": "https://www.w3.org/TR/css-syntax-3/#css-stylesheets"
    }
  },
  "#css-tree": {
    "current": {
      "number": "5.2",
      "spec": "CSS Syntax 3",
      "text": "CSS Parsing Results",
      "url": "https://drafts.csswg.org/css-syntax-3/#css-tree"
    }
  },
  "#declaration-rule-list": {
    "snapshot": {
      "number": "8.1",
      "spec": "CSS Syntax 3",
      "text": "Defining Block Contents: the <declaration-list>, <rule-list>, and <stylesheet> productions",
      "url": "https://www.w3.org/TR/css-syntax-3/#declaration-rule-list"
    }
  },
  "#error-handling": {
    "current": {
      "number": "2.2",
      "spec": "CSS Syntax 3",
      "text": "Error Handling",
      "url": "https://drafts.csswg.org/css-syntax-3/#error-handling"
    },
    "snapshot": {
      "number": "2.2",
      "spec": "CSS Syntax 3",
      "text": "Error Handling",
      "url": "https://www.w3.org/TR/css-syntax-3/#error-handling"
    }
  },
  "#escaping": {
    "current": {
      "number": "2.1",
      "spec": "CSS Syntax 3",
      "text": "Escaping",
      "url": "https://drafts.csswg.org/css-syntax-3/#escaping"
    },
    "snapshot": {
      "number": "2.1",
      "spec": "CSS Syntax 3",
      "text": "Escaping",
      "url": "https://www.w3.org/TR/css-syntax-3/#escaping"
    }
  },
  "#index": {
    "current": {
      "number": "",
      "spec": "CSS Syntax 3",
      "text": "Index",
      "url": "https://drafts.csswg.org/css-syntax-3/#index"
    },
    "snapshot": {
      "number": "",
      "spec": "CSS Syntax 3",
      "text": "Index",
      "url": "https://www.w3.org/TR/css-syntax-3/#index"
    }
  },
  "#index-defined-elsewhere": {
    "current": {
      "number": "",
      "spec": "CSS Syntax 3",
      "text": "Terms defined by reference",
      "url": "https://drafts.csswg.org/css-syntax-3/#index-defined-elsewhere"
    },
    "snapshot": {
      "number": "",
      "spec": "CSS Syntax 3",
      "text": "Terms defined by reference",
      "url": "https://www.w3.org/TR/css-syntax-3/#index-defined-elsewhere"
    }
  },
  "#index-defined-here": {
    "current": {
      "number": "",
      "spec": "CSS Syntax 3",
      "text": "Terms defined by this specification",
      "url": "https://drafts.csswg.org/css-syntax-3/#index-defined-here"
    },
    "snapshot": {
      "number": "",
      "spec": "CSS Syntax 3",
      "text": "Terms defined by this specification",
      "url": "https://www.w3.org/TR/css-syntax-3/#index-defined-here"
    }
  },
  "#informative": {
    "current": {
      "number": "",
      "spec": "CSS Syntax 3",
      "text": "Informative References",
      "url": "https://drafts.csswg.org/css-syntax-3/#informative"
    },
    "snapshot": {
      "number": "",
      "spec": "CSS Syntax 3",
      "text": "Informative References",
      "url": "https://www.w3.org/TR/css-syntax-3/#informative"
    }
  },
  "#input-byte-stream": {
    "current": {
      "number": "3.2",
      "spec": "CSS Syntax 3",
      "text": "The input byte stream",
      "url": "https://drafts.csswg.org/css-syntax-3/#input-byte-stream"
    },
    "snapshot": {
      "number": "3.2",
      "spec": "CSS Syntax 3",
      "text": "The input byte stream",
      "url": "https://www.w3.org/TR/css-syntax-3/#input-byte-stream"
    }
  },
  "#input-preprocessing": {
    "current": {
      "number": "3.3",
      "spec": "CSS Syntax 3",
      "text": "Preprocessing the input stream",
      "url": "https://drafts.csswg.org/css-syntax-3/#input-preprocessing"
    },
    "snapshot": {
      "number": "3.3",
      "spec": "CSS Syntax 3",
      "text": "Preprocessing the input stream",
      "url": "https://www.w3.org/TR/css-syntax-3/#input-preprocessing"
    }
  },
  "#intro": {
    "current": {
      "number": "1",
      "spec": "CSS Syntax 3",
      "text": "Introduction",
      "url": "https://drafts.csswg.org/css-syntax-3/#intro"
    },
    "snapshot": {
      "number": "1",
      "spec": "CSS Syntax 3",
      "text": "Introduction",
      "url": "https://www.w3.org/TR/css-syntax-3/#intro"
    }
  },
  "#normative": {
    "current": {
      "number": "",
      "spec": "CSS Syntax 3",
      "text": "Normative References",
      "url": "https://drafts.csswg.org/css-syntax-3/#normative"
    },
    "snapshot": {
      "number": "",
      "spec": "CSS Syntax 3",
      "text": "Normative References",
      "url": "https://www.w3.org/TR/css-syntax-3/#normative"
    }
  },
  "#parse-block-contents": {
    "current": {
      "number": "5.4.5",
      "spec": "CSS Syntax 3",
      "text": "Parse a block’s contents",
      "url": "https://drafts.csswg.org/css-syntax-3/#parse-block-contents"
    }
  },
  "#parse-comma-list": {
    "current": {
      "number": "5.4.2",
      "spec": "CSS Syntax 3",
      "text": "Parse a comma-separated list according to a CSS grammar",
      "url": "https://drafts.csswg.org/css-syntax-3/#parse-comma-list"
    },
    "snapshot": {
      "number": "5.3.2",
      "spec": "CSS Syntax 3",
      "text": "Parse A Comma-Separated List According To A CSS Grammar",
      "url": "https://www.w3.org/TR/css-syntax-3/#parse-comma-list"
    }
  },
  "#parse-comma-separated-list-of-component-values": {
    "current": {
      "number": "5.4.10",
      "spec": "CSS Syntax 3",
      "text": "Parse a comma-separated list of component values",
      "url": "https://drafts.csswg.org/css-syntax-3/#parse-comma-separated-list-of-component-values"
    },
    "snapshot": {
      "number": "5.3.11",
      "spec": "CSS Syntax 3",
      "text": "Parse a comma-separated list of component values",
      "url": "https://www.w3.org/TR/css-syntax-3/#parse-comma-separated-list-of-component-values"
    }
  },
  "#parse-component-value": {
    "current": {
      "number": "5.4.8",
      "spec": "CSS Syntax 3",
      "text": "Parse a component value",
      "url": "https://drafts.csswg.org/css-syntax-3/#parse-component-value"
    },
    "snapshot": {
      "number": "5.3.9",
      "spec": "CSS Syntax 3",
      "text": "Parse a component value",
      "url": "https://www.w3.org/TR/css-syntax-3/#parse-component-value"
    }
  },
  "#parse-declaration": {
    "current": {
      "number": "5.4.7",
      "spec": "CSS Syntax 3",
      "text": "Parse a declaration",
      "url": "https://drafts.csswg.org/css-syntax-3/#parse-declaration"
    },
    "snapshot": {
      "number": "5.3.6",
      "spec": "CSS Syntax 3",
      "text": "Parse a declaration",
      "url": "https://www.w3.org/TR/css-syntax-3/#parse-declaration"
    }
  },
  "#parse-grammar": {
    "current": {
      "number": "5.4.1",
      "spec": "CSS Syntax 3",
      "text": "Parse something according to a CSS grammar",
      "url": "https://drafts.csswg.org/css-syntax-3/#parse-grammar"
    },
    "snapshot": {
      "number": "5.3.1",
      "spec": "CSS Syntax 3",
      "text": "Parse something according to a CSS grammar",
      "url": "https://www.w3.org/TR/css-syntax-3/#parse-grammar"
    }
  },
  "#parse-list-of-component-values": {
    "current": {
      "number": "5.4.9",
      "spec": "CSS Syntax 3",
      "text": "Parse a list of component values",
      "url": "https://drafts.csswg.org/css-syntax-3/#parse-list-of-component-values"
    },
    "snapshot": {
      "number": "5.3.10",
      "spec": "CSS Syntax 3",
      "text": "Parse a list of component values",
      "url": "https://www.w3.org/TR/css-syntax-3/#parse-list-of-component-values"
    }
  },
  "#parse-list-of-declarations": {
    "snapshot": {
      "number": "5.3.8",
      "spec": "CSS Syntax 3",
      "text": "Parse a list of declarations",
      "url": "https://www.w3.org/TR/css-syntax-3/#parse-list-of-declarations"
    }
  },
  "#parse-list-of-rules": {
    "snapshot": {
      "number": "5.3.4",
      "spec": "CSS Syntax 3",
      "text": "Parse a list of rules",
      "url": "https://www.w3.org/TR/css-syntax-3/#parse-list-of-rules"
    }
  },
  "#parse-rule": {
    "current": {
      "number": "5.4.6",
      "spec": "CSS Syntax 3",
      "text": "Parse a rule",
      "url": "https://drafts.csswg.org/css-syntax-3/#parse-rule"
    },
    "snapshot": {
      "number": "5.3.5",
      "spec": "CSS Syntax 3",
      "text": "Parse a rule",
      "url": "https://www.w3.org/TR/css-syntax-3/#parse-rule"
    }
  },
  "#parse-style-blocks-contents": {
    "snapshot": {
      "number": "5.3.7",
      "spec": "CSS Syntax 3",
      "text": "Parse a style block’s contents",
      "url": "https://www.w3.org/TR/css-syntax-3/#parse-style-blocks-contents"
    }
  },
  "#parse-stylesheet": {
    "current": {
      "number": "5.4.3",
      "spec": "CSS Syntax 3",
      "text": "Parse a stylesheet",
      "url": "https://drafts.csswg.org/css-syntax-3/#parse-stylesheet"
    },
    "snapshot": {
      "number": "5.3.3",
      "spec": "CSS Syntax 3",
      "text": "Parse a stylesheet",
      "url": "https://www.w3.org/TR/css-syntax-3/#parse-stylesheet"
    }
  },
  "#parse-stylesheet-contents": {
    "current": {
      "number": "5.4.4",
      "spec": "CSS Syntax 3",
      "text": "Parse a stylesheet’s contents",
      "url": "https://drafts.csswg.org/css-syntax-3/#parse-stylesheet-contents"
    }
  },
  "#parser-algorithms": {
    "current": {
      "number": "5.5",
      "spec": "CSS Syntax 3",
      "text": "Parser Algorithms",
      "url": "https://drafts.csswg.org/css-syntax-3/#parser-algorithms"
    },
    "snapshot": {
      "number": "5.4",
      "spec": "CSS Syntax 3",
      "text": "Parser Algorithms",
      "url": "https://www.w3.org/TR/css-syntax-3/#parser-algorithms"
    }
  },
  "#parser-definitions": {
    "current": {
      "number": "5.3",
      "spec": "CSS Syntax 3",
      "text": "Token Streams",
      "url": "https://drafts.csswg.org/css-syntax-3/#parser-definitions"
    },
    "snapshot": {
      "number": "5.2",
      "spec": "CSS Syntax 3",
      "text": "Definitions",
      "url": "https://www.w3.org/TR/css-syntax-3/#parser-definitions"
    }
  },
  "#parser-diagrams": {
    "current": {
      "number": "5.1",
      "spec": "CSS Syntax 3",
      "text": "Parser Railroad Diagrams",
      "url": "https://drafts.csswg.org/css-syntax-3/#parser-diagrams"
    },
    "snapshot": {
      "number": "5.1",
      "spec": "CSS Syntax 3",
      "text": "Parser Railroad Diagrams",
      "url": "https://www.w3.org/TR/css-syntax-3/#parser-diagrams"
    }
  },
  "#parser-entry-points": {
    "current": {
      "number": "5.4",
      "spec": "CSS Syntax 3",
      "text": "Parser Entry Points",
      "url": "https://drafts.csswg.org/css-syntax-3/#parser-entry-points"
    },
    "snapshot": {
      "number": "5.3",
      "spec": "CSS Syntax 3",
      "text": "Parser Entry Points",
      "url": "https://www.w3.org/TR/css-syntax-3/#parser-entry-points"
    }
  },
  "#parsing": {
    "current": {
      "number": "5",
      "spec": "CSS Syntax 3",
      "text": "Parsing",
      "url": "https://drafts.csswg.org/css-syntax-3/#parsing"
    },
    "snapshot": {
      "number": "5",
      "spec": "CSS Syntax 3",
      "text": "Parsing",
      "url": "https://www.w3.org/TR/css-syntax-3/#parsing"
    }
  },
  "#parsing-overview": {
    "current": {
      "number": "3.1",
      "spec": "CSS Syntax 3",
      "text": "Overview of the Parsing Model",
      "url": "https://drafts.csswg.org/css-syntax-3/#parsing-overview"
    },
    "snapshot": {
      "number": "3.1",
      "spec": "CSS Syntax 3",
      "text": "Overview of the Parsing Model",
      "url": "https://www.w3.org/TR/css-syntax-3/#parsing-overview"
    }
  },
  "#placement": {
    "current": {
      "number": "1.1",
      "spec": "CSS Syntax 3",
      "text": "Module interactions",
      "url": "https://drafts.csswg.org/css-syntax-3/#placement"
    },
    "snapshot": {
      "number": "1.1",
      "spec": "CSS Syntax 3",
      "text": "Module interactions",
      "url": "https://www.w3.org/TR/css-syntax-3/#placement"
    }
  },
  "#priv-sec": {
    "snapshot": {
      "number": "",
      "spec": "CSS Syntax 3",
      "text": "11. Privacy and Security Considerations",
      "url": "https://www.w3.org/TR/css-syntax-3/#priv-sec"
    }
  },
  "#privacy": {
    "current": {
      "number": "",
      "spec": "CSS Syntax 3",
      "text": "10. Privacy Considerations",
      "url": "https://drafts.csswg.org/css-syntax-3/#privacy"
    }
  },
  "#references": {
    "current": {
      "number": "",
      "spec": "CSS Syntax 3",
      "text": "References",
      "url": "https://drafts.csswg.org/css-syntax-3/#references"
    },
    "snapshot": {
      "number": "",
      "spec": "CSS Syntax 3",
      "text": "References",
      "url": "https://www.w3.org/TR/css-syntax-3/#references"
    }
  },
  "#rule-defs": {
    "current": {
      "number": "7",
      "spec": "CSS Syntax 3",
      "text": "Defining Grammars for Rules and Other Values",
      "url": "https://drafts.csswg.org/css-syntax-3/#rule-defs"
    },
    "snapshot": {
      "number": "8",
      "spec": "CSS Syntax 3",
      "text": "Defining Grammars for Rules and Other Values",
      "url": "https://www.w3.org/TR/css-syntax-3/#rule-defs"
    }
  },
  "#security": {
    "current": {
      "number": "",
      "spec": "CSS Syntax 3",
      "text": "11. Security Considerations",
      "url": "https://drafts.csswg.org/css-syntax-3/#security"
    }
  },
  "#serialization": {
    "current": {
      "number": "9",
      "spec": "CSS Syntax 3",
      "text": "Serialization",
      "url": "https://drafts.csswg.org/css-syntax-3/#serialization"
    },
    "snapshot": {
      "number": "",
      "spec": "CSS Syntax 3",
      "text": "10. Serialization",
      "url": "https://www.w3.org/TR/css-syntax-3/#serialization"
    }
  },
  "#serializing-anb": {
    "current": {
      "number": "9.1",
      "spec": "CSS Syntax 3",
      "text": "Serializing <an+b>",
      "url": "https://drafts.csswg.org/css-syntax-3/#serializing-anb"
    },
    "snapshot": {
      "number": "10.1",
      "spec": "CSS Syntax 3",
      "text": "Serializing <an+b>",
      "url": "https://www.w3.org/TR/css-syntax-3/#serializing-anb"
    }
  },
  "#sotd": {
    "current": {
      "number": "",
      "spec": "CSS Syntax 3",
      "text": "Status of this document",
      "url": "https://drafts.csswg.org/css-syntax-3/#sotd"
    },
    "snapshot": {
      "number": "",
      "spec": "CSS Syntax 3",
      "text": "Status of this document",
      "url": "https://www.w3.org/TR/css-syntax-3/#sotd"
    }
  },
  "#starts-a-unicode-range": {
    "current": {
      "number": "4.3.11",
      "spec": "CSS Syntax 3",
      "text": "Check if three code points would start a unicode-range",
      "url": "https://drafts.csswg.org/css-syntax-3/#starts-a-unicode-range"
    }
  },
  "#starts-with-a-number": {
    "current": {
      "number": "4.3.10",
      "spec": "CSS Syntax 3",
      "text": "Check if three code points would start a number",
      "url": "https://drafts.csswg.org/css-syntax-3/#starts-with-a-number"
    },
    "snapshot": {
      "number": "4.3.10",
      "spec": "CSS Syntax 3",
      "text": "Check if three code points would start a number",
      "url": "https://www.w3.org/TR/css-syntax-3/#starts-with-a-number"
    }
  },
  "#starts-with-a-valid-escape": {
    "current": {
      "number": "4.3.8",
      "spec": "CSS Syntax 3",
      "text": "Check if two code points are a valid escape",
      "url": "https://drafts.csswg.org/css-syntax-3/#starts-with-a-valid-escape"
    },
    "snapshot": {
      "number": "4.3.8",
      "spec": "CSS Syntax 3",
      "text": "Check if two code points are a valid escape",
      "url": "https://www.w3.org/TR/css-syntax-3/#starts-with-a-valid-escape"
    }
  },
  "#style-rules": {
    "current": {
      "number": "8.1",
      "spec": "CSS Syntax 3",
      "text": "Style rules",
      "url": "https://drafts.csswg.org/css-syntax-3/#style-rules"
    },
    "snapshot": {
      "number": "9.1",
      "spec": "CSS Syntax 3",
      "text": "Style rules",
      "url": "https://www.w3.org/TR/css-syntax-3/#style-rules"
    }
  },
  "#syntax-description": {
    "current": {
      "number": "2",
      "spec": "CSS Syntax 3",
      "text": "Description of CSS’s Syntax",
      "url": "https://drafts.csswg.org/css-syntax-3/#syntax-description"
    },
    "snapshot": {
      "number": "2",
      "spec": "CSS Syntax 3",
      "text": "Description of CSS’s Syntax",
      "url": "https://www.w3.org/TR/css-syntax-3/#syntax-description"
    }
  },
  "#the-anb-type": {
    "current": {
      "number": "6.2",
      "spec": "CSS Syntax 3",
      "text": "The <an+b> type",
      "url": "https://drafts.csswg.org/css-syntax-3/#the-anb-type"
    },
    "snapshot": {
      "number": "6.2",
      "spec": "CSS Syntax 3",
      "text": "The <an+b> type",
      "url": "https://www.w3.org/TR/css-syntax-3/#the-anb-type"
    }
  },
  "#title": {
    "current": {
      "number": "",
      "spec": "CSS Syntax 3",
      "text": "CSS Syntax Module Level 3",
      "url": "https://drafts.csswg.org/css-syntax-3/#title"
    },
    "snapshot": {
      "number": "",
      "spec": "CSS Syntax 3",
      "text": "CSS Syntax Module Level 3",
      "url": "https://www.w3.org/TR/css-syntax-3/#title"
    }
  },
  "#toc": {
    "current": {
      "number": "",
      "spec": "CSS Syntax 3",
      "text": "Table of Contents",
      "url": "https://drafts.csswg.org/css-syntax-3/#toc"
    },
    "snapshot": {
      "number": "",
      "spec": "CSS Syntax 3",
      "text": "Table of Contents",
      "url": "https://www.w3.org/TR/css-syntax-3/#toc"
    }
  },
  "#token-diagrams": {
    "current": {
      "number": "4.1",
      "spec": "CSS Syntax 3",
      "text": "Token Railroad Diagrams",
      "url": "https://drafts.csswg.org/css-syntax-3/#token-diagrams"
    },
    "snapshot": {
      "number": "4.1",
      "spec": "CSS Syntax 3",
      "text": "Token Railroad Diagrams",
      "url": "https://www.w3.org/TR/css-syntax-3/#token-diagrams"
    }
  },
  "#tokenization": {
    "current": {
      "number": "4",
      "spec": "CSS Syntax 3",
      "text": "Tokenization",
      "url": "https://drafts.csswg.org/css-syntax-3/#tokenization"
    },
    "snapshot": {
      "number": "4",
      "spec": "CSS Syntax 3",
      "text": "Tokenization",
      "url": "https://www.w3.org/TR/css-syntax-3/#tokenization"
    }
  },
  "#tokenizer-algorithms": {
    "current": {
      "number": "4.3",
      "spec": "CSS Syntax 3",
      "text": "Tokenizer Algorithms",
      "url": "https://drafts.csswg.org/css-syntax-3/#tokenizer-algorithms"
    },
    "snapshot": {
      "number": "4.3",
      "spec": "CSS Syntax 3",
      "text": "Tokenizer Algorithms",
      "url": "https://www.w3.org/TR/css-syntax-3/#tokenizer-algorithms"
    }
  },
  "#tokenizer-definitions": {
    "current": {
      "number": "4.2",
      "spec": "CSS Syntax 3",
      "text": "Definitions",
      "url": "https://drafts.csswg.org/css-syntax-3/#tokenizer-definitions"
    },
    "snapshot": {
      "number": "4.2",
      "spec": "CSS Syntax 3",
      "text": "Definitions",
      "url": "https://www.w3.org/TR/css-syntax-3/#tokenizer-definitions"
    }
  },
  "#tokenizing-and-parsing": {
    "current": {
      "number": "3",
      "spec": "CSS Syntax 3",
      "text": "Tokenizing and Parsing CSS",
      "url": "https://drafts.csswg.org/css-syntax-3/#tokenizing-and-parsing"
    },
    "snapshot": {
      "number": "3",
      "spec": "CSS Syntax 3",
      "text": "Tokenizing and Parsing CSS",
      "url": "https://www.w3.org/TR/css-syntax-3/#tokenizing-and-parsing"
    }
  },
  "#urange": {
    "snapshot": {
      "number": "7",
      "spec": "CSS Syntax 3",
      "text": "The Unicode-Range microsyntax",
      "url": "https://www.w3.org/TR/css-syntax-3/#urange"
    }
  },
  "#urange-syntax": {
    "snapshot": {
      "number": "7.1",
      "spec": "CSS Syntax 3",
      "text": "The <urange> type",
      "url": "https://www.w3.org/TR/css-syntax-3/#urange-syntax"
    }
  },
  "#w3c-conform-future-proofing": {
    "current": {
      "number": "",
      "spec": "CSS Syntax 3",
      "text": "Implementations of Unstable and Proprietary Features",
      "url": "https://drafts.csswg.org/css-syntax-3/#w3c-conform-future-proofing"
    },
    "snapshot": {
      "number": "",
      "spec": "CSS Syntax 3",
      "text": "Implementations of Unstable and Proprietary Features",
      "url": "https://www.w3.org/TR/css-syntax-3/#w3c-conform-future-proofing"
    }
  },
  "#w3c-conformance": {
    "current": {
      "number": "",
      "spec": "CSS Syntax 3",
      "text": "Conformance",
      "url": "https://drafts.csswg.org/css-syntax-3/#w3c-conformance"
    },
    "snapshot": {
      "number": "",
      "spec": "CSS Syntax 3",
      "text": "Conformance",
      "url": "https://www.w3.org/TR/css-syntax-3/#w3c-conformance"
    }
  },
  "#w3c-conformance-classes": {
    "current": {
      "number": "",
      "spec": "CSS Syntax 3",
      "text": "Conformance classes",
      "url": "https://drafts.csswg.org/css-syntax-3/#w3c-conformance-classes"
    },
    "snapshot": {
      "number": "",
      "spec": "CSS Syntax 3",
      "text": "Conformance classes",
      "url": "https://www.w3.org/TR/css-syntax-3/#w3c-conformance-classes"
    }
  },
  "#w3c-conventions": {
    "current": {
      "number": "",
      "spec": "CSS Syntax 3",
      "text": "Document conventions",
      "url": "https://drafts.csswg.org/css-syntax-3/#w3c-conventions"
    },
    "snapshot": {
      "number": "",
      "spec": "CSS Syntax 3",
      "text": "Document conventions",
      "url": "https://www.w3.org/TR/css-syntax-3/#w3c-conventions"
    }
  },
  "#w3c-cr-exit-criteria": {
    "snapshot": {
      "number": "",
      "spec": "CSS Syntax 3",
      "text": "CR exit criteria",
      "url": "https://www.w3.org/TR/css-syntax-3/#w3c-cr-exit-criteria"
    }
  },
  "#w3c-partial": {
    "current": {
      "number": "",
      "spec": "CSS Syntax 3",
      "text": "Partial implementations",
      "url": "https://drafts.csswg.org/css-syntax-3/#w3c-partial"
    },
    "snapshot": {
      "number": "",
      "spec": "CSS Syntax 3",
      "text": "Partial implementations",
      "url": "https://www.w3.org/TR/css-syntax-3/#w3c-partial"
    }
  },
  "#w3c-testing": {
    "current": {
      "number": "",
      "spec": "CSS Syntax 3",
      "text": "Non-experimental implementations",
      "url": "https://drafts.csswg.org/css-syntax-3/#w3c-testing"
    },
    "snapshot": {
      "number": "",
      "spec": "CSS Syntax 3",
      "text": "Non-experimental implementations",
      "url": "https://www.w3.org/TR/css-syntax-3/#w3c-testing"
    }
  },
  "#would-start-an-identifier": {
    "current": {
      "number": "4.3.9",
      "spec": "CSS Syntax 3",
      "text": "Check if three code points would start an ident sequence",
      "url": "https://drafts.csswg.org/css-syntax-3/#would-start-an-identifier"
    },
    "snapshot": {
      "number": "4.3.9",
      "spec": "CSS Syntax 3",
      "text": "Check if three code points would start an ident sequence",
      "url": "https://www.w3.org/TR/css-syntax-3/#would-start-an-identifier"
    }
  }
}