{
  "#extensions-to-the-globaleventhandlers-interface": {
    "current": {
      "number": "3",
      "spec": "overscroll and scrollend events",
      "text": "Extensions to the GlobalEventHandlers interface",
      "url": "https://wicg.github.io/overscroll-scrollend-events/#extensions-to-the-globaleventhandlers-interface"
    }
  },
  "#informative-references": {
    "current": {
      "number": "A.2",
      "spec": "overscroll and scrollend events",
      "text": "Informative references",
      "url": "https://wicg.github.io/overscroll-scrollend-events/#informative-references"
    }
  },
  "#intro": {
    "current": {
      "number": "1",
      "spec": "overscroll and scrollend events",
      "text": "Introduction",
      "url": "https://wicg.github.io/overscroll-scrollend-events/#intro"
    }
  },
  "#normative-references": {
    "current": {
      "number": "A.1",
      "spec": "overscroll and scrollend events",
      "text": "Normative references",
      "url": "https://wicg.github.io/overscroll-scrollend-events/#normative-references"
    }
  },
  "#references": {
    "current": {
      "number": "A",
      "spec": "overscroll and scrollend events",
      "text": "References",
      "url": "https://wicg.github.io/overscroll-scrollend-events/#references"
    }
  },
  "#the-overscroll-and-scrollend-events": {
    "current": {
      "number": "2",
      "spec": "overscroll and scrollend events",
      "text": "The overscroll and scrollend events",
      "url": "https://wicg.github.io/overscroll-scrollend-events/#the-overscroll-and-scrollend-events"
    }
  },
  "#title": {
    "current": {
      "number": "",
      "spec": "overscroll and scrollend events",
      "text": "overscroll and scrollend events",
      "url": "https://wicg.github.io/overscroll-scrollend-events/#title"
    }
  },
  "#toc": {
    "current": {
      "number": "",
      "spec": "overscroll and scrollend events",
      "text": "Table of Contents",
      "url": "https://wicg.github.io/overscroll-scrollend-events/#toc"
    }
  }
}