{
  "#abstract": {
    "current": {
      "number": "",
      "spec": "CSS Transitions",
      "text": "Abstract",
      "url": "https://drafts.csswg.org/css-transitions-1/#abstract"
    },
    "snapshot": {
      "number": "",
      "spec": "CSS Transitions",
      "text": "Abstract",
      "url": "https://www.w3.org/TR/css-transitions-1/#abstract"
    }
  },
  "#accessibility": {
    "current": {
      "number": "",
      "spec": "CSS Transitions",
      "text": "10. Accessibility Considerations",
      "url": "https://drafts.csswg.org/css-transitions-1/#accessibility"
    },
    "snapshot": {
      "number": "",
      "spec": "CSS Transitions",
      "text": "10. Accessibility Considerations",
      "url": "https://www.w3.org/TR/css-transitions-1/#accessibility"
    }
  },
  "#accessibility-cascade": {
    "current": {
      "number": "10.2",
      "spec": "CSS Transitions",
      "text": "Cascade",
      "url": "https://drafts.csswg.org/css-transitions-1/#accessibility-cascade"
    },
    "snapshot": {
      "number": "10.2",
      "spec": "CSS Transitions",
      "text": "Cascade",
      "url": "https://www.w3.org/TR/css-transitions-1/#accessibility-cascade"
    }
  },
  "#accessibility-motion": {
    "current": {
      "number": "10.1",
      "spec": "CSS Transitions",
      "text": "Motion",
      "url": "https://drafts.csswg.org/css-transitions-1/#accessibility-motion"
    },
    "snapshot": {
      "number": "10.1",
      "spec": "CSS Transitions",
      "text": "Motion",
      "url": "https://www.w3.org/TR/css-transitions-1/#accessibility-motion"
    }
  },
  "#acknowledgments": {
    "current": {
      "number": "",
      "spec": "CSS Transitions",
      "text": "12. Acknowledgments",
      "url": "https://drafts.csswg.org/css-transitions-1/#acknowledgments"
    },
    "snapshot": {
      "number": "",
      "spec": "CSS Transitions",
      "text": "12. Acknowledgments",
      "url": "https://www.w3.org/TR/css-transitions-1/#acknowledgments"
    }
  },
  "#application": {
    "current": {
      "number": "4",
      "spec": "CSS Transitions",
      "text": "Application of transitions",
      "url": "https://drafts.csswg.org/css-transitions-1/#application"
    },
    "snapshot": {
      "number": "4",
      "spec": "CSS Transitions",
      "text": "Application of transitions",
      "url": "https://www.w3.org/TR/css-transitions-1/#application"
    }
  },
  "#changes": {
    "current": {
      "number": "",
      "spec": "CSS Transitions",
      "text": "11. Changes",
      "url": "https://drafts.csswg.org/css-transitions-1/#changes"
    },
    "snapshot": {
      "number": "",
      "spec": "CSS Transitions",
      "text": "11. Changes since Working Draft of 30 November 2017",
      "url": "https://www.w3.org/TR/css-transitions-1/#changes"
    }
  },
  "#changes-2018": {
    "current": {
      "number": "11.1",
      "spec": "CSS Transitions",
      "text": "Changes since Working Draft of 11 October 2018",
      "url": "https://drafts.csswg.org/css-transitions-1/#changes-2018"
    }
  },
  "#changes-earlier": {
    "current": {
      "number": "11.2",
      "spec": "CSS Transitions",
      "text": "Earlier changes",
      "url": "https://drafts.csswg.org/css-transitions-1/#changes-earlier"
    }
  },
  "#complete": {
    "current": {
      "number": "5",
      "spec": "CSS Transitions",
      "text": "Completion of transitions",
      "url": "https://drafts.csswg.org/css-transitions-1/#complete"
    },
    "snapshot": {
      "number": "5",
      "spec": "CSS Transitions",
      "text": "Completion of transitions",
      "url": "https://www.w3.org/TR/css-transitions-1/#complete"
    }
  },
  "#conform-classes": {
    "snapshot": {
      "number": "",
      "spec": "CSS Transitions",
      "text": "Conformance classes",
      "url": "https://www.w3.org/TR/css-transitions-1/#conform-classes"
    }
  },
  "#conform-future-proofing": {
    "snapshot": {
      "number": "",
      "spec": "CSS Transitions",
      "text": "Implementations of Unstable and Proprietary Features",
      "url": "https://www.w3.org/TR/css-transitions-1/#conform-future-proofing"
    }
  },
  "#conform-partial": {
    "snapshot": {
      "number": "",
      "spec": "CSS Transitions",
      "text": "Partial Implementations",
      "url": "https://www.w3.org/TR/css-transitions-1/#conform-partial"
    }
  },
  "#conform-responsible": {
    "snapshot": {
      "number": "",
      "spec": "CSS Transitions",
      "text": "Requirements for Responsible Implementation of CSS",
      "url": "https://www.w3.org/TR/css-transitions-1/#conform-responsible"
    }
  },
  "#conform-testing": {
    "snapshot": {
      "number": "",
      "spec": "CSS Transitions",
      "text": "Implementations of CR-level Features",
      "url": "https://www.w3.org/TR/css-transitions-1/#conform-testing"
    }
  },
  "#conformance": {
    "snapshot": {
      "number": "",
      "spec": "CSS Transitions",
      "text": "Conformance",
      "url": "https://www.w3.org/TR/css-transitions-1/#conformance"
    }
  },
  "#document-conventions": {
    "snapshot": {
      "number": "",
      "spec": "CSS Transitions",
      "text": "Document conventions",
      "url": "https://www.w3.org/TR/css-transitions-1/#document-conventions"
    }
  },
  "#event-handlers-on-elements-document-objects-and-window-objects": {
    "current": {
      "number": "6.3",
      "spec": "CSS Transitions",
      "text": "Event handlers on elements, Document objects, and Window objects",
      "url": "https://drafts.csswg.org/css-transitions-1/#event-handlers-on-elements-document-objects-and-window-objects"
    },
    "snapshot": {
      "number": "6.3",
      "spec": "CSS Transitions",
      "text": "Event handlers on elements, Document objects, and Window objects",
      "url": "https://www.w3.org/TR/css-transitions-1/#event-handlers-on-elements-document-objects-and-window-objects"
    }
  },
  "#event-transitionevent": {
    "current": {
      "number": "6.2",
      "spec": "CSS Transitions",
      "text": "Types of TransitionEvent",
      "url": "https://drafts.csswg.org/css-transitions-1/#event-transitionevent"
    },
    "snapshot": {
      "number": "6.2",
      "spec": "CSS Transitions",
      "text": "Types of TransitionEvent",
      "url": "https://www.w3.org/TR/css-transitions-1/#event-transitionevent"
    }
  },
  "#idl-index": {
    "current": {
      "number": "",
      "spec": "CSS Transitions",
      "text": "IDL Index",
      "url": "https://drafts.csswg.org/css-transitions-1/#idl-index"
    },
    "snapshot": {
      "number": "",
      "spec": "CSS Transitions",
      "text": "IDL Index",
      "url": "https://www.w3.org/TR/css-transitions-1/#idl-index"
    }
  },
  "#index": {
    "current": {
      "number": "",
      "spec": "CSS Transitions",
      "text": "Index",
      "url": "https://drafts.csswg.org/css-transitions-1/#index"
    },
    "snapshot": {
      "number": "",
      "spec": "CSS Transitions",
      "text": "Index",
      "url": "https://www.w3.org/TR/css-transitions-1/#index"
    }
  },
  "#index-defined-elsewhere": {
    "current": {
      "number": "",
      "spec": "CSS Transitions",
      "text": "Terms defined by reference",
      "url": "https://drafts.csswg.org/css-transitions-1/#index-defined-elsewhere"
    },
    "snapshot": {
      "number": "",
      "spec": "CSS Transitions",
      "text": "Terms defined by reference",
      "url": "https://www.w3.org/TR/css-transitions-1/#index-defined-elsewhere"
    }
  },
  "#index-defined-here": {
    "current": {
      "number": "",
      "spec": "CSS Transitions",
      "text": "Terms defined by this specification",
      "url": "https://drafts.csswg.org/css-transitions-1/#index-defined-here"
    },
    "snapshot": {
      "number": "",
      "spec": "CSS Transitions",
      "text": "Terms defined by this specification",
      "url": "https://www.w3.org/TR/css-transitions-1/#index-defined-here"
    }
  },
  "#informative": {
    "current": {
      "number": "",
      "spec": "CSS Transitions",
      "text": "Informative References",
      "url": "https://drafts.csswg.org/css-transitions-1/#informative"
    },
    "snapshot": {
      "number": "",
      "spec": "CSS Transitions",
      "text": "Informative References",
      "url": "https://www.w3.org/TR/css-transitions-1/#informative"
    }
  },
  "#interface-dom": {
    "current": {
      "number": "7",
      "spec": "CSS Transitions",
      "text": "DOM Interfaces",
      "url": "https://drafts.csswg.org/css-transitions-1/#interface-dom"
    },
    "snapshot": {
      "number": "7",
      "spec": "CSS Transitions",
      "text": "DOM Interfaces",
      "url": "https://www.w3.org/TR/css-transitions-1/#interface-dom"
    }
  },
  "#interface-globaleventhandlers-idl": {
    "current": {
      "number": "7.1",
      "spec": "CSS Transitions",
      "text": "IDL Definition",
      "url": "https://drafts.csswg.org/css-transitions-1/#interface-globaleventhandlers-idl"
    },
    "snapshot": {
      "number": "7.1",
      "spec": "CSS Transitions",
      "text": "IDL Definition",
      "url": "https://www.w3.org/TR/css-transitions-1/#interface-globaleventhandlers-idl"
    }
  },
  "#interface-transitionevent": {
    "current": {
      "number": "6.1",
      "spec": "CSS Transitions",
      "text": "Interface TransitionEvent",
      "url": "https://drafts.csswg.org/css-transitions-1/#interface-transitionevent"
    },
    "snapshot": {
      "number": "6.1",
      "spec": "CSS Transitions",
      "text": "Interface TransitionEvent",
      "url": "https://www.w3.org/TR/css-transitions-1/#interface-transitionevent"
    }
  },
  "#interface-transitionevent-attributes": {
    "current": {
      "number": "6.1.2",
      "spec": "CSS Transitions",
      "text": "Attributes",
      "url": "https://drafts.csswg.org/css-transitions-1/#interface-transitionevent-attributes"
    },
    "snapshot": {
      "number": "6.1.2",
      "spec": "CSS Transitions",
      "text": "Attributes",
      "url": "https://www.w3.org/TR/css-transitions-1/#interface-transitionevent-attributes"
    }
  },
  "#interface-transitionevent-idl": {
    "current": {
      "number": "6.1.1",
      "spec": "CSS Transitions",
      "text": "IDL Definition",
      "url": "https://drafts.csswg.org/css-transitions-1/#interface-transitionevent-idl"
    },
    "snapshot": {
      "number": "6.1.1",
      "spec": "CSS Transitions",
      "text": "IDL Definition",
      "url": "https://www.w3.org/TR/css-transitions-1/#interface-transitionevent-idl"
    }
  },
  "#introduction": {
    "current": {
      "number": "1",
      "spec": "CSS Transitions",
      "text": "Introduction",
      "url": "https://drafts.csswg.org/css-transitions-1/#introduction"
    },
    "snapshot": {
      "number": "1",
      "spec": "CSS Transitions",
      "text": "Introduction",
      "url": "https://www.w3.org/TR/css-transitions-1/#introduction"
    }
  },
  "#normative": {
    "current": {
      "number": "",
      "spec": "CSS Transitions",
      "text": "Normative References",
      "url": "https://drafts.csswg.org/css-transitions-1/#normative"
    },
    "snapshot": {
      "number": "",
      "spec": "CSS Transitions",
      "text": "Normative References",
      "url": "https://www.w3.org/TR/css-transitions-1/#normative"
    }
  },
  "#privacy": {
    "current": {
      "number": "9",
      "spec": "CSS Transitions",
      "text": "Privacy Considerations",
      "url": "https://drafts.csswg.org/css-transitions-1/#privacy"
    },
    "snapshot": {
      "number": "9",
      "spec": "CSS Transitions",
      "text": "Privacy Considerations",
      "url": "https://www.w3.org/TR/css-transitions-1/#privacy"
    }
  },
  "#property-index": {
    "current": {
      "number": "",
      "spec": "CSS Transitions",
      "text": "Property Index",
      "url": "https://drafts.csswg.org/css-transitions-1/#property-index"
    },
    "snapshot": {
      "number": "",
      "spec": "CSS Transitions",
      "text": "Property Index",
      "url": "https://www.w3.org/TR/css-transitions-1/#property-index"
    }
  },
  "#references": {
    "current": {
      "number": "",
      "spec": "CSS Transitions",
      "text": "References",
      "url": "https://drafts.csswg.org/css-transitions-1/#references"
    },
    "snapshot": {
      "number": "",
      "spec": "CSS Transitions",
      "text": "References",
      "url": "https://www.w3.org/TR/css-transitions-1/#references"
    }
  },
  "#reversing": {
    "current": {
      "number": "3.1",
      "spec": "CSS Transitions",
      "text": "Faster reversing of interrupted transitions",
      "url": "https://drafts.csswg.org/css-transitions-1/#reversing"
    },
    "snapshot": {
      "number": "3.1",
      "spec": "CSS Transitions",
      "text": "Faster reversing of interrupted transitions",
      "url": "https://www.w3.org/TR/css-transitions-1/#reversing"
    }
  },
  "#security": {
    "current": {
      "number": "8",
      "spec": "CSS Transitions",
      "text": "Security Considerations",
      "url": "https://drafts.csswg.org/css-transitions-1/#security"
    },
    "snapshot": {
      "number": "8",
      "spec": "CSS Transitions",
      "text": "Security Considerations",
      "url": "https://www.w3.org/TR/css-transitions-1/#security"
    }
  },
  "#sotd": {
    "current": {
      "number": "",
      "spec": "CSS Transitions",
      "text": "Status of this document",
      "url": "https://drafts.csswg.org/css-transitions-1/#sotd"
    }
  },
  "#starting": {
    "current": {
      "number": "3",
      "spec": "CSS Transitions",
      "text": "Starting of transitions",
      "url": "https://drafts.csswg.org/css-transitions-1/#starting"
    },
    "snapshot": {
      "number": "3",
      "spec": "CSS Transitions",
      "text": "Starting of transitions",
      "url": "https://www.w3.org/TR/css-transitions-1/#starting"
    }
  },
  "#status": {
    "snapshot": {
      "number": "",
      "spec": "CSS Transitions",
      "text": "Status of this document",
      "url": "https://www.w3.org/TR/css-transitions-1/#status"
    }
  },
  "#subtitle": {
    "snapshot": {
      "number": "",
      "spec": "CSS Transitions",
      "text": "W3C Working Draft, 11 October 2018",
      "url": "https://www.w3.org/TR/css-transitions-1/#subtitle"
    }
  },
  "#title": {
    "current": {
      "number": "",
      "spec": "CSS Transitions",
      "text": "CSS Transitions Level 1",
      "url": "https://drafts.csswg.org/css-transitions-1/#title"
    },
    "snapshot": {
      "number": "",
      "spec": "CSS Transitions",
      "text": "CSS Transitions",
      "url": "https://www.w3.org/TR/css-transitions-1/#title"
    }
  },
  "#toc": {
    "current": {
      "number": "",
      "spec": "CSS Transitions",
      "text": "Table of Contents",
      "url": "https://drafts.csswg.org/css-transitions-1/#toc"
    },
    "snapshot": {
      "number": "",
      "spec": "CSS Transitions",
      "text": "Table of Contents",
      "url": "https://www.w3.org/TR/css-transitions-1/#toc"
    }
  },
  "#transition-delay-property": {
    "current": {
      "number": "2.4",
      "spec": "CSS Transitions",
      "text": "The transition-delay Property",
      "url": "https://drafts.csswg.org/css-transitions-1/#transition-delay-property"
    },
    "snapshot": {
      "number": "2.4",
      "spec": "CSS Transitions",
      "text": "The transition-delay Property",
      "url": "https://www.w3.org/TR/css-transitions-1/#transition-delay-property"
    }
  },
  "#transition-duration-property": {
    "current": {
      "number": "2.2",
      "spec": "CSS Transitions",
      "text": "The transition-duration Property",
      "url": "https://drafts.csswg.org/css-transitions-1/#transition-duration-property"
    },
    "snapshot": {
      "number": "2.2",
      "spec": "CSS Transitions",
      "text": "The transition-duration Property",
      "url": "https://www.w3.org/TR/css-transitions-1/#transition-duration-property"
    }
  },
  "#transition-events": {
    "current": {
      "number": "6",
      "spec": "CSS Transitions",
      "text": "Transition Events",
      "url": "https://drafts.csswg.org/css-transitions-1/#transition-events"
    },
    "snapshot": {
      "number": "6",
      "spec": "CSS Transitions",
      "text": "Transition Events",
      "url": "https://www.w3.org/TR/css-transitions-1/#transition-events"
    }
  },
  "#transition-property-property": {
    "current": {
      "number": "2.1",
      "spec": "CSS Transitions",
      "text": "The transition-property Property",
      "url": "https://drafts.csswg.org/css-transitions-1/#transition-property-property"
    },
    "snapshot": {
      "number": "2.1",
      "spec": "CSS Transitions",
      "text": "The transition-property Property",
      "url": "https://www.w3.org/TR/css-transitions-1/#transition-property-property"
    }
  },
  "#transition-shorthand-property": {
    "current": {
      "number": "2.5",
      "spec": "CSS Transitions",
      "text": "The transition Shorthand Property",
      "url": "https://drafts.csswg.org/css-transitions-1/#transition-shorthand-property"
    },
    "snapshot": {
      "number": "2.5",
      "spec": "CSS Transitions",
      "text": "The transition Shorthand Property",
      "url": "https://www.w3.org/TR/css-transitions-1/#transition-shorthand-property"
    }
  },
  "#transition-timing-function-property": {
    "current": {
      "number": "2.3",
      "spec": "CSS Transitions",
      "text": "The transition-timing-function Property",
      "url": "https://drafts.csswg.org/css-transitions-1/#transition-timing-function-property"
    },
    "snapshot": {
      "number": "2.3",
      "spec": "CSS Transitions",
      "text": "The transition-timing-function Property",
      "url": "https://www.w3.org/TR/css-transitions-1/#transition-timing-function-property"
    }
  },
  "#transitions": {
    "current": {
      "number": "2",
      "spec": "CSS Transitions",
      "text": "Transitions",
      "url": "https://drafts.csswg.org/css-transitions-1/#transitions"
    },
    "snapshot": {
      "number": "2",
      "spec": "CSS Transitions",
      "text": "Transitions",
      "url": "https://www.w3.org/TR/css-transitions-1/#transitions"
    }
  },
  "#values": {
    "current": {
      "number": "1.1",
      "spec": "CSS Transitions",
      "text": "Value Definitions",
      "url": "https://drafts.csswg.org/css-transitions-1/#values"
    }
  },
  "#w3c-conform-future-proofing": {
    "current": {
      "number": "",
      "spec": "CSS Transitions",
      "text": "Implementations of Unstable and Proprietary Features",
      "url": "https://drafts.csswg.org/css-transitions-1/#w3c-conform-future-proofing"
    }
  },
  "#w3c-conformance": {
    "current": {
      "number": "",
      "spec": "CSS Transitions",
      "text": "Conformance",
      "url": "https://drafts.csswg.org/css-transitions-1/#w3c-conformance"
    }
  },
  "#w3c-conformance-classes": {
    "current": {
      "number": "",
      "spec": "CSS Transitions",
      "text": "Conformance classes",
      "url": "https://drafts.csswg.org/css-transitions-1/#w3c-conformance-classes"
    }
  },
  "#w3c-conventions": {
    "current": {
      "number": "",
      "spec": "CSS Transitions",
      "text": "Document conventions",
      "url": "https://drafts.csswg.org/css-transitions-1/#w3c-conventions"
    }
  },
  "#w3c-partial": {
    "current": {
      "number": "",
      "spec": "CSS Transitions",
      "text": "Partial implementations",
      "url": "https://drafts.csswg.org/css-transitions-1/#w3c-partial"
    }
  },
  "#w3c-testing": {
    "current": {
      "number": "",
      "spec": "CSS Transitions",
      "text": "Non-experimental implementations",
      "url": "https://drafts.csswg.org/css-transitions-1/#w3c-testing"
    }
  }
}