{
  "#abstract": {
    "current": {
      "number": "",
      "spec": "Capability Delegation",
      "text": "Abstract",
      "url": "https://wicg.github.io/capability-delegation/spec.html#abstract"
    }
  },
  "#defining-delegated-behavior": {
    "current": {
      "number": "5",
      "spec": "Capability Delegation",
      "text": "Defining delegated capability behavior",
      "url": "https://wicg.github.io/capability-delegation/spec.html#defining-delegated-behavior"
    }
  },
  "#examples": {
    "current": {
      "number": "2",
      "spec": "Capability Delegation",
      "text": "Examples",
      "url": "https://wicg.github.io/capability-delegation/spec.html#examples"
    }
  },
  "#index": {
    "current": {
      "number": "",
      "spec": "Capability Delegation",
      "text": "Index",
      "url": "https://wicg.github.io/capability-delegation/spec.html#index"
    }
  },
  "#index-defined-elsewhere": {
    "current": {
      "number": "",
      "spec": "Capability Delegation",
      "text": "Terms defined by reference",
      "url": "https://wicg.github.io/capability-delegation/spec.html#index-defined-elsewhere"
    }
  },
  "#index-defined-here": {
    "current": {
      "number": "",
      "spec": "Capability Delegation",
      "text": "Terms defined by this specification",
      "url": "https://wicg.github.io/capability-delegation/spec.html#index-defined-here"
    }
  },
  "#informative": {
    "current": {
      "number": "",
      "spec": "Capability Delegation",
      "text": "Informative References",
      "url": "https://wicg.github.io/capability-delegation/spec.html#informative"
    }
  },
  "#initiate-vs-use": {
    "current": {
      "number": "1.2",
      "spec": "Capability Delegation",
      "text": "Initiating a delegation vs using a capability",
      "url": "https://wicg.github.io/capability-delegation/spec.html#initiate-vs-use"
    }
  },
  "#initiating-delegation": {
    "current": {
      "number": "3",
      "spec": "Capability Delegation",
      "text": "Initiating capability delegation",
      "url": "https://wicg.github.io/capability-delegation/spec.html#initiating-delegation"
    }
  },
  "#intro": {
    "current": {
      "number": "1",
      "spec": "Capability Delegation",
      "text": "Introduction",
      "url": "https://wicg.github.io/capability-delegation/spec.html#intro"
    }
  },
  "#monkey-patch-to-fullscreen": {
    "current": {
      "number": "5.2",
      "spec": "Capability Delegation",
      "text": "Monkey-patch to Fullscreen spec",
      "url": "https://wicg.github.io/capability-delegation/spec.html#monkey-patch-to-fullscreen"
    }
  },
  "#monkey-patch-to-html-initiating-delegation": {
    "current": {
      "number": "3.1",
      "spec": "Capability Delegation",
      "text": "Monkey-patch to HTML spec",
      "url": "https://wicg.github.io/capability-delegation/spec.html#monkey-patch-to-html-initiating-delegation"
    }
  },
  "#monkey-patch-to-html-tracking-delegation": {
    "current": {
      "number": "4.1",
      "spec": "Capability Delegation",
      "text": "Monkey-patch to HTML spec",
      "url": "https://wicg.github.io/capability-delegation/spec.html#monkey-patch-to-html-tracking-delegation"
    }
  },
  "#monkey-patch-to-payment-req": {
    "current": {
      "number": "5.1",
      "spec": "Capability Delegation",
      "text": "Monkey-patch to Payment Request spec",
      "url": "https://wicg.github.io/capability-delegation/spec.html#monkey-patch-to-payment-req"
    }
  },
  "#monkey-patch-to-screen-capture": {
    "current": {
      "number": "5.3",
      "spec": "Capability Delegation",
      "text": "Monkey-patch to [SCREEN-CAPTURE] spec",
      "url": "https://wicg.github.io/capability-delegation/spec.html#monkey-patch-to-screen-capture"
    }
  },
  "#normative": {
    "current": {
      "number": "",
      "spec": "Capability Delegation",
      "text": "Normative References",
      "url": "https://wicg.github.io/capability-delegation/spec.html#normative"
    }
  },
  "#references": {
    "current": {
      "number": "",
      "spec": "Capability Delegation",
      "text": "References",
      "url": "https://wicg.github.io/capability-delegation/spec.html#references"
    }
  },
  "#status": {
    "current": {
      "number": "",
      "spec": "Capability Delegation",
      "text": "Status of this document",
      "url": "https://wicg.github.io/capability-delegation/spec.html#status"
    }
  },
  "#title": {
    "current": {
      "number": "",
      "spec": "Capability Delegation",
      "text": "Capability Delegation",
      "url": "https://wicg.github.io/capability-delegation/spec.html#title"
    }
  },
  "#toc": {
    "current": {
      "number": "",
      "spec": "Capability Delegation",
      "text": "Table of Contents",
      "url": "https://wicg.github.io/capability-delegation/spec.html#toc"
    }
  },
  "#tracking-delegation": {
    "current": {
      "number": "4",
      "spec": "Capability Delegation",
      "text": "Tracking delegated capability",
      "url": "https://wicg.github.io/capability-delegation/spec.html#tracking-delegation"
    }
  },
  "#transient-availability": {
    "current": {
      "number": "1.3",
      "spec": "Capability Delegation",
      "text": "Transient availability",
      "url": "https://wicg.github.io/capability-delegation/spec.html#transient-availability"
    }
  },
  "#w3c-conformance": {
    "current": {
      "number": "",
      "spec": "Capability Delegation",
      "text": "Conformance",
      "url": "https://wicg.github.io/capability-delegation/spec.html#w3c-conformance"
    }
  },
  "#w3c-conformant-algorithms": {
    "current": {
      "number": "",
      "spec": "Capability Delegation",
      "text": "Conformant Algorithms",
      "url": "https://wicg.github.io/capability-delegation/spec.html#w3c-conformant-algorithms"
    }
  },
  "#w3c-conventions": {
    "current": {
      "number": "",
      "spec": "Capability Delegation",
      "text": "Document conventions",
      "url": "https://wicg.github.io/capability-delegation/spec.html#w3c-conventions"
    }
  },
  "#what-is-capability-delegation": {
    "current": {
      "number": "1.1",
      "spec": "Capability Delegation",
      "text": "What is capability delegation?",
      "url": "https://wicg.github.io/capability-delegation/spec.html#what-is-capability-delegation"
    }
  }
}