{
  "#abstract": {
    "current": {
      "number": "",
      "spec": "HTML Sanitizer API",
      "text": "Abstract",
      "url": "https://wicg.github.io/sanitizer-api/#abstract"
    }
  },
  "#ack": {
    "current": {
      "number": "5",
      "spec": "HTML Sanitizer API",
      "text": "Acknowledgements",
      "url": "https://wicg.github.io/sanitizer-api/#ack"
    }
  },
  "#algorithms": {
    "current": {
      "number": "3",
      "spec": "HTML Sanitizer API",
      "text": "Algorithms",
      "url": "https://wicg.github.io/sanitizer-api/#algorithms"
    }
  },
  "#api-algorithms": {
    "current": {
      "number": "3.1",
      "spec": "HTML Sanitizer API",
      "text": "API Implementation",
      "url": "https://wicg.github.io/sanitizer-api/#api-algorithms"
    }
  },
  "#api-string-handling": {
    "current": {
      "number": "2.2",
      "spec": "HTML Sanitizer API",
      "text": "String Handling",
      "url": "https://wicg.github.io/sanitizer-api/#api-string-handling"
    }
  },
  "#api-summary": {
    "current": {
      "number": "1.2",
      "spec": "HTML Sanitizer API",
      "text": "API Summary",
      "url": "https://wicg.github.io/sanitizer-api/#api-summary"
    }
  },
  "#attr-match-list": {
    "current": {
      "number": "2.3.1",
      "spec": "HTML Sanitizer API",
      "text": "Attribute Match Lists",
      "url": "https://wicg.github.io/sanitizer-api/#attr-match-list"
    }
  },
  "#baseline-attributes": {
    "current": {
      "number": "",
      "spec": "HTML Sanitizer API",
      "text": "The Baseline Attribute Allow List",
      "url": "https://wicg.github.io/sanitizer-api/#baseline-attributes"
    }
  },
  "#baseline-elements": {
    "current": {
      "number": "",
      "spec": "HTML Sanitizer API",
      "text": "The Baseline Element Allow List",
      "url": "https://wicg.github.io/sanitizer-api/#baseline-elements"
    }
  },
  "#builtins-justification": {
    "current": {
      "number": "",
      "spec": "HTML Sanitizer API",
      "text": "Built-ins Justification",
      "url": "https://wicg.github.io/sanitizer-api/#builtins-justification"
    }
  },
  "#config": {
    "current": {
      "number": "2.3",
      "spec": "HTML Sanitizer API",
      "text": "The Configuration Dictionary",
      "url": "https://wicg.github.io/sanitizer-api/#config"
    }
  },
  "#configuration": {
    "current": {
      "number": "3.4",
      "spec": "HTML Sanitizer API",
      "text": "Matching Against The Configuration",
      "url": "https://wicg.github.io/sanitizer-api/#configuration"
    }
  },
  "#constants": {
    "current": {
      "number": "A",
      "spec": "HTML Sanitizer API",
      "text": "Built-in Constants",
      "url": "https://wicg.github.io/sanitizer-api/#constants"
    }
  },
  "#default-configuration-dictionary": {
    "current": {
      "number": "",
      "spec": "HTML Sanitizer API",
      "text": "The Default Configuration Dictionary",
      "url": "https://wicg.github.io/sanitizer-api/#default-configuration-dictionary"
    }
  },
  "#defaults": {
    "current": {
      "number": "3.5",
      "spec": "HTML Sanitizer API",
      "text": "Baseline and Defaults",
      "url": "https://wicg.github.io/sanitizer-api/#defaults"
    }
  },
  "#dom-clobbering": {
    "current": {
      "number": "4.2",
      "spec": "HTML Sanitizer API",
      "text": "DOM clobbering",
      "url": "https://wicg.github.io/sanitizer-api/#dom-clobbering"
    }
  },
  "#framework": {
    "current": {
      "number": "2",
      "spec": "HTML Sanitizer API",
      "text": "Framework",
      "url": "https://wicg.github.io/sanitizer-api/#framework"
    }
  },
  "#goals": {
    "current": {
      "number": "1.1",
      "spec": "HTML Sanitizer API",
      "text": "Goals",
      "url": "https://wicg.github.io/sanitizer-api/#goals"
    }
  },
  "#helper-algorithms": {
    "current": {
      "number": "3.2",
      "spec": "HTML Sanitizer API",
      "text": "Helper Definitions",
      "url": "https://wicg.github.io/sanitizer-api/#helper-algorithms"
    }
  },
  "#idl-index": {
    "current": {
      "number": "",
      "spec": "HTML Sanitizer API",
      "text": "IDL Index",
      "url": "https://wicg.github.io/sanitizer-api/#idl-index"
    }
  },
  "#index": {
    "current": {
      "number": "",
      "spec": "HTML Sanitizer API",
      "text": "Index",
      "url": "https://wicg.github.io/sanitizer-api/#index"
    }
  },
  "#index-defined-elsewhere": {
    "current": {
      "number": "",
      "spec": "HTML Sanitizer API",
      "text": "Terms defined by reference",
      "url": "https://wicg.github.io/sanitizer-api/#index-defined-elsewhere"
    }
  },
  "#index-defined-here": {
    "current": {
      "number": "",
      "spec": "HTML Sanitizer API",
      "text": "Terms defined by this specification",
      "url": "https://wicg.github.io/sanitizer-api/#index-defined-here"
    }
  },
  "#informative": {
    "current": {
      "number": "",
      "spec": "HTML Sanitizer API",
      "text": "Informative References",
      "url": "https://wicg.github.io/sanitizer-api/#informative"
    }
  },
  "#intro": {
    "current": {
      "number": "1",
      "spec": "HTML Sanitizer API",
      "text": "Introduction",
      "url": "https://wicg.github.io/sanitizer-api/#intro"
    }
  },
  "#issues-index": {
    "current": {
      "number": "",
      "spec": "HTML Sanitizer API",
      "text": "Issues Index",
      "url": "https://wicg.github.io/sanitizer-api/#issues-index"
    }
  },
  "#mutated-xss": {
    "current": {
      "number": "4.4",
      "spec": "HTML Sanitizer API",
      "text": "Mutated XSS",
      "url": "https://wicg.github.io/sanitizer-api/#mutated-xss"
    }
  },
  "#normative": {
    "current": {
      "number": "",
      "spec": "HTML Sanitizer API",
      "text": "Normative References",
      "url": "https://wicg.github.io/sanitizer-api/#normative"
    }
  },
  "#references": {
    "current": {
      "number": "",
      "spec": "HTML Sanitizer API",
      "text": "References",
      "url": "https://wicg.github.io/sanitizer-api/#references"
    }
  },
  "#sanitizer-algorithms": {
    "current": {
      "number": "3.3",
      "spec": "HTML Sanitizer API",
      "text": "Sanitization Algorithms",
      "url": "https://wicg.github.io/sanitizer-api/#sanitizer-algorithms"
    }
  },
  "#sanitizer-api": {
    "current": {
      "number": "2.1",
      "spec": "HTML Sanitizer API",
      "text": "Sanitizer API",
      "url": "https://wicg.github.io/sanitizer-api/#sanitizer-api"
    }
  },
  "#script-gadgets": {
    "current": {
      "number": "4.3",
      "spec": "HTML Sanitizer API",
      "text": "XSS with Script gadgets",
      "url": "https://wicg.github.io/sanitizer-api/#script-gadgets"
    }
  },
  "#security-considerations": {
    "current": {
      "number": "4",
      "spec": "HTML Sanitizer API",
      "text": "Security Considerations",
      "url": "https://wicg.github.io/sanitizer-api/#security-considerations"
    }
  },
  "#server-side-xss": {
    "current": {
      "number": "4.1",
      "spec": "HTML Sanitizer API",
      "text": "Server-Side Reflected and Stored XSS",
      "url": "https://wicg.github.io/sanitizer-api/#server-side-xss"
    }
  },
  "#status": {
    "current": {
      "number": "",
      "spec": "HTML Sanitizer API",
      "text": "Status of this document",
      "url": "https://wicg.github.io/sanitizer-api/#status"
    }
  },
  "#string-context-case-1": {
    "current": {
      "number": "1.3.1",
      "spec": "HTML Sanitizer API",
      "text": "Case 1: Sanitizing With Nodes, Only.",
      "url": "https://wicg.github.io/sanitizer-api/#string-context-case-1"
    }
  },
  "#string-context-case-2": {
    "current": {
      "number": "1.3.2",
      "spec": "HTML Sanitizer API",
      "text": "Case 2: Sanitizing a String with Implied Context.",
      "url": "https://wicg.github.io/sanitizer-api/#string-context-case-2"
    }
  },
  "#string-context-case-3": {
    "current": {
      "number": "1.3.3",
      "spec": "HTML Sanitizer API",
      "text": "Case 3: Sanitizing a String with a Given Context.",
      "url": "https://wicg.github.io/sanitizer-api/#string-context-case-3"
    }
  },
  "#string-context-case-other": {
    "current": {
      "number": "1.3.4",
      "spec": "HTML Sanitizer API",
      "text": "The Other Case",
      "url": "https://wicg.github.io/sanitizer-api/#string-context-case-other"
    }
  },
  "#strings": {
    "current": {
      "number": "1.3",
      "spec": "HTML Sanitizer API",
      "text": "The Trouble With Strings",
      "url": "https://wicg.github.io/sanitizer-api/#strings"
    }
  },
  "#title": {
    "current": {
      "number": "",
      "spec": "HTML Sanitizer API",
      "text": "HTML Sanitizer API",
      "url": "https://wicg.github.io/sanitizer-api/#title"
    }
  },
  "#toc": {
    "current": {
      "number": "",
      "spec": "HTML Sanitizer API",
      "text": "Table of Contents",
      "url": "https://wicg.github.io/sanitizer-api/#toc"
    }
  }
}