{
  "#CSSPseudoElement-interface": {
    "current": {
      "number": "6.1",
      "spec": "CSS Pseudo-Elements 4",
      "text": "CSSPseudoElement Interface",
      "url": "https://drafts.csswg.org/css-pseudo-4/#CSSPseudoElement-interface"
    },
    "snapshot": {
      "number": "6.1",
      "spec": "CSS Pseudo-Elements 4",
      "text": "CSSPseudoElement Interface",
      "url": "https://www.w3.org/TR/css-pseudo-4/#CSSPseudoElement-interface"
    }
  },
  "#abstract": {
    "current": {
      "number": "",
      "spec": "CSS Pseudo-Elements 4",
      "text": "Abstract",
      "url": "https://drafts.csswg.org/css-pseudo-4/#abstract"
    },
    "snapshot": {
      "number": "",
      "spec": "CSS Pseudo-Elements 4",
      "text": "Abstract",
      "url": "https://www.w3.org/TR/css-pseudo-4/#abstract"
    }
  },
  "#acknowledgements": {
    "current": {
      "number": "",
      "spec": "CSS Pseudo-Elements 4",
      "text": "Acknowledgements",
      "url": "https://drafts.csswg.org/css-pseudo-4/#acknowledgements"
    },
    "snapshot": {
      "number": "",
      "spec": "CSS Pseudo-Elements 4",
      "text": "Acknowledgements",
      "url": "https://www.w3.org/TR/css-pseudo-4/#acknowledgements"
    }
  },
  "#changes": {
    "current": {
      "number": "",
      "spec": "CSS Pseudo-Elements 4",
      "text": "Changes",
      "url": "https://drafts.csswg.org/css-pseudo-4/#changes"
    },
    "snapshot": {
      "number": "",
      "spec": "CSS Pseudo-Elements 4",
      "text": "Changes",
      "url": "https://www.w3.org/TR/css-pseudo-4/#changes"
    }
  },
  "#css2-compat": {
    "current": {
      "number": "7",
      "spec": "CSS Pseudo-Elements 4",
      "text": "Compatibility Syntax",
      "url": "https://drafts.csswg.org/css-pseudo-4/#css2-compat"
    },
    "snapshot": {
      "number": "7",
      "spec": "CSS Pseudo-Elements 4",
      "text": "Compatibility Syntax",
      "url": "https://www.w3.org/TR/css-pseudo-4/#css2-compat"
    }
  },
  "#cssom": {
    "current": {
      "number": "6",
      "spec": "CSS Pseudo-Elements 4",
      "text": "Additions to the CSS Object Model",
      "url": "https://drafts.csswg.org/css-pseudo-4/#cssom"
    },
    "snapshot": {
      "number": "6",
      "spec": "CSS Pseudo-Elements 4",
      "text": "Additions to the CSS Object Model",
      "url": "https://www.w3.org/TR/css-pseudo-4/#cssom"
    }
  },
  "#file-selector-button-pseudo": {
    "current": {
      "number": "4.4",
      "spec": "CSS Pseudo-Elements 4",
      "text": "File Selector Button: the ::file-selector-button pseudo-element",
      "url": "https://drafts.csswg.org/css-pseudo-4/#file-selector-button-pseudo"
    },
    "snapshot": {
      "number": "4.4",
      "spec": "CSS Pseudo-Elements 4",
      "text": "File Selector Button: the ::file-selector-button pseudo-element",
      "url": "https://www.w3.org/TR/css-pseudo-4/#file-selector-button-pseudo"
    }
  },
  "#first-letter-application": {
    "current": {
      "number": "2.2.2",
      "spec": "CSS Pseudo-Elements 4",
      "text": "Finding the First-Letter Text",
      "url": "https://drafts.csswg.org/css-pseudo-4/#first-letter-application"
    },
    "snapshot": {
      "number": "2.2.2",
      "spec": "CSS Pseudo-Elements 4",
      "text": "Finding the First-Letter Text",
      "url": "https://www.w3.org/TR/css-pseudo-4/#first-letter-application"
    }
  },
  "#first-letter-pattern": {
    "current": {
      "number": "2.2.1",
      "spec": "CSS Pseudo-Elements 4",
      "text": "First Letters and Associated Punctuation",
      "url": "https://drafts.csswg.org/css-pseudo-4/#first-letter-pattern"
    },
    "snapshot": {
      "number": "2.2.1",
      "spec": "CSS Pseudo-Elements 4",
      "text": "First Letters and Associated Punctuation",
      "url": "https://www.w3.org/TR/css-pseudo-4/#first-letter-pattern"
    }
  },
  "#first-letter-pseudo": {
    "current": {
      "number": "2.2",
      "spec": "CSS Pseudo-Elements 4",
      "text": "First-Letter Text: ::first-letter pseudo-element and its ::prefix and ::postfix children",
      "url": "https://drafts.csswg.org/css-pseudo-4/#first-letter-pseudo"
    },
    "snapshot": {
      "number": "2.2",
      "spec": "CSS Pseudo-Elements 4",
      "text": "First-Letter Text: ::first-letter pseudo-element and its ::prefix and ::postfix children",
      "url": "https://www.w3.org/TR/css-pseudo-4/#first-letter-pseudo"
    }
  },
  "#first-letter-styling": {
    "current": {
      "number": "2.2.4",
      "spec": "CSS Pseudo-Elements 4",
      "text": "Styling the First-Letter Pseudo-elements",
      "url": "https://drafts.csswg.org/css-pseudo-4/#first-letter-styling"
    },
    "snapshot": {
      "number": "2.2.4",
      "spec": "CSS Pseudo-Elements 4",
      "text": "Styling the First-Letter Pseudo-elements",
      "url": "https://www.w3.org/TR/css-pseudo-4/#first-letter-styling"
    }
  },
  "#first-letter-tree": {
    "current": {
      "number": "2.2.3",
      "spec": "CSS Pseudo-Elements 4",
      "text": "Inheritance and Box Tree Structure of the First-Letter Pseudo-elements",
      "url": "https://drafts.csswg.org/css-pseudo-4/#first-letter-tree"
    },
    "snapshot": {
      "number": "2.2.3",
      "spec": "CSS Pseudo-Elements 4",
      "text": "Inheritance and Box Tree Structure of the First-Letter Pseudo-elements",
      "url": "https://www.w3.org/TR/css-pseudo-4/#first-letter-tree"
    }
  },
  "#first-line-inheritance": {
    "current": {
      "number": "2.1.3",
      "spec": "CSS Pseudo-Elements 4",
      "text": "Inheritance and the ::first-line Pseudo-element",
      "url": "https://drafts.csswg.org/css-pseudo-4/#first-line-inheritance"
    },
    "snapshot": {
      "number": "2.1.3",
      "spec": "CSS Pseudo-Elements 4",
      "text": "Inheritance and the ::first-line Pseudo-element",
      "url": "https://www.w3.org/TR/css-pseudo-4/#first-line-inheritance"
    }
  },
  "#first-line-pseudo": {
    "current": {
      "number": "2.1",
      "spec": "CSS Pseudo-Elements 4",
      "text": "First-Line Text: the ::first-line pseudo-element",
      "url": "https://drafts.csswg.org/css-pseudo-4/#first-line-pseudo"
    },
    "snapshot": {
      "number": "2.1",
      "spec": "CSS Pseudo-Elements 4",
      "text": "First-Line Text: the ::first-line pseudo-element",
      "url": "https://www.w3.org/TR/css-pseudo-4/#first-line-pseudo"
    }
  },
  "#first-line-styling": {
    "current": {
      "number": "2.1.2",
      "spec": "CSS Pseudo-Elements 4",
      "text": "Styling the ::first-line Pseudo-element",
      "url": "https://drafts.csswg.org/css-pseudo-4/#first-line-styling"
    },
    "snapshot": {
      "number": "2.1.2",
      "spec": "CSS Pseudo-Elements 4",
      "text": "Styling the ::first-line Pseudo-element",
      "url": "https://www.w3.org/TR/css-pseudo-4/#first-line-styling"
    }
  },
  "#first-text-line": {
    "current": {
      "number": "2.1.1",
      "spec": "CSS Pseudo-Elements 4",
      "text": "Finding the First Formatted Line",
      "url": "https://drafts.csswg.org/css-pseudo-4/#first-text-line"
    },
    "snapshot": {
      "number": "2.1.1",
      "spec": "CSS Pseudo-Elements 4",
      "text": "Finding the First Formatted Line",
      "url": "https://www.w3.org/TR/css-pseudo-4/#first-text-line"
    }
  },
  "#generated-content": {
    "current": {
      "number": "4.1",
      "spec": "CSS Pseudo-Elements 4",
      "text": "Generated Content Pseudo-elements: ::before and ::after",
      "url": "https://drafts.csswg.org/css-pseudo-4/#generated-content"
    },
    "snapshot": {
      "number": "4.1",
      "spec": "CSS Pseudo-Elements 4",
      "text": "Generated Content Pseudo-elements: ::before and ::after",
      "url": "https://www.w3.org/TR/css-pseudo-4/#generated-content"
    }
  },
  "#getComputedStyle": {
    "current": {
      "number": "6.3",
      "spec": "CSS Pseudo-Elements 4",
      "text": "getComputedStyle()",
      "url": "https://drafts.csswg.org/css-pseudo-4/#getComputedStyle"
    },
    "snapshot": {
      "number": "6.3",
      "spec": "CSS Pseudo-Elements 4",
      "text": "getComputedStyle()",
      "url": "https://www.w3.org/TR/css-pseudo-4/#getComputedStyle"
    }
  },
  "#highlight-backgrounds": {
    "current": {
      "number": "3.6.1",
      "spec": "CSS Pseudo-Elements 4",
      "text": "Backgrounds",
      "url": "https://drafts.csswg.org/css-pseudo-4/#highlight-backgrounds"
    },
    "snapshot": {
      "number": "3.6.1",
      "spec": "CSS Pseudo-Elements 4",
      "text": "Backgrounds",
      "url": "https://www.w3.org/TR/css-pseudo-4/#highlight-backgrounds"
    }
  },
  "#highlight-bounds": {
    "current": {
      "number": "3.4",
      "spec": "CSS Pseudo-Elements 4",
      "text": "Area of a Highlight",
      "url": "https://drafts.csswg.org/css-pseudo-4/#highlight-bounds"
    },
    "snapshot": {
      "number": "3.4",
      "spec": "CSS Pseudo-Elements 4",
      "text": "Area of a Highlight",
      "url": "https://www.w3.org/TR/css-pseudo-4/#highlight-bounds"
    }
  },
  "#highlight-cascade": {
    "current": {
      "number": "3.5",
      "spec": "CSS Pseudo-Elements 4",
      "text": "Cascading and Per-Element Highlight Styles",
      "url": "https://drafts.csswg.org/css-pseudo-4/#highlight-cascade"
    },
    "snapshot": {
      "number": "3.5",
      "spec": "CSS Pseudo-Elements 4",
      "text": "Cascading and Per-Element Highlight Styles",
      "url": "https://www.w3.org/TR/css-pseudo-4/#highlight-cascade"
    }
  },
  "#highlight-painting": {
    "current": {
      "number": "3.6",
      "spec": "CSS Pseudo-Elements 4",
      "text": "Painting the Highlight",
      "url": "https://drafts.csswg.org/css-pseudo-4/#highlight-painting"
    },
    "snapshot": {
      "number": "3.6",
      "spec": "CSS Pseudo-Elements 4",
      "text": "Painting the Highlight",
      "url": "https://www.w3.org/TR/css-pseudo-4/#highlight-painting"
    }
  },
  "#highlight-pseudos": {
    "current": {
      "number": "3",
      "spec": "CSS Pseudo-Elements 4",
      "text": "Highlight Pseudo-elements",
      "url": "https://drafts.csswg.org/css-pseudo-4/#highlight-pseudos"
    },
    "snapshot": {
      "number": "3",
      "spec": "CSS Pseudo-Elements 4",
      "text": "Highlight Pseudo-elements",
      "url": "https://www.w3.org/TR/css-pseudo-4/#highlight-pseudos"
    }
  },
  "#highlight-replaced": {
    "current": {
      "number": "3.6.4",
      "spec": "CSS Pseudo-Elements 4",
      "text": "Replaced Elements",
      "url": "https://drafts.csswg.org/css-pseudo-4/#highlight-replaced"
    },
    "snapshot": {
      "number": "3.6.4",
      "spec": "CSS Pseudo-Elements 4",
      "text": "Replaced Elements",
      "url": "https://www.w3.org/TR/css-pseudo-4/#highlight-replaced"
    }
  },
  "#highlight-security": {
    "current": {
      "number": "3.7",
      "spec": "CSS Pseudo-Elements 4",
      "text": "Security and Privacy Considerations",
      "url": "https://drafts.csswg.org/css-pseudo-4/#highlight-security"
    },
    "snapshot": {
      "number": "3.7",
      "spec": "CSS Pseudo-Elements 4",
      "text": "Security and Privacy Considerations",
      "url": "https://www.w3.org/TR/css-pseudo-4/#highlight-security"
    }
  },
  "#highlight-selectors": {
    "current": {
      "number": "3.1",
      "spec": "CSS Pseudo-Elements 4",
      "text": "Selecting Highlighted Content: the ::selection, ::target-text, ::spelling-error, and ::grammar-error pseudo-elements",
      "url": "https://drafts.csswg.org/css-pseudo-4/#highlight-selectors"
    },
    "snapshot": {
      "number": "3.1",
      "spec": "CSS Pseudo-Elements 4",
      "text": "Selecting Highlighted Content: the ::selection, ::target-text, ::spelling-error, and ::grammar-error pseudo-elements",
      "url": "https://www.w3.org/TR/css-pseudo-4/#highlight-selectors"
    }
  },
  "#highlight-shadows": {
    "current": {
      "number": "3.6.2",
      "spec": "CSS Pseudo-Elements 4",
      "text": "Shadows",
      "url": "https://drafts.csswg.org/css-pseudo-4/#highlight-shadows"
    },
    "snapshot": {
      "number": "3.6.2",
      "spec": "CSS Pseudo-Elements 4",
      "text": "Shadows",
      "url": "https://www.w3.org/TR/css-pseudo-4/#highlight-shadows"
    }
  },
  "#highlight-styling": {
    "current": {
      "number": "3.2",
      "spec": "CSS Pseudo-Elements 4",
      "text": "Styling Highlights",
      "url": "https://drafts.csswg.org/css-pseudo-4/#highlight-styling"
    },
    "snapshot": {
      "number": "3.2",
      "spec": "CSS Pseudo-Elements 4",
      "text": "Styling Highlights",
      "url": "https://www.w3.org/TR/css-pseudo-4/#highlight-styling"
    }
  },
  "#highlight-text": {
    "current": {
      "number": "3.6.3",
      "spec": "CSS Pseudo-Elements 4",
      "text": "Text and Text Decorations",
      "url": "https://drafts.csswg.org/css-pseudo-4/#highlight-text"
    },
    "snapshot": {
      "number": "3.6.3",
      "spec": "CSS Pseudo-Elements 4",
      "text": "Text and Text Decorations",
      "url": "https://www.w3.org/TR/css-pseudo-4/#highlight-text"
    }
  },
  "#highlight-ua-styles": {
    "current": {
      "number": "3.3",
      "spec": "CSS Pseudo-Elements 4",
      "text": "Default UA Styles",
      "url": "https://drafts.csswg.org/css-pseudo-4/#highlight-ua-styles"
    },
    "snapshot": {
      "number": "3.3",
      "spec": "CSS Pseudo-Elements 4",
      "text": "Default UA Styles",
      "url": "https://www.w3.org/TR/css-pseudo-4/#highlight-ua-styles"
    }
  },
  "#idl-index": {
    "current": {
      "number": "",
      "spec": "CSS Pseudo-Elements 4",
      "text": "IDL Index",
      "url": "https://drafts.csswg.org/css-pseudo-4/#idl-index"
    },
    "snapshot": {
      "number": "",
      "spec": "CSS Pseudo-Elements 4",
      "text": "IDL Index",
      "url": "https://www.w3.org/TR/css-pseudo-4/#idl-index"
    }
  },
  "#index": {
    "current": {
      "number": "",
      "spec": "CSS Pseudo-Elements 4",
      "text": "Index",
      "url": "https://drafts.csswg.org/css-pseudo-4/#index"
    },
    "snapshot": {
      "number": "",
      "spec": "CSS Pseudo-Elements 4",
      "text": "Index",
      "url": "https://www.w3.org/TR/css-pseudo-4/#index"
    }
  },
  "#index-defined-elsewhere": {
    "current": {
      "number": "",
      "spec": "CSS Pseudo-Elements 4",
      "text": "Terms defined by reference",
      "url": "https://drafts.csswg.org/css-pseudo-4/#index-defined-elsewhere"
    },
    "snapshot": {
      "number": "",
      "spec": "CSS Pseudo-Elements 4",
      "text": "Terms defined by reference",
      "url": "https://www.w3.org/TR/css-pseudo-4/#index-defined-elsewhere"
    }
  },
  "#index-defined-here": {
    "current": {
      "number": "",
      "spec": "CSS Pseudo-Elements 4",
      "text": "Terms defined by this specification",
      "url": "https://drafts.csswg.org/css-pseudo-4/#index-defined-here"
    },
    "snapshot": {
      "number": "",
      "spec": "CSS Pseudo-Elements 4",
      "text": "Terms defined by this specification",
      "url": "https://www.w3.org/TR/css-pseudo-4/#index-defined-here"
    }
  },
  "#informative": {
    "current": {
      "number": "",
      "spec": "CSS Pseudo-Elements 4",
      "text": "Informative References",
      "url": "https://drafts.csswg.org/css-pseudo-4/#informative"
    },
    "snapshot": {
      "number": "",
      "spec": "CSS Pseudo-Elements 4",
      "text": "Informative References",
      "url": "https://www.w3.org/TR/css-pseudo-4/#informative"
    }
  },
  "#interactions": {
    "current": {
      "number": "5",
      "spec": "CSS Pseudo-Elements 4",
      "text": "Overlapping Pseudo-element Interactions",
      "url": "https://drafts.csswg.org/css-pseudo-4/#interactions"
    },
    "snapshot": {
      "number": "5",
      "spec": "CSS Pseudo-Elements 4",
      "text": "Overlapping Pseudo-element Interactions",
      "url": "https://www.w3.org/TR/css-pseudo-4/#interactions"
    }
  },
  "#intro": {
    "current": {
      "number": "1",
      "spec": "CSS Pseudo-Elements 4",
      "text": "Introduction",
      "url": "https://drafts.csswg.org/css-pseudo-4/#intro"
    },
    "snapshot": {
      "number": "1",
      "spec": "CSS Pseudo-Elements 4",
      "text": "Introduction",
      "url": "https://www.w3.org/TR/css-pseudo-4/#intro"
    }
  },
  "#issues-index": {
    "current": {
      "number": "",
      "spec": "CSS Pseudo-Elements 4",
      "text": "Issues Index",
      "url": "https://drafts.csswg.org/css-pseudo-4/#issues-index"
    },
    "snapshot": {
      "number": "",
      "spec": "CSS Pseudo-Elements 4",
      "text": "Issues Index",
      "url": "https://www.w3.org/TR/css-pseudo-4/#issues-index"
    }
  },
  "#marker-pseudo": {
    "current": {
      "number": "4.2",
      "spec": "CSS Pseudo-Elements 4",
      "text": "List Markers: the ::marker pseudo-element",
      "url": "https://drafts.csswg.org/css-pseudo-4/#marker-pseudo"
    },
    "snapshot": {
      "number": "4.2",
      "spec": "CSS Pseudo-Elements 4",
      "text": "List Markers: the ::marker pseudo-element",
      "url": "https://www.w3.org/TR/css-pseudo-4/#marker-pseudo"
    }
  },
  "#normative": {
    "current": {
      "number": "",
      "spec": "CSS Pseudo-Elements 4",
      "text": "Normative References",
      "url": "https://drafts.csswg.org/css-pseudo-4/#normative"
    },
    "snapshot": {
      "number": "",
      "spec": "CSS Pseudo-Elements 4",
      "text": "Normative References",
      "url": "https://www.w3.org/TR/css-pseudo-4/#normative"
    }
  },
  "#paired-defaults": {
    "current": {
      "number": "3.3.1",
      "spec": "CSS Pseudo-Elements 4",
      "text": "Paired Defaults",
      "url": "https://drafts.csswg.org/css-pseudo-4/#paired-defaults"
    },
    "snapshot": {
      "number": "3.3.1",
      "spec": "CSS Pseudo-Elements 4",
      "text": "Paired Defaults",
      "url": "https://www.w3.org/TR/css-pseudo-4/#paired-defaults"
    }
  },
  "#placeholder-pseudo": {
    "current": {
      "number": "4.3",
      "spec": "CSS Pseudo-Elements 4",
      "text": "Placeholder Input: the ::placeholder pseudo-element",
      "url": "https://drafts.csswg.org/css-pseudo-4/#placeholder-pseudo"
    },
    "snapshot": {
      "number": "4.3",
      "spec": "CSS Pseudo-Elements 4",
      "text": "Placeholder Input: the ::placeholder pseudo-element",
      "url": "https://www.w3.org/TR/css-pseudo-4/#placeholder-pseudo"
    }
  },
  "#references": {
    "current": {
      "number": "",
      "spec": "CSS Pseudo-Elements 4",
      "text": "References",
      "url": "https://drafts.csswg.org/css-pseudo-4/#references"
    },
    "snapshot": {
      "number": "",
      "spec": "CSS Pseudo-Elements 4",
      "text": "References",
      "url": "https://www.w3.org/TR/css-pseudo-4/#references"
    }
  },
  "#sotd": {
    "current": {
      "number": "",
      "spec": "CSS Pseudo-Elements 4",
      "text": "Status of this document",
      "url": "https://drafts.csswg.org/css-pseudo-4/#sotd"
    },
    "snapshot": {
      "number": "",
      "spec": "CSS Pseudo-Elements 4",
      "text": "Status of this document",
      "url": "https://www.w3.org/TR/css-pseudo-4/#sotd"
    }
  },
  "#title": {
    "current": {
      "number": "",
      "spec": "CSS Pseudo-Elements 4",
      "text": "CSS Pseudo-Elements Module Level 4",
      "url": "https://drafts.csswg.org/css-pseudo-4/#title"
    },
    "snapshot": {
      "number": "",
      "spec": "CSS Pseudo-Elements 4",
      "text": "CSS Pseudo-Elements Module Level 4",
      "url": "https://www.w3.org/TR/css-pseudo-4/#title"
    }
  },
  "#toc": {
    "current": {
      "number": "",
      "spec": "CSS Pseudo-Elements 4",
      "text": "Table of Contents",
      "url": "https://drafts.csswg.org/css-pseudo-4/#toc"
    },
    "snapshot": {
      "number": "",
      "spec": "CSS Pseudo-Elements 4",
      "text": "Table of Contents",
      "url": "https://www.w3.org/TR/css-pseudo-4/#toc"
    }
  },
  "#treelike": {
    "current": {
      "number": "4",
      "spec": "CSS Pseudo-Elements 4",
      "text": "Tree-Abiding Pseudo-elements",
      "url": "https://drafts.csswg.org/css-pseudo-4/#treelike"
    },
    "snapshot": {
      "number": "4",
      "spec": "CSS Pseudo-Elements 4",
      "text": "Tree-Abiding Pseudo-elements",
      "url": "https://www.w3.org/TR/css-pseudo-4/#treelike"
    }
  },
  "#typographic-pseudos": {
    "current": {
      "number": "2",
      "spec": "CSS Pseudo-Elements 4",
      "text": "Typographic Pseudo-elements",
      "url": "https://drafts.csswg.org/css-pseudo-4/#typographic-pseudos"
    },
    "snapshot": {
      "number": "2",
      "spec": "CSS Pseudo-Elements 4",
      "text": "Typographic Pseudo-elements",
      "url": "https://www.w3.org/TR/css-pseudo-4/#typographic-pseudos"
    }
  },
  "#w3c-conform-future-proofing": {
    "current": {
      "number": "",
      "spec": "CSS Pseudo-Elements 4",
      "text": "Implementations of Unstable and Proprietary Features",
      "url": "https://drafts.csswg.org/css-pseudo-4/#w3c-conform-future-proofing"
    },
    "snapshot": {
      "number": "",
      "spec": "CSS Pseudo-Elements 4",
      "text": "Implementations of Unstable and Proprietary Features",
      "url": "https://www.w3.org/TR/css-pseudo-4/#w3c-conform-future-proofing"
    }
  },
  "#w3c-conformance": {
    "current": {
      "number": "",
      "spec": "CSS Pseudo-Elements 4",
      "text": "Conformance",
      "url": "https://drafts.csswg.org/css-pseudo-4/#w3c-conformance"
    },
    "snapshot": {
      "number": "",
      "spec": "CSS Pseudo-Elements 4",
      "text": "Conformance",
      "url": "https://www.w3.org/TR/css-pseudo-4/#w3c-conformance"
    }
  },
  "#w3c-conformance-classes": {
    "current": {
      "number": "",
      "spec": "CSS Pseudo-Elements 4",
      "text": "Conformance classes",
      "url": "https://drafts.csswg.org/css-pseudo-4/#w3c-conformance-classes"
    },
    "snapshot": {
      "number": "",
      "spec": "CSS Pseudo-Elements 4",
      "text": "Conformance classes",
      "url": "https://www.w3.org/TR/css-pseudo-4/#w3c-conformance-classes"
    }
  },
  "#w3c-conventions": {
    "current": {
      "number": "",
      "spec": "CSS Pseudo-Elements 4",
      "text": "Document conventions",
      "url": "https://drafts.csswg.org/css-pseudo-4/#w3c-conventions"
    },
    "snapshot": {
      "number": "",
      "spec": "CSS Pseudo-Elements 4",
      "text": "Document conventions",
      "url": "https://www.w3.org/TR/css-pseudo-4/#w3c-conventions"
    }
  },
  "#w3c-partial": {
    "current": {
      "number": "",
      "spec": "CSS Pseudo-Elements 4",
      "text": "Partial implementations",
      "url": "https://drafts.csswg.org/css-pseudo-4/#w3c-partial"
    },
    "snapshot": {
      "number": "",
      "spec": "CSS Pseudo-Elements 4",
      "text": "Partial implementations",
      "url": "https://www.w3.org/TR/css-pseudo-4/#w3c-partial"
    }
  },
  "#w3c-testing": {
    "current": {
      "number": "",
      "spec": "CSS Pseudo-Elements 4",
      "text": "Non-experimental implementations",
      "url": "https://drafts.csswg.org/css-pseudo-4/#w3c-testing"
    },
    "snapshot": {
      "number": "",
      "spec": "CSS Pseudo-Elements 4",
      "text": "Non-experimental implementations",
      "url": "https://www.w3.org/TR/css-pseudo-4/#w3c-testing"
    }
  },
  "#window-interface": {
    "current": {
      "number": "6.2",
      "spec": "CSS Pseudo-Elements 4",
      "text": "pseudo() method of the Element interface",
      "url": "https://drafts.csswg.org/css-pseudo-4/#window-interface"
    },
    "snapshot": {
      "number": "6.2",
      "spec": "CSS Pseudo-Elements 4",
      "text": "pseudo() method of the Element interface",
      "url": "https://www.w3.org/TR/css-pseudo-4/#window-interface"
    }
  }
}