{
  "#abstract": {
    "current": {
      "number": "",
      "spec": "Compatibility",
      "text": "Abstract",
      "url": "https://compat.spec.whatwg.org/#abstract"
    }
  },
  "#acknowledgements": {
    "current": {
      "number": "",
      "spec": "Compatibility",
      "text": "Acknowledgements",
      "url": "https://compat.spec.whatwg.org/#acknowledgements"
    }
  },
  "#conformance": {
    "current": {
      "number": "2",
      "spec": "Compatibility",
      "text": "Conformance",
      "url": "https://compat.spec.whatwg.org/#conformance"
    }
  },
  "#css-at-rules": {
    "current": {
      "number": "3.1",
      "spec": "Compatibility",
      "text": "CSS At-rules",
      "url": "https://compat.spec.whatwg.org/#css-at-rules"
    }
  },
  "#css-compat-section": {
    "current": {
      "number": "3",
      "spec": "Compatibility",
      "text": "CSS Compatibility",
      "url": "https://compat.spec.whatwg.org/#css-compat-section"
    }
  },
  "#css-gradient-fns": {
    "current": {
      "number": "3.3",
      "spec": "Compatibility",
      "text": "CSS Gradient Functions",
      "url": "https://compat.spec.whatwg.org/#css-gradient-fns"
    }
  },
  "#css-gradients-repeating-webkit-linear-gradient": {
    "current": {
      "number": "3.3.3",
      "spec": "Compatibility",
      "text": "-webkit-repeating-linear-gradient()",
      "url": "https://compat.spec.whatwg.org/#css-gradients-repeating-webkit-linear-gradient"
    }
  },
  "#css-gradients-repeating-webkit-radial-gradient": {
    "current": {
      "number": "3.3.4",
      "spec": "Compatibility",
      "text": "-webkit-repeating-radial-gradient()",
      "url": "https://compat.spec.whatwg.org/#css-gradients-repeating-webkit-radial-gradient"
    }
  },
  "#css-gradients-webkit-linear-gradient": {
    "current": {
      "number": "3.3.1",
      "spec": "Compatibility",
      "text": "-webkit-linear-gradient()",
      "url": "https://compat.spec.whatwg.org/#css-gradients-webkit-linear-gradient"
    }
  },
  "#css-gradients-webkit-radial-gradient": {
    "current": {
      "number": "3.3.2",
      "spec": "Compatibility",
      "text": "-webkit-radial-gradient()",
      "url": "https://compat.spec.whatwg.org/#css-gradients-webkit-radial-gradient"
    }
  },
  "#css-keyword-mappings": {
    "current": {
      "number": "3.4.5",
      "spec": "Compatibility",
      "text": "Keyword mappings",
      "url": "https://compat.spec.whatwg.org/#css-keyword-mappings"
    }
  },
  "#css-media-queries": {
    "current": {
      "number": "3.2",
      "spec": "Compatibility",
      "text": "CSS Media Queries",
      "url": "https://compat.spec.whatwg.org/#css-media-queries"
    }
  },
  "#css-media-queries-webkit-device-pixel-ratio": {
    "current": {
      "number": "3.2.1",
      "spec": "Compatibility",
      "text": "-webkit-device-pixel-ratio",
      "url": "https://compat.spec.whatwg.org/#css-media-queries-webkit-device-pixel-ratio"
    }
  },
  "#css-media-queries-webkit-transform-3d": {
    "current": {
      "number": "3.2.2",
      "spec": "Compatibility",
      "text": "-webkit-transform-3d",
      "url": "https://compat.spec.whatwg.org/#css-media-queries-webkit-transform-3d"
    }
  },
  "#css-non-aliased": {
    "current": {
      "number": "3.4.3",
      "spec": "Compatibility",
      "text": "Non-aliased vendor prefixed properties",
      "url": "https://compat.spec.whatwg.org/#css-non-aliased"
    }
  },
  "#css-prefixed-aliases": {
    "current": {
      "number": "3.4.2",
      "spec": "Compatibility",
      "text": "Prefixed legacy name aliases",
      "url": "https://compat.spec.whatwg.org/#css-prefixed-aliases"
    }
  },
  "#css-properties": {
    "current": {
      "number": "3.4",
      "spec": "Compatibility",
      "text": "CSS Properties",
      "url": "https://compat.spec.whatwg.org/#css-properties"
    }
  },
  "#css-property-mappings": {
    "current": {
      "number": "3.4.4",
      "spec": "Compatibility",
      "text": "Property mappings",
      "url": "https://compat.spec.whatwg.org/#css-property-mappings"
    }
  },
  "#css-property-values": {
    "current": {
      "number": "3.5",
      "spec": "Compatibility",
      "text": "CSS Property values",
      "url": "https://compat.spec.whatwg.org/#css-property-values"
    }
  },
  "#css-simple-aliases": {
    "current": {
      "number": "3.4.1",
      "spec": "Compatibility",
      "text": "Legacy name aliases",
      "url": "https://compat.spec.whatwg.org/#css-simple-aliases"
    }
  },
  "#dfn-window-orientation-angle": {
    "current": {
      "number": "4.2.1",
      "spec": "Compatibility",
      "text": "window.orientation angle",
      "url": "https://compat.spec.whatwg.org/#dfn-window-orientation-angle"
    }
  },
  "#dom-compat-section": {
    "current": {
      "number": "4",
      "spec": "Compatibility",
      "text": "DOM Compatibility",
      "url": "https://compat.spec.whatwg.org/#dom-compat-section"
    }
  },
  "#event-handlers": {
    "current": {
      "number": "4.2.2",
      "spec": "Compatibility",
      "text": "Event Handlers on Window objects and body elements",
      "url": "https://compat.spec.whatwg.org/#event-handlers"
    }
  },
  "#idl-index": {
    "current": {
      "number": "",
      "spec": "Compatibility",
      "text": "IDL Index",
      "url": "https://compat.spec.whatwg.org/#idl-index"
    }
  },
  "#index": {
    "current": {
      "number": "",
      "spec": "Compatibility",
      "text": "Index",
      "url": "https://compat.spec.whatwg.org/#index"
    }
  },
  "#index-defined-elsewhere": {
    "current": {
      "number": "",
      "spec": "Compatibility",
      "text": "Terms defined by reference",
      "url": "https://compat.spec.whatwg.org/#index-defined-elsewhere"
    }
  },
  "#index-defined-here": {
    "current": {
      "number": "",
      "spec": "Compatibility",
      "text": "Terms defined by this specification",
      "url": "https://compat.spec.whatwg.org/#index-defined-here"
    }
  },
  "#informative": {
    "current": {
      "number": "",
      "spec": "Compatibility",
      "text": "Informative References",
      "url": "https://compat.spec.whatwg.org/#informative"
    }
  },
  "#introduction": {
    "current": {
      "number": "1",
      "spec": "Compatibility",
      "text": "Introduction",
      "url": "https://compat.spec.whatwg.org/#introduction"
    }
  },
  "#ipr": {
    "current": {
      "number": "",
      "spec": "Compatibility",
      "text": "Intellectual property rights",
      "url": "https://compat.spec.whatwg.org/#ipr"
    }
  },
  "#media-descriptor-table": {
    "current": {
      "number": "",
      "spec": "Compatibility",
      "text": "@media Descriptors",
      "url": "https://compat.spec.whatwg.org/#media-descriptor-table"
    }
  },
  "#normative": {
    "current": {
      "number": "",
      "spec": "Compatibility",
      "text": "Normative References",
      "url": "https://compat.spec.whatwg.org/#normative"
    }
  },
  "#property-index": {
    "current": {
      "number": "",
      "spec": "Compatibility",
      "text": "Property Index",
      "url": "https://compat.spec.whatwg.org/#property-index"
    }
  },
  "#references": {
    "current": {
      "number": "",
      "spec": "Compatibility",
      "text": "References",
      "url": "https://compat.spec.whatwg.org/#references"
    }
  },
  "#text-fill-and-stroking": {
    "current": {
      "number": "3.4.6",
      "spec": "Compatibility",
      "text": "Text Fill and Stroking",
      "url": "https://compat.spec.whatwg.org/#text-fill-and-stroking"
    }
  },
  "#the-webkit-text-fill-color": {
    "current": {
      "number": "3.4.6.1",
      "spec": "Compatibility",
      "text": "Foreground Text Color: the -webkit-text-fill-color property",
      "url": "https://compat.spec.whatwg.org/#the-webkit-text-fill-color"
    }
  },
  "#the-webkit-text-stroke": {
    "current": {
      "number": "3.4.6.4",
      "spec": "Compatibility",
      "text": "Text Stroke Shorthand: the -webkit-text-stroke property",
      "url": "https://compat.spec.whatwg.org/#the-webkit-text-stroke"
    }
  },
  "#the-webkit-text-stroke-color": {
    "current": {
      "number": "3.4.6.2",
      "spec": "Compatibility",
      "text": "Text Stroke Color: the -webkit-text-stroke-color property",
      "url": "https://compat.spec.whatwg.org/#the-webkit-text-stroke-color"
    }
  },
  "#the-webkit-text-stroke-width": {
    "current": {
      "number": "3.4.6.3",
      "spec": "Compatibility",
      "text": "Text Stroke Thickness: the -webkit-text-stroke-width property",
      "url": "https://compat.spec.whatwg.org/#the-webkit-text-stroke-width"
    }
  },
  "#title": {
    "current": {
      "number": "",
      "spec": "Compatibility",
      "text": "Compatibility",
      "url": "https://compat.spec.whatwg.org/#title"
    }
  },
  "#toc": {
    "current": {
      "number": "",
      "spec": "Compatibility",
      "text": "Table of Contents",
      "url": "https://compat.spec.whatwg.org/#toc"
    }
  },
  "#touch-action": {
    "current": {
      "number": "3.5.1",
      "spec": "Compatibility",
      "text": "Additional touch-action values",
      "url": "https://compat.spec.whatwg.org/#touch-action"
    }
  },
  "#ua-string-chrome": {
    "current": {
      "number": "5.3",
      "spec": "Compatibility",
      "text": "Chrome",
      "url": "https://compat.spec.whatwg.org/#ua-string-chrome"
    }
  },
  "#ua-string-firefox": {
    "current": {
      "number": "5.4",
      "spec": "Compatibility",
      "text": "Firefox",
      "url": "https://compat.spec.whatwg.org/#ua-string-firefox"
    }
  },
  "#ua-string-meta-structure": {
    "current": {
      "number": "5.2",
      "spec": "Compatibility",
      "text": "Meta Structure",
      "url": "https://compat.spec.whatwg.org/#ua-string-meta-structure"
    }
  },
  "#ua-string-pattern-chrome": {
    "current": {
      "number": "5.3.1",
      "spec": "Compatibility",
      "text": "Chrome User-Agent pattern",
      "url": "https://compat.spec.whatwg.org/#ua-string-pattern-chrome"
    }
  },
  "#ua-string-pattern-firefox": {
    "current": {
      "number": "5.4.1",
      "spec": "Compatibility",
      "text": "Firefox User-Agent pattern",
      "url": "https://compat.spec.whatwg.org/#ua-string-pattern-firefox"
    }
  },
  "#ua-string-pattern-safari": {
    "current": {
      "number": "5.5.1",
      "spec": "Compatibility",
      "text": "Safari User-Agent pattern",
      "url": "https://compat.spec.whatwg.org/#ua-string-pattern-safari"
    }
  },
  "#ua-string-patterns": {
    "current": {
      "number": "5.1",
      "spec": "Compatibility",
      "text": "User-Agent Tokens",
      "url": "https://compat.spec.whatwg.org/#ua-string-patterns"
    }
  },
  "#ua-string-safari": {
    "current": {
      "number": "5.5",
      "spec": "Compatibility",
      "text": "Safari",
      "url": "https://compat.spec.whatwg.org/#ua-string-safari"
    }
  },
  "#ua-string-section": {
    "current": {
      "number": "5",
      "spec": "Compatibility",
      "text": "The User-Agent String",
      "url": "https://compat.spec.whatwg.org/#ua-string-section"
    }
  },
  "#ua-string-token-reference": {
    "current": {
      "number": "5.1.1",
      "spec": "Compatibility",
      "text": "User-Agent Token Reference",
      "url": "https://compat.spec.whatwg.org/#ua-string-token-reference"
    }
  },
  "#ua-string-tokens-chrome": {
    "current": {
      "number": "5.3.2",
      "spec": "Compatibility",
      "text": "Chrome-specific tokens",
      "url": "https://compat.spec.whatwg.org/#ua-string-tokens-chrome"
    }
  },
  "#ua-string-tokens-firefox": {
    "current": {
      "number": "5.4.2",
      "spec": "Compatibility",
      "text": "Firefox-specific tokens",
      "url": "https://compat.spec.whatwg.org/#ua-string-tokens-firefox"
    }
  },
  "#ua-string-tokens-safari": {
    "current": {
      "number": "5.5.2",
      "spec": "Compatibility",
      "text": "Safari-specific tokens",
      "url": "https://compat.spec.whatwg.org/#ua-string-tokens-safari"
    }
  },
  "#webkitcssmatrix-interface": {
    "current": {
      "number": "4.1",
      "spec": "Compatibility",
      "text": "The WebKitCSSMatrix interface",
      "url": "https://compat.spec.whatwg.org/#webkitcssmatrix-interface"
    }
  },
  "#windoworientation-interface": {
    "current": {
      "number": "4.2",
      "spec": "Compatibility",
      "text": "window.orientation API",
      "url": "https://compat.spec.whatwg.org/#windoworientation-interface"
    }
  }
}