{
  "#abstract": {
    "current": {
      "number": "",
      "spec": "CSS Size Adjustment 1",
      "text": "Abstract",
      "url": "https://drafts.csswg.org/css-size-adjust-1/#abstract"
    }
  },
  "#acknowledgments": {
    "current": {
      "number": "4",
      "spec": "CSS Size Adjustment 1",
      "text": "Acknowledgments",
      "url": "https://drafts.csswg.org/css-size-adjust-1/#acknowledgments"
    }
  },
  "#adjustment-control": {
    "current": {
      "number": "3",
      "spec": "CSS Size Adjustment 1",
      "text": "Size adjustment control: the text-size-adjust property",
      "url": "https://drafts.csswg.org/css-size-adjust-1/#adjustment-control"
    }
  },
  "#default-adjustment": {
    "current": {
      "number": "2",
      "spec": "CSS Size Adjustment 1",
      "text": "Default size adjustment",
      "url": "https://drafts.csswg.org/css-size-adjust-1/#default-adjustment"
    }
  },
  "#default-adjustment-calculation": {
    "current": {
      "number": "2.3",
      "spec": "CSS Size Adjustment 1",
      "text": "Calculation of default adjustment",
      "url": "https://drafts.csswg.org/css-size-adjust-1/#default-adjustment-calculation"
    }
  },
  "#default-adjustment-conditions": {
    "current": {
      "number": "2.2",
      "spec": "CSS Size Adjustment 1",
      "text": "Conditions that suppress adjustment",
      "url": "https://drafts.csswg.org/css-size-adjust-1/#default-adjustment-conditions"
    }
  },
  "#default-adjustment-types": {
    "current": {
      "number": "2.1",
      "spec": "CSS Size Adjustment 1",
      "text": "Types of boxes adjusted",
      "url": "https://drafts.csswg.org/css-size-adjust-1/#default-adjustment-types"
    }
  },
  "#index": {
    "current": {
      "number": "",
      "spec": "CSS Size Adjustment 1",
      "text": "Index",
      "url": "https://drafts.csswg.org/css-size-adjust-1/#index"
    }
  },
  "#index-defined-elsewhere": {
    "current": {
      "number": "",
      "spec": "CSS Size Adjustment 1",
      "text": "Terms defined by reference",
      "url": "https://drafts.csswg.org/css-size-adjust-1/#index-defined-elsewhere"
    }
  },
  "#index-defined-here": {
    "current": {
      "number": "",
      "spec": "CSS Size Adjustment 1",
      "text": "Terms defined by this specification",
      "url": "https://drafts.csswg.org/css-size-adjust-1/#index-defined-here"
    }
  },
  "#intro": {
    "current": {
      "number": "1",
      "spec": "CSS Size Adjustment 1",
      "text": "Introduction",
      "url": "https://drafts.csswg.org/css-size-adjust-1/#intro"
    }
  },
  "#issues-index": {
    "current": {
      "number": "",
      "spec": "CSS Size Adjustment 1",
      "text": "Issues Index",
      "url": "https://drafts.csswg.org/css-size-adjust-1/#issues-index"
    }
  },
  "#normative": {
    "current": {
      "number": "",
      "spec": "CSS Size Adjustment 1",
      "text": "Normative References",
      "url": "https://drafts.csswg.org/css-size-adjust-1/#normative"
    }
  },
  "#placement": {
    "current": {
      "number": "1.1",
      "spec": "CSS Size Adjustment 1",
      "text": "Module interactions",
      "url": "https://drafts.csswg.org/css-size-adjust-1/#placement"
    }
  },
  "#privacy": {
    "current": {
      "number": "",
      "spec": "CSS Size Adjustment 1",
      "text": "Privacy Considerations",
      "url": "https://drafts.csswg.org/css-size-adjust-1/#privacy"
    }
  },
  "#property-index": {
    "current": {
      "number": "",
      "spec": "CSS Size Adjustment 1",
      "text": "Property Index",
      "url": "https://drafts.csswg.org/css-size-adjust-1/#property-index"
    }
  },
  "#references": {
    "current": {
      "number": "",
      "spec": "CSS Size Adjustment 1",
      "text": "References",
      "url": "https://drafts.csswg.org/css-size-adjust-1/#references"
    }
  },
  "#security": {
    "current": {
      "number": "",
      "spec": "CSS Size Adjustment 1",
      "text": "Security Considerations",
      "url": "https://drafts.csswg.org/css-size-adjust-1/#security"
    }
  },
  "#sotd": {
    "current": {
      "number": "",
      "spec": "CSS Size Adjustment 1",
      "text": "Status of this document",
      "url": "https://drafts.csswg.org/css-size-adjust-1/#sotd"
    }
  },
  "#title": {
    "current": {
      "number": "",
      "spec": "CSS Size Adjustment 1",
      "text": "CSS Mobile Text Size Adjustment Module Level 1",
      "url": "https://drafts.csswg.org/css-size-adjust-1/#title"
    }
  },
  "#toc": {
    "current": {
      "number": "",
      "spec": "CSS Size Adjustment 1",
      "text": "Table of Contents",
      "url": "https://drafts.csswg.org/css-size-adjust-1/#toc"
    }
  },
  "#values": {
    "current": {
      "number": "1.2",
      "spec": "CSS Size Adjustment 1",
      "text": "Value Definitions",
      "url": "https://drafts.csswg.org/css-size-adjust-1/#values"
    }
  },
  "#w3c-conform-future-proofing": {
    "current": {
      "number": "",
      "spec": "CSS Size Adjustment 1",
      "text": "Implementations of Unstable and Proprietary Features",
      "url": "https://drafts.csswg.org/css-size-adjust-1/#w3c-conform-future-proofing"
    }
  },
  "#w3c-conformance": {
    "current": {
      "number": "",
      "spec": "CSS Size Adjustment 1",
      "text": "Conformance",
      "url": "https://drafts.csswg.org/css-size-adjust-1/#w3c-conformance"
    }
  },
  "#w3c-conformance-classes": {
    "current": {
      "number": "",
      "spec": "CSS Size Adjustment 1",
      "text": "Conformance classes",
      "url": "https://drafts.csswg.org/css-size-adjust-1/#w3c-conformance-classes"
    }
  },
  "#w3c-conventions": {
    "current": {
      "number": "",
      "spec": "CSS Size Adjustment 1",
      "text": "Document conventions",
      "url": "https://drafts.csswg.org/css-size-adjust-1/#w3c-conventions"
    }
  },
  "#w3c-partial": {
    "current": {
      "number": "",
      "spec": "CSS Size Adjustment 1",
      "text": "Partial implementations",
      "url": "https://drafts.csswg.org/css-size-adjust-1/#w3c-partial"
    }
  },
  "#w3c-testing": {
    "current": {
      "number": "",
      "spec": "CSS Size Adjustment 1",
      "text": "Non-experimental implementations",
      "url": "https://drafts.csswg.org/css-size-adjust-1/#w3c-testing"
    }
  }
}