{
  "#abstract": {
    "current": {
      "number": "",
      "spec": "CSS Animations 1",
      "text": "Abstract",
      "url": "https://drafts.csswg.org/css-animations-1/#abstract"
    },
    "snapshot": {
      "number": "",
      "spec": "CSS Animations 1",
      "text": "Abstract",
      "url": "https://www.w3.org/TR/css-animations-1/#abstract"
    }
  },
  "#acknowledgements": {
    "current": {
      "number": "",
      "spec": "CSS Animations 1",
      "text": "10. Acknowledgements",
      "url": "https://drafts.csswg.org/css-animations-1/#acknowledgements"
    },
    "snapshot": {
      "number": "9",
      "spec": "CSS Animations 1",
      "text": "Acknowledgements",
      "url": "https://www.w3.org/TR/css-animations-1/#acknowledgements"
    }
  },
  "#animation": {
    "current": {
      "number": "4.9",
      "spec": "CSS Animations 1",
      "text": "The animation shorthand property",
      "url": "https://drafts.csswg.org/css-animations-1/#animation"
    },
    "snapshot": {
      "number": "3.10",
      "spec": "CSS Animations 1",
      "text": "The animation shorthand property",
      "url": "https://www.w3.org/TR/css-animations-1/#animation"
    }
  },
  "#animation-definition": {
    "current": {
      "number": "4",
      "spec": "CSS Animations 1",
      "text": "Declaring Animations",
      "url": "https://drafts.csswg.org/css-animations-1/#animation-definition"
    }
  },
  "#animation-delay": {
    "current": {
      "number": "4.7",
      "spec": "CSS Animations 1",
      "text": "The animation-delay property",
      "url": "https://drafts.csswg.org/css-animations-1/#animation-delay"
    },
    "snapshot": {
      "number": "3.8",
      "spec": "CSS Animations 1",
      "text": "The animation-delay property",
      "url": "https://www.w3.org/TR/css-animations-1/#animation-delay"
    }
  },
  "#animation-direction": {
    "current": {
      "number": "4.5",
      "spec": "CSS Animations 1",
      "text": "The animation-direction property",
      "url": "https://drafts.csswg.org/css-animations-1/#animation-direction"
    },
    "snapshot": {
      "number": "3.6",
      "spec": "CSS Animations 1",
      "text": "The animation-direction property",
      "url": "https://www.w3.org/TR/css-animations-1/#animation-direction"
    }
  },
  "#animation-duration": {
    "current": {
      "number": "4.2",
      "spec": "CSS Animations 1",
      "text": "The animation-duration property",
      "url": "https://drafts.csswg.org/css-animations-1/#animation-duration"
    },
    "snapshot": {
      "number": "3.3",
      "spec": "CSS Animations 1",
      "text": "The animation-duration property",
      "url": "https://www.w3.org/TR/css-animations-1/#animation-duration"
    }
  },
  "#animation-fill-mode": {
    "current": {
      "number": "4.8",
      "spec": "CSS Animations 1",
      "text": "The animation-fill-mode property",
      "url": "https://drafts.csswg.org/css-animations-1/#animation-fill-mode"
    },
    "snapshot": {
      "number": "3.9",
      "spec": "CSS Animations 1",
      "text": "The animation-fill-mode property",
      "url": "https://www.w3.org/TR/css-animations-1/#animation-fill-mode"
    }
  },
  "#animation-iteration-count": {
    "current": {
      "number": "4.4",
      "spec": "CSS Animations 1",
      "text": "The animation-iteration-count property",
      "url": "https://drafts.csswg.org/css-animations-1/#animation-iteration-count"
    },
    "snapshot": {
      "number": "3.5",
      "spec": "CSS Animations 1",
      "text": "The animation-iteration-count property",
      "url": "https://www.w3.org/TR/css-animations-1/#animation-iteration-count"
    }
  },
  "#animation-name": {
    "current": {
      "number": "4.1",
      "spec": "CSS Animations 1",
      "text": "The animation-name property",
      "url": "https://drafts.csswg.org/css-animations-1/#animation-name"
    },
    "snapshot": {
      "number": "3.2",
      "spec": "CSS Animations 1",
      "text": "The animation-name property",
      "url": "https://www.w3.org/TR/css-animations-1/#animation-name"
    }
  },
  "#animation-play-state": {
    "current": {
      "number": "4.6",
      "spec": "CSS Animations 1",
      "text": "The animation-play-state property",
      "url": "https://drafts.csswg.org/css-animations-1/#animation-play-state"
    },
    "snapshot": {
      "number": "3.7",
      "spec": "CSS Animations 1",
      "text": "The animation-play-state property",
      "url": "https://www.w3.org/TR/css-animations-1/#animation-play-state"
    }
  },
  "#animation-timing-function": {
    "current": {
      "number": "4.3",
      "spec": "CSS Animations 1",
      "text": "The animation-timing-function property",
      "url": "https://drafts.csswg.org/css-animations-1/#animation-timing-function"
    },
    "snapshot": {
      "number": "3.4",
      "spec": "CSS Animations 1",
      "text": "The animation-timing-function property",
      "url": "https://www.w3.org/TR/css-animations-1/#animation-timing-function"
    }
  },
  "#animations": {
    "current": {
      "number": "2",
      "spec": "CSS Animations 1",
      "text": "CSS Animations Model",
      "url": "https://drafts.csswg.org/css-animations-1/#animations"
    },
    "snapshot": {
      "number": "2",
      "spec": "CSS Animations 1",
      "text": "Animations",
      "url": "https://www.w3.org/TR/css-animations-1/#animations"
    }
  },
  "#changes": {
    "current": {
      "number": "9",
      "spec": "CSS Animations 1",
      "text": "Changes",
      "url": "https://drafts.csswg.org/css-animations-1/#changes"
    },
    "snapshot": {
      "number": "8",
      "spec": "CSS Animations 1",
      "text": "Changes",
      "url": "https://www.w3.org/TR/css-animations-1/#changes"
    }
  },
  "#changes-20181011": {
    "current": {
      "number": "9.1",
      "spec": "CSS Animations 1",
      "text": "Changes since the Working Draft of 11 October 2018",
      "url": "https://drafts.csswg.org/css-animations-1/#changes-20181011"
    },
    "snapshot": {
      "number": "8.1",
      "spec": "CSS Animations 1",
      "text": "Changes since the Working Draft of 11 October 2018",
      "url": "https://www.w3.org/TR/css-animations-1/#changes-20181011"
    }
  },
  "#event-animationevent": {
    "current": {
      "number": "5.2",
      "spec": "CSS Animations 1",
      "text": "Types of AnimationEvent",
      "url": "https://drafts.csswg.org/css-animations-1/#event-animationevent"
    },
    "snapshot": {
      "number": "4.2",
      "spec": "CSS Animations 1",
      "text": "Types of AnimationEvent",
      "url": "https://www.w3.org/TR/css-animations-1/#event-animationevent"
    }
  },
  "#event-handlers-on-elements-document-objects-and-window-objects": {
    "current": {
      "number": "5.3",
      "spec": "CSS Animations 1",
      "text": "Event handlers on elements, Document objects, and Window objects",
      "url": "https://drafts.csswg.org/css-animations-1/#event-handlers-on-elements-document-objects-and-window-objects"
    },
    "snapshot": {
      "number": "4.3",
      "spec": "CSS Animations 1",
      "text": "Event handlers on elements, Document objects, and Window objects",
      "url": "https://www.w3.org/TR/css-animations-1/#event-handlers-on-elements-document-objects-and-window-objects"
    }
  },
  "#events": {
    "current": {
      "number": "5",
      "spec": "CSS Animations 1",
      "text": "Animation Events",
      "url": "https://drafts.csswg.org/css-animations-1/#events"
    },
    "snapshot": {
      "number": "4",
      "spec": "CSS Animations 1",
      "text": "Animation Events",
      "url": "https://www.w3.org/TR/css-animations-1/#events"
    }
  },
  "#idl-index": {
    "current": {
      "number": "",
      "spec": "CSS Animations 1",
      "text": "IDL Index",
      "url": "https://drafts.csswg.org/css-animations-1/#idl-index"
    },
    "snapshot": {
      "number": "",
      "spec": "CSS Animations 1",
      "text": "IDL Index",
      "url": "https://www.w3.org/TR/css-animations-1/#idl-index"
    }
  },
  "#index": {
    "current": {
      "number": "",
      "spec": "CSS Animations 1",
      "text": "Index",
      "url": "https://drafts.csswg.org/css-animations-1/#index"
    },
    "snapshot": {
      "number": "",
      "spec": "CSS Animations 1",
      "text": "Index",
      "url": "https://www.w3.org/TR/css-animations-1/#index"
    }
  },
  "#index-defined-elsewhere": {
    "current": {
      "number": "",
      "spec": "CSS Animations 1",
      "text": "Terms defined by reference",
      "url": "https://drafts.csswg.org/css-animations-1/#index-defined-elsewhere"
    },
    "snapshot": {
      "number": "",
      "spec": "CSS Animations 1",
      "text": "Terms defined by reference",
      "url": "https://www.w3.org/TR/css-animations-1/#index-defined-elsewhere"
    }
  },
  "#index-defined-here": {
    "current": {
      "number": "",
      "spec": "CSS Animations 1",
      "text": "Terms defined by this specification",
      "url": "https://drafts.csswg.org/css-animations-1/#index-defined-here"
    },
    "snapshot": {
      "number": "",
      "spec": "CSS Animations 1",
      "text": "Terms defined by this specification",
      "url": "https://www.w3.org/TR/css-animations-1/#index-defined-here"
    }
  },
  "#informative": {
    "current": {
      "number": "",
      "spec": "CSS Animations 1",
      "text": "Informative References",
      "url": "https://drafts.csswg.org/css-animations-1/#informative"
    },
    "snapshot": {
      "number": "",
      "spec": "CSS Animations 1",
      "text": "Informative References",
      "url": "https://www.w3.org/TR/css-animations-1/#informative"
    }
  },
  "#interface-animationevent": {
    "current": {
      "number": "5.1",
      "spec": "CSS Animations 1",
      "text": "The AnimationEvent Interface",
      "url": "https://drafts.csswg.org/css-animations-1/#interface-animationevent"
    },
    "snapshot": {
      "number": "4.1",
      "spec": "CSS Animations 1",
      "text": "The AnimationEvent Interface",
      "url": "https://www.w3.org/TR/css-animations-1/#interface-animationevent"
    }
  },
  "#interface-animationevent-attributes": {
    "current": {
      "number": "5.1.2",
      "spec": "CSS Animations 1",
      "text": "Attributes",
      "url": "https://drafts.csswg.org/css-animations-1/#interface-animationevent-attributes"
    },
    "snapshot": {
      "number": "4.1.2",
      "spec": "CSS Animations 1",
      "text": "Attributes",
      "url": "https://www.w3.org/TR/css-animations-1/#interface-animationevent-attributes"
    }
  },
  "#interface-animationevent-idl": {
    "current": {
      "number": "5.1.1",
      "spec": "CSS Animations 1",
      "text": "IDL Definition",
      "url": "https://drafts.csswg.org/css-animations-1/#interface-animationevent-idl"
    },
    "snapshot": {
      "number": "4.1.1",
      "spec": "CSS Animations 1",
      "text": "IDL Definition",
      "url": "https://www.w3.org/TR/css-animations-1/#interface-animationevent-idl"
    }
  },
  "#interface-csskeyframerule": {
    "current": {
      "number": "6.2",
      "spec": "CSS Animations 1",
      "text": "The CSSKeyframeRule Interface",
      "url": "https://drafts.csswg.org/css-animations-1/#interface-csskeyframerule"
    },
    "snapshot": {
      "number": "5.2",
      "spec": "CSS Animations 1",
      "text": "The CSSKeyframeRule Interface",
      "url": "https://www.w3.org/TR/css-animations-1/#interface-csskeyframerule"
    }
  },
  "#interface-csskeyframerule-attributes": {
    "current": {
      "number": "6.2.2",
      "spec": "CSS Animations 1",
      "text": "Attributes",
      "url": "https://drafts.csswg.org/css-animations-1/#interface-csskeyframerule-attributes"
    },
    "snapshot": {
      "number": "5.2.2",
      "spec": "CSS Animations 1",
      "text": "Attributes",
      "url": "https://www.w3.org/TR/css-animations-1/#interface-csskeyframerule-attributes"
    }
  },
  "#interface-csskeyframerule-idl": {
    "current": {
      "number": "6.2.1",
      "spec": "CSS Animations 1",
      "text": "IDL Definition",
      "url": "https://drafts.csswg.org/css-animations-1/#interface-csskeyframerule-idl"
    },
    "snapshot": {
      "number": "5.2.1",
      "spec": "CSS Animations 1",
      "text": "IDL Definition",
      "url": "https://www.w3.org/TR/css-animations-1/#interface-csskeyframerule-idl"
    }
  },
  "#interface-csskeyframesrule": {
    "current": {
      "number": "6.3",
      "spec": "CSS Animations 1",
      "text": "The CSSKeyframesRule Interface",
      "url": "https://drafts.csswg.org/css-animations-1/#interface-csskeyframesrule"
    },
    "snapshot": {
      "number": "5.3",
      "spec": "CSS Animations 1",
      "text": "The CSSKeyframesRule Interface",
      "url": "https://www.w3.org/TR/css-animations-1/#interface-csskeyframesrule"
    }
  },
  "#interface-csskeyframesrule-appendrule": {
    "current": {
      "number": "6.3.4",
      "spec": "CSS Animations 1",
      "text": "The appendRule method",
      "url": "https://drafts.csswg.org/css-animations-1/#interface-csskeyframesrule-appendrule"
    },
    "snapshot": {
      "number": "5.3.4",
      "spec": "CSS Animations 1",
      "text": "The appendRule method",
      "url": "https://www.w3.org/TR/css-animations-1/#interface-csskeyframesrule-appendrule"
    }
  },
  "#interface-csskeyframesrule-attributes": {
    "current": {
      "number": "6.3.2",
      "spec": "CSS Animations 1",
      "text": "Attributes",
      "url": "https://drafts.csswg.org/css-animations-1/#interface-csskeyframesrule-attributes"
    },
    "snapshot": {
      "number": "5.3.2",
      "spec": "CSS Animations 1",
      "text": "Attributes",
      "url": "https://www.w3.org/TR/css-animations-1/#interface-csskeyframesrule-attributes"
    }
  },
  "#interface-csskeyframesrule-deleterule": {
    "current": {
      "number": "6.3.5",
      "spec": "CSS Animations 1",
      "text": "The deleteRule method",
      "url": "https://drafts.csswg.org/css-animations-1/#interface-csskeyframesrule-deleterule"
    },
    "snapshot": {
      "number": "5.3.5",
      "spec": "CSS Animations 1",
      "text": "The deleteRule method",
      "url": "https://www.w3.org/TR/css-animations-1/#interface-csskeyframesrule-deleterule"
    }
  },
  "#interface-csskeyframesrule-findrule": {
    "current": {
      "number": "6.3.6",
      "spec": "CSS Animations 1",
      "text": "The findRule method",
      "url": "https://drafts.csswg.org/css-animations-1/#interface-csskeyframesrule-findrule"
    },
    "snapshot": {
      "number": "5.3.6",
      "spec": "CSS Animations 1",
      "text": "The findRule method",
      "url": "https://www.w3.org/TR/css-animations-1/#interface-csskeyframesrule-findrule"
    }
  },
  "#interface-csskeyframesrule-idl": {
    "current": {
      "number": "6.3.1",
      "spec": "CSS Animations 1",
      "text": "IDL Definition",
      "url": "https://drafts.csswg.org/css-animations-1/#interface-csskeyframesrule-idl"
    },
    "snapshot": {
      "number": "5.3.1",
      "spec": "CSS Animations 1",
      "text": "IDL Definition",
      "url": "https://www.w3.org/TR/css-animations-1/#interface-csskeyframesrule-idl"
    }
  },
  "#interface-csskeyframesrule-indexed-property-getter": {
    "current": {
      "number": "6.3.3",
      "spec": "CSS Animations 1",
      "text": "The indexed property getter",
      "url": "https://drafts.csswg.org/css-animations-1/#interface-csskeyframesrule-indexed-property-getter"
    },
    "snapshot": {
      "number": "5.3.3",
      "spec": "CSS Animations 1",
      "text": "The indexed property getter",
      "url": "https://www.w3.org/TR/css-animations-1/#interface-csskeyframesrule-indexed-property-getter"
    }
  },
  "#interface-cssrule": {
    "current": {
      "number": "6.1",
      "spec": "CSS Animations 1",
      "text": "The CSSRule Interface",
      "url": "https://drafts.csswg.org/css-animations-1/#interface-cssrule"
    },
    "snapshot": {
      "number": "5.1",
      "spec": "CSS Animations 1",
      "text": "The CSSRule Interface",
      "url": "https://www.w3.org/TR/css-animations-1/#interface-cssrule"
    }
  },
  "#interface-cssrule-idl": {
    "current": {
      "number": "6.1.1",
      "spec": "CSS Animations 1",
      "text": "IDL Definition",
      "url": "https://drafts.csswg.org/css-animations-1/#interface-cssrule-idl"
    },
    "snapshot": {
      "number": "5.1.1",
      "spec": "CSS Animations 1",
      "text": "IDL Definition",
      "url": "https://www.w3.org/TR/css-animations-1/#interface-cssrule-idl"
    }
  },
  "#interface-dom": {
    "current": {
      "number": "6",
      "spec": "CSS Animations 1",
      "text": "DOM Interfaces",
      "url": "https://drafts.csswg.org/css-animations-1/#interface-dom"
    },
    "snapshot": {
      "number": "5",
      "spec": "CSS Animations 1",
      "text": "DOM Interfaces",
      "url": "https://www.w3.org/TR/css-animations-1/#interface-dom"
    }
  },
  "#interface-globaleventhandlers": {
    "current": {
      "number": "6.4",
      "spec": "CSS Animations 1",
      "text": "Extensions to the GlobalEventHandlers Interface Mixin",
      "url": "https://drafts.csswg.org/css-animations-1/#interface-globaleventhandlers"
    },
    "snapshot": {
      "number": "5.4",
      "spec": "CSS Animations 1",
      "text": "Extensions to the GlobalEventHandlers Interface Mixin",
      "url": "https://www.w3.org/TR/css-animations-1/#interface-globaleventhandlers"
    }
  },
  "#interface-globaleventhandlers-idl": {
    "current": {
      "number": "6.4.1",
      "spec": "CSS Animations 1",
      "text": "IDL Definition",
      "url": "https://drafts.csswg.org/css-animations-1/#interface-globaleventhandlers-idl"
    },
    "snapshot": {
      "number": "5.4.1",
      "spec": "CSS Animations 1",
      "text": "IDL Definition",
      "url": "https://www.w3.org/TR/css-animations-1/#interface-globaleventhandlers-idl"
    }
  },
  "#intro": {
    "current": {
      "number": "1",
      "spec": "CSS Animations 1",
      "text": "Introduction",
      "url": "https://drafts.csswg.org/css-animations-1/#intro"
    },
    "snapshot": {
      "number": "1",
      "spec": "CSS Animations 1",
      "text": "Introduction",
      "url": "https://www.w3.org/TR/css-animations-1/#intro"
    }
  },
  "#issues-index": {
    "current": {
      "number": "",
      "spec": "CSS Animations 1",
      "text": "Issues Index",
      "url": "https://drafts.csswg.org/css-animations-1/#issues-index"
    },
    "snapshot": {
      "number": "",
      "spec": "CSS Animations 1",
      "text": "Issues Index",
      "url": "https://www.w3.org/TR/css-animations-1/#issues-index"
    }
  },
  "#keyframes": {
    "current": {
      "number": "3",
      "spec": "CSS Animations 1",
      "text": "Declaring Keyframes",
      "url": "https://drafts.csswg.org/css-animations-1/#keyframes"
    },
    "snapshot": {
      "number": "3",
      "spec": "CSS Animations 1",
      "text": "Keyframes",
      "url": "https://www.w3.org/TR/css-animations-1/#keyframes"
    }
  },
  "#normative": {
    "current": {
      "number": "",
      "spec": "CSS Animations 1",
      "text": "Normative References",
      "url": "https://drafts.csswg.org/css-animations-1/#normative"
    },
    "snapshot": {
      "number": "",
      "spec": "CSS Animations 1",
      "text": "Normative References",
      "url": "https://www.w3.org/TR/css-animations-1/#normative"
    }
  },
  "#other-open-issues": {
    "current": {
      "number": "",
      "spec": "CSS Animations 1",
      "text": "11. Other open issues",
      "url": "https://drafts.csswg.org/css-animations-1/#other-open-issues"
    },
    "snapshot": {
      "number": "",
      "spec": "CSS Animations 1",
      "text": "10. Other open issues",
      "url": "https://www.w3.org/TR/css-animations-1/#other-open-issues"
    }
  },
  "#priv": {
    "current": {
      "number": "7",
      "spec": "CSS Animations 1",
      "text": "Privacy Considerations",
      "url": "https://drafts.csswg.org/css-animations-1/#priv"
    },
    "snapshot": {
      "number": "6",
      "spec": "CSS Animations 1",
      "text": "Privacy Considerations",
      "url": "https://www.w3.org/TR/css-animations-1/#priv"
    }
  },
  "#property-index": {
    "current": {
      "number": "",
      "spec": "CSS Animations 1",
      "text": "Property Index",
      "url": "https://drafts.csswg.org/css-animations-1/#property-index"
    },
    "snapshot": {
      "number": "",
      "spec": "CSS Animations 1",
      "text": "Property Index",
      "url": "https://www.w3.org/TR/css-animations-1/#property-index"
    }
  },
  "#references": {
    "current": {
      "number": "",
      "spec": "CSS Animations 1",
      "text": "References",
      "url": "https://drafts.csswg.org/css-animations-1/#references"
    },
    "snapshot": {
      "number": "",
      "spec": "CSS Animations 1",
      "text": "References",
      "url": "https://www.w3.org/TR/css-animations-1/#references"
    }
  },
  "#sec": {
    "current": {
      "number": "8",
      "spec": "CSS Animations 1",
      "text": "Security Considerations",
      "url": "https://drafts.csswg.org/css-animations-1/#sec"
    },
    "snapshot": {
      "number": "7",
      "spec": "CSS Animations 1",
      "text": "Security Considerations",
      "url": "https://www.w3.org/TR/css-animations-1/#sec"
    }
  },
  "#sotd": {
    "current": {
      "number": "",
      "spec": "CSS Animations 1",
      "text": "Status of this document",
      "url": "https://drafts.csswg.org/css-animations-1/#sotd"
    },
    "snapshot": {
      "number": "",
      "spec": "CSS Animations 1",
      "text": "Status of this document",
      "url": "https://www.w3.org/TR/css-animations-1/#sotd"
    }
  },
  "#timing-functions": {
    "current": {
      "number": "3.1",
      "spec": "CSS Animations 1",
      "text": "Timing functions for keyframes",
      "url": "https://drafts.csswg.org/css-animations-1/#timing-functions"
    },
    "snapshot": {
      "number": "3.1",
      "spec": "CSS Animations 1",
      "text": "Timing functions for keyframes",
      "url": "https://www.w3.org/TR/css-animations-1/#timing-functions"
    }
  },
  "#title": {
    "current": {
      "number": "",
      "spec": "CSS Animations 1",
      "text": "CSS Animations Level 1",
      "url": "https://drafts.csswg.org/css-animations-1/#title"
    },
    "snapshot": {
      "number": "",
      "spec": "CSS Animations 1",
      "text": "CSS Animations Level 1",
      "url": "https://www.w3.org/TR/css-animations-1/#title"
    }
  },
  "#toc": {
    "current": {
      "number": "",
      "spec": "CSS Animations 1",
      "text": "Table of Contents",
      "url": "https://drafts.csswg.org/css-animations-1/#toc"
    },
    "snapshot": {
      "number": "",
      "spec": "CSS Animations 1",
      "text": "Table of Contents",
      "url": "https://www.w3.org/TR/css-animations-1/#toc"
    }
  },
  "#values": {
    "current": {
      "number": "1.1",
      "spec": "CSS Animations 1",
      "text": "Value Definitions",
      "url": "https://drafts.csswg.org/css-animations-1/#values"
    },
    "snapshot": {
      "number": "1.1",
      "spec": "CSS Animations 1",
      "text": "Value Definitions",
      "url": "https://www.w3.org/TR/css-animations-1/#values"
    }
  },
  "#w3c-conform-future-proofing": {
    "current": {
      "number": "",
      "spec": "CSS Animations 1",
      "text": "Implementations of Unstable and Proprietary Features",
      "url": "https://drafts.csswg.org/css-animations-1/#w3c-conform-future-proofing"
    },
    "snapshot": {
      "number": "",
      "spec": "CSS Animations 1",
      "text": "Implementations of Unstable and Proprietary Features",
      "url": "https://www.w3.org/TR/css-animations-1/#w3c-conform-future-proofing"
    }
  },
  "#w3c-conformance": {
    "current": {
      "number": "",
      "spec": "CSS Animations 1",
      "text": "Conformance",
      "url": "https://drafts.csswg.org/css-animations-1/#w3c-conformance"
    },
    "snapshot": {
      "number": "",
      "spec": "CSS Animations 1",
      "text": "Conformance",
      "url": "https://www.w3.org/TR/css-animations-1/#w3c-conformance"
    }
  },
  "#w3c-conformance-classes": {
    "current": {
      "number": "",
      "spec": "CSS Animations 1",
      "text": "Conformance classes",
      "url": "https://drafts.csswg.org/css-animations-1/#w3c-conformance-classes"
    },
    "snapshot": {
      "number": "",
      "spec": "CSS Animations 1",
      "text": "Conformance classes",
      "url": "https://www.w3.org/TR/css-animations-1/#w3c-conformance-classes"
    }
  },
  "#w3c-conventions": {
    "current": {
      "number": "",
      "spec": "CSS Animations 1",
      "text": "Document conventions",
      "url": "https://drafts.csswg.org/css-animations-1/#w3c-conventions"
    },
    "snapshot": {
      "number": "",
      "spec": "CSS Animations 1",
      "text": "Document conventions",
      "url": "https://www.w3.org/TR/css-animations-1/#w3c-conventions"
    }
  },
  "#w3c-partial": {
    "current": {
      "number": "",
      "spec": "CSS Animations 1",
      "text": "Partial implementations",
      "url": "https://drafts.csswg.org/css-animations-1/#w3c-partial"
    },
    "snapshot": {
      "number": "",
      "spec": "CSS Animations 1",
      "text": "Partial implementations",
      "url": "https://www.w3.org/TR/css-animations-1/#w3c-partial"
    }
  },
  "#w3c-testing": {
    "current": {
      "number": "",
      "spec": "CSS Animations 1",
      "text": "Non-experimental implementations",
      "url": "https://drafts.csswg.org/css-animations-1/#w3c-testing"
    },
    "snapshot": {
      "number": "",
      "spec": "CSS Animations 1",
      "text": "Non-experimental implementations",
      "url": "https://www.w3.org/TR/css-animations-1/#w3c-testing"
    }
  },
  "#wg-resolutions-pending": {
    "current": {
      "number": "",
      "spec": "CSS Animations 1",
      "text": "12. Working Group Resolutions that are pending editing",
      "url": "https://drafts.csswg.org/css-animations-1/#wg-resolutions-pending"
    },
    "snapshot": {
      "number": "",
      "spec": "CSS Animations 1",
      "text": "11. Working Group Resolutions that are pending editing",
      "url": "https://www.w3.org/TR/css-animations-1/#wg-resolutions-pending"
    }
  }
}