{
  "#abstract": {
    "current": {
      "number": "",
      "spec": "CSS Scroll Snap 1",
      "text": "Abstract",
      "url": "https://drafts.csswg.org/css-scroll-snap-1/#abstract"
    },
    "snapshot": {
      "number": "",
      "spec": "CSS Scroll Snap 1",
      "text": "Abstract",
      "url": "https://www.w3.org/TR/css-scroll-snap-1/#abstract"
    }
  },
  "#acknowledgements": {
    "current": {
      "number": "8",
      "spec": "CSS Scroll Snap 1",
      "text": "Acknowledgements",
      "url": "https://drafts.csswg.org/css-scroll-snap-1/#acknowledgements"
    },
    "snapshot": {
      "number": "8",
      "spec": "CSS Scroll Snap 1",
      "text": "Acknowledgements",
      "url": "https://www.w3.org/TR/css-scroll-snap-1/#acknowledgements"
    }
  },
  "#changes": {
    "current": {
      "number": "9",
      "spec": "CSS Scroll Snap 1",
      "text": "Changes",
      "url": "https://drafts.csswg.org/css-scroll-snap-1/#changes"
    },
    "snapshot": {
      "number": "9",
      "spec": "CSS Scroll Snap 1",
      "text": "Changes",
      "url": "https://www.w3.org/TR/css-scroll-snap-1/#changes"
    }
  },
  "#changes-20161020": {
    "current": {
      "number": "9.6",
      "spec": "CSS Scroll Snap 1",
      "text": "Changes Since 20 October 2016 CR",
      "url": "https://drafts.csswg.org/css-scroll-snap-1/#changes-20161020"
    },
    "snapshot": {
      "number": "9.6",
      "spec": "CSS Scroll Snap 1",
      "text": "Changes Since 20 October 2016 CR",
      "url": "https://www.w3.org/TR/css-scroll-snap-1/#changes-20161020"
    }
  },
  "#changes-20170824": {
    "current": {
      "number": "9.5",
      "spec": "CSS Scroll Snap 1",
      "text": "Changes Since 24 August 2017 CR",
      "url": "https://drafts.csswg.org/css-scroll-snap-1/#changes-20170824"
    },
    "snapshot": {
      "number": "9.5",
      "spec": "CSS Scroll Snap 1",
      "text": "Changes Since 24 August 2017 CR",
      "url": "https://www.w3.org/TR/css-scroll-snap-1/#changes-20170824"
    }
  },
  "#changes-20171214": {
    "current": {
      "number": "9.4",
      "spec": "CSS Scroll Snap 1",
      "text": "Changes Since 14 December 2017 CR",
      "url": "https://drafts.csswg.org/css-scroll-snap-1/#changes-20171214"
    },
    "snapshot": {
      "number": "9.4",
      "spec": "CSS Scroll Snap 1",
      "text": "Changes Since 14 December 2017 CR",
      "url": "https://www.w3.org/TR/css-scroll-snap-1/#changes-20171214"
    }
  },
  "#changes-20180814": {
    "current": {
      "number": "9.3",
      "spec": "CSS Scroll Snap 1",
      "text": "Changes Since 14 August 2018 CR",
      "url": "https://drafts.csswg.org/css-scroll-snap-1/#changes-20180814"
    },
    "snapshot": {
      "number": "9.3",
      "spec": "CSS Scroll Snap 1",
      "text": "Changes Since 14 August 2018 CR",
      "url": "https://www.w3.org/TR/css-scroll-snap-1/#changes-20180814"
    }
  },
  "#changes-20190131": {
    "current": {
      "number": "9.2",
      "spec": "CSS Scroll Snap 1",
      "text": "Changes Since 31 January 2019 CR",
      "url": "https://drafts.csswg.org/css-scroll-snap-1/#changes-20190131"
    },
    "snapshot": {
      "number": "9.2",
      "spec": "CSS Scroll Snap 1",
      "text": "Changes Since 31 January 2019 CR",
      "url": "https://www.w3.org/TR/css-scroll-snap-1/#changes-20190131"
    }
  },
  "#changes-20190319": {
    "current": {
      "number": "9.1",
      "spec": "CSS Scroll Snap 1",
      "text": "Changes Since 19 March 2019 CR",
      "url": "https://drafts.csswg.org/css-scroll-snap-1/#changes-20190319"
    },
    "snapshot": {
      "number": "9.1",
      "spec": "CSS Scroll Snap 1",
      "text": "Changes Since 19 March 2019 CR",
      "url": "https://www.w3.org/TR/css-scroll-snap-1/#changes-20190319"
    }
  },
  "#choosing": {
    "current": {
      "number": "6.2",
      "spec": "CSS Scroll Snap 1",
      "text": "Choosing Snap Positions",
      "url": "https://drafts.csswg.org/css-scroll-snap-1/#choosing"
    },
    "snapshot": {
      "number": "6.2",
      "spec": "CSS Scroll Snap 1",
      "text": "Choosing Snap Positions",
      "url": "https://www.w3.org/TR/css-scroll-snap-1/#choosing"
    }
  },
  "#examples": {
    "current": {
      "number": "2",
      "spec": "CSS Scroll Snap 1",
      "text": "Motivating Examples",
      "url": "https://drafts.csswg.org/css-scroll-snap-1/#examples"
    },
    "snapshot": {
      "number": "2",
      "spec": "CSS Scroll Snap 1",
      "text": "Motivating Examples",
      "url": "https://www.w3.org/TR/css-scroll-snap-1/#examples"
    }
  },
  "#index": {
    "current": {
      "number": "",
      "spec": "CSS Scroll Snap 1",
      "text": "Index",
      "url": "https://drafts.csswg.org/css-scroll-snap-1/#index"
    },
    "snapshot": {
      "number": "",
      "spec": "CSS Scroll Snap 1",
      "text": "Index",
      "url": "https://www.w3.org/TR/css-scroll-snap-1/#index"
    }
  },
  "#index-defined-elsewhere": {
    "current": {
      "number": "",
      "spec": "CSS Scroll Snap 1",
      "text": "Terms defined by reference",
      "url": "https://drafts.csswg.org/css-scroll-snap-1/#index-defined-elsewhere"
    },
    "snapshot": {
      "number": "",
      "spec": "CSS Scroll Snap 1",
      "text": "Terms defined by reference",
      "url": "https://www.w3.org/TR/css-scroll-snap-1/#index-defined-elsewhere"
    }
  },
  "#index-defined-here": {
    "current": {
      "number": "",
      "spec": "CSS Scroll Snap 1",
      "text": "Terms defined by this specification",
      "url": "https://drafts.csswg.org/css-scroll-snap-1/#index-defined-here"
    },
    "snapshot": {
      "number": "",
      "spec": "CSS Scroll Snap 1",
      "text": "Terms defined by this specification",
      "url": "https://www.w3.org/TR/css-scroll-snap-1/#index-defined-here"
    }
  },
  "#intro": {
    "current": {
      "number": "1",
      "spec": "CSS Scroll Snap 1",
      "text": "Introduction",
      "url": "https://drafts.csswg.org/css-scroll-snap-1/#intro"
    },
    "snapshot": {
      "number": "1",
      "spec": "CSS Scroll Snap 1",
      "text": "Introduction",
      "url": "https://www.w3.org/TR/css-scroll-snap-1/#intro"
    }
  },
  "#longhands": {
    "current": {
      "number": "A",
      "spec": "CSS Scroll Snap 1",
      "text": "Longhands",
      "url": "https://drafts.csswg.org/css-scroll-snap-1/#longhands"
    },
    "snapshot": {
      "number": "A",
      "spec": "CSS Scroll Snap 1",
      "text": "Longhands",
      "url": "https://www.w3.org/TR/css-scroll-snap-1/#longhands"
    }
  },
  "#margin-longhands-logical": {
    "current": {
      "number": "",
      "spec": "CSS Scroll Snap 1",
      "text": "Flow-relative Longhands for scroll-margin",
      "url": "https://drafts.csswg.org/css-scroll-snap-1/#margin-longhands-logical"
    },
    "snapshot": {
      "number": "",
      "spec": "CSS Scroll Snap 1",
      "text": "Flow-relative Longhands for scroll-margin",
      "url": "https://www.w3.org/TR/css-scroll-snap-1/#margin-longhands-logical"
    }
  },
  "#margin-longhands-physical": {
    "current": {
      "number": "",
      "spec": "CSS Scroll Snap 1",
      "text": "Physical Longhands for scroll-margin",
      "url": "https://drafts.csswg.org/css-scroll-snap-1/#margin-longhands-physical"
    },
    "snapshot": {
      "number": "",
      "spec": "CSS Scroll Snap 1",
      "text": "Physical Longhands for scroll-margin",
      "url": "https://www.w3.org/TR/css-scroll-snap-1/#margin-longhands-physical"
    }
  },
  "#normative": {
    "current": {
      "number": "",
      "spec": "CSS Scroll Snap 1",
      "text": "Normative References",
      "url": "https://drafts.csswg.org/css-scroll-snap-1/#normative"
    },
    "snapshot": {
      "number": "",
      "spec": "CSS Scroll Snap 1",
      "text": "Normative References",
      "url": "https://www.w3.org/TR/css-scroll-snap-1/#normative"
    }
  },
  "#overview": {
    "current": {
      "number": "3",
      "spec": "CSS Scroll Snap 1",
      "text": "Scroll Snap Model",
      "url": "https://drafts.csswg.org/css-scroll-snap-1/#overview"
    },
    "snapshot": {
      "number": "3",
      "spec": "CSS Scroll Snap 1",
      "text": "Scroll Snap Model",
      "url": "https://www.w3.org/TR/css-scroll-snap-1/#overview"
    }
  },
  "#padding-longhands-logical": {
    "current": {
      "number": "",
      "spec": "CSS Scroll Snap 1",
      "text": "Flow-relative Longhands for scroll-padding",
      "url": "https://drafts.csswg.org/css-scroll-snap-1/#padding-longhands-logical"
    },
    "snapshot": {
      "number": "",
      "spec": "CSS Scroll Snap 1",
      "text": "Flow-relative Longhands for scroll-padding",
      "url": "https://www.w3.org/TR/css-scroll-snap-1/#padding-longhands-logical"
    }
  },
  "#padding-longhands-physical": {
    "current": {
      "number": "",
      "spec": "CSS Scroll Snap 1",
      "text": "Physical Longhands for scroll-padding",
      "url": "https://drafts.csswg.org/css-scroll-snap-1/#padding-longhands-physical"
    },
    "snapshot": {
      "number": "",
      "spec": "CSS Scroll Snap 1",
      "text": "Physical Longhands for scroll-padding",
      "url": "https://www.w3.org/TR/css-scroll-snap-1/#padding-longhands-physical"
    }
  },
  "#placement": {
    "current": {
      "number": "1.1",
      "spec": "CSS Scroll Snap 1",
      "text": "Module interactions",
      "url": "https://drafts.csswg.org/css-scroll-snap-1/#placement"
    },
    "snapshot": {
      "number": "1.1",
      "spec": "CSS Scroll Snap 1",
      "text": "Module interactions",
      "url": "https://www.w3.org/TR/css-scroll-snap-1/#placement"
    }
  },
  "#priv-sec": {
    "current": {
      "number": "7",
      "spec": "CSS Scroll Snap 1",
      "text": "Privacy and Security Considerations",
      "url": "https://drafts.csswg.org/css-scroll-snap-1/#priv-sec"
    },
    "snapshot": {
      "number": "7",
      "spec": "CSS Scroll Snap 1",
      "text": "Privacy and Security Considerations",
      "url": "https://www.w3.org/TR/css-scroll-snap-1/#priv-sec"
    }
  },
  "#properties-on-the-elements": {
    "current": {
      "number": "5",
      "spec": "CSS Scroll Snap 1",
      "text": "Aligning Scroll Snap Areas: Properties on the elements",
      "url": "https://drafts.csswg.org/css-scroll-snap-1/#properties-on-the-elements"
    },
    "snapshot": {
      "number": "5",
      "spec": "CSS Scroll Snap 1",
      "text": "Aligning Scroll Snap Areas: Properties on the elements",
      "url": "https://www.w3.org/TR/css-scroll-snap-1/#properties-on-the-elements"
    }
  },
  "#properties-on-the-scroll-container": {
    "current": {
      "number": "4",
      "spec": "CSS Scroll Snap 1",
      "text": "Capturing Scroll Snap Areas: Properties on the scroll container",
      "url": "https://drafts.csswg.org/css-scroll-snap-1/#properties-on-the-scroll-container"
    },
    "snapshot": {
      "number": "4",
      "spec": "CSS Scroll Snap 1",
      "text": "Capturing Scroll Snap Areas: Properties on the scroll container",
      "url": "https://www.w3.org/TR/css-scroll-snap-1/#properties-on-the-scroll-container"
    }
  },
  "#property-index": {
    "current": {
      "number": "",
      "spec": "CSS Scroll Snap 1",
      "text": "Property Index",
      "url": "https://drafts.csswg.org/css-scroll-snap-1/#property-index"
    },
    "snapshot": {
      "number": "",
      "spec": "CSS Scroll Snap 1",
      "text": "Property Index",
      "url": "https://www.w3.org/TR/css-scroll-snap-1/#property-index"
    }
  },
  "#re-snap": {
    "current": {
      "number": "4.1.3",
      "spec": "CSS Scroll Snap 1",
      "text": "Re-snapping After Layout Changes",
      "url": "https://drafts.csswg.org/css-scroll-snap-1/#re-snap"
    },
    "snapshot": {
      "number": "4.1.3",
      "spec": "CSS Scroll Snap 1",
      "text": "Re-snapping After Layout Changes",
      "url": "https://www.w3.org/TR/css-scroll-snap-1/#re-snap"
    }
  },
  "#references": {
    "current": {
      "number": "",
      "spec": "CSS Scroll Snap 1",
      "text": "References",
      "url": "https://drafts.csswg.org/css-scroll-snap-1/#references"
    },
    "snapshot": {
      "number": "",
      "spec": "CSS Scroll Snap 1",
      "text": "References",
      "url": "https://www.w3.org/TR/css-scroll-snap-1/#references"
    }
  },
  "#scroll-margin": {
    "current": {
      "number": "5.1",
      "spec": "CSS Scroll Snap 1",
      "text": "Scroll Snapping Area: the scroll-margin property",
      "url": "https://drafts.csswg.org/css-scroll-snap-1/#scroll-margin"
    },
    "snapshot": {
      "number": "5.1",
      "spec": "CSS Scroll Snap 1",
      "text": "Scroll Snapping Area: the scroll-margin property",
      "url": "https://www.w3.org/TR/css-scroll-snap-1/#scroll-margin"
    }
  },
  "#scroll-padding": {
    "current": {
      "number": "4.2",
      "spec": "CSS Scroll Snap 1",
      "text": "Scroll Snapport: the scroll-padding property",
      "url": "https://drafts.csswg.org/css-scroll-snap-1/#scroll-padding"
    },
    "snapshot": {
      "number": "4.2",
      "spec": "CSS Scroll Snap 1",
      "text": "Scroll Snapport: the scroll-padding property",
      "url": "https://www.w3.org/TR/css-scroll-snap-1/#scroll-padding"
    }
  },
  "#scroll-snap-align": {
    "current": {
      "number": "5.2",
      "spec": "CSS Scroll Snap 1",
      "text": "Scroll Snapping Alignment: the scroll-snap-align property",
      "url": "https://drafts.csswg.org/css-scroll-snap-1/#scroll-snap-align"
    },
    "snapshot": {
      "number": "5.2",
      "spec": "CSS Scroll Snap 1",
      "text": "Scroll Snapping Alignment: the scroll-snap-align property",
      "url": "https://www.w3.org/TR/css-scroll-snap-1/#scroll-snap-align"
    }
  },
  "#scroll-snap-stop": {
    "current": {
      "number": "5.3",
      "spec": "CSS Scroll Snap 1",
      "text": "Scroll Snap Limits: the scroll-snap-stop property",
      "url": "https://drafts.csswg.org/css-scroll-snap-1/#scroll-snap-stop"
    },
    "snapshot": {
      "number": "5.3",
      "spec": "CSS Scroll Snap 1",
      "text": "Scroll Snap Limits: the scroll-snap-stop property",
      "url": "https://www.w3.org/TR/css-scroll-snap-1/#scroll-snap-stop"
    }
  },
  "#scroll-snap-type": {
    "current": {
      "number": "4.1",
      "spec": "CSS Scroll Snap 1",
      "text": "Scroll Snapping Rules: the scroll-snap-type property",
      "url": "https://drafts.csswg.org/css-scroll-snap-1/#scroll-snap-type"
    },
    "snapshot": {
      "number": "4.1",
      "spec": "CSS Scroll Snap 1",
      "text": "Scroll Snapping Rules: the scroll-snap-type property",
      "url": "https://www.w3.org/TR/css-scroll-snap-1/#scroll-snap-type"
    }
  },
  "#scroll-types": {
    "current": {
      "number": "6.1",
      "spec": "CSS Scroll Snap 1",
      "text": "Types of Scrolling Methods",
      "url": "https://drafts.csswg.org/css-scroll-snap-1/#scroll-types"
    },
    "snapshot": {
      "number": "6.1",
      "spec": "CSS Scroll Snap 1",
      "text": "Types of Scrolling Methods",
      "url": "https://www.w3.org/TR/css-scroll-snap-1/#scroll-types"
    }
  },
  "#snap-axis": {
    "current": {
      "number": "4.1.1",
      "spec": "CSS Scroll Snap 1",
      "text": "Scroll Snap Axis: the x, y, block, inline, and both values",
      "url": "https://drafts.csswg.org/css-scroll-snap-1/#snap-axis"
    },
    "snapshot": {
      "number": "4.1.1",
      "spec": "CSS Scroll Snap 1",
      "text": "Scroll Snap Axis: the x, y, block, inline, and both values",
      "url": "https://www.w3.org/TR/css-scroll-snap-1/#snap-axis"
    }
  },
  "#snap-concepts": {
    "current": {
      "number": "6",
      "spec": "CSS Scroll Snap 1",
      "text": "Snapping Mechanics",
      "url": "https://drafts.csswg.org/css-scroll-snap-1/#snap-concepts"
    },
    "snapshot": {
      "number": "6",
      "spec": "CSS Scroll Snap 1",
      "text": "Snapping Mechanics",
      "url": "https://www.w3.org/TR/css-scroll-snap-1/#snap-concepts"
    }
  },
  "#snap-overflow": {
    "current": {
      "number": "5.2.2",
      "spec": "CSS Scroll Snap 1",
      "text": "Snapping Boxes that Overflow the Scrollport",
      "url": "https://drafts.csswg.org/css-scroll-snap-1/#snap-overflow"
    },
    "snapshot": {
      "number": "5.2.2",
      "spec": "CSS Scroll Snap 1",
      "text": "Snapping Boxes that Overflow the Scrollport",
      "url": "https://www.w3.org/TR/css-scroll-snap-1/#snap-overflow"
    }
  },
  "#snap-scope": {
    "current": {
      "number": "5.2.1",
      "spec": "CSS Scroll Snap 1",
      "text": "Scoping Valid Snap Positions to Visible Boxes",
      "url": "https://drafts.csswg.org/css-scroll-snap-1/#snap-scope"
    },
    "snapshot": {
      "number": "5.2.1",
      "spec": "CSS Scroll Snap 1",
      "text": "Scoping Valid Snap Positions to Visible Boxes",
      "url": "https://www.w3.org/TR/css-scroll-snap-1/#snap-scope"
    }
  },
  "#snap-strictness": {
    "current": {
      "number": "4.1.2",
      "spec": "CSS Scroll Snap 1",
      "text": "Scroll Snap Strictness: the none, proximity, and mandatory values",
      "url": "https://drafts.csswg.org/css-scroll-snap-1/#snap-strictness"
    },
    "snapshot": {
      "number": "4.1.2",
      "spec": "CSS Scroll Snap 1",
      "text": "Scroll Snap Strictness: the none, proximity, and mandatory values",
      "url": "https://www.w3.org/TR/css-scroll-snap-1/#snap-strictness"
    }
  },
  "#sotd": {
    "current": {
      "number": "",
      "spec": "CSS Scroll Snap 1",
      "text": "Status of this document",
      "url": "https://drafts.csswg.org/css-scroll-snap-1/#sotd"
    }
  },
  "#status": {
    "snapshot": {
      "number": "",
      "spec": "CSS Scroll Snap 1",
      "text": "Status of this document",
      "url": "https://www.w3.org/TR/css-scroll-snap-1/#status"
    }
  },
  "#subtitle": {
    "snapshot": {
      "number": "",
      "spec": "CSS Scroll Snap 1",
      "text": "W3C Candidate Recommendation Snapshot, 11 March 2021",
      "url": "https://www.w3.org/TR/css-scroll-snap-1/#subtitle"
    }
  },
  "#title": {
    "current": {
      "number": "",
      "spec": "CSS Scroll Snap 1",
      "text": "CSS Scroll Snap Module Level 1",
      "url": "https://drafts.csswg.org/css-scroll-snap-1/#title"
    },
    "snapshot": {
      "number": "",
      "spec": "CSS Scroll Snap 1",
      "text": "CSS Scroll Snap Module Level 1",
      "url": "https://www.w3.org/TR/css-scroll-snap-1/#title"
    }
  },
  "#toc": {
    "current": {
      "number": "",
      "spec": "CSS Scroll Snap 1",
      "text": "Table of Contents",
      "url": "https://drafts.csswg.org/css-scroll-snap-1/#toc"
    },
    "snapshot": {
      "number": "",
      "spec": "CSS Scroll Snap 1",
      "text": "Table of Contents",
      "url": "https://www.w3.org/TR/css-scroll-snap-1/#toc"
    }
  },
  "#unreachable": {
    "current": {
      "number": "5.2.3",
      "spec": "CSS Scroll Snap 1",
      "text": "Unreachable Snap Positions",
      "url": "https://drafts.csswg.org/css-scroll-snap-1/#unreachable"
    },
    "snapshot": {
      "number": "5.2.3",
      "spec": "CSS Scroll Snap 1",
      "text": "Unreachable Snap Positions",
      "url": "https://www.w3.org/TR/css-scroll-snap-1/#unreachable"
    }
  },
  "#values": {
    "current": {
      "number": "1.2",
      "spec": "CSS Scroll Snap 1",
      "text": "Value Definitions",
      "url": "https://drafts.csswg.org/css-scroll-snap-1/#values"
    },
    "snapshot": {
      "number": "1.2",
      "spec": "CSS Scroll Snap 1",
      "text": "Value Definitions",
      "url": "https://www.w3.org/TR/css-scroll-snap-1/#values"
    }
  },
  "#w3c-conform-future-proofing": {
    "current": {
      "number": "",
      "spec": "CSS Scroll Snap 1",
      "text": "Implementations of Unstable and Proprietary Features",
      "url": "https://drafts.csswg.org/css-scroll-snap-1/#w3c-conform-future-proofing"
    },
    "snapshot": {
      "number": "",
      "spec": "CSS Scroll Snap 1",
      "text": "Implementations of Unstable and Proprietary Features",
      "url": "https://www.w3.org/TR/css-scroll-snap-1/#w3c-conform-future-proofing"
    }
  },
  "#w3c-conformance": {
    "current": {
      "number": "",
      "spec": "CSS Scroll Snap 1",
      "text": "Conformance",
      "url": "https://drafts.csswg.org/css-scroll-snap-1/#w3c-conformance"
    },
    "snapshot": {
      "number": "",
      "spec": "CSS Scroll Snap 1",
      "text": "Conformance",
      "url": "https://www.w3.org/TR/css-scroll-snap-1/#w3c-conformance"
    }
  },
  "#w3c-conformance-classes": {
    "current": {
      "number": "",
      "spec": "CSS Scroll Snap 1",
      "text": "Conformance classes",
      "url": "https://drafts.csswg.org/css-scroll-snap-1/#w3c-conformance-classes"
    },
    "snapshot": {
      "number": "",
      "spec": "CSS Scroll Snap 1",
      "text": "Conformance classes",
      "url": "https://www.w3.org/TR/css-scroll-snap-1/#w3c-conformance-classes"
    }
  },
  "#w3c-conventions": {
    "current": {
      "number": "",
      "spec": "CSS Scroll Snap 1",
      "text": "Document conventions",
      "url": "https://drafts.csswg.org/css-scroll-snap-1/#w3c-conventions"
    },
    "snapshot": {
      "number": "",
      "spec": "CSS Scroll Snap 1",
      "text": "Document conventions",
      "url": "https://www.w3.org/TR/css-scroll-snap-1/#w3c-conventions"
    }
  },
  "#w3c-cr-exit-criteria": {
    "snapshot": {
      "number": "",
      "spec": "CSS Scroll Snap 1",
      "text": "CR exit criteria",
      "url": "https://www.w3.org/TR/css-scroll-snap-1/#w3c-cr-exit-criteria"
    }
  },
  "#w3c-partial": {
    "current": {
      "number": "",
      "spec": "CSS Scroll Snap 1",
      "text": "Partial implementations",
      "url": "https://drafts.csswg.org/css-scroll-snap-1/#w3c-partial"
    },
    "snapshot": {
      "number": "",
      "spec": "CSS Scroll Snap 1",
      "text": "Partial implementations",
      "url": "https://www.w3.org/TR/css-scroll-snap-1/#w3c-partial"
    }
  },
  "#w3c-testing": {
    "current": {
      "number": "",
      "spec": "CSS Scroll Snap 1",
      "text": "Non-experimental implementations",
      "url": "https://drafts.csswg.org/css-scroll-snap-1/#w3c-testing"
    },
    "snapshot": {
      "number": "",
      "spec": "CSS Scroll Snap 1",
      "text": "Non-experimental implementations",
      "url": "https://www.w3.org/TR/css-scroll-snap-1/#w3c-testing"
    }
  }
}