{
  "#Acknowledgements": {
    "current": {
      "number": "",
      "spec": "SPARQL 1.2 Overview",
      "text": "11. Acknowledgements",
      "url": "https://w3c.github.io/sparql-concepts/spec/#Acknowledgements"
    }
  },
  "#Example": {
    "current": {
      "number": "2.1",
      "spec": "SPARQL 1.2 Overview",
      "text": "Example",
      "url": "https://w3c.github.io/sparql-concepts/spec/#Example"
    }
  },
  "#changes-from-sparql11": {
    "current": {
      "number": "A",
      "spec": "SPARQL 1.2 Overview",
      "text": "Change Log",
      "url": "https://w3c.github.io/sparql-concepts/spec/#changes-from-sparql11"
    }
  },
  "#index": {
    "current": {
      "number": "B",
      "spec": "SPARQL 1.2 Overview",
      "text": "Index",
      "url": "https://w3c.github.io/sparql-concepts/spec/#index"
    }
  },
  "#index-defined-elsewhere": {
    "current": {
      "number": "B.2",
      "spec": "SPARQL 1.2 Overview",
      "text": "Terms defined by reference",
      "url": "https://w3c.github.io/sparql-concepts/spec/#index-defined-elsewhere"
    }
  },
  "#index-defined-here": {
    "current": {
      "number": "B.1",
      "spec": "SPARQL 1.2 Overview",
      "text": "Terms defined by this specification",
      "url": "https://w3c.github.io/sparql-concepts/spec/#index-defined-here"
    }
  },
  "#informative-references": {
    "current": {
      "number": "C.1",
      "spec": "SPARQL 1.2 Overview",
      "text": "Informative references",
      "url": "https://w3c.github.io/sparql-concepts/spec/#informative-references"
    }
  },
  "#internationalization": {
    "current": {
      "number": "",
      "spec": "SPARQL 1.2 Overview",
      "text": "15. Internationalization Considerations",
      "url": "https://w3c.github.io/sparql-concepts/spec/#internationalization"
    }
  },
  "#privacy": {
    "current": {
      "number": "",
      "spec": "SPARQL 1.2 Overview",
      "text": "13. Privacy Considerations",
      "url": "https://w3c.github.io/sparql-concepts/spec/#privacy"
    }
  },
  "#references": {
    "current": {
      "number": "C",
      "spec": "SPARQL 1.2 Overview",
      "text": "References",
      "url": "https://w3c.github.io/sparql-concepts/spec/#references"
    }
  },
  "#related": {
    "current": {
      "number": "1",
      "spec": "SPARQL 1.2 Overview",
      "text": "Set of Documents",
      "url": "https://w3c.github.io/sparql-concepts/spec/#related"
    }
  },
  "#sec-bibliography": {
    "current": {
      "number": "",
      "spec": "SPARQL 1.2 Overview",
      "text": "12. References",
      "url": "https://w3c.github.io/sparql-concepts/spec/#sec-bibliography"
    }
  },
  "#sec-intro": {
    "current": {
      "number": "2",
      "spec": "SPARQL 1.2 Overview",
      "text": "Introduction",
      "url": "https://w3c.github.io/sparql-concepts/spec/#sec-intro"
    }
  },
  "#security": {
    "current": {
      "number": "",
      "spec": "SPARQL 1.2 Overview",
      "text": "14. Security Considerations",
      "url": "https://w3c.github.io/sparql-concepts/spec/#security"
    }
  },
  "#sparql11-entailment": {
    "current": {
      "number": "6",
      "spec": "SPARQL 1.2 Overview",
      "text": "SPARQL 1.1 Entailment Regimes",
      "url": "https://w3c.github.io/sparql-concepts/spec/#sparql11-entailment"
    }
  },
  "#sparql11-federated-query": {
    "current": {
      "number": "5",
      "spec": "SPARQL 1.2 Overview",
      "text": "SPARQL 1.1 Federated Query",
      "url": "https://w3c.github.io/sparql-concepts/spec/#sparql11-federated-query"
    }
  },
  "#sparql11-graphstore-http-protocol": {
    "current": {
      "number": "",
      "spec": "SPARQL 1.2 Overview",
      "text": "10. SPARQL 1.1 Graph Store HTTP Protocol",
      "url": "https://w3c.github.io/sparql-concepts/spec/#sparql11-graphstore-http-protocol"
    }
  },
  "#sparql11-protocol": {
    "current": {
      "number": "8",
      "spec": "SPARQL 1.2 Overview",
      "text": "SPARQL 1.1 Protocol for RDF",
      "url": "https://w3c.github.io/sparql-concepts/spec/#sparql11-protocol"
    }
  },
  "#sparql11-query": {
    "current": {
      "number": "3",
      "spec": "SPARQL 1.2 Overview",
      "text": "SPARQL 1.1 Query Language",
      "url": "https://w3c.github.io/sparql-concepts/spec/#sparql11-query"
    }
  },
  "#sparql11-results": {
    "current": {
      "number": "4",
      "spec": "SPARQL 1.2 Overview",
      "text": "Different query results formats supported by SPARQL 1.1 (XML, JSON, CSV, TSV)",
      "url": "https://w3c.github.io/sparql-concepts/spec/#sparql11-results"
    }
  },
  "#sparql11-service-description": {
    "current": {
      "number": "9",
      "spec": "SPARQL 1.2 Overview",
      "text": "SPARQL 1.1 Service Description",
      "url": "https://w3c.github.io/sparql-concepts/spec/#sparql11-service-description"
    }
  },
  "#sparql11-update": {
    "current": {
      "number": "7",
      "spec": "SPARQL 1.2 Overview",
      "text": "SPARQL 1.1 Update Language",
      "url": "https://w3c.github.io/sparql-concepts/spec/#sparql11-update"
    }
  },
  "#title": {
    "current": {
      "number": "",
      "spec": "SPARQL 1.2 Overview",
      "text": "SPARQL 1.2 Overview",
      "url": "https://w3c.github.io/sparql-concepts/spec/#title"
    }
  },
  "#toc": {
    "current": {
      "number": "",
      "spec": "SPARQL 1.2 Overview",
      "text": "Table of Contents",
      "url": "https://w3c.github.io/sparql-concepts/spec/#toc"
    }
  }
}