{
  "#abstract": {
    "current": {
      "number": "",
      "spec": "SRI",
      "text": "Abstract",
      "url": "https://w3c.github.io/webappsec-subresource-integrity/#abstract"
    },
    "snapshot": {
      "number": "",
      "spec": "SRI",
      "text": "Abstract",
      "url": "https://www.w3.org/TR/SRI/#abstract"
    }
  },
  "#acknowledgements": {
    "current": {
      "number": "6",
      "spec": "SRI",
      "text": "Acknowledgements",
      "url": "https://w3c.github.io/webappsec-subresource-integrity/#acknowledgements"
    },
    "snapshot": {
      "number": "6",
      "spec": "SRI",
      "text": "Acknowledgements",
      "url": "https://www.w3.org/TR/SRI/#acknowledgements"
    }
  },
  "#agility": {
    "current": {
      "number": "3.2.1",
      "spec": "SRI",
      "text": "Agility",
      "url": "https://w3c.github.io/webappsec-subresource-integrity/#agility"
    },
    "snapshot": {
      "number": "3.2.1",
      "spec": "SRI",
      "text": "Agility",
      "url": "https://www.w3.org/TR/SRI/#agility"
    }
  },
  "#apply-algorithm-to-response": {
    "current": {
      "number": "3.3.1",
      "spec": "SRI",
      "text": "Apply algorithm to bytes",
      "url": "https://w3c.github.io/webappsec-subresource-integrity/#apply-algorithm-to-response"
    },
    "snapshot": {
      "number": "3.3.1",
      "spec": "SRI",
      "text": "Apply algorithm to response",
      "url": "https://www.w3.org/TR/SRI/#apply-algorithm-to-response"
    }
  },
  "#attributes": {
    "snapshot": {
      "number": "3.6.1.1",
      "spec": "SRI",
      "text": "Attributes",
      "url": "https://www.w3.org/TR/SRI/#attributes"
    }
  },
  "#attributes-1": {
    "snapshot": {
      "number": "3.6.2.1",
      "spec": "SRI",
      "text": "Attributes",
      "url": "https://www.w3.org/TR/SRI/#attributes-1"
    }
  },
  "#conformance": {
    "snapshot": {
      "number": "2",
      "spec": "SRI",
      "text": "Conformance",
      "url": "https://www.w3.org/TR/SRI/#conformance"
    }
  },
  "#cross-origin-data-leakage": {
    "current": {
      "number": "5.3",
      "spec": "SRI",
      "text": "Cross-origin data leakage",
      "url": "https://w3c.github.io/webappsec-subresource-integrity/#cross-origin-data-leakage"
    },
    "snapshot": {
      "number": "5.3",
      "spec": "SRI",
      "text": "Cross-origin data leakage",
      "url": "https://www.w3.org/TR/SRI/#cross-origin-data-leakage"
    }
  },
  "#cryptographic-hash-functions": {
    "snapshot": {
      "number": "3.2",
      "spec": "SRI",
      "text": "Cryptographic hash functions",
      "url": "https://www.w3.org/TR/SRI/#cryptographic-hash-functions"
    }
  },
  "#does-response-match-metadatalist": {
    "current": {
      "number": "3.3.4",
      "spec": "SRI",
      "text": "Do bytes match metadataList?",
      "url": "https://w3c.github.io/webappsec-subresource-integrity/#does-response-match-metadatalist"
    },
    "snapshot": {
      "number": "3.3.5",
      "spec": "SRI",
      "text": "Does response match metadataList?",
      "url": "https://www.w3.org/TR/SRI/#does-response-match-metadatalist"
    }
  },
  "#element-interface-extensions": {
    "snapshot": {
      "number": "3.6",
      "spec": "SRI",
      "text": "Element interface extensions",
      "url": "https://www.w3.org/TR/SRI/#element-interface-extensions"
    }
  },
  "#elements": {
    "snapshot": {
      "number": "3.8",
      "spec": "SRI",
      "text": "Elements",
      "url": "https://www.w3.org/TR/SRI/#elements"
    }
  },
  "#examples": {
    "current": {
      "number": "1.2",
      "spec": "SRI",
      "text": "Use Cases/Examples",
      "url": "https://w3c.github.io/webappsec-subresource-integrity/#examples"
    }
  },
  "#framework": {
    "current": {
      "number": "3",
      "spec": "SRI",
      "text": "Framework",
      "url": "https://w3c.github.io/webappsec-subresource-integrity/#framework"
    },
    "snapshot": {
      "number": "3",
      "spec": "SRI",
      "text": "Framework",
      "url": "https://www.w3.org/TR/SRI/#framework"
    }
  },
  "#get-the-strongest-metadata": {
    "current": {
      "number": "3.3.3",
      "spec": "SRI",
      "text": "Get the strongest metadata from set",
      "url": "https://w3c.github.io/webappsec-subresource-integrity/#get-the-strongest-metadata"
    }
  },
  "#get-the-strongest-metadata-from-set": {
    "snapshot": {
      "number": "3.3.4",
      "spec": "SRI",
      "text": "Get the strongest metadata from set.",
      "url": "https://www.w3.org/TR/SRI/#get-the-strongest-metadata-from-set"
    }
  },
  "#goals": {
    "current": {
      "number": "1.1",
      "spec": "SRI",
      "text": "Goals",
      "url": "https://w3c.github.io/webappsec-subresource-integrity/#goals"
    },
    "snapshot": {
      "number": "1.1",
      "spec": "SRI",
      "text": "Goals",
      "url": "https://www.w3.org/TR/SRI/#goals"
    }
  },
  "#grammar-concepts": {
    "current": {
      "number": "2.1",
      "spec": "SRI",
      "text": "Grammatical Concepts",
      "url": "https://w3c.github.io/webappsec-subresource-integrity/#grammar-concepts"
    }
  },
  "#grammatical-concepts": {
    "snapshot": {
      "number": "2.2",
      "spec": "SRI",
      "text": "Grammatical Concepts",
      "url": "https://www.w3.org/TR/SRI/#grammatical-concepts"
    }
  },
  "#handling-integrity-violations": {
    "current": {
      "number": "3.6",
      "spec": "SRI",
      "text": "Handling integrity violations",
      "url": "https://w3c.github.io/webappsec-subresource-integrity/#handling-integrity-violations"
    },
    "snapshot": {
      "number": "3.7",
      "spec": "SRI",
      "text": "Handling integrity violations",
      "url": "https://www.w3.org/TR/SRI/#handling-integrity-violations"
    }
  },
  "#hash-collision-attacks": {
    "current": {
      "number": "5.2",
      "spec": "SRI",
      "text": "Hash collision attacks",
      "url": "https://w3c.github.io/webappsec-subresource-integrity/#hash-collision-attacks"
    },
    "snapshot": {
      "number": "5.2",
      "spec": "SRI",
      "text": "Hash collision attacks",
      "url": "https://www.w3.org/TR/SRI/#hash-collision-attacks"
    }
  },
  "#hash-functions": {
    "current": {
      "number": "3.2",
      "spec": "SRI",
      "text": "Cryptographic hash functions",
      "url": "https://w3c.github.io/webappsec-subresource-integrity/#hash-functions"
    }
  },
  "#htmllinkelement": {
    "snapshot": {
      "number": "3.6.1",
      "spec": "SRI",
      "text": "HTMLLinkElement",
      "url": "https://www.w3.org/TR/SRI/#htmllinkelement"
    }
  },
  "#htmlscriptelement": {
    "snapshot": {
      "number": "3.6.2",
      "spec": "SRI",
      "text": "HTMLScriptElement",
      "url": "https://www.w3.org/TR/SRI/#htmlscriptelement"
    }
  },
  "#index": {
    "current": {
      "number": "",
      "spec": "SRI",
      "text": "Index",
      "url": "https://w3c.github.io/webappsec-subresource-integrity/#index"
    }
  },
  "#index-defined-elsewhere": {
    "current": {
      "number": "",
      "spec": "SRI",
      "text": "Terms defined by reference",
      "url": "https://w3c.github.io/webappsec-subresource-integrity/#index-defined-elsewhere"
    }
  },
  "#index-defined-here": {
    "current": {
      "number": "",
      "spec": "SRI",
      "text": "Terms defined by this specification",
      "url": "https://w3c.github.io/webappsec-subresource-integrity/#index-defined-here"
    }
  },
  "#informative": {
    "current": {
      "number": "",
      "spec": "SRI",
      "text": "Informative References",
      "url": "https://w3c.github.io/webappsec-subresource-integrity/#informative"
    }
  },
  "#integrity-metadata": {
    "snapshot": {
      "number": "3.1",
      "spec": "SRI",
      "text": "Integrity metadata",
      "url": "https://www.w3.org/TR/SRI/#integrity-metadata"
    }
  },
  "#integrity-metadata-description": {
    "current": {
      "number": "3.1",
      "spec": "SRI",
      "text": "Integrity metadata",
      "url": "https://w3c.github.io/webappsec-subresource-integrity/#integrity-metadata-description"
    }
  },
  "#intro": {
    "current": {
      "number": "1",
      "spec": "SRI",
      "text": "Introduction",
      "url": "https://w3c.github.io/webappsec-subresource-integrity/#intro"
    }
  },
  "#introduction": {
    "snapshot": {
      "number": "1",
      "spec": "SRI",
      "text": "Introduction",
      "url": "https://www.w3.org/TR/SRI/#introduction"
    }
  },
  "#is-response-eligible-for-integrity-validation": {
    "snapshot": {
      "number": "3.3.2",
      "spec": "SRI",
      "text": "Is response eligible for integrity validation",
      "url": "https://www.w3.org/TR/SRI/#is-response-eligible-for-integrity-validation"
    }
  },
  "#key-concepts-and-terminology": {
    "snapshot": {
      "number": "2.1",
      "spec": "SRI",
      "text": "Key Concepts and Terminology",
      "url": "https://www.w3.org/TR/SRI/#key-concepts-and-terminology"
    }
  },
  "#non-secure-contexts": {
    "current": {
      "number": "5.1",
      "spec": "SRI",
      "text": "Non-secure contexts remain non-secure",
      "url": "https://w3c.github.io/webappsec-subresource-integrity/#non-secure-contexts"
    }
  },
  "#non-secure-contexts-remain-non-secure": {
    "snapshot": {
      "number": "5.1",
      "spec": "SRI",
      "text": "Non-secure contexts remain non-secure",
      "url": "https://www.w3.org/TR/SRI/#non-secure-contexts-remain-non-secure"
    }
  },
  "#normative": {
    "current": {
      "number": "",
      "spec": "SRI",
      "text": "Normative References",
      "url": "https://w3c.github.io/webappsec-subresource-integrity/#normative"
    }
  },
  "#normative-references": {
    "snapshot": {
      "number": "A.1",
      "spec": "SRI",
      "text": "Normative references",
      "url": "https://www.w3.org/TR/SRI/#normative-references"
    }
  },
  "#parse-metadata": {
    "current": {
      "number": "3.3.2",
      "spec": "SRI",
      "text": "Parse metadata",
      "url": "https://w3c.github.io/webappsec-subresource-integrity/#parse-metadata"
    },
    "snapshot": {
      "number": "3.3.3",
      "spec": "SRI",
      "text": "Parse metadata.",
      "url": "https://www.w3.org/TR/SRI/#parse-metadata"
    }
  },
  "#priority": {
    "current": {
      "number": "3.2.2",
      "spec": "SRI",
      "text": "Priority",
      "url": "https://w3c.github.io/webappsec-subresource-integrity/#priority"
    },
    "snapshot": {
      "number": "3.2.2",
      "spec": "SRI",
      "text": "Priority",
      "url": "https://www.w3.org/TR/SRI/#priority"
    }
  },
  "#proxies": {
    "current": {
      "number": "4",
      "spec": "SRI",
      "text": "Proxies",
      "url": "https://w3c.github.io/webappsec-subresource-integrity/#proxies"
    },
    "snapshot": {
      "number": "4",
      "spec": "SRI",
      "text": "Proxies",
      "url": "https://www.w3.org/TR/SRI/#proxies"
    }
  },
  "#references": {
    "current": {
      "number": "",
      "spec": "SRI",
      "text": "References",
      "url": "https://w3c.github.io/webappsec-subresource-integrity/#references"
    },
    "snapshot": {
      "number": "A",
      "spec": "SRI",
      "text": "References",
      "url": "https://www.w3.org/TR/SRI/#references"
    }
  },
  "#resource-integrity": {
    "current": {
      "number": "1.2.1",
      "spec": "SRI",
      "text": "Resource Integrity",
      "url": "https://w3c.github.io/webappsec-subresource-integrity/#resource-integrity"
    },
    "snapshot": {
      "number": "1.2.1",
      "spec": "SRI",
      "text": "Resource Integrity",
      "url": "https://www.w3.org/TR/SRI/#resource-integrity"
    }
  },
  "#respecDocument": {
    "snapshot": {
      "number": "",
      "spec": "SRI",
      "text": "Subresource Integrity",
      "url": "https://www.w3.org/TR/SRI/#respecDocument"
    }
  },
  "#response-verification-algorithms": {
    "snapshot": {
      "number": "3.3",
      "spec": "SRI",
      "text": "Response verification algorithms",
      "url": "https://www.w3.org/TR/SRI/#response-verification-algorithms"
    }
  },
  "#security-considerations": {
    "current": {
      "number": "5",
      "spec": "SRI",
      "text": "Security and Privacy Considerations",
      "url": "https://w3c.github.io/webappsec-subresource-integrity/#security-considerations"
    },
    "snapshot": {
      "number": "5",
      "spec": "SRI",
      "text": "Security Considerations",
      "url": "https://www.w3.org/TR/SRI/#security-considerations"
    }
  },
  "#sotd": {
    "current": {
      "number": "",
      "spec": "SRI",
      "text": "Status of this document",
      "url": "https://w3c.github.io/webappsec-subresource-integrity/#sotd"
    },
    "snapshot": {
      "number": "",
      "spec": "SRI",
      "text": "Status of This Document",
      "url": "https://www.w3.org/TR/SRI/#sotd"
    }
  },
  "#terms": {
    "current": {
      "number": "2",
      "spec": "SRI",
      "text": "Key Concepts and Terminology",
      "url": "https://w3c.github.io/webappsec-subresource-integrity/#terms"
    }
  },
  "#the-integrity-attribute": {
    "current": {
      "number": "3.5",
      "spec": "SRI",
      "text": "The integrity attribute",
      "url": "https://w3c.github.io/webappsec-subresource-integrity/#the-integrity-attribute"
    },
    "snapshot": {
      "number": "3.5",
      "spec": "SRI",
      "text": "The integrity attribute",
      "url": "https://www.w3.org/TR/SRI/#the-integrity-attribute"
    }
  },
  "#the-link-element-for-stylesheets": {
    "snapshot": {
      "number": "3.8.1",
      "spec": "SRI",
      "text": "The link element for stylesheets",
      "url": "https://www.w3.org/TR/SRI/#the-link-element-for-stylesheets"
    }
  },
  "#the-script-element": {
    "snapshot": {
      "number": "3.8.2",
      "spec": "SRI",
      "text": "The script element",
      "url": "https://www.w3.org/TR/SRI/#the-script-element"
    }
  },
  "#title": {
    "current": {
      "number": "",
      "spec": "SRI",
      "text": "Subresource Integrity",
      "url": "https://w3c.github.io/webappsec-subresource-integrity/#title"
    }
  },
  "#toc": {
    "current": {
      "number": "",
      "spec": "SRI",
      "text": "Table of Contents",
      "url": "https://w3c.github.io/webappsec-subresource-integrity/#toc"
    },
    "snapshot": {
      "number": "",
      "spec": "SRI",
      "text": "Table of Contents",
      "url": "https://www.w3.org/TR/SRI/#toc"
    }
  },
  "#use-casesexamples": {
    "snapshot": {
      "number": "1.2",
      "spec": "SRI",
      "text": "Use Cases/Examples",
      "url": "https://www.w3.org/TR/SRI/#use-casesexamples"
    }
  },
  "#verification-algorithms": {
    "current": {
      "number": "3.3",
      "spec": "SRI",
      "text": "Response verification algorithms",
      "url": "https://w3c.github.io/webappsec-subresource-integrity/#verification-algorithms"
    }
  },
  "#verification-of-html-document-subresources": {
    "current": {
      "number": "3.4",
      "spec": "SRI",
      "text": "Verification of HTML document subresources",
      "url": "https://w3c.github.io/webappsec-subresource-integrity/#verification-of-html-document-subresources"
    },
    "snapshot": {
      "number": "3.4",
      "spec": "SRI",
      "text": "Verification of HTML document subresources",
      "url": "https://www.w3.org/TR/SRI/#verification-of-html-document-subresources"
    }
  },
  "#w3c-conformance": {
    "current": {
      "number": "",
      "spec": "SRI",
      "text": "Conformance",
      "url": "https://w3c.github.io/webappsec-subresource-integrity/#w3c-conformance"
    }
  },
  "#w3c-conformant-algorithms": {
    "current": {
      "number": "",
      "spec": "SRI",
      "text": "Conformant Algorithms",
      "url": "https://w3c.github.io/webappsec-subresource-integrity/#w3c-conformant-algorithms"
    }
  },
  "#w3c-conventions": {
    "current": {
      "number": "",
      "spec": "SRI",
      "text": "Document conventions",
      "url": "https://w3c.github.io/webappsec-subresource-integrity/#w3c-conventions"
    }
  },
  "#w3c-recommendation-15-june-2016": {
    "snapshot": {
      "number": "",
      "spec": "SRI",
      "text": "W3C Recommendation 23 June 2016",
      "url": "https://www.w3.org/TR/SRI/#w3c-recommendation-15-june-2016"
    }
  }
}