{
  "#sec-AllImportAttributesSupported": {
    "current": {
      "number": "16.2.1.10",
      "spec": "Import Attributes",
      "text": "AllImportAttributesSupported ( attributes )",
      "url": "https://tc39.es/proposal-import-attributes/#sec-AllImportAttributesSupported"
    }
  },
  "#sec-FinishLoadingImportedModule": {
    "current": {
      "number": "16.2.1.9",
      "spec": "Import Attributes",
      "text": "FinishLoadingImportedModule ( referrer, specifier, moduleRequest, payload, result )",
      "url": "https://tc39.es/proposal-import-attributes/#sec-FinishLoadingImportedModule"
    }
  },
  "#sec-HostLoadImportedModule": {
    "current": {
      "number": "16.2.1.8",
      "spec": "Import Attributes",
      "text": "HostLoadImportedModule ( referrer, specifier, moduleRequest, hostDefined, payload )",
      "url": "https://tc39.es/proposal-import-attributes/#sec-HostLoadImportedModule"
    }
  },
  "#sec-InnerModuleLoading": {
    "current": {
      "number": "16.2.1.5.1.1",
      "spec": "Import Attributes",
      "text": "InnerModuleLoading ( state, module )",
      "url": "https://tc39.es/proposal-import-attributes/#sec-InnerModuleLoading"
    }
  },
  "#sec-LoadRequestedModules": {
    "current": {
      "number": "16.2.1.5.1",
      "spec": "Import Attributes",
      "text": "LoadRequestedModules ( [ hostDefined ] )",
      "url": "https://tc39.es/proposal-import-attributes/#sec-LoadRequestedModules"
    }
  },
  "#sec-ModuleRequestsEqual": {
    "current": {
      "number": "16.2.1.1.1",
      "spec": "Import Attributes",
      "text": "ModuleRequestsEqual ( left, right )",
      "url": "https://tc39.es/proposal-import-attributes/#sec-ModuleRequestsEqual"
    }
  },
  "#sec-conformance": {
    "current": {
      "number": "2",
      "spec": "Import Attributes",
      "text": "Conformance",
      "url": "https://tc39.es/proposal-import-attributes/#sec-conformance"
    }
  },
  "#sec-conformance-deprecated": {
    "current": {
      "number": "2.1",
      "spec": "Import Attributes",
      "text": "Example Deprecated Clause Heading",
      "url": "https://tc39.es/proposal-import-attributes/#sec-conformance-deprecated"
    }
  },
  "#sec-cyclic-module-records": {
    "current": {
      "number": "16.2.1.5",
      "spec": "Import Attributes",
      "text": "Cyclic Module Records",
      "url": "https://tc39.es/proposal-import-attributes/#sec-cyclic-module-records"
    }
  },
  "#sec-deprecated-assert-keyword-for-import-attributes": {
    "current": {
      "number": "16.2.2.3",
      "spec": "Import Attributes",
      "text": "Deprecated assert keyword for Import Attributes",
      "url": "https://tc39.es/proposal-import-attributes/#sec-deprecated-assert-keyword-for-import-attributes"
    }
  },
  "#sec-ecmascript-language-expressions": {
    "current": {
      "number": "13",
      "spec": "Import Attributes",
      "text": "ECMAScript Language: Expressions",
      "url": "https://tc39.es/proposal-import-attributes/#sec-ecmascript-language-expressions"
    }
  },
  "#sec-ecmascript-language-scripts-and-modules": {
    "current": {
      "number": "16",
      "spec": "Import Attributes",
      "text": "ECMAScript Language: Scripts and Modules",
      "url": "https://tc39.es/proposal-import-attributes/#sec-ecmascript-language-scripts-and-modules"
    }
  },
  "#sec-evaluate-import-call": {
    "current": {
      "number": "13.3.10.2",
      "spec": "Import Attributes",
      "text": "EvaluateImportCall ( specifierExpression [ , optionsExpression ] )",
      "url": "https://tc39.es/proposal-import-attributes/#sec-evaluate-import-call"
    }
  },
  "#sec-exports": {
    "current": {
      "number": "16.2.3",
      "spec": "Import Attributes",
      "text": "Exports",
      "url": "https://tc39.es/proposal-import-attributes/#sec-exports"
    }
  },
  "#sec-hostgetsupportedimportattributes": {
    "current": {
      "number": "16.2.1.10.1",
      "spec": "Import Attributes",
      "text": "HostGetSupportedImportAttributes ( )",
      "url": "https://tc39.es/proposal-import-attributes/#sec-hostgetsupportedimportattributes"
    }
  },
  "#sec-import-call-runtime-semantics-evaluation": {
    "current": {
      "number": "13.3.10.1",
      "spec": "Import Attributes",
      "text": "Runtime Semantics: Evaluation",
      "url": "https://tc39.es/proposal-import-attributes/#sec-import-call-runtime-semantics-evaluation"
    }
  },
  "#sec-import-calls": {
    "current": {
      "number": "13.3.10",
      "spec": "Import Attributes",
      "text": "Import Calls",
      "url": "https://tc39.es/proposal-import-attributes/#sec-import-calls"
    }
  },
  "#sec-imports": {
    "current": {
      "number": "16.2.2",
      "spec": "Import Attributes",
      "text": "Imports",
      "url": "https://tc39.es/proposal-import-attributes/#sec-imports"
    }
  },
  "#sec-imports-static-semantics-early-errors": {
    "current": {
      "number": "16.2.2.1",
      "spec": "Import Attributes",
      "text": "Static Semantics: Early Errors",
      "url": "https://tc39.es/proposal-import-attributes/#sec-imports-static-semantics-early-errors"
    }
  },
  "#sec-left-hand-side-expressions": {
    "current": {
      "number": "13.3",
      "spec": "Import Attributes",
      "text": "Left-Hand-Side Expressions",
      "url": "https://tc39.es/proposal-import-attributes/#sec-left-hand-side-expressions"
    }
  },
  "#sec-module-semantics": {
    "current": {
      "number": "16.2.1",
      "spec": "Import Attributes",
      "text": "Module Semantics",
      "url": "https://tc39.es/proposal-import-attributes/#sec-module-semantics"
    }
  },
  "#sec-modulerequest-record": {
    "current": {
      "number": "16.2.1.1",
      "spec": "Import Attributes",
      "text": "ModuleRequest and ImportAttribute Records",
      "url": "https://tc39.es/proposal-import-attributes/#sec-modulerequest-record"
    }
  },
  "#sec-modules": {
    "current": {
      "number": "16.2",
      "spec": "Import Attributes",
      "text": "Modules",
      "url": "https://tc39.es/proposal-import-attributes/#sec-modules"
    }
  },
  "#sec-source-text-module-records": {
    "current": {
      "number": "16.2.1.6",
      "spec": "Import Attributes",
      "text": "Source Text Module Records",
      "url": "https://tc39.es/proposal-import-attributes/#sec-source-text-module-records"
    }
  },
  "#sec-static-semantics-modulerequests": {
    "current": {
      "number": "16.2.1.3",
      "spec": "Import Attributes",
      "text": "Static Semantics: ModuleRequests",
      "url": "https://tc39.es/proposal-import-attributes/#sec-static-semantics-modulerequests"
    }
  },
  "#sec-with-clause-to-attributes": {
    "current": {
      "number": "16.2.2.2",
      "spec": "Import Attributes",
      "text": "Static Semantics: WithClauseToAttributes",
      "url": "https://tc39.es/proposal-import-attributes/#sec-with-clause-to-attributes"
    }
  }
}