{
  "#sec-control-abstraction-objects": {
    "current": {
      "number": "1",
      "spec": "2023",
      "text": "Control Abstraction Objects",
      "url": "https://tc39.es/proposal-promise-with-resolvers/#sec-control-abstraction-objects"
    }
  },
  "#sec-promise-objects": {
    "current": {
      "number": "1.1",
      "spec": "2023",
      "text": "Promise Objects",
      "url": "https://tc39.es/proposal-promise-with-resolvers/#sec-promise-objects"
    }
  },
  "#sec-promise.withResolvers": {
    "current": {
      "number": "1.1.1.1",
      "spec": "2023",
      "text": "Promise.withResolvers ( )",
      "url": "https://tc39.es/proposal-promise-with-resolvers/#sec-promise.withResolvers"
    }
  },
  "#sec-properties-of-the-promise-constructor": {
    "current": {
      "number": "1.1.1",
      "spec": "2023",
      "text": "Properties of the Promise Constructor",
      "url": "https://tc39.es/proposal-promise-with-resolvers/#sec-properties-of-the-promise-constructor"
    }
  }
}