{
  "#common-directory": {
    "current": {
      "number": "2.1.3",
      "spec": "MiniApp Packaging",
      "text": "common Directory",
      "url": "https://w3c.github.io/miniapp-packaging/#common-directory"
    },
    "snapshot": {
      "number": "2.1.3",
      "spec": "MiniApp Packaging",
      "text": "common Directory",
      "url": "https://www.w3.org/TR/miniapp-packaging/#common-directory"
    }
  },
  "#conformance": {
    "current": {
      "number": "1.3",
      "spec": "MiniApp Packaging",
      "text": "Conformance",
      "url": "https://w3c.github.io/miniapp-packaging/#conformance"
    },
    "snapshot": {
      "number": "1.3",
      "spec": "MiniApp Packaging",
      "text": "Conformance",
      "url": "https://www.w3.org/TR/miniapp-packaging/#conformance"
    }
  },
  "#developer-signature": {
    "current": {
      "number": "B.1.1.1.1",
      "spec": "MiniApp Packaging",
      "text": "Developer Signature",
      "url": "https://w3c.github.io/miniapp-packaging/#developer-signature"
    },
    "snapshot": {
      "number": "B.1.1.1.1",
      "spec": "MiniApp Packaging",
      "text": "Developer Signature",
      "url": "https://www.w3.org/TR/miniapp-packaging/#developer-signature"
    }
  },
  "#distributor-signature": {
    "current": {
      "number": "B.1.1.1.2",
      "spec": "MiniApp Packaging",
      "text": "Distributor Signature",
      "url": "https://w3c.github.io/miniapp-packaging/#distributor-signature"
    },
    "snapshot": {
      "number": "B.1.1.1.2",
      "spec": "MiniApp Packaging",
      "text": "Distributor Signature",
      "url": "https://www.w3.org/TR/miniapp-packaging/#distributor-signature"
    }
  },
  "#file-and-path-names": {
    "current": {
      "number": "2.1.5",
      "spec": "MiniApp Packaging",
      "text": "File and Path Names",
      "url": "https://w3c.github.io/miniapp-packaging/#file-and-path-names"
    },
    "snapshot": {
      "number": "2.1.5",
      "spec": "MiniApp Packaging",
      "text": "File and Path Names",
      "url": "https://www.w3.org/TR/miniapp-packaging/#file-and-path-names"
    }
  },
  "#i18n-directory": {
    "current": {
      "number": "2.1.4",
      "spec": "MiniApp Packaging",
      "text": "i18n Directory",
      "url": "https://w3c.github.io/miniapp-packaging/#i18n-directory"
    },
    "snapshot": {
      "number": "2.1.4",
      "spec": "MiniApp Packaging",
      "text": "i18n Directory",
      "url": "https://www.w3.org/TR/miniapp-packaging/#i18n-directory"
    }
  },
  "#informative-references": {
    "current": {
      "number": "D.2",
      "spec": "MiniApp Packaging",
      "text": "Informative references",
      "url": "https://w3c.github.io/miniapp-packaging/#informative-references"
    },
    "snapshot": {
      "number": "D.2",
      "spec": "MiniApp Packaging",
      "text": "Informative references",
      "url": "https://www.w3.org/TR/miniapp-packaging/#informative-references"
    }
  },
  "#normative-references": {
    "current": {
      "number": "D.1",
      "spec": "MiniApp Packaging",
      "text": "Normative references",
      "url": "https://w3c.github.io/miniapp-packaging/#normative-references"
    },
    "snapshot": {
      "number": "D.1",
      "spec": "MiniApp Packaging",
      "text": "Normative references",
      "url": "https://www.w3.org/TR/miniapp-packaging/#normative-references"
    }
  },
  "#overview": {
    "current": {
      "number": "1.1",
      "spec": "MiniApp Packaging",
      "text": "Overview",
      "url": "https://w3c.github.io/miniapp-packaging/#overview"
    },
    "snapshot": {
      "number": "1.1",
      "spec": "MiniApp Packaging",
      "text": "Overview",
      "url": "https://www.w3.org/TR/miniapp-packaging/#overview"
    }
  },
  "#provisioning-profile-ids": {
    "current": {
      "number": "B.1.1.1.2.3",
      "spec": "MiniApp Packaging",
      "text": "Provisioning Profile IDs",
      "url": "https://w3c.github.io/miniapp-packaging/#provisioning-profile-ids"
    },
    "snapshot": {
      "number": "B.1.1.1.2.3",
      "spec": "MiniApp Packaging",
      "text": "Provisioning Profile IDs",
      "url": "https://www.w3.org/TR/miniapp-packaging/#provisioning-profile-ids"
    }
  },
  "#references": {
    "current": {
      "number": "D",
      "spec": "MiniApp Packaging",
      "text": "References",
      "url": "https://w3c.github.io/miniapp-packaging/#references"
    },
    "snapshot": {
      "number": "D",
      "spec": "MiniApp Packaging",
      "text": "References",
      "url": "https://www.w3.org/TR/miniapp-packaging/#references"
    }
  },
  "#resources-and-services": {
    "current": {
      "number": "7.1",
      "spec": "MiniApp Packaging",
      "text": "Resources and Services",
      "url": "https://w3c.github.io/miniapp-packaging/#resources-and-services"
    },
    "snapshot": {
      "number": "7.1",
      "spec": "MiniApp Packaging",
      "text": "Resources and Services",
      "url": "https://www.w3.org/TR/miniapp-packaging/#resources-and-services"
    }
  },
  "#root-directory": {
    "current": {
      "number": "2.1.1",
      "spec": "MiniApp Packaging",
      "text": "Root Directory",
      "url": "https://w3c.github.io/miniapp-packaging/#root-directory"
    },
    "snapshot": {
      "number": "2.1.1",
      "spec": "MiniApp Packaging",
      "text": "Root Directory",
      "url": "https://www.w3.org/TR/miniapp-packaging/#root-directory"
    }
  },
  "#sec-accessibility": {
    "current": {
      "number": "6",
      "spec": "MiniApp Packaging",
      "text": "Accessibility Considerations",
      "url": "https://w3c.github.io/miniapp-packaging/#sec-accessibility"
    },
    "snapshot": {
      "number": "6",
      "spec": "MiniApp Packaging",
      "text": "Accessibility Considerations",
      "url": "https://www.w3.org/TR/miniapp-packaging/#sec-accessibility"
    }
  },
  "#sec-acknowledgments": {
    "current": {
      "number": "A",
      "spec": "MiniApp Packaging",
      "text": "Acknowledgments",
      "url": "https://w3c.github.io/miniapp-packaging/#sec-acknowledgments"
    },
    "snapshot": {
      "number": "A",
      "spec": "MiniApp Packaging",
      "text": "Acknowledgments",
      "url": "https://www.w3.org/TR/miniapp-packaging/#sec-acknowledgments"
    }
  },
  "#sec-conformance": {
    "current": {
      "number": "2",
      "spec": "MiniApp Packaging",
      "text": "Package Conformance",
      "url": "https://w3c.github.io/miniapp-packaging/#sec-conformance"
    },
    "snapshot": {
      "number": "2",
      "spec": "MiniApp Packaging",
      "text": "Package Conformance",
      "url": "https://www.w3.org/TR/miniapp-packaging/#sec-conformance"
    }
  },
  "#sec-filestructure": {
    "current": {
      "number": "2.1",
      "spec": "MiniApp Packaging",
      "text": "Directory and File System Structure",
      "url": "https://w3c.github.io/miniapp-packaging/#sec-filestructure"
    },
    "snapshot": {
      "number": "2.1",
      "spec": "MiniApp Packaging",
      "text": "Directory and File System Structure",
      "url": "https://www.w3.org/TR/miniapp-packaging/#sec-filestructure"
    }
  },
  "#sec-introduction": {
    "current": {
      "number": "1",
      "spec": "MiniApp Packaging",
      "text": "Introduction",
      "url": "https://w3c.github.io/miniapp-packaging/#sec-introduction"
    },
    "snapshot": {
      "number": "1",
      "spec": "MiniApp Packaging",
      "text": "Introduction",
      "url": "https://www.w3.org/TR/miniapp-packaging/#sec-introduction"
    }
  },
  "#sec-media-type-registration": {
    "current": {
      "number": "C",
      "spec": "MiniApp Packaging",
      "text": "Media Type Registration",
      "url": "https://w3c.github.io/miniapp-packaging/#sec-media-type-registration"
    },
    "snapshot": {
      "number": "C",
      "spec": "MiniApp Packaging",
      "text": "Media Type Registration",
      "url": "https://www.w3.org/TR/miniapp-packaging/#sec-media-type-registration"
    }
  },
  "#sec-miniapp-digital-signature-requirements": {
    "current": {
      "number": "3.3",
      "spec": "MiniApp Packaging",
      "text": "Digital Signature Requirements",
      "url": "https://w3c.github.io/miniapp-packaging/#sec-miniapp-digital-signature-requirements"
    },
    "snapshot": {
      "number": "3.3",
      "spec": "MiniApp Packaging",
      "text": "Digital Signature Requirements",
      "url": "https://www.w3.org/TR/miniapp-packaging/#sec-miniapp-digital-signature-requirements"
    }
  },
  "#sec-miniapp-digital-signatures-processing": {
    "current": {
      "number": "5.2.1",
      "spec": "MiniApp Packaging",
      "text": "Digital Signatures Processing",
      "url": "https://w3c.github.io/miniapp-packaging/#sec-miniapp-digital-signatures-processing"
    },
    "snapshot": {
      "number": "5.2.1",
      "spec": "MiniApp Packaging",
      "text": "Digital Signatures Processing",
      "url": "https://www.w3.org/TR/miniapp-packaging/#sec-miniapp-digital-signatures-processing"
    }
  },
  "#sec-miniapp-i18n": {
    "current": {
      "number": "4",
      "spec": "MiniApp Packaging",
      "text": "Internationalization",
      "url": "https://w3c.github.io/miniapp-packaging/#sec-miniapp-i18n"
    },
    "snapshot": {
      "number": "4",
      "spec": "MiniApp Packaging",
      "text": "Internationalization",
      "url": "https://www.w3.org/TR/miniapp-packaging/#sec-miniapp-i18n"
    }
  },
  "#sec-miniapp-platform-compatibility-verification": {
    "current": {
      "number": "5.4.1",
      "spec": "MiniApp Packaging",
      "text": "Platform Compatibility Verification",
      "url": "https://w3c.github.io/miniapp-packaging/#sec-miniapp-platform-compatibility-verification"
    },
    "snapshot": {
      "number": "5.4.1",
      "spec": "MiniApp Packaging",
      "text": "Platform Compatibility Verification",
      "url": "https://www.w3.org/TR/miniapp-packaging/#sec-miniapp-platform-compatibility-verification"
    }
  },
  "#sec-miniapp-platform-runtime-preparation": {
    "current": {
      "number": "5.4",
      "spec": "MiniApp Packaging",
      "text": "Platform Runtime Preparation",
      "url": "https://w3c.github.io/miniapp-packaging/#sec-miniapp-platform-runtime-preparation"
    },
    "snapshot": {
      "number": "5.4",
      "spec": "MiniApp Packaging",
      "text": "Platform Runtime Preparation",
      "url": "https://www.w3.org/TR/miniapp-packaging/#sec-miniapp-platform-runtime-preparation"
    }
  },
  "#sec-miniapp-platform-start-page-identification": {
    "current": {
      "number": "5.4.2",
      "spec": "MiniApp Packaging",
      "text": "Start Page Identification",
      "url": "https://w3c.github.io/miniapp-packaging/#sec-miniapp-platform-start-page-identification"
    },
    "snapshot": {
      "number": "5.4.2",
      "spec": "MiniApp Packaging",
      "text": "Start Page Identification",
      "url": "https://www.w3.org/TR/miniapp-packaging/#sec-miniapp-platform-start-page-identification"
    }
  },
  "#sec-miniapp-processing": {
    "current": {
      "number": "5",
      "spec": "MiniApp Packaging",
      "text": "MiniApp Package Processing",
      "url": "https://w3c.github.io/miniapp-packaging/#sec-miniapp-processing"
    },
    "snapshot": {
      "number": "5",
      "spec": "MiniApp Packaging",
      "text": "MiniApp Package Processing",
      "url": "https://www.w3.org/TR/miniapp-packaging/#sec-miniapp-processing"
    }
  },
  "#sec-miniapp-processing-locale": {
    "current": {
      "number": "5.4.3",
      "spec": "MiniApp Packaging",
      "text": "Extraction of Locale",
      "url": "https://w3c.github.io/miniapp-packaging/#sec-miniapp-processing-locale"
    },
    "snapshot": {
      "number": "5.4.3",
      "spec": "MiniApp Packaging",
      "text": "Extraction of Locale",
      "url": "https://www.w3.org/TR/miniapp-packaging/#sec-miniapp-processing-locale"
    }
  },
  "#sec-miniapp-processing-manifest": {
    "current": {
      "number": "5.3",
      "spec": "MiniApp Packaging",
      "text": "MiniApp Manifest Processing",
      "url": "https://w3c.github.io/miniapp-packaging/#sec-miniapp-processing-manifest"
    },
    "snapshot": {
      "number": "5.3",
      "spec": "MiniApp Packaging",
      "text": "MiniApp Manifest Processing",
      "url": "https://www.w3.org/TR/miniapp-packaging/#sec-miniapp-processing-manifest"
    }
  },
  "#sec-miniapp-processing-platform-start-page-manifest": {
    "current": {
      "number": "5.4.2.2",
      "spec": "MiniApp Packaging",
      "text": "Extraction of Start Page From Manifest",
      "url": "https://w3c.github.io/miniapp-packaging/#sec-miniapp-processing-platform-start-page-manifest"
    },
    "snapshot": {
      "number": "5.4.2.2",
      "spec": "MiniApp Packaging",
      "text": "Extraction of Start Page From Manifest",
      "url": "https://www.w3.org/TR/miniapp-packaging/#sec-miniapp-processing-platform-start-page-manifest"
    }
  },
  "#sec-miniapp-processing-platform-start-page-uri": {
    "current": {
      "number": "5.4.2.1",
      "spec": "MiniApp Packaging",
      "text": "Extraction of Start Page From URI",
      "url": "https://w3c.github.io/miniapp-packaging/#sec-miniapp-processing-platform-start-page-uri"
    },
    "snapshot": {
      "number": "5.4.2.1",
      "spec": "MiniApp Packaging",
      "text": "Extraction of Start Page From URI",
      "url": "https://www.w3.org/TR/miniapp-packaging/#sec-miniapp-processing-platform-start-page-uri"
    }
  },
  "#sec-miniapp-processing-retrieval": {
    "current": {
      "number": "5.1",
      "spec": "MiniApp Packaging",
      "text": "MiniApp ZIP Container Retrieval",
      "url": "https://w3c.github.io/miniapp-packaging/#sec-miniapp-processing-retrieval"
    },
    "snapshot": {
      "number": "5.1",
      "spec": "MiniApp Packaging",
      "text": "MiniApp ZIP Container Retrieval",
      "url": "https://www.w3.org/TR/miniapp-packaging/#sec-miniapp-processing-retrieval"
    }
  },
  "#sec-miniapp-processing-verify": {
    "current": {
      "number": "5.2",
      "spec": "MiniApp Packaging",
      "text": "MiniApp ZIP Container Verification",
      "url": "https://w3c.github.io/miniapp-packaging/#sec-miniapp-processing-verify"
    },
    "snapshot": {
      "number": "5.2",
      "spec": "MiniApp Packaging",
      "text": "MiniApp ZIP Container Verification",
      "url": "https://www.w3.org/TR/miniapp-packaging/#sec-miniapp-processing-verify"
    }
  },
  "#sec-miniapp-resources": {
    "current": {
      "number": "2.2",
      "spec": "MiniApp Packaging",
      "text": "MiniApp Resources",
      "url": "https://w3c.github.io/miniapp-packaging/#sec-miniapp-resources"
    },
    "snapshot": {
      "number": "2.2",
      "spec": "MiniApp Packaging",
      "text": "MiniApp Resources",
      "url": "https://www.w3.org/TR/miniapp-packaging/#sec-miniapp-resources"
    }
  },
  "#sec-miniapp-resources-css": {
    "current": {
      "number": "2.2.2",
      "spec": "MiniApp Packaging",
      "text": "CSS Resources",
      "url": "https://w3c.github.io/miniapp-packaging/#sec-miniapp-resources-css"
    },
    "snapshot": {
      "number": "2.2.2",
      "spec": "MiniApp Packaging",
      "text": "CSS Resources",
      "url": "https://www.w3.org/TR/miniapp-packaging/#sec-miniapp-resources-css"
    }
  },
  "#sec-miniapp-resources-html": {
    "current": {
      "number": "2.2.1",
      "spec": "MiniApp Packaging",
      "text": "HTML Resources",
      "url": "https://w3c.github.io/miniapp-packaging/#sec-miniapp-resources-html"
    },
    "snapshot": {
      "number": "2.2.1",
      "spec": "MiniApp Packaging",
      "text": "HTML Resources",
      "url": "https://www.w3.org/TR/miniapp-packaging/#sec-miniapp-resources-html"
    }
  },
  "#sec-miniapp-resources-i18n": {
    "current": {
      "number": "2.2.4",
      "spec": "MiniApp Packaging",
      "text": "Localization Resources",
      "url": "https://w3c.github.io/miniapp-packaging/#sec-miniapp-resources-i18n"
    },
    "snapshot": {
      "number": "2.2.4",
      "spec": "MiniApp Packaging",
      "text": "Localization Resources",
      "url": "https://www.w3.org/TR/miniapp-packaging/#sec-miniapp-resources-i18n"
    }
  },
  "#sec-miniapp-resources-js": {
    "current": {
      "number": "2.2.3",
      "spec": "MiniApp Packaging",
      "text": "Scripting Resources",
      "url": "https://w3c.github.io/miniapp-packaging/#sec-miniapp-resources-js"
    },
    "snapshot": {
      "number": "2.2.3",
      "spec": "MiniApp Packaging",
      "text": "Scripting Resources",
      "url": "https://www.w3.org/TR/miniapp-packaging/#sec-miniapp-resources-js"
    }
  },
  "#sec-miniapp-zip-container": {
    "current": {
      "number": "3",
      "spec": "MiniApp Packaging",
      "text": "MiniApp ZIP Container",
      "url": "https://w3c.github.io/miniapp-packaging/#sec-miniapp-zip-container"
    },
    "snapshot": {
      "number": "3",
      "spec": "MiniApp Packaging",
      "text": "MiniApp ZIP Container",
      "url": "https://www.w3.org/TR/miniapp-packaging/#sec-miniapp-zip-container"
    }
  },
  "#sec-miniapp-zip-container-intro": {
    "current": {
      "number": "3.1",
      "spec": "MiniApp Packaging",
      "text": "Introduction",
      "url": "https://w3c.github.io/miniapp-packaging/#sec-miniapp-zip-container-intro"
    },
    "snapshot": {
      "number": "3.1",
      "spec": "MiniApp Packaging",
      "text": "Introduction",
      "url": "https://www.w3.org/TR/miniapp-packaging/#sec-miniapp-zip-container-intro"
    }
  },
  "#sec-miniapp-zip-file-requirements": {
    "current": {
      "number": "3.2",
      "spec": "MiniApp Packaging",
      "text": "ZIP File Requirements",
      "url": "https://w3c.github.io/miniapp-packaging/#sec-miniapp-zip-file-requirements"
    },
    "snapshot": {
      "number": "3.2",
      "spec": "MiniApp Packaging",
      "text": "ZIP File Requirements",
      "url": "https://www.w3.org/TR/miniapp-packaging/#sec-miniapp-zip-file-requirements"
    }
  },
  "#sec-package-integrity-trustworthiness": {
    "current": {
      "number": "7.2",
      "spec": "MiniApp Packaging",
      "text": "Package Integrity and Trustworthiness",
      "url": "https://w3c.github.io/miniapp-packaging/#sec-package-integrity-trustworthiness"
    },
    "snapshot": {
      "number": "7.2",
      "spec": "MiniApp Packaging",
      "text": "Package Integrity and Trustworthiness",
      "url": "https://www.w3.org/TR/miniapp-packaging/#sec-package-integrity-trustworthiness"
    }
  },
  "#sec-pages-directory": {
    "current": {
      "number": "2.1.2",
      "spec": "MiniApp Packaging",
      "text": "pages Directory",
      "url": "https://w3c.github.io/miniapp-packaging/#sec-pages-directory"
    },
    "snapshot": {
      "number": "2.1.2",
      "spec": "MiniApp Packaging",
      "text": "pages Directory",
      "url": "https://www.w3.org/TR/miniapp-packaging/#sec-pages-directory"
    }
  },
  "#sec-privacy": {
    "current": {
      "number": "8",
      "spec": "MiniApp Packaging",
      "text": "Privacy Considerations",
      "url": "https://w3c.github.io/miniapp-packaging/#sec-privacy"
    },
    "snapshot": {
      "number": "8",
      "spec": "MiniApp Packaging",
      "text": "Privacy Considerations",
      "url": "https://www.w3.org/TR/miniapp-packaging/#sec-privacy"
    }
  },
  "#sec-security": {
    "current": {
      "number": "7",
      "spec": "MiniApp Packaging",
      "text": "Security Considerations",
      "url": "https://w3c.github.io/miniapp-packaging/#sec-security"
    },
    "snapshot": {
      "number": "7",
      "spec": "MiniApp Packaging",
      "text": "Security Considerations",
      "url": "https://www.w3.org/TR/miniapp-packaging/#sec-security"
    }
  },
  "#sec-signature-pkcs7": {
    "current": {
      "number": "B.2",
      "spec": "MiniApp Packaging",
      "text": "PKCS#7 Signature Scheme",
      "url": "https://w3c.github.io/miniapp-packaging/#sec-signature-pkcs7"
    },
    "snapshot": {
      "number": "B.2",
      "spec": "MiniApp Packaging",
      "text": "PKCS#7 Signature Scheme",
      "url": "https://www.w3.org/TR/miniapp-packaging/#sec-signature-pkcs7"
    }
  },
  "#sec-signature-rpk": {
    "current": {
      "number": "B.1",
      "spec": "MiniApp Packaging",
      "text": "RPK Signature Scheme",
      "url": "https://w3c.github.io/miniapp-packaging/#sec-signature-rpk"
    },
    "snapshot": {
      "number": "B.1",
      "spec": "MiniApp Packaging",
      "text": "RPK Signature Scheme",
      "url": "https://www.w3.org/TR/miniapp-packaging/#sec-signature-rpk"
    }
  },
  "#sec-signature-schemes": {
    "current": {
      "number": "B",
      "spec": "MiniApp Packaging",
      "text": "Signature Schemes",
      "url": "https://w3c.github.io/miniapp-packaging/#sec-signature-schemes"
    },
    "snapshot": {
      "number": "B",
      "spec": "MiniApp Packaging",
      "text": "Signature Schemes",
      "url": "https://www.w3.org/TR/miniapp-packaging/#sec-signature-schemes"
    }
  },
  "#sec-signing-block-signature": {
    "current": {
      "number": "B.1.1.1",
      "spec": "MiniApp Packaging",
      "text": "Signatures",
      "url": "https://w3c.github.io/miniapp-packaging/#sec-signing-block-signature"
    },
    "snapshot": {
      "number": "B.1.1.1",
      "spec": "MiniApp Packaging",
      "text": "Signatures",
      "url": "https://www.w3.org/TR/miniapp-packaging/#sec-signing-block-signature"
    }
  },
  "#sec-terminology": {
    "current": {
      "number": "1.2",
      "spec": "MiniApp Packaging",
      "text": "Terminology",
      "url": "https://w3c.github.io/miniapp-packaging/#sec-terminology"
    },
    "snapshot": {
      "number": "1.2",
      "spec": "MiniApp Packaging",
      "text": "Terminology",
      "url": "https://www.w3.org/TR/miniapp-packaging/#sec-terminology"
    }
  },
  "#signature-algorithm-ids": {
    "current": {
      "number": "B.1.1.1.2.1",
      "spec": "MiniApp Packaging",
      "text": "Signature Algorithm IDs",
      "url": "https://w3c.github.io/miniapp-packaging/#signature-algorithm-ids"
    },
    "snapshot": {
      "number": "B.1.1.1.2.1",
      "spec": "MiniApp Packaging",
      "text": "Signature Algorithm IDs",
      "url": "https://www.w3.org/TR/miniapp-packaging/#signature-algorithm-ids"
    }
  },
  "#signing-block-format": {
    "current": {
      "number": "B.1.1",
      "spec": "MiniApp Packaging",
      "text": "Signing Block Format",
      "url": "https://w3c.github.io/miniapp-packaging/#signing-block-format"
    },
    "snapshot": {
      "number": "B.1.1",
      "spec": "MiniApp Packaging",
      "text": "Signing Block Format",
      "url": "https://www.w3.org/TR/miniapp-packaging/#signing-block-format"
    }
  },
  "#signing-block-format-0": {
    "current": {
      "number": "B.2.1",
      "spec": "MiniApp Packaging",
      "text": "Signing Block Format",
      "url": "https://w3c.github.io/miniapp-packaging/#signing-block-format-0"
    },
    "snapshot": {
      "number": "B.2.1",
      "spec": "MiniApp Packaging",
      "text": "Signing Block Format",
      "url": "https://www.w3.org/TR/miniapp-packaging/#signing-block-format-0"
    }
  },
  "#supported-keys-sizes-and-ec-cryptography": {
    "current": {
      "number": "B.1.1.1.2.2",
      "spec": "MiniApp Packaging",
      "text": "Supported keys sizes and EC cryptography:",
      "url": "https://w3c.github.io/miniapp-packaging/#supported-keys-sizes-and-ec-cryptography"
    },
    "snapshot": {
      "number": "B.1.1.1.2.2",
      "spec": "MiniApp Packaging",
      "text": "Supported keys sizes and EC cryptography:",
      "url": "https://www.w3.org/TR/miniapp-packaging/#supported-keys-sizes-and-ec-cryptography"
    }
  },
  "#title": {
    "current": {
      "number": "",
      "spec": "MiniApp Packaging",
      "text": "MiniApp Packaging",
      "url": "https://w3c.github.io/miniapp-packaging/#title"
    },
    "snapshot": {
      "number": "",
      "spec": "MiniApp Packaging",
      "text": "MiniApp Packaging",
      "url": "https://www.w3.org/TR/miniapp-packaging/#title"
    }
  },
  "#toc": {
    "current": {
      "number": "",
      "spec": "MiniApp Packaging",
      "text": "Table of Contents",
      "url": "https://w3c.github.io/miniapp-packaging/#toc"
    },
    "snapshot": {
      "number": "",
      "spec": "MiniApp Packaging",
      "text": "Table of Contents",
      "url": "https://www.w3.org/TR/miniapp-packaging/#toc"
    }
  },
  "#types-of-signing-blocks": {
    "current": {
      "number": "B.2.1.1",
      "spec": "MiniApp Packaging",
      "text": "Types of Signing Blocks",
      "url": "https://w3c.github.io/miniapp-packaging/#types-of-signing-blocks"
    },
    "snapshot": {
      "number": "B.2.1.1",
      "spec": "MiniApp Packaging",
      "text": "Types of Signing Blocks",
      "url": "https://www.w3.org/TR/miniapp-packaging/#types-of-signing-blocks"
    }
  }
}