{
  "#abstract": {
    "snapshot": {
      "number": "",
      "spec": "HTML Media Capture",
      "text": "Abstract",
      "url": "https://www.w3.org/TR/html-media-capture/#abstract"
    }
  },
  "#conformance": {
    "current": {
      "number": "2",
      "spec": "HTML Media Capture",
      "text": "Conformance",
      "url": "https://w3c.github.io/html-media-capture/#conformance"
    },
    "snapshot": {
      "number": "2",
      "spec": "HTML Media Capture",
      "text": "Conformance",
      "url": "https://www.w3.org/TR/html-media-capture/#conformance"
    }
  },
  "#examples": {
    "current": {
      "number": "A",
      "spec": "HTML Media Capture",
      "text": "Examples",
      "url": "https://w3c.github.io/html-media-capture/#examples"
    },
    "snapshot": {
      "number": "A",
      "spec": "HTML Media Capture",
      "text": "Examples",
      "url": "https://www.w3.org/TR/html-media-capture/#examples"
    }
  },
  "#informative-references": {
    "current": {
      "number": "B.2",
      "spec": "HTML Media Capture",
      "text": "Informative references",
      "url": "https://w3c.github.io/html-media-capture/#informative-references"
    },
    "snapshot": {
      "number": "B.2",
      "spec": "HTML Media Capture",
      "text": "Informative references",
      "url": "https://www.w3.org/TR/html-media-capture/#informative-references"
    }
  },
  "#introduction": {
    "current": {
      "number": "1",
      "spec": "HTML Media Capture",
      "text": "Introduction",
      "url": "https://w3c.github.io/html-media-capture/#introduction"
    },
    "snapshot": {
      "number": "1",
      "spec": "HTML Media Capture",
      "text": "Introduction",
      "url": "https://www.w3.org/TR/html-media-capture/#introduction"
    }
  },
  "#normative-references": {
    "current": {
      "number": "B.1",
      "spec": "HTML Media Capture",
      "text": "Normative references",
      "url": "https://w3c.github.io/html-media-capture/#normative-references"
    },
    "snapshot": {
      "number": "B.1",
      "spec": "HTML Media Capture",
      "text": "Normative references",
      "url": "https://www.w3.org/TR/html-media-capture/#normative-references"
    }
  },
  "#references": {
    "current": {
      "number": "B",
      "spec": "HTML Media Capture",
      "text": "References",
      "url": "https://w3c.github.io/html-media-capture/#references"
    },
    "snapshot": {
      "number": "B",
      "spec": "HTML Media Capture",
      "text": "References",
      "url": "https://www.w3.org/TR/html-media-capture/#references"
    }
  },
  "#security": {
    "current": {
      "number": "4",
      "spec": "HTML Media Capture",
      "text": "Security and privacy considerations",
      "url": "https://w3c.github.io/html-media-capture/#security"
    },
    "snapshot": {
      "number": "4",
      "spec": "HTML Media Capture",
      "text": "Security and privacy considerations",
      "url": "https://www.w3.org/TR/html-media-capture/#security"
    }
  },
  "#sotd": {
    "snapshot": {
      "number": "",
      "spec": "HTML Media Capture",
      "text": "Status of This Document",
      "url": "https://www.w3.org/TR/html-media-capture/#sotd"
    }
  },
  "#terminology": {
    "current": {
      "number": "3",
      "spec": "HTML Media Capture",
      "text": "Terminology",
      "url": "https://w3c.github.io/html-media-capture/#terminology"
    },
    "snapshot": {
      "number": "3",
      "spec": "HTML Media Capture",
      "text": "Terminology",
      "url": "https://www.w3.org/TR/html-media-capture/#terminology"
    }
  },
  "#the-capture-attribute": {
    "snapshot": {
      "number": "5",
      "spec": "HTML Media Capture",
      "text": "The capture attribute",
      "url": "https://www.w3.org/TR/html-media-capture/#the-capture-attribute"
    }
  },
  "#the-capture-idl-attribute": {
    "current": {
      "number": "5",
      "spec": "HTML Media Capture",
      "text": "The capture IDL attribute",
      "url": "https://w3c.github.io/html-media-capture/#the-capture-idl-attribute"
    }
  },
  "#title": {
    "current": {
      "number": "",
      "spec": "HTML Media Capture",
      "text": "HTML Media Capture",
      "url": "https://w3c.github.io/html-media-capture/#title"
    },
    "snapshot": {
      "number": "",
      "spec": "HTML Media Capture",
      "text": "HTML Media Capture",
      "url": "https://www.w3.org/TR/html-media-capture/#title"
    }
  },
  "#toc": {
    "current": {
      "number": "",
      "spec": "HTML Media Capture",
      "text": "Table of Contents",
      "url": "https://w3c.github.io/html-media-capture/#toc"
    },
    "snapshot": {
      "number": "",
      "spec": "HTML Media Capture",
      "text": "Table of Contents",
      "url": "https://www.w3.org/TR/html-media-capture/#toc"
    }
  },
  "#w3c-recommendation-01-february-2018": {
    "snapshot": {
      "number": "",
      "spec": "HTML Media Capture",
      "text": "W3C Recommendation 01 February 2018",
      "url": "https://www.w3.org/TR/html-media-capture/#w3c-recommendation-01-february-2018"
    }
  }
}