{
  "#ChangesSinceSVG2": {
    "current": {
      "number": "5",
      "spec": "SVG Strokes",
      "text": "Changes since SVG 2",
      "url": "https://svgwg.org/specs/strokes/#ChangesSinceSVG2"
    },
    "snapshot": {
      "number": "5",
      "spec": "SVG Strokes",
      "text": "Changes since SVG 2",
      "url": "https://www.w3.org/TR/svg-strokes/#ChangesSinceSVG2"
    }
  },
  "#CurvatureCalculation": {
    "current": {
      "number": "3.1",
      "spec": "SVG Strokes",
      "text": "Computing the circles for the arcs 'stroke-linejoin'",
      "url": "https://svgwg.org/specs/strokes/#CurvatureCalculation"
    },
    "snapshot": {
      "number": "3.1",
      "spec": "SVG Strokes",
      "text": "Computing the circles for the arcs 'stroke-linejoin'",
      "url": "https://www.w3.org/TR/svg-strokes/#CurvatureCalculation"
    }
  },
  "#LineCaps": {
    "current": {
      "number": "2.5",
      "spec": "SVG Strokes",
      "text": "Drawing caps at the ends of strokes: the ‘stroke-linecap’ property",
      "url": "https://svgwg.org/specs/strokes/#LineCaps"
    },
    "snapshot": {
      "number": "2.5",
      "spec": "SVG Strokes",
      "text": "Drawing caps at the ends of strokes: the ‘stroke-linecap’ property",
      "url": "https://www.w3.org/TR/svg-strokes/#LineCaps"
    }
  },
  "#LineJoin": {
    "current": {
      "number": "2.6",
      "spec": "SVG Strokes",
      "text": "Controlling line joins: the ‘stroke-linejoin’ and ‘stroke-miterlimit’ properties",
      "url": "https://svgwg.org/specs/strokes/#LineJoin"
    },
    "snapshot": {
      "number": "2.6",
      "spec": "SVG Strokes",
      "text": "Controlling line joins: the ‘stroke-linejoin’ and ‘stroke-miterlimit’ properties",
      "url": "https://www.w3.org/TR/svg-strokes/#LineJoin"
    }
  },
  "#SpecifyingStrokeAlignment": {
    "current": {
      "number": "2.2",
      "spec": "SVG Strokes",
      "text": "Specifying stroke alignment: the ‘stroke-alignment’ property",
      "url": "https://svgwg.org/specs/strokes/#SpecifyingStrokeAlignment"
    },
    "snapshot": {
      "number": "2.2",
      "spec": "SVG Strokes",
      "text": "Specifying stroke alignment: the ‘stroke-alignment’ property",
      "url": "https://www.w3.org/TR/svg-strokes/#SpecifyingStrokeAlignment"
    }
  },
  "#SpecifyingStrokePaint": {
    "current": {
      "number": "2.1",
      "spec": "SVG Strokes",
      "text": "Specifying stroke paint: the ‘stroke’ property",
      "url": "https://svgwg.org/specs/strokes/#SpecifyingStrokePaint"
    },
    "snapshot": {
      "number": "2.1",
      "spec": "SVG Strokes",
      "text": "Specifying stroke paint: the ‘stroke’ property",
      "url": "https://www.w3.org/TR/svg-strokes/#SpecifyingStrokePaint"
    }
  },
  "#StrokeDashing": {
    "current": {
      "number": "2.7",
      "spec": "SVG Strokes",
      "text": "Dashing strokes: the ‘stroke-dasharray’, ‘stroke-dashoffset’, ‘stroke-dashcorner’ and ‘stroke-dashadjust’ properties",
      "url": "https://svgwg.org/specs/strokes/#StrokeDashing"
    },
    "snapshot": {
      "number": "2.7",
      "spec": "SVG Strokes",
      "text": "Dashing strokes: the ‘stroke-dasharray’, ‘stroke-dashoffset’, ‘stroke-dashcorner’ and ‘stroke-dashadjust’ properties",
      "url": "https://www.w3.org/TR/svg-strokes/#StrokeDashing"
    }
  },
  "#StrokeOpacity": {
    "current": {
      "number": "2.3",
      "spec": "SVG Strokes",
      "text": "Stroke paint opacity: the ‘stroke-opacity’ property",
      "url": "https://svgwg.org/specs/strokes/#StrokeOpacity"
    },
    "snapshot": {
      "number": "2.3",
      "spec": "SVG Strokes",
      "text": "Stroke paint opacity: the ‘stroke-opacity’ property",
      "url": "https://www.w3.org/TR/svg-strokes/#StrokeOpacity"
    }
  },
  "#StrokeProperties": {
    "current": {
      "number": "2",
      "spec": "SVG Strokes",
      "text": "Stroke properties",
      "url": "https://svgwg.org/specs/strokes/#StrokeProperties"
    },
    "snapshot": {
      "number": "2",
      "spec": "SVG Strokes",
      "text": "Stroke properties",
      "url": "https://www.w3.org/TR/svg-strokes/#StrokeProperties"
    }
  },
  "#StrokeShape": {
    "current": {
      "number": "3",
      "spec": "SVG Strokes",
      "text": "Computing the shape of the stroke",
      "url": "https://svgwg.org/specs/strokes/#StrokeShape"
    },
    "snapshot": {
      "number": "3",
      "spec": "SVG Strokes",
      "text": "Computing the shape of the stroke",
      "url": "https://www.w3.org/TR/svg-strokes/#StrokeShape"
    }
  },
  "#StrokeWidth": {
    "current": {
      "number": "2.4",
      "spec": "SVG Strokes",
      "text": "Stroke width: the ‘stroke-width’ property",
      "url": "https://svgwg.org/specs/strokes/#StrokeWidth"
    },
    "snapshot": {
      "number": "2.4",
      "spec": "SVG Strokes",
      "text": "Stroke width: the ‘stroke-width’ property",
      "url": "https://www.w3.org/TR/svg-strokes/#StrokeWidth"
    }
  },
  "#abstract": {
    "current": {
      "number": "",
      "spec": "SVG Strokes",
      "text": "Abstract",
      "url": "https://svgwg.org/specs/strokes/#abstract"
    },
    "snapshot": {
      "number": "",
      "spec": "SVG Strokes",
      "text": "Abstract",
      "url": "https://www.w3.org/TR/svg-strokes/#abstract"
    }
  },
  "#intro": {
    "current": {
      "number": "1",
      "spec": "SVG Strokes",
      "text": "Introduction",
      "url": "https://svgwg.org/specs/strokes/#intro"
    },
    "snapshot": {
      "number": "1",
      "spec": "SVG Strokes",
      "text": "Introduction",
      "url": "https://www.w3.org/TR/svg-strokes/#intro"
    }
  },
  "#normrefs": {
    "current": {
      "number": "4.1",
      "spec": "SVG Strokes",
      "text": "Normative references",
      "url": "https://svgwg.org/specs/strokes/#normrefs"
    },
    "snapshot": {
      "number": "4.1",
      "spec": "SVG Strokes",
      "text": "Normative references",
      "url": "https://www.w3.org/TR/svg-strokes/#normrefs"
    }
  },
  "#pagesubtitle": {
    "current": {
      "number": "",
      "spec": "SVG Strokes",
      "text": "W3C Editor’s Draft 08 March 2023",
      "url": "https://svgwg.org/specs/strokes/#pagesubtitle"
    },
    "snapshot": {
      "number": "",
      "spec": "SVG Strokes",
      "text": "W3C First Public Working Draft 09 April 2015",
      "url": "https://www.w3.org/TR/svg-strokes/#pagesubtitle"
    }
  },
  "#pagetitle": {
    "current": {
      "number": "",
      "spec": "SVG Strokes",
      "text": "SVG Strokes",
      "url": "https://svgwg.org/specs/strokes/#pagetitle"
    },
    "snapshot": {
      "number": "",
      "spec": "SVG Strokes",
      "text": "SVG Strokes",
      "url": "https://www.w3.org/TR/svg-strokes/#pagetitle"
    }
  },
  "#placement": {
    "current": {
      "number": "1.1",
      "spec": "SVG Strokes",
      "text": "Module interactions",
      "url": "https://svgwg.org/specs/strokes/#placement"
    },
    "snapshot": {
      "number": "1.1",
      "spec": "SVG Strokes",
      "text": "Module interactions",
      "url": "https://www.w3.org/TR/svg-strokes/#placement"
    }
  },
  "#refs": {
    "current": {
      "number": "4",
      "spec": "SVG Strokes",
      "text": "References",
      "url": "https://svgwg.org/specs/strokes/#refs"
    },
    "snapshot": {
      "number": "4",
      "spec": "SVG Strokes",
      "text": "References",
      "url": "https://www.w3.org/TR/svg-strokes/#refs"
    }
  },
  "#status": {
    "current": {
      "number": "",
      "spec": "SVG Strokes",
      "text": "Status of This Document",
      "url": "https://svgwg.org/specs/strokes/#status"
    },
    "snapshot": {
      "number": "",
      "spec": "SVG Strokes",
      "text": "Status of This Document",
      "url": "https://www.w3.org/TR/svg-strokes/#status"
    }
  },
  "#toc": {
    "current": {
      "number": "",
      "spec": "SVG Strokes",
      "text": "Table of Contents",
      "url": "https://svgwg.org/specs/strokes/#toc"
    },
    "snapshot": {
      "number": "",
      "spec": "SVG Strokes",
      "text": "Table of Contents",
      "url": "https://www.w3.org/TR/svg-strokes/#toc"
    }
  }
}