{
  "#abstract": {
    "current": {
      "number": "",
      "spec": "Web Preferences API",
      "text": "Abstract",
      "url": "https://wicg.github.io/web-preferences-api/#abstract"
    }
  },
  "#clear-override-method": {
    "current": {
      "number": "3.6.6",
      "spec": "Web Preferences API",
      "text": "clearOverride method",
      "url": "https://wicg.github.io/web-preferences-api/#clear-override-method"
    }
  },
  "#colorscheme-attribute": {
    "current": {
      "number": "3.1",
      "spec": "Web Preferences API",
      "text": "colorScheme attribute",
      "url": "https://wicg.github.io/web-preferences-api/#colorscheme-attribute"
    }
  },
  "#contrast-attribute": {
    "current": {
      "number": "3.2",
      "spec": "Web Preferences API",
      "text": "contrast attribute",
      "url": "https://wicg.github.io/web-preferences-api/#contrast-attribute"
    }
  },
  "#extensions-to-the-navigator-interface": {
    "current": {
      "number": "2",
      "spec": "Web Preferences API",
      "text": "Extensions to the Navigator interface",
      "url": "https://wicg.github.io/web-preferences-api/#extensions-to-the-navigator-interface"
    }
  },
  "#fingerprinting": {
    "current": {
      "number": "5.2",
      "spec": "Web Preferences API",
      "text": "Avoiding fingerprinting",
      "url": "https://wicg.github.io/web-preferences-api/#fingerprinting"
    }
  },
  "#garbage-collection": {
    "current": {
      "number": "3.6.7",
      "spec": "Web Preferences API",
      "text": "Garbage Collection",
      "url": "https://wicg.github.io/web-preferences-api/#garbage-collection"
    }
  },
  "#get-validValues": {
    "current": {
      "number": "4.4",
      "spec": "Web Preferences API",
      "text": "Getting valid values for a preference",
      "url": "https://wicg.github.io/web-preferences-api/#get-validValues"
    }
  },
  "#idl-index": {
    "current": {
      "number": "",
      "spec": "Web Preferences API",
      "text": "IDL Index",
      "url": "https://wicg.github.io/web-preferences-api/#idl-index"
    }
  },
  "#index": {
    "current": {
      "number": "",
      "spec": "Web Preferences API",
      "text": "Index",
      "url": "https://wicg.github.io/web-preferences-api/#index"
    }
  },
  "#index-defined-elsewhere": {
    "current": {
      "number": "",
      "spec": "Web Preferences API",
      "text": "Terms defined by reference",
      "url": "https://wicg.github.io/web-preferences-api/#index-defined-elsewhere"
    }
  },
  "#index-defined-here": {
    "current": {
      "number": "",
      "spec": "Web Preferences API",
      "text": "Terms defined by this specification",
      "url": "https://wicg.github.io/web-preferences-api/#index-defined-here"
    }
  },
  "#issues-index": {
    "current": {
      "number": "",
      "spec": "Web Preferences API",
      "text": "Issues Index",
      "url": "https://wicg.github.io/web-preferences-api/#issues-index"
    }
  },
  "#normative": {
    "current": {
      "number": "",
      "spec": "Web Preferences API",
      "text": "Normative References",
      "url": "https://wicg.github.io/web-preferences-api/#normative"
    }
  },
  "#onchange-attribute": {
    "current": {
      "number": "3.6.4",
      "spec": "Web Preferences API",
      "text": "onchange event handler attribute",
      "url": "https://wicg.github.io/web-preferences-api/#onchange-attribute"
    }
  },
  "#override-attribute": {
    "current": {
      "number": "3.6.1",
      "spec": "Web Preferences API",
      "text": "override attribute",
      "url": "https://wicg.github.io/web-preferences-api/#override-attribute"
    }
  },
  "#permissions": {
    "current": {
      "number": "5.3",
      "spec": "Web Preferences API",
      "text": "Permissions & User Activation",
      "url": "https://wicg.github.io/web-preferences-api/#permissions"
    }
  },
  "#preference-manager": {
    "current": {
      "number": "3",
      "spec": "Web Preferences API",
      "text": "PreferenceManager interface",
      "url": "https://wicg.github.io/web-preferences-api/#preference-manager"
    }
  },
  "#preferenceobject-interface": {
    "current": {
      "number": "3.6",
      "spec": "Web Preferences API",
      "text": "PreferenceObject interface",
      "url": "https://wicg.github.io/web-preferences-api/#preferenceobject-interface"
    }
  },
  "#preferences-attribute": {
    "current": {
      "number": "2.1",
      "spec": "Web Preferences API",
      "text": "preferences attribute",
      "url": "https://wicg.github.io/web-preferences-api/#preferences-attribute"
    }
  },
  "#reduceddata-attribute": {
    "current": {
      "number": "3.5",
      "spec": "Web Preferences API",
      "text": "reducedData attribute",
      "url": "https://wicg.github.io/web-preferences-api/#reduceddata-attribute"
    }
  },
  "#reducedmotion-attribute": {
    "current": {
      "number": "3.3",
      "spec": "Web Preferences API",
      "text": "reducedMotion attribute",
      "url": "https://wicg.github.io/web-preferences-api/#reducedmotion-attribute"
    }
  },
  "#reducedtransparency-attribute": {
    "current": {
      "number": "3.4",
      "spec": "Web Preferences API",
      "text": "reducedTransparency attribute",
      "url": "https://wicg.github.io/web-preferences-api/#reducedtransparency-attribute"
    }
  },
  "#references": {
    "current": {
      "number": "",
      "spec": "Web Preferences API",
      "text": "References",
      "url": "https://wicg.github.io/web-preferences-api/#references"
    }
  },
  "#request-override-method": {
    "current": {
      "number": "3.6.5",
      "spec": "Web Preferences API",
      "text": "requestOverride() method",
      "url": "https://wicg.github.io/web-preferences-api/#request-override-method"
    }
  },
  "#sec-acknowledgements": {
    "current": {
      "number": "6",
      "spec": "Web Preferences API",
      "text": "Acknowledgements",
      "url": "https://wicg.github.io/web-preferences-api/#sec-acknowledgements"
    }
  },
  "#sec-intro": {
    "current": {
      "number": "1",
      "spec": "Web Preferences API",
      "text": "Introduction",
      "url": "https://wicg.github.io/web-preferences-api/#sec-intro"
    }
  },
  "#sec-security": {
    "current": {
      "number": "5",
      "spec": "Web Preferences API",
      "text": "Security and Privacy Considerations",
      "url": "https://wicg.github.io/web-preferences-api/#sec-security"
    }
  },
  "#status": {
    "current": {
      "number": "",
      "spec": "Web Preferences API",
      "text": "Status of this document",
      "url": "https://wicg.github.io/web-preferences-api/#status"
    }
  },
  "#storage": {
    "current": {
      "number": "5.1",
      "spec": "Web Preferences API",
      "text": "Storage of preference overrides",
      "url": "https://wicg.github.io/web-preferences-api/#storage"
    }
  },
  "#sub-resources": {
    "current": {
      "number": "5.4",
      "spec": "Web Preferences API",
      "text": "Sub-resources",
      "url": "https://wicg.github.io/web-preferences-api/#sub-resources"
    }
  },
  "#title": {
    "current": {
      "number": "",
      "spec": "Web Preferences API",
      "text": "Web Preferences API",
      "url": "https://wicg.github.io/web-preferences-api/#title"
    }
  },
  "#toc": {
    "current": {
      "number": "",
      "spec": "Web Preferences API",
      "text": "Table of Contents",
      "url": "https://wicg.github.io/web-preferences-api/#toc"
    }
  },
  "#usage-clearing-a-preference-override": {
    "current": {
      "number": "4.2",
      "spec": "Web Preferences API",
      "text": "Clearing a preference override",
      "url": "https://wicg.github.io/web-preferences-api/#usage-clearing-a-preference-override"
    }
  },
  "#usage-examples": {
    "current": {
      "number": "4",
      "spec": "Web Preferences API",
      "text": "Usage Examples",
      "url": "https://wicg.github.io/web-preferences-api/#usage-examples"
    }
  },
  "#usage-getting-a-preference-override": {
    "current": {
      "number": "4.3",
      "spec": "Web Preferences API",
      "text": "Getting a preference override",
      "url": "https://wicg.github.io/web-preferences-api/#usage-getting-a-preference-override"
    }
  },
  "#usage-request-a-preference-override": {
    "current": {
      "number": "4.1",
      "spec": "Web Preferences API",
      "text": "Requesting a preference override",
      "url": "https://wicg.github.io/web-preferences-api/#usage-request-a-preference-override"
    }
  },
  "#validValues-attribute": {
    "current": {
      "number": "3.6.3",
      "spec": "Web Preferences API",
      "text": "validValues attribute",
      "url": "https://wicg.github.io/web-preferences-api/#validValues-attribute"
    }
  },
  "#value-attribute": {
    "current": {
      "number": "3.6.2",
      "spec": "Web Preferences API",
      "text": "value attribute",
      "url": "https://wicg.github.io/web-preferences-api/#value-attribute"
    }
  },
  "#w3c-conformance": {
    "current": {
      "number": "",
      "spec": "Web Preferences API",
      "text": "Conformance",
      "url": "https://wicg.github.io/web-preferences-api/#w3c-conformance"
    }
  },
  "#w3c-conventions": {
    "current": {
      "number": "",
      "spec": "Web Preferences API",
      "text": "Document conventions",
      "url": "https://wicg.github.io/web-preferences-api/#w3c-conventions"
    }
  }
}