{
  "#abstract": {
    "current": {
      "number": "",
      "spec": "Linear PCM WebCodecs Registration",
      "text": "Abstract",
      "url": "https://w3c.github.io/webcodecs/pcm_codec_registration.html#abstract"
    },
    "snapshot": {
      "number": "",
      "spec": "Linear PCM WebCodecs Registration",
      "text": "Abstract",
      "url": "https://www.w3.org/TR/webcodecs-pcm-codec-registration/#abstract"
    }
  },
  "#audiodecoderconfig-description": {
    "current": {
      "number": "3",
      "spec": "Linear PCM WebCodecs Registration",
      "text": "AudioDecoderConfig description",
      "url": "https://w3c.github.io/webcodecs/pcm_codec_registration.html#audiodecoderconfig-description"
    },
    "snapshot": {
      "number": "3",
      "spec": "Linear PCM WebCodecs Registration",
      "text": "AudioDecoderConfig description",
      "url": "https://www.w3.org/TR/webcodecs-pcm-codec-registration/#audiodecoderconfig-description"
    }
  },
  "#encodedaudiochunk-data": {
    "current": {
      "number": "2",
      "spec": "Linear PCM WebCodecs Registration",
      "text": "EncodedAudioChunk data",
      "url": "https://w3c.github.io/webcodecs/pcm_codec_registration.html#encodedaudiochunk-data"
    },
    "snapshot": {
      "number": "2",
      "spec": "Linear PCM WebCodecs Registration",
      "text": "EncodedAudioChunk data",
      "url": "https://www.w3.org/TR/webcodecs-pcm-codec-registration/#encodedaudiochunk-data"
    }
  },
  "#encodedaudiochunk-type": {
    "current": {
      "number": "4",
      "spec": "Linear PCM WebCodecs Registration",
      "text": "EncodedAudioChunk type",
      "url": "https://w3c.github.io/webcodecs/pcm_codec_registration.html#encodedaudiochunk-type"
    },
    "snapshot": {
      "number": "4",
      "spec": "Linear PCM WebCodecs Registration",
      "text": "EncodedAudioChunk type",
      "url": "https://www.w3.org/TR/webcodecs-pcm-codec-registration/#encodedaudiochunk-type"
    }
  },
  "#fully-qualified-codec-strings": {
    "current": {
      "number": "1",
      "spec": "Linear PCM WebCodecs Registration",
      "text": "Fully qualified codec strings",
      "url": "https://w3c.github.io/webcodecs/pcm_codec_registration.html#fully-qualified-codec-strings"
    },
    "snapshot": {
      "number": "1",
      "spec": "Linear PCM WebCodecs Registration",
      "text": "Fully qualified codec strings",
      "url": "https://www.w3.org/TR/webcodecs-pcm-codec-registration/#fully-qualified-codec-strings"
    }
  },
  "#index": {
    "current": {
      "number": "",
      "spec": "Linear PCM WebCodecs Registration",
      "text": "Index",
      "url": "https://w3c.github.io/webcodecs/pcm_codec_registration.html#index"
    },
    "snapshot": {
      "number": "",
      "spec": "Linear PCM WebCodecs Registration",
      "text": "Index",
      "url": "https://www.w3.org/TR/webcodecs-pcm-codec-registration/#index"
    }
  },
  "#index-defined-elsewhere": {
    "current": {
      "number": "",
      "spec": "Linear PCM WebCodecs Registration",
      "text": "Terms defined by reference",
      "url": "https://w3c.github.io/webcodecs/pcm_codec_registration.html#index-defined-elsewhere"
    },
    "snapshot": {
      "number": "",
      "spec": "Linear PCM WebCodecs Registration",
      "text": "Terms defined by reference",
      "url": "https://www.w3.org/TR/webcodecs-pcm-codec-registration/#index-defined-elsewhere"
    }
  },
  "#informative": {
    "current": {
      "number": "",
      "spec": "Linear PCM WebCodecs Registration",
      "text": "Informative References",
      "url": "https://w3c.github.io/webcodecs/pcm_codec_registration.html#informative"
    },
    "snapshot": {
      "number": "",
      "spec": "Linear PCM WebCodecs Registration",
      "text": "Informative References",
      "url": "https://www.w3.org/TR/webcodecs-pcm-codec-registration/#informative"
    }
  },
  "#normative": {
    "current": {
      "number": "",
      "spec": "Linear PCM WebCodecs Registration",
      "text": "Normative References",
      "url": "https://w3c.github.io/webcodecs/pcm_codec_registration.html#normative"
    },
    "snapshot": {
      "number": "",
      "spec": "Linear PCM WebCodecs Registration",
      "text": "Normative References",
      "url": "https://www.w3.org/TR/webcodecs-pcm-codec-registration/#normative"
    }
  },
  "#privacy-considerations": {
    "current": {
      "number": "5",
      "spec": "Linear PCM WebCodecs Registration",
      "text": "Privacy Considerations",
      "url": "https://w3c.github.io/webcodecs/pcm_codec_registration.html#privacy-considerations"
    },
    "snapshot": {
      "number": "5",
      "spec": "Linear PCM WebCodecs Registration",
      "text": "Privacy Considerations",
      "url": "https://www.w3.org/TR/webcodecs-pcm-codec-registration/#privacy-considerations"
    }
  },
  "#references": {
    "current": {
      "number": "",
      "spec": "Linear PCM WebCodecs Registration",
      "text": "References",
      "url": "https://w3c.github.io/webcodecs/pcm_codec_registration.html#references"
    },
    "snapshot": {
      "number": "",
      "spec": "Linear PCM WebCodecs Registration",
      "text": "References",
      "url": "https://www.w3.org/TR/webcodecs-pcm-codec-registration/#references"
    }
  },
  "#security-considerations": {
    "current": {
      "number": "6",
      "spec": "Linear PCM WebCodecs Registration",
      "text": "Security Considerations",
      "url": "https://w3c.github.io/webcodecs/pcm_codec_registration.html#security-considerations"
    },
    "snapshot": {
      "number": "6",
      "spec": "Linear PCM WebCodecs Registration",
      "text": "Security Considerations",
      "url": "https://www.w3.org/TR/webcodecs-pcm-codec-registration/#security-considerations"
    }
  },
  "#sotd": {
    "current": {
      "number": "",
      "spec": "Linear PCM WebCodecs Registration",
      "text": "Status of this document",
      "url": "https://w3c.github.io/webcodecs/pcm_codec_registration.html#sotd"
    },
    "snapshot": {
      "number": "",
      "spec": "Linear PCM WebCodecs Registration",
      "text": "Status of this document",
      "url": "https://www.w3.org/TR/webcodecs-pcm-codec-registration/#sotd"
    }
  },
  "#title": {
    "current": {
      "number": "",
      "spec": "Linear PCM WebCodecs Registration",
      "text": "Linear PCM WebCodecs Registration",
      "url": "https://w3c.github.io/webcodecs/pcm_codec_registration.html#title"
    },
    "snapshot": {
      "number": "",
      "spec": "Linear PCM WebCodecs Registration",
      "text": "Linear PCM WebCodecs Registration",
      "url": "https://www.w3.org/TR/webcodecs-pcm-codec-registration/#title"
    }
  },
  "#toc": {
    "current": {
      "number": "",
      "spec": "Linear PCM WebCodecs Registration",
      "text": "Table of Contents",
      "url": "https://w3c.github.io/webcodecs/pcm_codec_registration.html#toc"
    },
    "snapshot": {
      "number": "",
      "spec": "Linear PCM WebCodecs Registration",
      "text": "Table of Contents",
      "url": "https://www.w3.org/TR/webcodecs-pcm-codec-registration/#toc"
    }
  },
  "#w3c-conformance": {
    "current": {
      "number": "",
      "spec": "Linear PCM WebCodecs Registration",
      "text": "Conformance",
      "url": "https://w3c.github.io/webcodecs/pcm_codec_registration.html#w3c-conformance"
    },
    "snapshot": {
      "number": "",
      "spec": "Linear PCM WebCodecs Registration",
      "text": "Conformance",
      "url": "https://www.w3.org/TR/webcodecs-pcm-codec-registration/#w3c-conformance"
    }
  },
  "#w3c-conventions": {
    "current": {
      "number": "",
      "spec": "Linear PCM WebCodecs Registration",
      "text": "Document conventions",
      "url": "https://w3c.github.io/webcodecs/pcm_codec_registration.html#w3c-conventions"
    },
    "snapshot": {
      "number": "",
      "spec": "Linear PCM WebCodecs Registration",
      "text": "Document conventions",
      "url": "https://www.w3.org/TR/webcodecs-pcm-codec-registration/#w3c-conventions"
    }
  }
}