{
  "#BNodes": {
    "current": {
      "number": "2.4",
      "spec": "RDF 1.1 N-Quads",
      "text": "RDF Blank Nodes",
      "url": "https://www.w3.org/TR/n-quads/#BNodes"
    },
    "snapshot": {
      "number": "2.4",
      "spec": "RDF 1.1 N-Quads",
      "text": "RDF Blank Nodes",
      "url": "https://www.w3.org/TR/n-quads/#BNodes"
    }
  },
  "#abstract": {
    "current": {
      "number": "",
      "spec": "RDF 1.1 N-Quads",
      "text": "Abstract",
      "url": "https://www.w3.org/TR/n-quads/#abstract"
    },
    "snapshot": {
      "number": "",
      "spec": "RDF 1.1 N-Quads",
      "text": "Abstract",
      "url": "https://www.w3.org/TR/n-quads/#abstract"
    }
  },
  "#changes-between-candidate-recommendation-and-proposed-recommendation": {
    "current": {
      "number": "A.2",
      "spec": "RDF 1.1 N-Quads",
      "text": "Changes between Candidate Recommendation and Proposed Recommendation",
      "url": "https://www.w3.org/TR/n-quads/#changes-between-candidate-recommendation-and-proposed-recommendation"
    },
    "snapshot": {
      "number": "A.2",
      "spec": "RDF 1.1 N-Quads",
      "text": "Changes between Candidate Recommendation and Proposed Recommendation",
      "url": "https://www.w3.org/TR/n-quads/#changes-between-candidate-recommendation-and-proposed-recommendation"
    }
  },
  "#changes-between-last-call-working-draft-and-candidate-recommendation": {
    "current": {
      "number": "A.3",
      "spec": "RDF 1.1 N-Quads",
      "text": "Changes between Last Call Working Draft and Candidate Recommendation",
      "url": "https://www.w3.org/TR/n-quads/#changes-between-last-call-working-draft-and-candidate-recommendation"
    },
    "snapshot": {
      "number": "A.3",
      "spec": "RDF 1.1 N-Quads",
      "text": "Changes between Last Call Working Draft and Candidate Recommendation",
      "url": "https://www.w3.org/TR/n-quads/#changes-between-last-call-working-draft-and-candidate-recommendation"
    }
  },
  "#changes-between-proposed-recommendation-and-recommendation": {
    "current": {
      "number": "A.1",
      "spec": "RDF 1.1 N-Quads",
      "text": "Changes between Proposed Recommendation and Recommendation",
      "url": "https://www.w3.org/TR/n-quads/#changes-between-proposed-recommendation-and-recommendation"
    },
    "snapshot": {
      "number": "A.1",
      "spec": "RDF 1.1 N-Quads",
      "text": "Changes between Proposed Recommendation and Recommendation",
      "url": "https://www.w3.org/TR/n-quads/#changes-between-proposed-recommendation-and-recommendation"
    }
  },
  "#changes-between-publication-as-note-and-last-call-working-draft": {
    "current": {
      "number": "A.4",
      "spec": "RDF 1.1 N-Quads",
      "text": "Changes between publication as Note and Last Call Working Draft",
      "url": "https://www.w3.org/TR/n-quads/#changes-between-publication-as-note-and-last-call-working-draft"
    },
    "snapshot": {
      "number": "A.4",
      "spec": "RDF 1.1 N-Quads",
      "text": "Changes between publication as Note and Last Call Working Draft",
      "url": "https://www.w3.org/TR/n-quads/#changes-between-publication-as-note-and-last-call-working-draft"
    }
  },
  "#conformance": {
    "current": {
      "number": "3",
      "spec": "RDF 1.1 N-Quads",
      "text": "Conformance",
      "url": "https://www.w3.org/TR/n-quads/#conformance"
    },
    "snapshot": {
      "number": "3",
      "spec": "RDF 1.1 N-Quads",
      "text": "Conformance",
      "url": "https://www.w3.org/TR/n-quads/#conformance"
    }
  },
  "#informative-references": {
    "current": {
      "number": "C.2",
      "spec": "RDF 1.1 N-Quads",
      "text": "Informative references",
      "url": "https://www.w3.org/TR/n-quads/#informative-references"
    },
    "snapshot": {
      "number": "C.2",
      "spec": "RDF 1.1 N-Quads",
      "text": "Informative references",
      "url": "https://www.w3.org/TR/n-quads/#informative-references"
    }
  },
  "#n-quads-language": {
    "current": {
      "number": "2",
      "spec": "RDF 1.1 N-Quads",
      "text": "N-Quads Language",
      "url": "https://www.w3.org/TR/n-quads/#n-quads-language"
    },
    "snapshot": {
      "number": "2",
      "spec": "RDF 1.1 N-Quads",
      "text": "N-Quads Language",
      "url": "https://www.w3.org/TR/n-quads/#n-quads-language"
    }
  },
  "#normative-references": {
    "current": {
      "number": "C.1",
      "spec": "RDF 1.1 N-Quads",
      "text": "Normative references",
      "url": "https://www.w3.org/TR/n-quads/#normative-references"
    },
    "snapshot": {
      "number": "C.1",
      "spec": "RDF 1.1 N-Quads",
      "text": "Normative references",
      "url": "https://www.w3.org/TR/n-quads/#normative-references"
    }
  },
  "#rdf-dataset-construction": {
    "current": {
      "number": "5.2",
      "spec": "RDF 1.1 N-Quads",
      "text": "RDF Dataset Construction",
      "url": "https://www.w3.org/TR/n-quads/#rdf-dataset-construction"
    },
    "snapshot": {
      "number": "5.2",
      "spec": "RDF 1.1 N-Quads",
      "text": "RDF Dataset Construction",
      "url": "https://www.w3.org/TR/n-quads/#rdf-dataset-construction"
    }
  },
  "#references": {
    "current": {
      "number": "C",
      "spec": "RDF 1.1 N-Quads",
      "text": "References",
      "url": "https://www.w3.org/TR/n-quads/#references"
    },
    "snapshot": {
      "number": "C",
      "spec": "RDF 1.1 N-Quads",
      "text": "References",
      "url": "https://www.w3.org/TR/n-quads/#references"
    }
  },
  "#respecDocument": {
    "current": {
      "number": "",
      "spec": "RDF 1.1 N-Quads",
      "text": "RDF 1.1 N-Quads",
      "url": "https://www.w3.org/TR/n-quads/#respecDocument"
    },
    "snapshot": {
      "number": "",
      "spec": "RDF 1.1 N-Quads",
      "text": "RDF 1.1 N-Quads",
      "url": "https://www.w3.org/TR/n-quads/#respecDocument"
    }
  },
  "#sec-changes": {
    "current": {
      "number": "A",
      "spec": "RDF 1.1 N-Quads",
      "text": "Change Log",
      "url": "https://www.w3.org/TR/n-quads/#sec-changes"
    },
    "snapshot": {
      "number": "A",
      "spec": "RDF 1.1 N-Quads",
      "text": "Change Log",
      "url": "https://www.w3.org/TR/n-quads/#sec-changes"
    }
  },
  "#sec-grammar": {
    "current": {
      "number": "4",
      "spec": "RDF 1.1 N-Quads",
      "text": "Grammar",
      "url": "https://www.w3.org/TR/n-quads/#sec-grammar"
    },
    "snapshot": {
      "number": "4",
      "spec": "RDF 1.1 N-Quads",
      "text": "Grammar",
      "url": "https://www.w3.org/TR/n-quads/#sec-grammar"
    }
  },
  "#sec-intro": {
    "current": {
      "number": "1",
      "spec": "RDF 1.1 N-Quads",
      "text": "Introduction",
      "url": "https://www.w3.org/TR/n-quads/#sec-intro"
    },
    "snapshot": {
      "number": "1",
      "spec": "RDF 1.1 N-Quads",
      "text": "Introduction",
      "url": "https://www.w3.org/TR/n-quads/#sec-intro"
    }
  },
  "#sec-iri": {
    "current": {
      "number": "2.2",
      "spec": "RDF 1.1 N-Quads",
      "text": "IRIs",
      "url": "https://www.w3.org/TR/n-quads/#sec-iri"
    },
    "snapshot": {
      "number": "2.2",
      "spec": "RDF 1.1 N-Quads",
      "text": "IRIs",
      "url": "https://www.w3.org/TR/n-quads/#sec-iri"
    }
  },
  "#sec-literals": {
    "current": {
      "number": "2.3",
      "spec": "RDF 1.1 N-Quads",
      "text": "RDF Literals",
      "url": "https://www.w3.org/TR/n-quads/#sec-literals"
    },
    "snapshot": {
      "number": "2.3",
      "spec": "RDF 1.1 N-Quads",
      "text": "RDF Literals",
      "url": "https://www.w3.org/TR/n-quads/#sec-literals"
    }
  },
  "#sec-mediaReg": {
    "current": {
      "number": "B",
      "spec": "RDF 1.1 N-Quads",
      "text": "N-Quads Internet Media Type, File Extension and Macintosh File Type",
      "url": "https://www.w3.org/TR/n-quads/#sec-mediaReg"
    },
    "snapshot": {
      "number": "B",
      "spec": "RDF 1.1 N-Quads",
      "text": "N-Quads Internet Media Type, File Extension and Macintosh File Type",
      "url": "https://www.w3.org/TR/n-quads/#sec-mediaReg"
    }
  },
  "#sec-mediatype": {
    "current": {
      "number": "3.1",
      "spec": "RDF 1.1 N-Quads",
      "text": "Media Type and Content Encoding",
      "url": "https://www.w3.org/TR/n-quads/#sec-mediatype"
    },
    "snapshot": {
      "number": "3.1",
      "spec": "RDF 1.1 N-Quads",
      "text": "Media Type and Content Encoding",
      "url": "https://www.w3.org/TR/n-quads/#sec-mediatype"
    }
  },
  "#sec-other-media-types": {
    "current": {
      "number": "3.1.1",
      "spec": "RDF 1.1 N-Quads",
      "text": "Other Media Types",
      "url": "https://www.w3.org/TR/n-quads/#sec-other-media-types"
    },
    "snapshot": {
      "number": "3.1.1",
      "spec": "RDF 1.1 N-Quads",
      "text": "Other Media Types",
      "url": "https://www.w3.org/TR/n-quads/#sec-other-media-types"
    }
  },
  "#sec-parsing": {
    "current": {
      "number": "5",
      "spec": "RDF 1.1 N-Quads",
      "text": "Parsing",
      "url": "https://www.w3.org/TR/n-quads/#sec-parsing"
    },
    "snapshot": {
      "number": "5",
      "spec": "RDF 1.1 N-Quads",
      "text": "Parsing",
      "url": "https://www.w3.org/TR/n-quads/#sec-parsing"
    }
  },
  "#sec-parsing-terms": {
    "current": {
      "number": "5.1",
      "spec": "RDF 1.1 N-Quads",
      "text": "RDF Term Constructors",
      "url": "https://www.w3.org/TR/n-quads/#sec-parsing-terms"
    },
    "snapshot": {
      "number": "5.1",
      "spec": "RDF 1.1 N-Quads",
      "text": "RDF Term Constructors",
      "url": "https://www.w3.org/TR/n-quads/#sec-parsing-terms"
    }
  },
  "#section-ack": {
    "current": {
      "number": "6",
      "spec": "RDF 1.1 N-Quads",
      "text": "Acknowledgements",
      "url": "https://www.w3.org/TR/n-quads/#section-ack"
    },
    "snapshot": {
      "number": "6",
      "spec": "RDF 1.1 N-Quads",
      "text": "Acknowledgements",
      "url": "https://www.w3.org/TR/n-quads/#section-ack"
    }
  },
  "#simple-triples": {
    "current": {
      "number": "2.1",
      "spec": "RDF 1.1 N-Quads",
      "text": "Simple Statements",
      "url": "https://www.w3.org/TR/n-quads/#simple-triples"
    },
    "snapshot": {
      "number": "2.1",
      "spec": "RDF 1.1 N-Quads",
      "text": "Simple Statements",
      "url": "https://www.w3.org/TR/n-quads/#simple-triples"
    }
  },
  "#sotd": {
    "current": {
      "number": "",
      "spec": "RDF 1.1 N-Quads",
      "text": "Status of This Document",
      "url": "https://www.w3.org/TR/n-quads/#sotd"
    },
    "snapshot": {
      "number": "",
      "spec": "RDF 1.1 N-Quads",
      "text": "Status of This Document",
      "url": "https://www.w3.org/TR/n-quads/#sotd"
    }
  },
  "#subtitle": {
    "current": {
      "number": "",
      "spec": "RDF 1.1 N-Quads",
      "text": "A line-based syntax for RDF datasets",
      "url": "https://www.w3.org/TR/n-quads/#subtitle"
    },
    "snapshot": {
      "number": "",
      "spec": "RDF 1.1 N-Quads",
      "text": "A line-based syntax for RDF datasets",
      "url": "https://www.w3.org/TR/n-quads/#subtitle"
    }
  },
  "#terminals": {
    "current": {
      "number": "",
      "spec": "RDF 1.1 N-Quads",
      "text": "Productions for terminals",
      "url": "https://www.w3.org/TR/n-quads/#terminals"
    },
    "snapshot": {
      "number": "",
      "spec": "RDF 1.1 N-Quads",
      "text": "Productions for terminals",
      "url": "https://www.w3.org/TR/n-quads/#terminals"
    }
  },
  "#toc": {
    "current": {
      "number": "",
      "spec": "RDF 1.1 N-Quads",
      "text": "Table of Contents",
      "url": "https://www.w3.org/TR/n-quads/#toc"
    },
    "snapshot": {
      "number": "",
      "spec": "RDF 1.1 N-Quads",
      "text": "Table of Contents",
      "url": "https://www.w3.org/TR/n-quads/#toc"
    }
  },
  "#w3c-recommendation-25-february-2014": {
    "current": {
      "number": "",
      "spec": "RDF 1.1 N-Quads",
      "text": "W3C Recommendation 25 February 2014",
      "url": "https://www.w3.org/TR/n-quads/#w3c-recommendation-25-february-2014"
    },
    "snapshot": {
      "number": "",
      "spec": "RDF 1.1 N-Quads",
      "text": "W3C Recommendation 25 February 2014",
      "url": "https://www.w3.org/TR/n-quads/#w3c-recommendation-25-february-2014"
    }
  }
}