{
  "#acknowledgements": {
    "current": {
      "number": "A",
      "spec": "Media Capture from DOM Elements",
      "text": "Acknowledgements",
      "url": "https://w3c.github.io/mediacapture-fromelement/#acknowledgements"
    },
    "snapshot": {
      "number": "A",
      "spec": "Media Capture from DOM Elements",
      "text": "Acknowledgements",
      "url": "https://www.w3.org/TR/mediacapture-fromelement/#acknowledgements"
    }
  },
  "#attributes": {
    "current": {
      "number": "",
      "spec": "Media Capture from DOM Elements",
      "text": "Attributes",
      "url": "https://w3c.github.io/mediacapture-fromelement/#attributes"
    },
    "snapshot": {
      "number": "",
      "spec": "Media Capture from DOM Elements",
      "text": "Attributes",
      "url": "https://www.w3.org/TR/mediacapture-fromelement/#attributes"
    }
  },
  "#change-log": {
    "current": {
      "number": "6",
      "spec": "Media Capture from DOM Elements",
      "text": "Change Log",
      "url": "https://w3c.github.io/mediacapture-fromelement/#change-log"
    },
    "snapshot": {
      "number": "6",
      "spec": "Media Capture from DOM Elements",
      "text": "Change Log",
      "url": "https://www.w3.org/TR/mediacapture-fromelement/#change-log"
    }
  },
  "#changes-since-2015-tbd-tbd": {
    "current": {
      "number": "6.1",
      "spec": "Media Capture from DOM Elements",
      "text": "Changes since 2015-tbd-tbd",
      "url": "https://w3c.github.io/mediacapture-fromelement/#changes-since-2015-tbd-tbd"
    },
    "snapshot": {
      "number": "6.1",
      "spec": "Media Capture from DOM Elements",
      "text": "Changes since 2015-tbd-tbd",
      "url": "https://www.w3.org/TR/mediacapture-fromelement/#changes-since-2015-tbd-tbd"
    }
  },
  "#conformance": {
    "current": {
      "number": "2",
      "spec": "Media Capture from DOM Elements",
      "text": "Conformance",
      "url": "https://w3c.github.io/mediacapture-fromelement/#conformance"
    },
    "snapshot": {
      "number": "2",
      "spec": "Media Capture from DOM Elements",
      "text": "Conformance",
      "url": "https://www.w3.org/TR/mediacapture-fromelement/#conformance"
    }
  },
  "#html-canvas-element-media-capture-extensions": {
    "current": {
      "number": "4",
      "spec": "Media Capture from DOM Elements",
      "text": "HTML Canvas Element Media Capture Extensions",
      "url": "https://w3c.github.io/mediacapture-fromelement/#html-canvas-element-media-capture-extensions"
    },
    "snapshot": {
      "number": "4",
      "spec": "Media Capture from DOM Elements",
      "text": "HTML Canvas Element Media Capture Extensions",
      "url": "https://www.w3.org/TR/mediacapture-fromelement/#html-canvas-element-media-capture-extensions"
    }
  },
  "#html-media-element-media-capture-extensions": {
    "current": {
      "number": "3",
      "spec": "Media Capture from DOM Elements",
      "text": "HTML Media Element Media Capture Extensions",
      "url": "https://w3c.github.io/mediacapture-fromelement/#html-media-element-media-capture-extensions"
    },
    "snapshot": {
      "number": "3",
      "spec": "Media Capture from DOM Elements",
      "text": "HTML Media Element Media Capture Extensions",
      "url": "https://www.w3.org/TR/mediacapture-fromelement/#html-media-element-media-capture-extensions"
    }
  },
  "#informative-references": {
    "current": {
      "number": "B.2",
      "spec": "Media Capture from DOM Elements",
      "text": "Informative references",
      "url": "https://w3c.github.io/mediacapture-fromelement/#informative-references"
    },
    "snapshot": {
      "number": "B.2",
      "spec": "Media Capture from DOM Elements",
      "text": "Informative references",
      "url": "https://www.w3.org/TR/mediacapture-fromelement/#informative-references"
    }
  },
  "#intro": {
    "current": {
      "number": "1",
      "spec": "Media Capture from DOM Elements",
      "text": "Introduction",
      "url": "https://w3c.github.io/mediacapture-fromelement/#intro"
    },
    "snapshot": {
      "number": "1",
      "spec": "Media Capture from DOM Elements",
      "text": "Introduction",
      "url": "https://www.w3.org/TR/mediacapture-fromelement/#intro"
    }
  },
  "#methods": {
    "current": {
      "number": "",
      "spec": "Media Capture from DOM Elements",
      "text": "Methods",
      "url": "https://w3c.github.io/mediacapture-fromelement/#methods"
    },
    "snapshot": {
      "number": "",
      "spec": "Media Capture from DOM Elements",
      "text": "Methods",
      "url": "https://www.w3.org/TR/mediacapture-fromelement/#methods"
    }
  },
  "#methods-0": {
    "current": {
      "number": "",
      "spec": "Media Capture from DOM Elements",
      "text": "Methods",
      "url": "https://w3c.github.io/mediacapture-fromelement/#methods-0"
    },
    "snapshot": {
      "number": "",
      "spec": "Media Capture from DOM Elements",
      "text": "Methods",
      "url": "https://www.w3.org/TR/mediacapture-fromelement/#methods-0"
    }
  },
  "#methods-1": {
    "current": {
      "number": "",
      "spec": "Media Capture from DOM Elements",
      "text": "Methods",
      "url": "https://w3c.github.io/mediacapture-fromelement/#methods-1"
    },
    "snapshot": {
      "number": "",
      "spec": "Media Capture from DOM Elements",
      "text": "Methods",
      "url": "https://www.w3.org/TR/mediacapture-fromelement/#methods-1"
    }
  },
  "#normative-references": {
    "current": {
      "number": "B.1",
      "spec": "Media Capture from DOM Elements",
      "text": "Normative references",
      "url": "https://w3c.github.io/mediacapture-fromelement/#normative-references"
    },
    "snapshot": {
      "number": "B.1",
      "spec": "Media Capture from DOM Elements",
      "text": "Normative references",
      "url": "https://www.w3.org/TR/mediacapture-fromelement/#normative-references"
    }
  },
  "#references": {
    "current": {
      "number": "B",
      "spec": "Media Capture from DOM Elements",
      "text": "References",
      "url": "https://w3c.github.io/mediacapture-fromelement/#references"
    },
    "snapshot": {
      "number": "B",
      "spec": "Media Capture from DOM Elements",
      "text": "References",
      "url": "https://www.w3.org/TR/mediacapture-fromelement/#references"
    }
  },
  "#security-considerations": {
    "current": {
      "number": "5",
      "spec": "Media Capture from DOM Elements",
      "text": "Security Considerations",
      "url": "https://w3c.github.io/mediacapture-fromelement/#security-considerations"
    },
    "snapshot": {
      "number": "5",
      "spec": "Media Capture from DOM Elements",
      "text": "Security Considerations",
      "url": "https://www.w3.org/TR/mediacapture-fromelement/#security-considerations"
    }
  },
  "#the-canvascapturemediastreamtrack": {
    "current": {
      "number": "4.1",
      "spec": "Media Capture from DOM Elements",
      "text": "The CanvasCaptureMediaStreamTrack",
      "url": "https://w3c.github.io/mediacapture-fromelement/#the-canvascapturemediastreamtrack"
    },
    "snapshot": {
      "number": "4.1",
      "spec": "Media Capture from DOM Elements",
      "text": "The CanvasCaptureMediaStreamTrack",
      "url": "https://www.w3.org/TR/mediacapture-fromelement/#the-canvascapturemediastreamtrack"
    }
  },
  "#title": {
    "current": {
      "number": "",
      "spec": "Media Capture from DOM Elements",
      "text": "Media Capture from DOM Elements",
      "url": "https://w3c.github.io/mediacapture-fromelement/#title"
    },
    "snapshot": {
      "number": "",
      "spec": "Media Capture from DOM Elements",
      "text": "Media Capture from DOM Elements",
      "url": "https://www.w3.org/TR/mediacapture-fromelement/#title"
    }
  },
  "#toc": {
    "current": {
      "number": "",
      "spec": "Media Capture from DOM Elements",
      "text": "Table of Contents",
      "url": "https://w3c.github.io/mediacapture-fromelement/#toc"
    },
    "snapshot": {
      "number": "",
      "spec": "Media Capture from DOM Elements",
      "text": "Table of Contents",
      "url": "https://www.w3.org/TR/mediacapture-fromelement/#toc"
    }
  }
}