{
  "#abstract": {
    "snapshot": {
      "number": "",
      "spec": "SVG Accessibility API Mappings",
      "text": "Abstract",
      "url": "https://www.w3.org/TR/svg-aam-1.0/#abstract"
    }
  },
  "#ack_funders": {
    "current": {
      "number": "A.1.2",
      "spec": "SVG Accessibility API Mappings",
      "text": "Enabling funders",
      "url": "https://w3c.github.io/svg-aam/#ack_funders"
    },
    "snapshot": {
      "number": "A.1.2",
      "spec": "SVG Accessibility API Mappings",
      "text": "Enabling funders §",
      "url": "https://www.w3.org/TR/svg-aam-1.0/#ack_funders"
    }
  },
  "#ack_group": {
    "current": {
      "number": "A.1.1",
      "spec": "SVG Accessibility API Mappings",
      "text": "Past participants in the SVG Accessibility Task Force",
      "url": "https://w3c.github.io/svg-aam/#ack_group"
    },
    "snapshot": {
      "number": "A.1.1",
      "spec": "SVG Accessibility API Mappings",
      "text": "Past participants in the SVG Accessibility Task Force §",
      "url": "https://www.w3.org/TR/svg-aam-1.0/#ack_group"
    }
  },
  "#acknowledgements": {
    "current": {
      "number": "A.1",
      "spec": "SVG Accessibility API Mappings",
      "text": "Acknowledgments",
      "url": "https://w3c.github.io/svg-aam/#acknowledgements"
    },
    "snapshot": {
      "number": "A.1",
      "spec": "SVG Accessibility API Mappings",
      "text": "Acknowledgments §",
      "url": "https://www.w3.org/TR/svg-aam-1.0/#acknowledgements"
    }
  },
  "#appendices": {
    "current": {
      "number": "A",
      "spec": "SVG Accessibility API Mappings",
      "text": "Appendices",
      "url": "https://w3c.github.io/svg-aam/#appendices"
    },
    "snapshot": {
      "number": "A",
      "spec": "SVG Accessibility API Mappings",
      "text": "Appendices §",
      "url": "https://www.w3.org/TR/svg-aam-1.0/#appendices"
    }
  },
  "#document-handling": {
    "current": {
      "number": "",
      "spec": "SVG Accessibility API Mappings",
      "text": "11. Special Document Handling Procedures",
      "url": "https://w3c.github.io/svg-aam/#document-handling"
    },
    "snapshot": {
      "number": "",
      "spec": "SVG Accessibility API Mappings",
      "text": "11. Special Document Handling Procedures §",
      "url": "https://www.w3.org/TR/svg-aam-1.0/#document-handling"
    }
  },
  "#exclude_elements": {
    "current": {
      "number": "5.1.1",
      "spec": "SVG Accessibility API Mappings",
      "text": "Excluding Elements from the Accessibility Tree",
      "url": "https://w3c.github.io/svg-aam/#exclude_elements"
    },
    "snapshot": {
      "number": "5.1.1",
      "spec": "SVG Accessibility API Mappings",
      "text": "Excluding Elements from the Accessibility Tree §",
      "url": "https://www.w3.org/TR/svg-aam-1.0/#exclude_elements"
    }
  },
  "#glossary": {
    "current": {
      "number": "3",
      "spec": "SVG Accessibility API Mappings",
      "text": "Important Terms",
      "url": "https://w3c.github.io/svg-aam/#glossary"
    },
    "snapshot": {
      "number": "3",
      "spec": "SVG Accessibility API Mappings",
      "text": "Important Terms §",
      "url": "https://www.w3.org/TR/svg-aam-1.0/#glossary"
    }
  },
  "#include_elements": {
    "current": {
      "number": "5.1.2",
      "spec": "SVG Accessibility API Mappings",
      "text": "Including Elements in the Accessibility Tree",
      "url": "https://w3c.github.io/svg-aam/#include_elements"
    },
    "snapshot": {
      "number": "5.1.2",
      "spec": "SVG Accessibility API Mappings",
      "text": "Including Elements in the Accessibility Tree §",
      "url": "https://www.w3.org/TR/svg-aam-1.0/#include_elements"
    }
  },
  "#informative-references": {
    "current": {
      "number": "B.2",
      "spec": "SVG Accessibility API Mappings",
      "text": "Informative references",
      "url": "https://w3c.github.io/svg-aam/#informative-references"
    },
    "snapshot": {
      "number": "B.2",
      "spec": "SVG Accessibility API Mappings",
      "text": "Informative references §",
      "url": "https://www.w3.org/TR/svg-aam-1.0/#informative-references"
    }
  },
  "#intro": {
    "current": {
      "number": "1",
      "spec": "SVG Accessibility API Mappings",
      "text": "Introduction",
      "url": "https://w3c.github.io/svg-aam/#intro"
    },
    "snapshot": {
      "number": "1",
      "spec": "SVG Accessibility API Mappings",
      "text": "Introduction §",
      "url": "https://www.w3.org/TR/svg-aam-1.0/#intro"
    }
  },
  "#intro_aapi": {
    "current": {
      "number": "1.3",
      "spec": "SVG Accessibility API Mappings",
      "text": "Accessibility APIs",
      "url": "https://w3c.github.io/svg-aam/#intro_aapi"
    },
    "snapshot": {
      "number": "1.3",
      "spec": "SVG Accessibility API Mappings",
      "text": "Accessibility APIs §",
      "url": "https://www.w3.org/TR/svg-aam-1.0/#intro_aapi"
    }
  },
  "#intro_history": {
    "current": {
      "number": "1.1",
      "spec": "SVG Accessibility API Mappings",
      "text": "History and Purpose",
      "url": "https://w3c.github.io/svg-aam/#intro_history"
    },
    "snapshot": {
      "number": "1.1",
      "spec": "SVG Accessibility API Mappings",
      "text": "History and Purpose §",
      "url": "https://www.w3.org/TR/svg-aam-1.0/#intro_history"
    }
  },
  "#intro_treetypes": {
    "current": {
      "number": "1.4",
      "spec": "SVG Accessibility API Mappings",
      "text": "The Accessibility Tree and the DOM Tree",
      "url": "https://w3c.github.io/svg-aam/#intro_treetypes"
    },
    "snapshot": {
      "number": "1.4",
      "spec": "SVG Accessibility API Mappings",
      "text": "The Accessibility Tree and the DOM Tree §",
      "url": "https://www.w3.org/TR/svg-aam-1.0/#intro_treetypes"
    }
  },
  "#intro_wai-aria_suite": {
    "current": {
      "number": "1.2",
      "spec": "SVG Accessibility API Mappings",
      "text": "Relationship to Other Specifications",
      "url": "https://w3c.github.io/svg-aam/#intro_wai-aria_suite"
    },
    "snapshot": {
      "number": "1.2",
      "spec": "SVG Accessibility API Mappings",
      "text": "Relationship to Other Specifications §",
      "url": "https://www.w3.org/TR/svg-aam-1.0/#intro_wai-aria_suite"
    }
  },
  "#issue-summary": {
    "current": {
      "number": "A.2",
      "spec": "SVG Accessibility API Mappings",
      "text": "Issue Summary",
      "url": "https://w3c.github.io/svg-aam/#issue-summary"
    },
    "snapshot": {
      "number": "A.2",
      "spec": "SVG Accessibility API Mappings",
      "text": "Issue Summary §",
      "url": "https://www.w3.org/TR/svg-aam-1.0/#issue-summary"
    }
  },
  "#keyboard-focus": {
    "current": {
      "number": "4",
      "spec": "SVG Accessibility API Mappings",
      "text": "Supporting Keyboard Navigation",
      "url": "https://w3c.github.io/svg-aam/#keyboard-focus"
    },
    "snapshot": {
      "number": "4",
      "spec": "SVG Accessibility API Mappings",
      "text": "Supporting Keyboard Navigation §",
      "url": "https://www.w3.org/TR/svg-aam-1.0/#keyboard-focus"
    }
  },
  "#mapping": {
    "current": {
      "number": "5",
      "spec": "SVG Accessibility API Mappings",
      "text": "Mapping WAI-ARIA to Accessibility APIs",
      "url": "https://w3c.github.io/svg-aam/#mapping"
    },
    "snapshot": {
      "number": "5",
      "spec": "SVG Accessibility API Mappings",
      "text": "Mapping WAI-ARIA to Accessibility APIs §",
      "url": "https://www.w3.org/TR/svg-aam-1.0/#mapping"
    }
  },
  "#mapping_actions": {
    "current": {
      "number": "9",
      "spec": "SVG Accessibility API Mappings",
      "text": "Actions",
      "url": "https://w3c.github.io/svg-aam/#mapping_actions"
    },
    "snapshot": {
      "number": "9",
      "spec": "SVG Accessibility API Mappings",
      "text": "Actions §",
      "url": "https://www.w3.org/TR/svg-aam-1.0/#mapping_actions"
    }
  },
  "#mapping_additional": {
    "current": {
      "number": "8",
      "spec": "SVG Accessibility API Mappings",
      "text": "Special Processing Requiring Additional Computation",
      "url": "https://w3c.github.io/svg-aam/#mapping_additional"
    },
    "snapshot": {
      "number": "8",
      "spec": "SVG Accessibility API Mappings",
      "text": "Special Processing Requiring Additional Computation §",
      "url": "https://www.w3.org/TR/svg-aam-1.0/#mapping_additional"
    }
  },
  "#mapping_additional_nd": {
    "current": {
      "number": "8.1",
      "spec": "SVG Accessibility API Mappings",
      "text": "Name and Description",
      "url": "https://w3c.github.io/svg-aam/#mapping_additional_nd"
    },
    "snapshot": {
      "number": "8.1",
      "spec": "SVG Accessibility API Mappings",
      "text": "Name and Description §",
      "url": "https://www.w3.org/TR/svg-aam-1.0/#mapping_additional_nd"
    }
  },
  "#mapping_additional_position": {
    "current": {
      "number": "8.4",
      "spec": "SVG Accessibility API Mappings",
      "text": "Group Position",
      "url": "https://w3c.github.io/svg-aam/#mapping_additional_position"
    },
    "snapshot": {
      "number": "8.4",
      "spec": "SVG Accessibility API Mappings",
      "text": "Group Position §",
      "url": "https://www.w3.org/TR/svg-aam-1.0/#mapping_additional_position"
    }
  },
  "#mapping_additional_relations": {
    "current": {
      "number": "8.3",
      "spec": "SVG Accessibility API Mappings",
      "text": "Relations",
      "url": "https://w3c.github.io/svg-aam/#mapping_additional_relations"
    },
    "snapshot": {
      "number": "8.3",
      "spec": "SVG Accessibility API Mappings",
      "text": "Relations §",
      "url": "https://www.w3.org/TR/svg-aam-1.0/#mapping_additional_relations"
    }
  },
  "#mapping_additional_widget-value": {
    "current": {
      "number": "8.2",
      "spec": "SVG Accessibility API Mappings",
      "text": "Widget Values",
      "url": "https://w3c.github.io/svg-aam/#mapping_additional_widget-value"
    },
    "snapshot": {
      "number": "8.2",
      "spec": "SVG Accessibility API Mappings",
      "text": "Widget Values §",
      "url": "https://www.w3.org/TR/svg-aam-1.0/#mapping_additional_widget-value"
    }
  },
  "#mapping_animation": {
    "current": {
      "number": "8.7",
      "spec": "SVG Accessibility API Mappings",
      "text": "Declarative Animation",
      "url": "https://w3c.github.io/svg-aam/#mapping_animation"
    },
    "snapshot": {
      "number": "8.7",
      "spec": "SVG Accessibility API Mappings",
      "text": "Declarative Animation §",
      "url": "https://www.w3.org/TR/svg-aam-1.0/#mapping_animation"
    }
  },
  "#mapping_conflicts": {
    "current": {
      "number": "5.2",
      "spec": "SVG Accessibility API Mappings",
      "text": "Conflicts between native markup semantics and WAI-ARIA",
      "url": "https://w3c.github.io/svg-aam/#mapping_conflicts"
    },
    "snapshot": {
      "number": "5.2",
      "spec": "SVG Accessibility API Mappings",
      "text": "Conflicts between native markup semantics and WAI-ARIA §",
      "url": "https://www.w3.org/TR/svg-aam-1.0/#mapping_conflicts"
    }
  },
  "#mapping_events": {
    "current": {
      "number": "",
      "spec": "SVG Accessibility API Mappings",
      "text": "10. Events",
      "url": "https://w3c.github.io/svg-aam/#mapping_events"
    },
    "snapshot": {
      "number": "",
      "spec": "SVG Accessibility API Mappings",
      "text": "10. Events §",
      "url": "https://www.w3.org/TR/svg-aam-1.0/#mapping_events"
    }
  },
  "#mapping_general": {
    "current": {
      "number": "5.1",
      "spec": "SVG Accessibility API Mappings",
      "text": "General rules for exposing WAI-ARIA semantics",
      "url": "https://w3c.github.io/svg-aam/#mapping_general"
    },
    "snapshot": {
      "number": "5.1",
      "spec": "SVG Accessibility API Mappings",
      "text": "General rules for exposing WAI-ARIA semantics §",
      "url": "https://www.w3.org/TR/svg-aam-1.0/#mapping_general"
    }
  },
  "#mapping_nodirect": {
    "current": {
      "number": "5.3",
      "spec": "SVG Accessibility API Mappings",
      "text": "Exposing attributes that do not directly map to accessibility API properties",
      "url": "https://w3c.github.io/svg-aam/#mapping_nodirect"
    },
    "snapshot": {
      "number": "5.3",
      "spec": "SVG Accessibility API Mappings",
      "text": "Exposing attributes that do not directly map to accessibility API properties §",
      "url": "https://www.w3.org/TR/svg-aam-1.0/#mapping_nodirect"
    }
  },
  "#mapping_role": {
    "current": {
      "number": "6",
      "spec": "SVG Accessibility API Mappings",
      "text": "Role mapping",
      "url": "https://w3c.github.io/svg-aam/#mapping_role"
    },
    "snapshot": {
      "number": "6",
      "spec": "SVG Accessibility API Mappings",
      "text": "Role mapping §",
      "url": "https://www.w3.org/TR/svg-aam-1.0/#mapping_role"
    }
  },
  "#mapping_role_table": {
    "current": {
      "number": "6.2",
      "spec": "SVG Accessibility API Mappings",
      "text": "SVG Element Mapping Table",
      "url": "https://w3c.github.io/svg-aam/#mapping_role_table"
    },
    "snapshot": {
      "number": "6.2",
      "spec": "SVG Accessibility API Mappings",
      "text": "SVG Element Mapping Table §",
      "url": "https://www.w3.org/TR/svg-aam-1.0/#mapping_role_table"
    }
  },
  "#mapping_state-property": {
    "current": {
      "number": "7",
      "spec": "SVG Accessibility API Mappings",
      "text": "State and Property Mapping",
      "url": "https://w3c.github.io/svg-aam/#mapping_state-property"
    },
    "snapshot": {
      "number": "7",
      "spec": "SVG Accessibility API Mappings",
      "text": "State and Property Mapping §",
      "url": "https://www.w3.org/TR/svg-aam-1.0/#mapping_state-property"
    }
  },
  "#mapping_use_shadow_tree": {
    "current": {
      "number": "8.5",
      "spec": "SVG Accessibility API Mappings",
      "text": "Use-Element Shadow Trees",
      "url": "https://w3c.github.io/svg-aam/#mapping_use_shadow_tree"
    },
    "snapshot": {
      "number": "8.5",
      "spec": "SVG Accessibility API Mappings",
      "text": "Use-Element Shadow Trees §",
      "url": "https://www.w3.org/TR/svg-aam-1.0/#mapping_use_shadow_tree"
    }
  },
  "#mapping_view": {
    "current": {
      "number": "8.6",
      "spec": "SVG Accessibility API Mappings",
      "text": "SVG Views",
      "url": "https://w3c.github.io/svg-aam/#mapping_view"
    },
    "snapshot": {
      "number": "8.6",
      "spec": "SVG Accessibility API Mappings",
      "text": "SVG Views §",
      "url": "https://www.w3.org/TR/svg-aam-1.0/#mapping_view"
    }
  },
  "#normative": {
    "current": {
      "number": "2",
      "spec": "SVG Accessibility API Mappings",
      "text": "Normative User Agent Implementation Requirements for SVG",
      "url": "https://w3c.github.io/svg-aam/#normative"
    },
    "snapshot": {
      "number": "2",
      "spec": "SVG Accessibility API Mappings",
      "text": "Normative User Agent Implementation Requirements for SVG §",
      "url": "https://www.w3.org/TR/svg-aam-1.0/#normative"
    }
  },
  "#normative-references": {
    "current": {
      "number": "B.1",
      "spec": "SVG Accessibility API Mappings",
      "text": "Normative references",
      "url": "https://w3c.github.io/svg-aam/#normative-references"
    },
    "snapshot": {
      "number": "B.1",
      "spec": "SVG Accessibility API Mappings",
      "text": "Normative references §",
      "url": "https://www.w3.org/TR/svg-aam-1.0/#normative-references"
    }
  },
  "#references": {
    "current": {
      "number": "B",
      "spec": "SVG Accessibility API Mappings",
      "text": "References",
      "url": "https://w3c.github.io/svg-aam/#references"
    },
    "snapshot": {
      "number": "B",
      "spec": "SVG Accessibility API Mappings",
      "text": "References §",
      "url": "https://www.w3.org/TR/svg-aam-1.0/#references"
    }
  },
  "#roleMappingGeneralRules": {
    "current": {
      "number": "6.1",
      "spec": "SVG Accessibility API Mappings",
      "text": "General Rules",
      "url": "https://w3c.github.io/svg-aam/#roleMappingGeneralRules"
    },
    "snapshot": {
      "number": "6.1",
      "spec": "SVG Accessibility API Mappings",
      "text": "General Rules §",
      "url": "https://www.w3.org/TR/svg-aam-1.0/#roleMappingGeneralRules"
    }
  },
  "#security-privacy": {
    "current": {
      "number": "",
      "spec": "SVG Accessibility API Mappings",
      "text": "12. Security and Privacy Considerations",
      "url": "https://w3c.github.io/svg-aam/#security-privacy"
    },
    "snapshot": {
      "number": "",
      "spec": "SVG Accessibility API Mappings",
      "text": "12. Security and Privacy Considerations §",
      "url": "https://www.w3.org/TR/svg-aam-1.0/#security-privacy"
    }
  },
  "#sotd": {
    "snapshot": {
      "number": "",
      "spec": "SVG Accessibility API Mappings",
      "text": "Status of This Document",
      "url": "https://www.w3.org/TR/svg-aam-1.0/#sotd"
    }
  },
  "#title": {
    "current": {
      "number": "",
      "spec": "SVG Accessibility API Mappings",
      "text": "SVG Accessibility API Mappings",
      "url": "https://w3c.github.io/svg-aam/#title"
    },
    "snapshot": {
      "number": "",
      "spec": "SVG Accessibility API Mappings",
      "text": "SVG Accessibility API Mappings",
      "url": "https://www.w3.org/TR/svg-aam-1.0/#title"
    }
  },
  "#toc": {
    "current": {
      "number": "",
      "spec": "SVG Accessibility API Mappings",
      "text": "Table of Contents",
      "url": "https://w3c.github.io/svg-aam/#toc"
    },
    "snapshot": {
      "number": "",
      "spec": "SVG Accessibility API Mappings",
      "text": "Table of Contents",
      "url": "https://www.w3.org/TR/svg-aam-1.0/#toc"
    }
  },
  "#w3c-working-draft-10-may-2018": {
    "snapshot": {
      "number": "",
      "spec": "SVG Accessibility API Mappings",
      "text": "W3C Working Draft 10 May 2018",
      "url": "https://www.w3.org/TR/svg-aam-1.0/#w3c-working-draft-10-may-2018"
    }
  }
}