{
  "#algorithms": {
    "current": {
      "number": "5.1",
      "spec": "HTTP State Management Mechanism",
      "text": "Subcomponent Algorithms",
      "url": "https://httpwg.org/specs/rfc6265.html#algorithms"
    }
  },
  "#ambient-authority": {
    "current": {
      "number": "8.2",
      "spec": "HTTP State Management Mechanism",
      "text": "Ambient Authority",
      "url": "https://httpwg.org/specs/rfc6265.html#ambient-authority"
    }
  },
  "#clear-text": {
    "current": {
      "number": "8.3",
      "spec": "HTTP State Management Mechanism",
      "text": "Clear Text",
      "url": "https://httpwg.org/specs/rfc6265.html#clear-text"
    }
  },
  "#conformance-criteria": {
    "current": {
      "number": "2.1",
      "spec": "HTTP State Management Mechanism",
      "text": "Conformance Criteria",
      "url": "https://httpwg.org/specs/rfc6265.html#conformance-criteria"
    }
  },
  "#conventions": {
    "current": {
      "number": "2",
      "spec": "HTTP State Management Mechanism",
      "text": "Conventions",
      "url": "https://httpwg.org/specs/rfc6265.html#conventions"
    }
  },
  "#cookie": {
    "current": {
      "number": "5.4",
      "spec": "HTTP State Management Mechanism",
      "text": "The Cookie Header",
      "url": "https://httpwg.org/specs/rfc6265.html#cookie"
    }
  },
  "#cookie-date": {
    "current": {
      "number": "5.1.1",
      "spec": "HTTP State Management Mechanism",
      "text": "Dates",
      "url": "https://httpwg.org/specs/rfc6265.html#cookie-date"
    }
  },
  "#cookie-domain": {
    "current": {
      "number": "5.1.3",
      "spec": "HTTP State Management Mechanism",
      "text": "Domain Matching",
      "url": "https://httpwg.org/specs/rfc6265.html#cookie-domain"
    }
  },
  "#cookie-domain-canonicalize": {
    "current": {
      "number": "5.1.2",
      "spec": "HTTP State Management Mechanism",
      "text": "Canonicalized Host Names",
      "url": "https://httpwg.org/specs/rfc6265.html#cookie-domain-canonicalize"
    }
  },
  "#cookie-path": {
    "current": {
      "number": "5.1.4",
      "spec": "HTTP State Management Mechanism",
      "text": "Paths and Path-Match",
      "url": "https://httpwg.org/specs/rfc6265.html#cookie-path"
    }
  },
  "#domain-attribute": {
    "current": {
      "number": "5.2.3",
      "spec": "HTTP State Management Mechanism",
      "text": "The Domain Attribute",
      "url": "https://httpwg.org/specs/rfc6265.html#domain-attribute"
    }
  },
  "#expiration-dates": {
    "current": {
      "number": "7.3",
      "spec": "HTTP State Management Mechanism",
      "text": "Expiration Dates",
      "url": "https://httpwg.org/specs/rfc6265.html#expiration-dates"
    }
  },
  "#expires-attribute": {
    "current": {
      "number": "5.2.1",
      "spec": "HTTP State Management Mechanism",
      "text": "The Expires Attribute",
      "url": "https://httpwg.org/specs/rfc6265.html#expires-attribute"
    }
  },
  "#httponly-attribute": {
    "current": {
      "number": "5.2.6",
      "spec": "HTTP State Management Mechanism",
      "text": "The HttpOnly Attribute",
      "url": "https://httpwg.org/specs/rfc6265.html#httponly-attribute"
    }
  },
  "#iana-considerations": {
    "current": {
      "number": "9",
      "spec": "HTTP State Management Mechanism",
      "text": "IANA Considerations",
      "url": "https://httpwg.org/specs/rfc6265.html#iana-considerations"
    }
  },
  "#idna-migration": {
    "current": {
      "number": "6.3",
      "spec": "HTTP State Management Mechanism",
      "text": "IDNA Dependency and Migration",
      "url": "https://httpwg.org/specs/rfc6265.html#idna-migration"
    }
  },
  "#implementation-apis": {
    "current": {
      "number": "6.2",
      "spec": "HTTP State Management Mechanism",
      "text": "Application Programming Interfaces",
      "url": "https://httpwg.org/specs/rfc6265.html#implementation-apis"
    }
  },
  "#implementation-considerations": {
    "current": {
      "number": "6",
      "spec": "HTTP State Management Mechanism",
      "text": "Implementation Considerations",
      "url": "https://httpwg.org/specs/rfc6265.html#implementation-considerations"
    }
  },
  "#implementation-limits": {
    "current": {
      "number": "6.1",
      "spec": "HTTP State Management Mechanism",
      "text": "Limits",
      "url": "https://httpwg.org/specs/rfc6265.html#implementation-limits"
    }
  },
  "#intro": {
    "current": {
      "number": "1",
      "spec": "HTTP State Management Mechanism",
      "text": "Introduction",
      "url": "https://httpwg.org/specs/rfc6265.html#intro"
    }
  },
  "#max-age-attribute": {
    "current": {
      "number": "5.2.2",
      "spec": "HTTP State Management Mechanism",
      "text": "The Max-Age Attribute",
      "url": "https://httpwg.org/specs/rfc6265.html#max-age-attribute"
    }
  },
  "#n-acknowledgements": {
    "current": {
      "number": "A",
      "spec": "HTTP State Management Mechanism",
      "text": "Acknowledgements",
      "url": "https://httpwg.org/specs/rfc6265.html#n-acknowledgements"
    }
  },
  "#n-cookie": {
    "current": {
      "number": "9.1",
      "spec": "HTTP State Management Mechanism",
      "text": "Cookie",
      "url": "https://httpwg.org/specs/rfc6265.html#n-cookie"
    }
  },
  "#n-cookie2": {
    "current": {
      "number": "9.3",
      "spec": "HTTP State Management Mechanism",
      "text": "Cookie2",
      "url": "https://httpwg.org/specs/rfc6265.html#n-cookie2"
    }
  },
  "#n-examples": {
    "current": {
      "number": "3.1",
      "spec": "HTTP State Management Mechanism",
      "text": "Examples",
      "url": "https://httpwg.org/specs/rfc6265.html#n-examples"
    }
  },
  "#n-set-cookie": {
    "current": {
      "number": "9.2",
      "spec": "HTTP State Management Mechanism",
      "text": "Set-Cookie",
      "url": "https://httpwg.org/specs/rfc6265.html#n-set-cookie"
    }
  },
  "#n-set-cookie2": {
    "current": {
      "number": "9.4",
      "spec": "HTTP State Management Mechanism",
      "text": "Set-Cookie2",
      "url": "https://httpwg.org/specs/rfc6265.html#n-set-cookie2"
    }
  },
  "#overview": {
    "current": {
      "number": "3",
      "spec": "HTTP State Management Mechanism",
      "text": "Overview",
      "url": "https://httpwg.org/specs/rfc6265.html#overview"
    }
  },
  "#path-attribute": {
    "current": {
      "number": "5.2.4",
      "spec": "HTTP State Management Mechanism",
      "text": "The Path Attribute",
      "url": "https://httpwg.org/specs/rfc6265.html#path-attribute"
    }
  },
  "#privacy-considerations": {
    "current": {
      "number": "7",
      "spec": "HTTP State Management Mechanism",
      "text": "Privacy Considerations",
      "url": "https://httpwg.org/specs/rfc6265.html#privacy-considerations"
    }
  },
  "#reliance-on-dns": {
    "current": {
      "number": "8.7",
      "spec": "HTTP State Management Mechanism",
      "text": "Reliance on DNS",
      "url": "https://httpwg.org/specs/rfc6265.html#reliance-on-dns"
    }
  },
  "#rfc.abstract": {
    "current": {
      "number": "",
      "spec": "HTTP State Management Mechanism",
      "text": "Abstract",
      "url": "https://httpwg.org/specs/rfc6265.html#rfc.abstract"
    }
  },
  "#rfc.references": {
    "current": {
      "number": "",
      "spec": "HTTP State Management Mechanism",
      "text": "10. References",
      "url": "https://httpwg.org/specs/rfc6265.html#rfc.references"
    }
  },
  "#rfc.section.10.1": {
    "current": {
      "number": "10.1",
      "spec": "HTTP State Management Mechanism",
      "text": "Normative References",
      "url": "https://httpwg.org/specs/rfc6265.html#rfc.section.10.1"
    }
  },
  "#rfc.section.10.2": {
    "current": {
      "number": "10.2",
      "spec": "HTTP State Management Mechanism",
      "text": "Informative References",
      "url": "https://httpwg.org/specs/rfc6265.html#rfc.section.10.2"
    }
  },
  "#sane-cookie": {
    "current": {
      "number": "4.2",
      "spec": "HTTP State Management Mechanism",
      "text": "Cookie",
      "url": "https://httpwg.org/specs/rfc6265.html#sane-cookie"
    }
  },
  "#sane-cookie-semantics": {
    "current": {
      "number": "4.2.2",
      "spec": "HTTP State Management Mechanism",
      "text": "Semantics",
      "url": "https://httpwg.org/specs/rfc6265.html#sane-cookie-semantics"
    }
  },
  "#sane-cookie-syntax": {
    "current": {
      "number": "4.2.1",
      "spec": "HTTP State Management Mechanism",
      "text": "Syntax",
      "url": "https://httpwg.org/specs/rfc6265.html#sane-cookie-syntax"
    }
  },
  "#sane-domain": {
    "current": {
      "number": "4.1.2.3",
      "spec": "HTTP State Management Mechanism",
      "text": "The Domain Attribute",
      "url": "https://httpwg.org/specs/rfc6265.html#sane-domain"
    }
  },
  "#sane-expires": {
    "current": {
      "number": "4.1.2.1",
      "spec": "HTTP State Management Mechanism",
      "text": "The Expires Attribute",
      "url": "https://httpwg.org/specs/rfc6265.html#sane-expires"
    }
  },
  "#sane-httponly": {
    "current": {
      "number": "4.1.2.6",
      "spec": "HTTP State Management Mechanism",
      "text": "The HttpOnly Attribute",
      "url": "https://httpwg.org/specs/rfc6265.html#sane-httponly"
    }
  },
  "#sane-max-age": {
    "current": {
      "number": "4.1.2.2",
      "spec": "HTTP State Management Mechanism",
      "text": "The Max-Age Attribute",
      "url": "https://httpwg.org/specs/rfc6265.html#sane-max-age"
    }
  },
  "#sane-path": {
    "current": {
      "number": "4.1.2.4",
      "spec": "HTTP State Management Mechanism",
      "text": "The Path Attribute",
      "url": "https://httpwg.org/specs/rfc6265.html#sane-path"
    }
  },
  "#sane-profile": {
    "current": {
      "number": "4",
      "spec": "HTTP State Management Mechanism",
      "text": "Server Requirements",
      "url": "https://httpwg.org/specs/rfc6265.html#sane-profile"
    }
  },
  "#sane-secure": {
    "current": {
      "number": "4.1.2.5",
      "spec": "HTTP State Management Mechanism",
      "text": "The Secure Attribute",
      "url": "https://httpwg.org/specs/rfc6265.html#sane-secure"
    }
  },
  "#sane-set-cookie": {
    "current": {
      "number": "4.1",
      "spec": "HTTP State Management Mechanism",
      "text": "Set-Cookie",
      "url": "https://httpwg.org/specs/rfc6265.html#sane-set-cookie"
    }
  },
  "#sane-set-cookie-semantics": {
    "current": {
      "number": "4.1.2",
      "spec": "HTTP State Management Mechanism",
      "text": "Semantics (Non-Normative)",
      "url": "https://httpwg.org/specs/rfc6265.html#sane-set-cookie-semantics"
    }
  },
  "#sane-set-cookie-syntax": {
    "current": {
      "number": "4.1.1",
      "spec": "HTTP State Management Mechanism",
      "text": "Syntax",
      "url": "https://httpwg.org/specs/rfc6265.html#sane-set-cookie-syntax"
    }
  },
  "#section-overview": {
    "current": {
      "number": "8.1",
      "spec": "HTTP State Management Mechanism",
      "text": "Overview",
      "url": "https://httpwg.org/specs/rfc6265.html#section-overview"
    }
  },
  "#secure-attribute": {
    "current": {
      "number": "5.2.5",
      "spec": "HTTP State Management Mechanism",
      "text": "The Secure Attribute",
      "url": "https://httpwg.org/specs/rfc6265.html#secure-attribute"
    }
  },
  "#security-considerations": {
    "current": {
      "number": "8",
      "spec": "HTTP State Management Mechanism",
      "text": "Security Considerations",
      "url": "https://httpwg.org/specs/rfc6265.html#security-considerations"
    }
  },
  "#session-identifiers": {
    "current": {
      "number": "8.4",
      "spec": "HTTP State Management Mechanism",
      "text": "Session Identifiers",
      "url": "https://httpwg.org/specs/rfc6265.html#session-identifiers"
    }
  },
  "#set-cookie": {
    "current": {
      "number": "5.2",
      "spec": "HTTP State Management Mechanism",
      "text": "The Set-Cookie Header",
      "url": "https://httpwg.org/specs/rfc6265.html#set-cookie"
    }
  },
  "#storage-model": {
    "current": {
      "number": "5.3",
      "spec": "HTTP State Management Mechanism",
      "text": "Storage Model",
      "url": "https://httpwg.org/specs/rfc6265.html#storage-model"
    }
  },
  "#syntax-notation": {
    "current": {
      "number": "2.2",
      "spec": "HTTP State Management Mechanism",
      "text": "Syntax Notation",
      "url": "https://httpwg.org/specs/rfc6265.html#syntax-notation"
    }
  },
  "#terminology": {
    "current": {
      "number": "2.3",
      "spec": "HTTP State Management Mechanism",
      "text": "Terminology",
      "url": "https://httpwg.org/specs/rfc6265.html#terminology"
    }
  },
  "#third-party-cookies": {
    "current": {
      "number": "7.1",
      "spec": "HTTP State Management Mechanism",
      "text": "Third-Party Cookies",
      "url": "https://httpwg.org/specs/rfc6265.html#third-party-cookies"
    }
  },
  "#ua-requirements": {
    "current": {
      "number": "5",
      "spec": "HTTP State Management Mechanism",
      "text": "User Agent Requirements",
      "url": "https://httpwg.org/specs/rfc6265.html#ua-requirements"
    }
  },
  "#user-controls": {
    "current": {
      "number": "7.2",
      "spec": "HTTP State Management Mechanism",
      "text": "User Controls",
      "url": "https://httpwg.org/specs/rfc6265.html#user-controls"
    }
  },
  "#weak-confidentiality": {
    "current": {
      "number": "8.5",
      "spec": "HTTP State Management Mechanism",
      "text": "Weak Confidentiality",
      "url": "https://httpwg.org/specs/rfc6265.html#weak-confidentiality"
    }
  },
  "#weak-integrity": {
    "current": {
      "number": "8.6",
      "spec": "HTTP State Management Mechanism",
      "text": "Weak Integrity",
      "url": "https://httpwg.org/specs/rfc6265.html#weak-integrity"
    }
  }
}