{
  "#abstract": {
    "snapshot": {
      "number": "",
      "spec": "MPEG-2 TS Byte Stream Format",
      "text": "Abstract",
      "url": "https://www.w3.org/TR/mse-byte-stream-format-mp2t/#abstract"
    }
  },
  "#acknowledgements": {
    "current": {
      "number": "9",
      "spec": "MPEG-2 TS Byte Stream Format",
      "text": "Acknowledgments",
      "url": "https://w3c.github.io/mse-byte-stream-format-mp2t/#acknowledgements"
    },
    "snapshot": {
      "number": "9",
      "spec": "MPEG-2 TS Byte Stream Format",
      "text": "Acknowledgments",
      "url": "https://www.w3.org/TR/mse-byte-stream-format-mp2t/#acknowledgements"
    }
  },
  "#conformance": {
    "current": {
      "number": "8",
      "spec": "MPEG-2 TS Byte Stream Format",
      "text": "Conformance",
      "url": "https://w3c.github.io/mse-byte-stream-format-mp2t/#conformance"
    },
    "snapshot": {
      "number": "8",
      "spec": "MPEG-2 TS Byte Stream Format",
      "text": "Conformance",
      "url": "https://www.w3.org/TR/mse-byte-stream-format-mp2t/#conformance"
    }
  },
  "#informative-references": {
    "snapshot": {
      "number": "A.2",
      "spec": "MPEG-2 TS Byte Stream Format",
      "text": "Informative references",
      "url": "https://www.w3.org/TR/mse-byte-stream-format-mp2t/#informative-references"
    }
  },
  "#introduction": {
    "current": {
      "number": "1",
      "spec": "MPEG-2 TS Byte Stream Format",
      "text": "Introduction",
      "url": "https://w3c.github.io/mse-byte-stream-format-mp2t/#introduction"
    },
    "snapshot": {
      "number": "1",
      "spec": "MPEG-2 TS Byte Stream Format",
      "text": "Introduction",
      "url": "https://www.w3.org/TR/mse-byte-stream-format-mp2t/#introduction"
    }
  },
  "#mime-parameters": {
    "current": {
      "number": "2",
      "spec": "MPEG-2 TS Byte Stream Format",
      "text": "MIME-type info",
      "url": "https://w3c.github.io/mse-byte-stream-format-mp2t/#mime-parameters"
    },
    "snapshot": {
      "number": "2",
      "spec": "MPEG-2 TS Byte Stream Format",
      "text": "MIME-type info",
      "url": "https://www.w3.org/TR/mse-byte-stream-format-mp2t/#mime-parameters"
    }
  },
  "#mpeg2ts-discontinuities": {
    "current": {
      "number": "7",
      "spec": "MPEG-2 TS Byte Stream Format",
      "text": "Timestamp Rollover & Discontinuities",
      "url": "https://w3c.github.io/mse-byte-stream-format-mp2t/#mpeg2ts-discontinuities"
    },
    "snapshot": {
      "number": "7",
      "spec": "MPEG-2 TS Byte Stream Format",
      "text": "Timestamp Rollover & Discontinuities",
      "url": "https://www.w3.org/TR/mse-byte-stream-format-mp2t/#mpeg2ts-discontinuities"
    }
  },
  "#mpeg2ts-general": {
    "current": {
      "number": "3",
      "spec": "MPEG-2 TS Byte Stream Format",
      "text": "General Transport Stream Requirements",
      "url": "https://w3c.github.io/mse-byte-stream-format-mp2t/#mpeg2ts-general"
    },
    "snapshot": {
      "number": "3",
      "spec": "MPEG-2 TS Byte Stream Format",
      "text": "General Transport Stream Requirements",
      "url": "https://www.w3.org/TR/mse-byte-stream-format-mp2t/#mpeg2ts-general"
    }
  },
  "#mpeg2ts-init-segments": {
    "current": {
      "number": "4",
      "spec": "MPEG-2 TS Byte Stream Format",
      "text": "Initialization Segments",
      "url": "https://w3c.github.io/mse-byte-stream-format-mp2t/#mpeg2ts-init-segments"
    },
    "snapshot": {
      "number": "4",
      "spec": "MPEG-2 TS Byte Stream Format",
      "text": "Initialization Segments",
      "url": "https://www.w3.org/TR/mse-byte-stream-format-mp2t/#mpeg2ts-init-segments"
    }
  },
  "#mpeg2ts-media-segments": {
    "current": {
      "number": "5",
      "spec": "MPEG-2 TS Byte Stream Format",
      "text": "Media Segments",
      "url": "https://w3c.github.io/mse-byte-stream-format-mp2t/#mpeg2ts-media-segments"
    },
    "snapshot": {
      "number": "5",
      "spec": "MPEG-2 TS Byte Stream Format",
      "text": "Media Segments",
      "url": "https://www.w3.org/TR/mse-byte-stream-format-mp2t/#mpeg2ts-media-segments"
    }
  },
  "#mpeg2ts-random-access-points": {
    "current": {
      "number": "6",
      "spec": "MPEG-2 TS Byte Stream Format",
      "text": "Random Access Points",
      "url": "https://w3c.github.io/mse-byte-stream-format-mp2t/#mpeg2ts-random-access-points"
    },
    "snapshot": {
      "number": "6",
      "spec": "MPEG-2 TS Byte Stream Format",
      "text": "Random Access Points",
      "url": "https://www.w3.org/TR/mse-byte-stream-format-mp2t/#mpeg2ts-random-access-points"
    }
  },
  "#normative-references": {
    "current": {
      "number": "A.1",
      "spec": "MPEG-2 TS Byte Stream Format",
      "text": "Normative references",
      "url": "https://w3c.github.io/mse-byte-stream-format-mp2t/#normative-references"
    },
    "snapshot": {
      "number": "A.1",
      "spec": "MPEG-2 TS Byte Stream Format",
      "text": "Normative references",
      "url": "https://www.w3.org/TR/mse-byte-stream-format-mp2t/#normative-references"
    }
  },
  "#references": {
    "current": {
      "number": "A",
      "spec": "MPEG-2 TS Byte Stream Format",
      "text": "References",
      "url": "https://w3c.github.io/mse-byte-stream-format-mp2t/#references"
    },
    "snapshot": {
      "number": "A",
      "spec": "MPEG-2 TS Byte Stream Format",
      "text": "References",
      "url": "https://www.w3.org/TR/mse-byte-stream-format-mp2t/#references"
    }
  },
  "#respecDocument": {
    "snapshot": {
      "number": "",
      "spec": "MPEG-2 TS Byte Stream Format",
      "text": "MPEG-2 TS Byte Stream Format",
      "url": "https://www.w3.org/TR/mse-byte-stream-format-mp2t/#respecDocument"
    }
  },
  "#sotd": {
    "snapshot": {
      "number": "",
      "spec": "MPEG-2 TS Byte Stream Format",
      "text": "Status of This Document",
      "url": "https://www.w3.org/TR/mse-byte-stream-format-mp2t/#sotd"
    }
  },
  "#title": {
    "current": {
      "number": "",
      "spec": "MPEG-2 TS Byte Stream Format",
      "text": "MPEG-2 TS Byte Stream Format",
      "url": "https://w3c.github.io/mse-byte-stream-format-mp2t/#title"
    }
  },
  "#toc": {
    "current": {
      "number": "",
      "spec": "MPEG-2 TS Byte Stream Format",
      "text": "Table of Contents",
      "url": "https://w3c.github.io/mse-byte-stream-format-mp2t/#toc"
    },
    "snapshot": {
      "number": "",
      "spec": "MPEG-2 TS Byte Stream Format",
      "text": "Table of Contents",
      "url": "https://www.w3.org/TR/mse-byte-stream-format-mp2t/#toc"
    }
  },
  "#w3c-working-group-note-04-october-2016": {
    "snapshot": {
      "number": "",
      "spec": "MPEG-2 TS Byte Stream Format",
      "text": "W3C Working Group Note 04 October 2016",
      "url": "https://www.w3.org/TR/mse-byte-stream-format-mp2t/#w3c-working-group-note-04-october-2016"
    }
  }
}