{
  "#accessibility-considerations": {
    "current": {
      "number": "7",
      "spec": "MiniApp Lifecycle",
      "text": "Accessibility Considerations",
      "url": "https://w3c.github.io/miniapp-lifecycle/#accessibility-considerations"
    },
    "snapshot": {
      "number": "7",
      "spec": "MiniApp Lifecycle",
      "text": "Accessibility Considerations",
      "url": "https://www.w3.org/TR/miniapp-lifecycle/#accessibility-considerations"
    }
  },
  "#background": {
    "current": {
      "number": "1",
      "spec": "MiniApp Lifecycle",
      "text": "Background",
      "url": "https://w3c.github.io/miniapp-lifecycle/#background"
    },
    "snapshot": {
      "number": "1",
      "spec": "MiniApp Lifecycle",
      "text": "Background",
      "url": "https://www.w3.org/TR/miniapp-lifecycle/#background"
    }
  },
  "#dir-attribute": {
    "current": {
      "number": "2.5.4",
      "spec": "MiniApp Lifecycle",
      "text": "dir attribute",
      "url": "https://w3c.github.io/miniapp-lifecycle/#dir-attribute"
    },
    "snapshot": {
      "number": "2.5.4",
      "spec": "MiniApp Lifecycle",
      "text": "dir attribute",
      "url": "https://www.w3.org/TR/miniapp-lifecycle/#dir-attribute"
    }
  },
  "#dir-attribute-0": {
    "current": {
      "number": "2.6.3",
      "spec": "MiniApp Lifecycle",
      "text": "dir attribute",
      "url": "https://w3c.github.io/miniapp-lifecycle/#dir-attribute-0"
    },
    "snapshot": {
      "number": "2.6.3",
      "spec": "MiniApp Lifecycle",
      "text": "dir attribute",
      "url": "https://www.w3.org/TR/miniapp-lifecycle/#dir-attribute-0"
    }
  },
  "#errordescription-attribute": {
    "current": {
      "number": "2.6.1",
      "spec": "MiniApp Lifecycle",
      "text": "errorDescription attribute",
      "url": "https://w3c.github.io/miniapp-lifecycle/#errordescription-attribute"
    },
    "snapshot": {
      "number": "2.6.1",
      "spec": "MiniApp Lifecycle",
      "text": "errorDescription attribute",
      "url": "https://www.w3.org/TR/miniapp-lifecycle/#errordescription-attribute"
    }
  },
  "#globalstate-attribute": {
    "current": {
      "number": "2.4.1",
      "spec": "MiniApp Lifecycle",
      "text": "globalState attribute",
      "url": "https://w3c.github.io/miniapp-lifecycle/#globalstate-attribute"
    },
    "snapshot": {
      "number": "2.4.1",
      "spec": "MiniApp Lifecycle",
      "text": "globalState attribute",
      "url": "https://www.w3.org/TR/miniapp-lifecycle/#globalstate-attribute"
    }
  },
  "#globalstate-enum": {
    "current": {
      "number": "2.3",
      "spec": "MiniApp Lifecycle",
      "text": "GlobalState enum",
      "url": "https://w3c.github.io/miniapp-lifecycle/#globalstate-enum"
    },
    "snapshot": {
      "number": "2.3",
      "spec": "MiniApp Lifecycle",
      "text": "GlobalState enum",
      "url": "https://www.w3.org/TR/miniapp-lifecycle/#globalstate-enum"
    }
  },
  "#informative-references": {
    "current": {
      "number": "A.1",
      "spec": "MiniApp Lifecycle",
      "text": "Informative references",
      "url": "https://w3c.github.io/miniapp-lifecycle/#informative-references"
    },
    "snapshot": {
      "number": "A.1",
      "spec": "MiniApp Lifecycle",
      "text": "Informative references",
      "url": "https://www.w3.org/TR/miniapp-lifecycle/#informative-references"
    }
  },
  "#inputobject-attribute": {
    "current": {
      "number": "2.4.2",
      "spec": "MiniApp Lifecycle",
      "text": "inputObject attribute",
      "url": "https://w3c.github.io/miniapp-lifecycle/#inputobject-attribute"
    },
    "snapshot": {
      "number": "2.4.2",
      "spec": "MiniApp Lifecycle",
      "text": "inputObject attribute",
      "url": "https://www.w3.org/TR/miniapp-lifecycle/#inputobject-attribute"
    }
  },
  "#inputobject-interface": {
    "current": {
      "number": "2.5",
      "spec": "MiniApp Lifecycle",
      "text": "InputObject interface",
      "url": "https://w3c.github.io/miniapp-lifecycle/#inputobject-interface"
    },
    "snapshot": {
      "number": "2.5",
      "spec": "MiniApp Lifecycle",
      "text": "InputObject interface",
      "url": "https://www.w3.org/TR/miniapp-lifecycle/#inputobject-interface"
    }
  },
  "#lang-attribute": {
    "current": {
      "number": "2.5.3",
      "spec": "MiniApp Lifecycle",
      "text": "lang attribute",
      "url": "https://w3c.github.io/miniapp-lifecycle/#lang-attribute"
    },
    "snapshot": {
      "number": "2.5.3",
      "spec": "MiniApp Lifecycle",
      "text": "lang attribute",
      "url": "https://www.w3.org/TR/miniapp-lifecycle/#lang-attribute"
    }
  },
  "#lang-attribute-0": {
    "current": {
      "number": "2.6.2",
      "spec": "MiniApp Lifecycle",
      "text": "lang attribute",
      "url": "https://w3c.github.io/miniapp-lifecycle/#lang-attribute-0"
    },
    "snapshot": {
      "number": "2.6.2",
      "spec": "MiniApp Lifecycle",
      "text": "lang attribute",
      "url": "https://www.w3.org/TR/miniapp-lifecycle/#lang-attribute-0"
    }
  },
  "#lifecycleerror-attribute": {
    "current": {
      "number": "2.4.3",
      "spec": "MiniApp Lifecycle",
      "text": "lifecycleError attribute",
      "url": "https://w3c.github.io/miniapp-lifecycle/#lifecycleerror-attribute"
    },
    "snapshot": {
      "number": "2.4.3",
      "spec": "MiniApp Lifecycle",
      "text": "lifecycleError attribute",
      "url": "https://www.w3.org/TR/miniapp-lifecycle/#lifecycleerror-attribute"
    }
  },
  "#lifecycleerror-interface": {
    "current": {
      "number": "2.6",
      "spec": "MiniApp Lifecycle",
      "text": "LifecycleError interface",
      "url": "https://w3c.github.io/miniapp-lifecycle/#lifecycleerror-interface"
    },
    "snapshot": {
      "number": "2.6",
      "spec": "MiniApp Lifecycle",
      "text": "LifecycleError interface",
      "url": "https://www.w3.org/TR/miniapp-lifecycle/#lifecycleerror-interface"
    }
  },
  "#miniapp-global-application-lifecycle": {
    "current": {
      "number": "2",
      "spec": "MiniApp Lifecycle",
      "text": "MiniApp Global Application Lifecycle",
      "url": "https://w3c.github.io/miniapp-lifecycle/#miniapp-global-application-lifecycle"
    },
    "snapshot": {
      "number": "2",
      "spec": "MiniApp Lifecycle",
      "text": "MiniApp Global Application Lifecycle",
      "url": "https://www.w3.org/TR/miniapp-lifecycle/#miniapp-global-application-lifecycle"
    }
  },
  "#miniapp-global-application-lifecycle-events": {
    "current": {
      "number": "2.1",
      "spec": "MiniApp Lifecycle",
      "text": "MiniApp Global Application Lifecycle Events",
      "url": "https://w3c.github.io/miniapp-lifecycle/#miniapp-global-application-lifecycle-events"
    },
    "snapshot": {
      "number": "2.1",
      "spec": "MiniApp Lifecycle",
      "text": "MiniApp Global Application Lifecycle Events",
      "url": "https://www.w3.org/TR/miniapp-lifecycle/#miniapp-global-application-lifecycle-events"
    }
  },
  "#miniapp-global-application-lifecycle-interface": {
    "current": {
      "number": "2.4",
      "spec": "MiniApp Lifecycle",
      "text": "MiniApp Global Application Lifecycle interface",
      "url": "https://w3c.github.io/miniapp-lifecycle/#miniapp-global-application-lifecycle-interface"
    },
    "snapshot": {
      "number": "2.4",
      "spec": "MiniApp Lifecycle",
      "text": "MiniApp Global Application Lifecycle interface",
      "url": "https://www.w3.org/TR/miniapp-lifecycle/#miniapp-global-application-lifecycle-interface"
    }
  },
  "#miniapp-global-application-lifecycle-states": {
    "current": {
      "number": "2.2",
      "spec": "MiniApp Lifecycle",
      "text": "MiniApp Global Application Lifecycle States",
      "url": "https://w3c.github.io/miniapp-lifecycle/#miniapp-global-application-lifecycle-states"
    },
    "snapshot": {
      "number": "2.2",
      "spec": "MiniApp Lifecycle",
      "text": "MiniApp Global Application Lifecycle States",
      "url": "https://www.w3.org/TR/miniapp-lifecycle/#miniapp-global-application-lifecycle-states"
    }
  },
  "#miniapp-page-lifecycle": {
    "current": {
      "number": "3",
      "spec": "MiniApp Lifecycle",
      "text": "MiniApp Page Lifecycle",
      "url": "https://w3c.github.io/miniapp-lifecycle/#miniapp-page-lifecycle"
    },
    "snapshot": {
      "number": "3",
      "spec": "MiniApp Lifecycle",
      "text": "MiniApp Page Lifecycle",
      "url": "https://www.w3.org/TR/miniapp-lifecycle/#miniapp-page-lifecycle"
    }
  },
  "#miniapp-page-lifecycle-events": {
    "current": {
      "number": "3.1",
      "spec": "MiniApp Lifecycle",
      "text": "MiniApp Page Lifecycle Events",
      "url": "https://w3c.github.io/miniapp-lifecycle/#miniapp-page-lifecycle-events"
    },
    "snapshot": {
      "number": "3.1",
      "spec": "MiniApp Lifecycle",
      "text": "MiniApp Page Lifecycle Events",
      "url": "https://www.w3.org/TR/miniapp-lifecycle/#miniapp-page-lifecycle-events"
    }
  },
  "#miniapp-page-lifecycle-interface": {
    "current": {
      "number": "3.4",
      "spec": "MiniApp Lifecycle",
      "text": "MiniApp Page Lifecycle interface",
      "url": "https://w3c.github.io/miniapp-lifecycle/#miniapp-page-lifecycle-interface"
    },
    "snapshot": {
      "number": "3.4",
      "spec": "MiniApp Lifecycle",
      "text": "MiniApp Page Lifecycle interface",
      "url": "https://www.w3.org/TR/miniapp-lifecycle/#miniapp-page-lifecycle-interface"
    }
  },
  "#miniapp-page-lifecycle-states": {
    "current": {
      "number": "3.2",
      "spec": "MiniApp Lifecycle",
      "text": "MiniApp Page Lifecycle States",
      "url": "https://w3c.github.io/miniapp-lifecycle/#miniapp-page-lifecycle-states"
    },
    "snapshot": {
      "number": "3.2",
      "spec": "MiniApp Lifecycle",
      "text": "MiniApp Page Lifecycle States",
      "url": "https://www.w3.org/TR/miniapp-lifecycle/#miniapp-page-lifecycle-states"
    }
  },
  "#onglobalerror-event-handler-attribute": {
    "current": {
      "number": "2.4.7",
      "spec": "MiniApp Lifecycle",
      "text": "onglobalerror event handler attribute",
      "url": "https://w3c.github.io/miniapp-lifecycle/#onglobalerror-event-handler-attribute"
    },
    "snapshot": {
      "number": "2.4.7",
      "spec": "MiniApp Lifecycle",
      "text": "onglobalerror event handler attribute",
      "url": "https://www.w3.org/TR/miniapp-lifecycle/#onglobalerror-event-handler-attribute"
    }
  },
  "#onglobalhidden-event-handler-attribute": {
    "current": {
      "number": "2.4.6",
      "spec": "MiniApp Lifecycle",
      "text": "onglobalhidden event handler attribute",
      "url": "https://w3c.github.io/miniapp-lifecycle/#onglobalhidden-event-handler-attribute"
    },
    "snapshot": {
      "number": "2.4.6",
      "spec": "MiniApp Lifecycle",
      "text": "onglobalhidden event handler attribute",
      "url": "https://www.w3.org/TR/miniapp-lifecycle/#onglobalhidden-event-handler-attribute"
    }
  },
  "#ongloballaunched-event-handler-attribute": {
    "current": {
      "number": "2.4.4",
      "spec": "MiniApp Lifecycle",
      "text": "ongloballaunched event handler attribute",
      "url": "https://w3c.github.io/miniapp-lifecycle/#ongloballaunched-event-handler-attribute"
    },
    "snapshot": {
      "number": "2.4.4",
      "spec": "MiniApp Lifecycle",
      "text": "ongloballaunched event handler attribute",
      "url": "https://www.w3.org/TR/miniapp-lifecycle/#ongloballaunched-event-handler-attribute"
    }
  },
  "#onglobalshown-event-handler-attribute": {
    "current": {
      "number": "2.4.5",
      "spec": "MiniApp Lifecycle",
      "text": "onglobalshown event handler attribute",
      "url": "https://w3c.github.io/miniapp-lifecycle/#onglobalshown-event-handler-attribute"
    },
    "snapshot": {
      "number": "2.4.5",
      "spec": "MiniApp Lifecycle",
      "text": "onglobalshown event handler attribute",
      "url": "https://www.w3.org/TR/miniapp-lifecycle/#onglobalshown-event-handler-attribute"
    }
  },
  "#onglobalunloaded-event-handler-attribute": {
    "current": {
      "number": "2.4.8",
      "spec": "MiniApp Lifecycle",
      "text": "onglobalunloaded event handler attribute",
      "url": "https://w3c.github.io/miniapp-lifecycle/#onglobalunloaded-event-handler-attribute"
    },
    "snapshot": {
      "number": "2.4.8",
      "spec": "MiniApp Lifecycle",
      "text": "onglobalunloaded event handler attribute",
      "url": "https://www.w3.org/TR/miniapp-lifecycle/#onglobalunloaded-event-handler-attribute"
    }
  },
  "#onpagehidden-event-handler-attribute": {
    "current": {
      "number": "3.4.6",
      "spec": "MiniApp Lifecycle",
      "text": "onpagehidden event handler attribute",
      "url": "https://w3c.github.io/miniapp-lifecycle/#onpagehidden-event-handler-attribute"
    },
    "snapshot": {
      "number": "3.4.6",
      "spec": "MiniApp Lifecycle",
      "text": "onpagehidden event handler attribute",
      "url": "https://www.w3.org/TR/miniapp-lifecycle/#onpagehidden-event-handler-attribute"
    }
  },
  "#onpageloaded-event-handler-attribute": {
    "current": {
      "number": "3.4.3",
      "spec": "MiniApp Lifecycle",
      "text": "onpageloaded event handler attribute",
      "url": "https://w3c.github.io/miniapp-lifecycle/#onpageloaded-event-handler-attribute"
    },
    "snapshot": {
      "number": "3.4.3",
      "spec": "MiniApp Lifecycle",
      "text": "onpageloaded event handler attribute",
      "url": "https://www.w3.org/TR/miniapp-lifecycle/#onpageloaded-event-handler-attribute"
    }
  },
  "#onpageready-event-handler-attribute": {
    "current": {
      "number": "3.4.4",
      "spec": "MiniApp Lifecycle",
      "text": "onpageready event handler attribute",
      "url": "https://w3c.github.io/miniapp-lifecycle/#onpageready-event-handler-attribute"
    },
    "snapshot": {
      "number": "3.4.4",
      "spec": "MiniApp Lifecycle",
      "text": "onpageready event handler attribute",
      "url": "https://www.w3.org/TR/miniapp-lifecycle/#onpageready-event-handler-attribute"
    }
  },
  "#onpageshown-event-handler-attribute": {
    "current": {
      "number": "3.4.5",
      "spec": "MiniApp Lifecycle",
      "text": "onpageshown event handler attribute",
      "url": "https://w3c.github.io/miniapp-lifecycle/#onpageshown-event-handler-attribute"
    },
    "snapshot": {
      "number": "3.4.5",
      "spec": "MiniApp Lifecycle",
      "text": "onpageshown event handler attribute",
      "url": "https://www.w3.org/TR/miniapp-lifecycle/#onpageshown-event-handler-attribute"
    }
  },
  "#onpageunloaded-event-handler-attribute": {
    "current": {
      "number": "3.4.7",
      "spec": "MiniApp Lifecycle",
      "text": "onpageunloaded event handler attribute",
      "url": "https://w3c.github.io/miniapp-lifecycle/#onpageunloaded-event-handler-attribute"
    },
    "snapshot": {
      "number": "3.4.7",
      "spec": "MiniApp Lifecycle",
      "text": "onpageunloaded event handler attribute",
      "url": "https://www.w3.org/TR/miniapp-lifecycle/#onpageunloaded-event-handler-attribute"
    }
  },
  "#pageinputobject-attribute": {
    "current": {
      "number": "3.4.2",
      "spec": "MiniApp Lifecycle",
      "text": "pageInputObject attribute",
      "url": "https://w3c.github.io/miniapp-lifecycle/#pageinputobject-attribute"
    },
    "snapshot": {
      "number": "3.4.2",
      "spec": "MiniApp Lifecycle",
      "text": "pageInputObject attribute",
      "url": "https://www.w3.org/TR/miniapp-lifecycle/#pageinputobject-attribute"
    }
  },
  "#pageinputobject-interface": {
    "current": {
      "number": "3.5",
      "spec": "MiniApp Lifecycle",
      "text": "PageInputObject interface",
      "url": "https://w3c.github.io/miniapp-lifecycle/#pageinputobject-interface"
    },
    "snapshot": {
      "number": "3.5",
      "spec": "MiniApp Lifecycle",
      "text": "PageInputObject interface",
      "url": "https://www.w3.org/TR/miniapp-lifecycle/#pageinputobject-interface"
    }
  },
  "#pageinputquery-attribute": {
    "current": {
      "number": "3.5.1",
      "spec": "MiniApp Lifecycle",
      "text": "pageInputQuery attribute",
      "url": "https://w3c.github.io/miniapp-lifecycle/#pageinputquery-attribute"
    },
    "snapshot": {
      "number": "3.5.1",
      "spec": "MiniApp Lifecycle",
      "text": "pageInputQuery attribute",
      "url": "https://www.w3.org/TR/miniapp-lifecycle/#pageinputquery-attribute"
    }
  },
  "#pagepath-attribute": {
    "current": {
      "number": "2.5.1",
      "spec": "MiniApp Lifecycle",
      "text": "pagePath attribute",
      "url": "https://w3c.github.io/miniapp-lifecycle/#pagepath-attribute"
    },
    "snapshot": {
      "number": "2.5.1",
      "spec": "MiniApp Lifecycle",
      "text": "pagePath attribute",
      "url": "https://www.w3.org/TR/miniapp-lifecycle/#pagepath-attribute"
    }
  },
  "#pagestate-attribute": {
    "current": {
      "number": "3.4.1",
      "spec": "MiniApp Lifecycle",
      "text": "pageState attribute",
      "url": "https://w3c.github.io/miniapp-lifecycle/#pagestate-attribute"
    },
    "snapshot": {
      "number": "3.4.1",
      "spec": "MiniApp Lifecycle",
      "text": "pageState attribute",
      "url": "https://www.w3.org/TR/miniapp-lifecycle/#pagestate-attribute"
    }
  },
  "#pagestate-enum": {
    "current": {
      "number": "3.3",
      "spec": "MiniApp Lifecycle",
      "text": "PageState enum",
      "url": "https://w3c.github.io/miniapp-lifecycle/#pagestate-enum"
    },
    "snapshot": {
      "number": "3.3",
      "spec": "MiniApp Lifecycle",
      "text": "PageState enum",
      "url": "https://www.w3.org/TR/miniapp-lifecycle/#pagestate-enum"
    }
  },
  "#privacy-considerations": {
    "current": {
      "number": "6",
      "spec": "MiniApp Lifecycle",
      "text": "Privacy Considerations",
      "url": "https://w3c.github.io/miniapp-lifecycle/#privacy-considerations"
    },
    "snapshot": {
      "number": "6",
      "spec": "MiniApp Lifecycle",
      "text": "Privacy Considerations",
      "url": "https://www.w3.org/TR/miniapp-lifecycle/#privacy-considerations"
    }
  },
  "#references": {
    "current": {
      "number": "A",
      "spec": "MiniApp Lifecycle",
      "text": "References",
      "url": "https://w3c.github.io/miniapp-lifecycle/#references"
    },
    "snapshot": {
      "number": "A",
      "spec": "MiniApp Lifecycle",
      "text": "References",
      "url": "https://www.w3.org/TR/miniapp-lifecycle/#references"
    }
  },
  "#referrerinfo-attribute": {
    "current": {
      "number": "2.5.2",
      "spec": "MiniApp Lifecycle",
      "text": "referrerInfo attribute",
      "url": "https://w3c.github.io/miniapp-lifecycle/#referrerinfo-attribute"
    },
    "snapshot": {
      "number": "2.5.2",
      "spec": "MiniApp Lifecycle",
      "text": "referrerInfo attribute",
      "url": "https://www.w3.org/TR/miniapp-lifecycle/#referrerinfo-attribute"
    }
  },
  "#security-considerations": {
    "current": {
      "number": "5",
      "spec": "MiniApp Lifecycle",
      "text": "Security Considerations",
      "url": "https://w3c.github.io/miniapp-lifecycle/#security-considerations"
    },
    "snapshot": {
      "number": "5",
      "spec": "MiniApp Lifecycle",
      "text": "Security Considerations",
      "url": "https://www.w3.org/TR/miniapp-lifecycle/#security-considerations"
    }
  },
  "#title": {
    "current": {
      "number": "",
      "spec": "MiniApp Lifecycle",
      "text": "MiniApp Lifecycle",
      "url": "https://w3c.github.io/miniapp-lifecycle/#title"
    },
    "snapshot": {
      "number": "",
      "spec": "MiniApp Lifecycle",
      "text": "MiniApp Lifecycle",
      "url": "https://www.w3.org/TR/miniapp-lifecycle/#title"
    }
  },
  "#toc": {
    "current": {
      "number": "",
      "spec": "MiniApp Lifecycle",
      "text": "Table of Contents",
      "url": "https://w3c.github.io/miniapp-lifecycle/#toc"
    },
    "snapshot": {
      "number": "",
      "spec": "MiniApp Lifecycle",
      "text": "Table of Contents",
      "url": "https://www.w3.org/TR/miniapp-lifecycle/#toc"
    }
  },
  "#usage-example": {
    "current": {
      "number": "4",
      "spec": "MiniApp Lifecycle",
      "text": "Usage example",
      "url": "https://w3c.github.io/miniapp-lifecycle/#usage-example"
    },
    "snapshot": {
      "number": "4",
      "spec": "MiniApp Lifecycle",
      "text": "Usage example",
      "url": "https://www.w3.org/TR/miniapp-lifecycle/#usage-example"
    }
  }
}