{
  "#acknowledgments": {
    "current": {
      "number": "B",
      "spec": "Performance Timeline",
      "text": "Acknowledgments",
      "url": "https://w3c.github.io/performance-timeline/#acknowledgments"
    },
    "snapshot": {
      "number": "B",
      "spec": "Performance Timeline",
      "text": "Acknowledgments",
      "url": "https://www.w3.org/TR/performance-timeline/#acknowledgments"
    }
  },
  "#conformance": {
    "current": {
      "number": "2",
      "spec": "Performance Timeline",
      "text": "Conformance",
      "url": "https://w3c.github.io/performance-timeline/#conformance"
    },
    "snapshot": {
      "number": "2",
      "spec": "Performance Timeline",
      "text": "Conformance",
      "url": "https://www.w3.org/TR/performance-timeline/#conformance"
    }
  },
  "#dependencies": {
    "current": {
      "number": "9",
      "spec": "Performance Timeline",
      "text": "Dependencies",
      "url": "https://w3c.github.io/performance-timeline/#dependencies"
    },
    "snapshot": {
      "number": "9",
      "spec": "Performance Timeline",
      "text": "Dependencies",
      "url": "https://www.w3.org/TR/performance-timeline/#dependencies"
    }
  },
  "#determine-if-a-performance-entry-buffer-is-full": {
    "current": {
      "number": "6.6",
      "spec": "Performance Timeline",
      "text": "Determine if a performance entry buffer is full",
      "url": "https://w3c.github.io/performance-timeline/#determine-if-a-performance-entry-buffer-is-full"
    },
    "snapshot": {
      "number": "6.6",
      "spec": "Performance Timeline",
      "text": "Determine if a performance entry buffer is full",
      "url": "https://www.w3.org/TR/performance-timeline/#determine-if-a-performance-entry-buffer-is-full"
    }
  },
  "#disconnect-method": {
    "current": {
      "number": "5.4",
      "spec": "Performance Timeline",
      "text": "disconnect() method",
      "url": "https://w3c.github.io/performance-timeline/#disconnect-method"
    },
    "snapshot": {
      "number": "5.4",
      "spec": "Performance Timeline",
      "text": "disconnect() method",
      "url": "https://www.w3.org/TR/performance-timeline/#disconnect-method"
    }
  },
  "#extensions-to-the-performance-interface": {
    "current": {
      "number": "3.1",
      "spec": "Performance Timeline",
      "text": "Extensions to the Performance interface",
      "url": "https://w3c.github.io/performance-timeline/#extensions-to-the-performance-interface"
    },
    "snapshot": {
      "number": "3.1",
      "spec": "Performance Timeline",
      "text": "Extensions to the Performance interface",
      "url": "https://www.w3.org/TR/performance-timeline/#extensions-to-the-performance-interface"
    }
  },
  "#filter-buffer-by-name-and-type": {
    "current": {
      "number": "6.5",
      "spec": "Performance Timeline",
      "text": "Filter buffer by name and type",
      "url": "https://w3c.github.io/performance-timeline/#filter-buffer-by-name-and-type"
    },
    "snapshot": {
      "number": "6.5",
      "spec": "Performance Timeline",
      "text": "Filter buffer by name and type",
      "url": "https://www.w3.org/TR/performance-timeline/#filter-buffer-by-name-and-type"
    }
  },
  "#filter-buffer-map-by-name-and-type": {
    "current": {
      "number": "6.4",
      "spec": "Performance Timeline",
      "text": "Filter buffer map by name and type",
      "url": "https://w3c.github.io/performance-timeline/#filter-buffer-map-by-name-and-type"
    },
    "snapshot": {
      "number": "6.4",
      "spec": "Performance Timeline",
      "text": "Filter buffer map by name and type",
      "url": "https://www.w3.org/TR/performance-timeline/#filter-buffer-map-by-name-and-type"
    }
  },
  "#generate-a-performance-entry-id": {
    "current": {
      "number": "6.7",
      "spec": "Performance Timeline",
      "text": "Generate a Performance Entry id",
      "url": "https://w3c.github.io/performance-timeline/#generate-a-performance-entry-id"
    },
    "snapshot": {
      "number": "6.7",
      "spec": "Performance Timeline",
      "text": "Generate a Performance Entry id",
      "url": "https://www.w3.org/TR/performance-timeline/#generate-a-performance-entry-id"
    }
  },
  "#getentries-method": {
    "current": {
      "number": "3.1.1",
      "spec": "Performance Timeline",
      "text": "getEntries() method",
      "url": "https://w3c.github.io/performance-timeline/#getentries-method"
    },
    "snapshot": {
      "number": "3.1.1",
      "spec": "Performance Timeline",
      "text": "getEntries() method",
      "url": "https://www.w3.org/TR/performance-timeline/#getentries-method"
    }
  },
  "#getentries-method-0": {
    "current": {
      "number": "5.2.2.1",
      "spec": "Performance Timeline",
      "text": "getEntries() method",
      "url": "https://w3c.github.io/performance-timeline/#getentries-method-0"
    },
    "snapshot": {
      "number": "5.2.2.1",
      "spec": "Performance Timeline",
      "text": "getEntries() method",
      "url": "https://www.w3.org/TR/performance-timeline/#getentries-method-0"
    }
  },
  "#getentriesbyname-method": {
    "current": {
      "number": "3.1.3",
      "spec": "Performance Timeline",
      "text": "getEntriesByName() method",
      "url": "https://w3c.github.io/performance-timeline/#getentriesbyname-method"
    },
    "snapshot": {
      "number": "3.1.3",
      "spec": "Performance Timeline",
      "text": "getEntriesByName() method",
      "url": "https://www.w3.org/TR/performance-timeline/#getentriesbyname-method"
    }
  },
  "#getentriesbyname-method-0": {
    "current": {
      "number": "5.2.2.3",
      "spec": "Performance Timeline",
      "text": "getEntriesByName() method",
      "url": "https://w3c.github.io/performance-timeline/#getentriesbyname-method-0"
    },
    "snapshot": {
      "number": "5.2.2.3",
      "spec": "Performance Timeline",
      "text": "getEntriesByName() method",
      "url": "https://www.w3.org/TR/performance-timeline/#getentriesbyname-method-0"
    }
  },
  "#getentriesbytype-method": {
    "current": {
      "number": "3.1.2",
      "spec": "Performance Timeline",
      "text": "getEntriesByType() method",
      "url": "https://w3c.github.io/performance-timeline/#getentriesbytype-method"
    },
    "snapshot": {
      "number": "3.1.2",
      "spec": "Performance Timeline",
      "text": "getEntriesByType() method",
      "url": "https://www.w3.org/TR/performance-timeline/#getentriesbytype-method"
    }
  },
  "#getentriesbytype-method-0": {
    "current": {
      "number": "5.2.2.2",
      "spec": "Performance Timeline",
      "text": "getEntriesByType() method",
      "url": "https://w3c.github.io/performance-timeline/#getentriesbytype-method-0"
    },
    "snapshot": {
      "number": "5.2.2.2",
      "spec": "Performance Timeline",
      "text": "getEntriesByType() method",
      "url": "https://www.w3.org/TR/performance-timeline/#getentriesbytype-method-0"
    }
  },
  "#idl-index": {
    "current": {
      "number": "A",
      "spec": "Performance Timeline",
      "text": "IDL Index",
      "url": "https://w3c.github.io/performance-timeline/#idl-index"
    },
    "snapshot": {
      "number": "A",
      "spec": "Performance Timeline",
      "text": "IDL Index",
      "url": "https://www.w3.org/TR/performance-timeline/#idl-index"
    }
  },
  "#informative-references": {
    "current": {
      "number": "C.2",
      "spec": "Performance Timeline",
      "text": "Informative references",
      "url": "https://w3c.github.io/performance-timeline/#informative-references"
    },
    "snapshot": {
      "number": "C.2",
      "spec": "Performance Timeline",
      "text": "Informative references",
      "url": "https://www.w3.org/TR/performance-timeline/#informative-references"
    }
  },
  "#introduction": {
    "current": {
      "number": "1",
      "spec": "Performance Timeline",
      "text": "Introduction",
      "url": "https://w3c.github.io/performance-timeline/#introduction"
    },
    "snapshot": {
      "number": "1",
      "spec": "Performance Timeline",
      "text": "Introduction",
      "url": "https://www.w3.org/TR/performance-timeline/#introduction"
    }
  },
  "#normative-references": {
    "current": {
      "number": "C.1",
      "spec": "Performance Timeline",
      "text": "Normative references",
      "url": "https://w3c.github.io/performance-timeline/#normative-references"
    },
    "snapshot": {
      "number": "C.1",
      "spec": "Performance Timeline",
      "text": "Normative references",
      "url": "https://www.w3.org/TR/performance-timeline/#normative-references"
    }
  },
  "#observe-method": {
    "current": {
      "number": "5.2",
      "spec": "Performance Timeline",
      "text": "observe() method",
      "url": "https://w3c.github.io/performance-timeline/#observe-method"
    },
    "snapshot": {
      "number": "5.2",
      "spec": "Performance Timeline",
      "text": "observe() method",
      "url": "https://www.w3.org/TR/performance-timeline/#observe-method"
    }
  },
  "#performance-timeline": {
    "current": {
      "number": "3",
      "spec": "Performance Timeline",
      "text": "Performance Timeline",
      "url": "https://w3c.github.io/performance-timeline/#performance-timeline"
    },
    "snapshot": {
      "number": "3",
      "spec": "Performance Timeline",
      "text": "Performance Timeline",
      "url": "https://www.w3.org/TR/performance-timeline/#performance-timeline"
    }
  },
  "#performanceobservercallbackoptions-dictionary": {
    "current": {
      "number": "5.1",
      "spec": "Performance Timeline",
      "text": "PerformanceObserverCallbackOptions dictionary",
      "url": "https://w3c.github.io/performance-timeline/#performanceobservercallbackoptions-dictionary"
    },
    "snapshot": {
      "number": "5.1",
      "spec": "Performance Timeline",
      "text": "PerformanceObserverCallbackOptions dictionary",
      "url": "https://www.w3.org/TR/performance-timeline/#performanceobservercallbackoptions-dictionary"
    }
  },
  "#performanceobserverentrylist-interface": {
    "current": {
      "number": "5.2.2",
      "spec": "Performance Timeline",
      "text": "PerformanceObserverEntryList interface",
      "url": "https://w3c.github.io/performance-timeline/#performanceobserverentrylist-interface"
    },
    "snapshot": {
      "number": "5.2.2",
      "spec": "Performance Timeline",
      "text": "PerformanceObserverEntryList interface",
      "url": "https://www.w3.org/TR/performance-timeline/#performanceobserverentrylist-interface"
    }
  },
  "#performanceobserverinit-dictionary": {
    "current": {
      "number": "5.2.1",
      "spec": "Performance Timeline",
      "text": "PerformanceObserverInit dictionary",
      "url": "https://w3c.github.io/performance-timeline/#performanceobserverinit-dictionary"
    },
    "snapshot": {
      "number": "5.2.1",
      "spec": "Performance Timeline",
      "text": "PerformanceObserverInit dictionary",
      "url": "https://www.w3.org/TR/performance-timeline/#performanceobserverinit-dictionary"
    }
  },
  "#privacy": {
    "current": {
      "number": "7",
      "spec": "Performance Timeline",
      "text": "Privacy Considerations",
      "url": "https://w3c.github.io/performance-timeline/#privacy"
    },
    "snapshot": {
      "number": "7",
      "spec": "Performance Timeline",
      "text": "Privacy Considerations",
      "url": "https://www.w3.org/TR/performance-timeline/#privacy"
    }
  },
  "#processing": {
    "current": {
      "number": "6",
      "spec": "Performance Timeline",
      "text": "Processing",
      "url": "https://w3c.github.io/performance-timeline/#processing"
    },
    "snapshot": {
      "number": "6",
      "spec": "Performance Timeline",
      "text": "Processing",
      "url": "https://www.w3.org/TR/performance-timeline/#processing"
    }
  },
  "#queue-a-navigation-performanceentry": {
    "current": {
      "number": "6.2",
      "spec": "Performance Timeline",
      "text": "Queue a navigation PerformanceEntry",
      "url": "https://w3c.github.io/performance-timeline/#queue-a-navigation-performanceentry"
    },
    "snapshot": {
      "number": "6.2",
      "spec": "Performance Timeline",
      "text": "Queue a navigation PerformanceEntry",
      "url": "https://www.w3.org/TR/performance-timeline/#queue-a-navigation-performanceentry"
    }
  },
  "#queue-a-performanceentry": {
    "current": {
      "number": "6.1",
      "spec": "Performance Timeline",
      "text": "Queue a PerformanceEntry",
      "url": "https://w3c.github.io/performance-timeline/#queue-a-performanceentry"
    },
    "snapshot": {
      "number": "6.1",
      "spec": "Performance Timeline",
      "text": "Queue a PerformanceEntry",
      "url": "https://www.w3.org/TR/performance-timeline/#queue-a-performanceentry"
    }
  },
  "#queue-the-performanceobserver-task": {
    "current": {
      "number": "6.3",
      "spec": "Performance Timeline",
      "text": "Queue the PerformanceObserver task",
      "url": "https://w3c.github.io/performance-timeline/#queue-the-performanceobserver-task"
    },
    "snapshot": {
      "number": "6.3",
      "spec": "Performance Timeline",
      "text": "Queue the PerformanceObserver task",
      "url": "https://www.w3.org/TR/performance-timeline/#queue-the-performanceobserver-task"
    }
  },
  "#references": {
    "current": {
      "number": "C",
      "spec": "Performance Timeline",
      "text": "References",
      "url": "https://w3c.github.io/performance-timeline/#references"
    },
    "snapshot": {
      "number": "C",
      "spec": "Performance Timeline",
      "text": "References",
      "url": "https://www.w3.org/TR/performance-timeline/#references"
    }
  },
  "#security": {
    "current": {
      "number": "8",
      "spec": "Performance Timeline",
      "text": "Security Considerations",
      "url": "https://w3c.github.io/performance-timeline/#security"
    },
    "snapshot": {
      "number": "8",
      "spec": "Performance Timeline",
      "text": "Security Considerations",
      "url": "https://www.w3.org/TR/performance-timeline/#security"
    }
  },
  "#supportedentrytypes-attribute": {
    "current": {
      "number": "5.5",
      "spec": "Performance Timeline",
      "text": "supportedEntryTypes attribute",
      "url": "https://w3c.github.io/performance-timeline/#supportedentrytypes-attribute"
    },
    "snapshot": {
      "number": "5.5",
      "spec": "Performance Timeline",
      "text": "supportedEntryTypes attribute",
      "url": "https://www.w3.org/TR/performance-timeline/#supportedentrytypes-attribute"
    }
  },
  "#takerecords-method": {
    "current": {
      "number": "5.3",
      "spec": "Performance Timeline",
      "text": "takeRecords() method",
      "url": "https://w3c.github.io/performance-timeline/#takerecords-method"
    },
    "snapshot": {
      "number": "5.3",
      "spec": "Performance Timeline",
      "text": "takeRecords() method",
      "url": "https://www.w3.org/TR/performance-timeline/#takerecords-method"
    }
  },
  "#the-performanceentry-interface": {
    "current": {
      "number": "4",
      "spec": "Performance Timeline",
      "text": "The PerformanceEntry interface",
      "url": "https://w3c.github.io/performance-timeline/#the-performanceentry-interface"
    },
    "snapshot": {
      "number": "4",
      "spec": "Performance Timeline",
      "text": "The PerformanceEntry interface",
      "url": "https://www.w3.org/TR/performance-timeline/#the-performanceentry-interface"
    }
  },
  "#the-performanceobserver-interface": {
    "current": {
      "number": "5",
      "spec": "Performance Timeline",
      "text": "The PerformanceObserver interface",
      "url": "https://w3c.github.io/performance-timeline/#the-performanceobserver-interface"
    },
    "snapshot": {
      "number": "5",
      "spec": "Performance Timeline",
      "text": "The PerformanceObserver interface",
      "url": "https://www.w3.org/TR/performance-timeline/#the-performanceobserver-interface"
    }
  },
  "#title": {
    "current": {
      "number": "",
      "spec": "Performance Timeline",
      "text": "Performance Timeline",
      "url": "https://w3c.github.io/performance-timeline/#title"
    },
    "snapshot": {
      "number": "",
      "spec": "Performance Timeline",
      "text": "Performance Timeline",
      "url": "https://www.w3.org/TR/performance-timeline/#title"
    }
  },
  "#toc": {
    "current": {
      "number": "",
      "spec": "Performance Timeline",
      "text": "Table of Contents",
      "url": "https://w3c.github.io/performance-timeline/#toc"
    },
    "snapshot": {
      "number": "",
      "spec": "Performance Timeline",
      "text": "Table of Contents",
      "url": "https://www.w3.org/TR/performance-timeline/#toc"
    }
  }
}