{
  "#sec-decodebase64chunk": {
    "current": {
      "number": "10.2",
      "spec": "Uint8Array to/from base64",
      "text": "DecodeBase64Chunk ( chunk [ , throwOnExtraBits ] )",
      "url": "https://tc39.es/proposal-arraybuffer-base64/spec/#sec-decodebase64chunk"
    }
  },
  "#sec-frombase64": {
    "current": {
      "number": "10.3",
      "spec": "Uint8Array to/from base64",
      "text": "FromBase64 ( string, alphabet, lastChunkHandling [ , maxLength ] )",
      "url": "https://tc39.es/proposal-arraybuffer-base64/spec/#sec-frombase64"
    }
  },
  "#sec-fromhex": {
    "current": {
      "number": "10.4",
      "spec": "Uint8Array to/from base64",
      "text": "FromHex ( string [ , maxLength ] )",
      "url": "https://tc39.es/proposal-arraybuffer-base64/spec/#sec-fromhex"
    }
  },
  "#sec-getoptionsobject": {
    "current": {
      "number": "10.5",
      "spec": "Uint8Array to/from base64",
      "text": "GetOptionsObject ( options )",
      "url": "https://tc39.es/proposal-arraybuffer-base64/spec/#sec-getoptionsobject"
    }
  },
  "#sec-getuint8arraybytes": {
    "current": {
      "number": "8",
      "spec": "Uint8Array to/from base64",
      "text": "GetUint8ArrayBytes ( ta )",
      "url": "https://tc39.es/proposal-arraybuffer-base64/spec/#sec-getuint8arraybytes"
    }
  },
  "#sec-helpers": {
    "current": {
      "number": "10",
      "spec": "Uint8Array to/from base64",
      "text": "Helpers",
      "url": "https://tc39.es/proposal-arraybuffer-base64/spec/#sec-helpers"
    }
  },
  "#sec-skipasciiwhitespace": {
    "current": {
      "number": "10.1",
      "spec": "Uint8Array to/from base64",
      "text": "SkipAsciiWhitespace ( string, index )",
      "url": "https://tc39.es/proposal-arraybuffer-base64/spec/#sec-skipasciiwhitespace"
    }
  },
  "#sec-uint8array.frombase64": {
    "current": {
      "number": "3",
      "spec": "Uint8Array to/from base64",
      "text": "Uint8Array.fromBase64 ( string [ , options ] )",
      "url": "https://tc39.es/proposal-arraybuffer-base64/spec/#sec-uint8array.frombase64"
    }
  },
  "#sec-uint8array.fromhex": {
    "current": {
      "number": "5",
      "spec": "Uint8Array to/from base64",
      "text": "Uint8Array.fromHex ( string )",
      "url": "https://tc39.es/proposal-arraybuffer-base64/spec/#sec-uint8array.fromhex"
    }
  },
  "#sec-uint8array.prototype.setfrombase64": {
    "current": {
      "number": "4",
      "spec": "Uint8Array to/from base64",
      "text": "Uint8Array.prototype.setFromBase64 ( string [ , options ] )",
      "url": "https://tc39.es/proposal-arraybuffer-base64/spec/#sec-uint8array.prototype.setfrombase64"
    }
  },
  "#sec-uint8array.prototype.setfromhex": {
    "current": {
      "number": "6",
      "spec": "Uint8Array to/from base64",
      "text": "Uint8Array.prototype.setFromHex ( string )",
      "url": "https://tc39.es/proposal-arraybuffer-base64/spec/#sec-uint8array.prototype.setfromhex"
    }
  },
  "#sec-uint8array.prototype.tobase64": {
    "current": {
      "number": "1",
      "spec": "Uint8Array to/from base64",
      "text": "Uint8Array.prototype.toBase64 ( [ options ] )",
      "url": "https://tc39.es/proposal-arraybuffer-base64/spec/#sec-uint8array.prototype.tobase64"
    }
  },
  "#sec-uint8array.prototype.tohex": {
    "current": {
      "number": "2",
      "spec": "Uint8Array to/from base64",
      "text": "Uint8Array.prototype.toHex ( )",
      "url": "https://tc39.es/proposal-arraybuffer-base64/spec/#sec-uint8array.prototype.tohex"
    }
  },
  "#sec-validateuint8array": {
    "current": {
      "number": "7",
      "spec": "Uint8Array to/from base64",
      "text": "ValidateUint8Array ( ta )",
      "url": "https://tc39.es/proposal-arraybuffer-base64/spec/#sec-validateuint8array"
    }
  },
  "#sec-writeuint8arraybytes": {
    "current": {
      "number": "9",
      "spec": "Uint8Array to/from base64",
      "text": "SetUint8ArrayBytes ( into, bytes )",
      "url": "https://tc39.es/proposal-arraybuffer-base64/spec/#sec-writeuint8arraybytes"
    }
  }
}