{
  "#abstract": {
    "current": {
      "number": "",
      "spec": "DataCue API",
      "text": "Abstract",
      "url": "https://wicg.github.io/datacue/#abstract"
    }
  },
  "#acknowledgements": {
    "current": {
      "number": "6",
      "spec": "DataCue API",
      "text": "Acknowledgements",
      "url": "https://wicg.github.io/datacue/#acknowledgements"
    }
  },
  "#api": {
    "current": {
      "number": "3",
      "spec": "DataCue API",
      "text": "API",
      "url": "https://wicg.github.io/datacue/#api"
    }
  },
  "#app-generated-datacue-example": {
    "current": {
      "number": "5.1",
      "spec": "DataCue API",
      "text": "Application-generated DataCues",
      "url": "https://wicg.github.io/datacue/#app-generated-datacue-example"
    }
  },
  "#datacue-interface": {
    "current": {
      "number": "3.1",
      "spec": "DataCue API",
      "text": "The DataCue interface",
      "url": "https://wicg.github.io/datacue/#datacue-interface"
    }
  },
  "#examples": {
    "current": {
      "number": "5",
      "spec": "DataCue API",
      "text": "Examples",
      "url": "https://wicg.github.io/datacue/#examples"
    }
  },
  "#idl-index": {
    "current": {
      "number": "",
      "spec": "DataCue API",
      "text": "IDL Index",
      "url": "https://wicg.github.io/datacue/#idl-index"
    }
  },
  "#in-band-emsg-example": {
    "current": {
      "number": "5.2",
      "spec": "DataCue API",
      "text": "In-band MPEG-DASH emsg events",
      "url": "https://wicg.github.io/datacue/#in-band-emsg-example"
    }
  },
  "#in-band-event-mappings": {
    "current": {
      "number": "4",
      "spec": "DataCue API",
      "text": "In-band event mappings",
      "url": "https://wicg.github.io/datacue/#in-band-event-mappings"
    }
  },
  "#index": {
    "current": {
      "number": "",
      "spec": "DataCue API",
      "text": "Index",
      "url": "https://wicg.github.io/datacue/#index"
    }
  },
  "#index-defined-elsewhere": {
    "current": {
      "number": "",
      "spec": "DataCue API",
      "text": "Terms defined by reference",
      "url": "https://wicg.github.io/datacue/#index-defined-elsewhere"
    }
  },
  "#index-defined-here": {
    "current": {
      "number": "",
      "spec": "DataCue API",
      "text": "Terms defined by this specification",
      "url": "https://wicg.github.io/datacue/#index-defined-here"
    }
  },
  "#introduction": {
    "current": {
      "number": "1",
      "spec": "DataCue API",
      "text": "Introduction",
      "url": "https://wicg.github.io/datacue/#introduction"
    }
  },
  "#mpeg-dash-emsg": {
    "current": {
      "number": "4.1",
      "spec": "DataCue API",
      "text": "MPEG-DASH emsg",
      "url": "https://wicg.github.io/datacue/#mpeg-dash-emsg"
    }
  },
  "#normative": {
    "current": {
      "number": "",
      "spec": "DataCue API",
      "text": "Normative References",
      "url": "https://wicg.github.io/datacue/#normative"
    }
  },
  "#references": {
    "current": {
      "number": "",
      "spec": "DataCue API",
      "text": "References",
      "url": "https://wicg.github.io/datacue/#references"
    }
  },
  "#security-and-privacy": {
    "current": {
      "number": "2",
      "spec": "DataCue API",
      "text": "Security and privacy considerations",
      "url": "https://wicg.github.io/datacue/#security-and-privacy"
    }
  },
  "#status": {
    "current": {
      "number": "",
      "spec": "DataCue API",
      "text": "Status of this document",
      "url": "https://wicg.github.io/datacue/#status"
    }
  },
  "#subtitle": {
    "current": {
      "number": "",
      "spec": "DataCue API",
      "text": "Draft Community Group Report, 8 March 2021",
      "url": "https://wicg.github.io/datacue/#subtitle"
    }
  },
  "#title": {
    "current": {
      "number": "",
      "spec": "DataCue API",
      "text": "DataCue API",
      "url": "https://wicg.github.io/datacue/#title"
    }
  },
  "#toc": {
    "current": {
      "number": "",
      "spec": "DataCue API",
      "text": "Table of Contents",
      "url": "https://wicg.github.io/datacue/#toc"
    }
  },
  "#w3c-conformance": {
    "current": {
      "number": "",
      "spec": "DataCue API",
      "text": "Conformance",
      "url": "https://wicg.github.io/datacue/#w3c-conformance"
    }
  },
  "#w3c-conformant-algorithms": {
    "current": {
      "number": "",
      "spec": "DataCue API",
      "text": "Conformant Algorithms",
      "url": "https://wicg.github.io/datacue/#w3c-conformant-algorithms"
    }
  },
  "#w3c-conventions": {
    "current": {
      "number": "",
      "spec": "DataCue API",
      "text": "Document conventions",
      "url": "https://wicg.github.io/datacue/#w3c-conventions"
    }
  }
}