{
  "#abstract": {
    "current": {
      "number": "",
      "spec": "Attribution Reporting",
      "text": "Abstract",
      "url": "https://wicg.github.io/attribution-reporting-api/#abstract"
    }
  },
  "#aggregatable-contribution": {
    "current": {
      "number": "6.22",
      "spec": "Attribution Reporting",
      "text": "Aggregatable contribution",
      "url": "https://wicg.github.io/attribution-reporting-api/#aggregatable-contribution"
    }
  },
  "#aggregatable-dedup-key": {
    "current": {
      "number": "6.15",
      "spec": "Attribution Reporting",
      "text": "Aggregatable dedup key",
      "url": "https://wicg.github.io/attribution-reporting-api/#aggregatable-dedup-key"
    }
  },
  "#aggregatable-report": {
    "current": {
      "number": "6.23",
      "spec": "Attribution Reporting",
      "text": "Aggregatable report",
      "url": "https://wicg.github.io/attribution-reporting-api/#aggregatable-report"
    }
  },
  "#aggregatable-source-registration-time-configuration-header": {
    "current": {
      "number": "6.18",
      "spec": "Attribution Reporting",
      "text": "Aggregatable source registration time configuration",
      "url": "https://wicg.github.io/attribution-reporting-api/#aggregatable-source-registration-time-configuration-header"
    }
  },
  "#aggregatable-trigger-data": {
    "current": {
      "number": "6.13",
      "spec": "Attribution Reporting",
      "text": "Aggregatable trigger data",
      "url": "https://wicg.github.io/attribution-reporting-api/#aggregatable-trigger-data"
    }
  },
  "#aggregatable-values-configuration": {
    "current": {
      "number": "6.14",
      "spec": "Attribution Reporting",
      "text": "Aggregatable values configuration",
      "url": "https://wicg.github.io/attribution-reporting-api/#aggregatable-values-configuration"
    }
  },
  "#aggregation-coordinator-header": {
    "current": {
      "number": "6.17",
      "spec": "Attribution Reporting",
      "text": "Aggregation coordinator",
      "url": "https://wicg.github.io/attribution-reporting-api/#aggregation-coordinator-header"
    }
  },
  "#attribution-debug-data": {
    "current": {
      "number": "6.25",
      "spec": "Attribution Reporting",
      "text": "Attribution debug data",
      "url": "https://wicg.github.io/attribution-reporting-api/#attribution-debug-data"
    }
  },
  "#attribution-debug-report": {
    "current": {
      "number": "6.26",
      "spec": "Attribution Reporting",
      "text": "Attribution debug report",
      "url": "https://wicg.github.io/attribution-reporting-api/#attribution-debug-report"
    }
  },
  "#attribution-filtering": {
    "current": {
      "number": "6.4",
      "spec": "Attribution Reporting",
      "text": "Attribution filtering",
      "url": "https://wicg.github.io/attribution-reporting-api/#attribution-filtering"
    }
  },
  "#attribution-rate-limits": {
    "current": {
      "number": "6.24",
      "spec": "Attribution Reporting",
      "text": "Attribution rate-limits",
      "url": "https://wicg.github.io/attribution-reporting-api/#attribution-rate-limits"
    }
  },
  "#attribution-report": {
    "current": {
      "number": "6.20",
      "spec": "Attribution Reporting",
      "text": "Attribution report",
      "url": "https://wicg.github.io/attribution-reporting-api/#attribution-report"
    }
  },
  "#attribution-source": {
    "current": {
      "number": "6.12",
      "spec": "Attribution Reporting",
      "text": "Attribution source",
      "url": "https://wicg.github.io/attribution-reporting-api/#attribution-source"
    }
  },
  "#attribution-trigger": {
    "current": {
      "number": "6.19",
      "spec": "Attribution Reporting",
      "text": "Attribution trigger",
      "url": "https://wicg.github.io/attribution-reporting-api/#attribution-trigger"
    }
  },
  "#attribution-trigger-creation": {
    "current": {
      "number": "12.1",
      "spec": "Attribution Reporting",
      "text": "Creating an attribution trigger",
      "url": "https://wicg.github.io/attribution-reporting-api/#attribution-trigger-creation"
    }
  },
  "#automation": {
    "current": {
      "number": "",
      "spec": "Attribution Reporting",
      "text": "16. User-Agent Automation",
      "url": "https://wicg.github.io/attribution-reporting-api/#automation"
    }
  },
  "#can-attribution-rate-limit-record-be-removed": {
    "current": {
      "number": "10.11",
      "spec": "Attribution Reporting",
      "text": "Can attribution rate-limit record be removed",
      "url": "https://wicg.github.io/attribution-reporting-api/#can-attribution-rate-limit-record-be-removed"
    }
  },
  "#can-source-create-aggregatable-contributions": {
    "current": {
      "number": "12.7",
      "spec": "Attribution Reporting",
      "text": "Can source create aggregatable contributions",
      "url": "https://wicg.github.io/attribution-reporting-api/#can-source-create-aggregatable-contributions"
    }
  },
  "#clear-site-data-integration": {
    "current": {
      "number": "5",
      "spec": "Attribution Reporting",
      "text": "Clear Site Data integration",
      "url": "https://wicg.github.io/attribution-reporting-api/#clear-site-data-integration"
    }
  },
  "#clearing-site-data": {
    "current": {
      "number": "18.1",
      "spec": "Attribution Reporting",
      "text": "Clearing site data",
      "url": "https://wicg.github.io/attribution-reporting-api/#clearing-site-data"
    }
  },
  "#computing-channel-capacity": {
    "current": {
      "number": "11.2",
      "spec": "Attribution Reporting",
      "text": "Computing channel capacity",
      "url": "https://wicg.github.io/attribution-reporting-api/#computing-channel-capacity"
    }
  },
  "#constants": {
    "current": {
      "number": "8",
      "spec": "Attribution Reporting",
      "text": "Constants",
      "url": "https://wicg.github.io/attribution-reporting-api/#constants"
    }
  },
  "#create-report-request": {
    "current": {
      "number": "13.8",
      "spec": "Attribution Reporting",
      "text": "Creating a report request",
      "url": "https://wicg.github.io/attribution-reporting-api/#create-report-request"
    }
  },
  "#creating-aggregatable-contributions": {
    "current": {
      "number": "12.6",
      "spec": "Attribution Reporting",
      "text": "Creating aggregatable contributions",
      "url": "https://wicg.github.io/attribution-reporting-api/#creating-aggregatable-contributions"
    }
  },
  "#cross-app-and-web": {
    "current": {
      "number": "",
      "spec": "Attribution Reporting",
      "text": "14. Cross App and Web Algorithms",
      "url": "https://wicg.github.io/attribution-reporting-api/#cross-app-and-web"
    }
  },
  "#cross-network-reporting-origin-leakage": {
    "current": {
      "number": "18.6.1",
      "spec": "Attribution Reporting",
      "text": "Cross-network reporting-origin leakage",
      "url": "https://wicg.github.io/attribution-reporting-api/#cross-network-reporting-origin-leakage"
    }
  },
  "#cross-site-information-disclosure": {
    "current": {
      "number": "18.2",
      "spec": "Attribution Reporting",
      "text": "Cross-site information disclosure",
      "url": "https://wicg.github.io/attribution-reporting-api/#cross-site-information-disclosure"
    }
  },
  "#cross-site-information-disclosure-aggregatable-reports": {
    "current": {
      "number": "18.2.2",
      "spec": "Attribution Reporting",
      "text": "Aggregatable reports",
      "url": "https://wicg.github.io/attribution-reporting-api/#cross-site-information-disclosure-aggregatable-reports"
    }
  },
  "#cross-site-information-disclosure-debug-reports": {
    "current": {
      "number": "18.2.3",
      "spec": "Attribution Reporting",
      "text": "Debug reports",
      "url": "https://wicg.github.io/attribution-reporting-api/#cross-site-information-disclosure-debug-reports"
    }
  },
  "#cross-site-information-disclosure-event-level-reports": {
    "current": {
      "number": "18.2.1",
      "spec": "Attribution Reporting",
      "text": "Event-level reports",
      "url": "https://wicg.github.io/attribution-reporting-api/#cross-site-information-disclosure-event-level-reports"
    }
  },
  "#cross-site-recognition-aggregatable-reports": {
    "current": {
      "number": "18.3.2",
      "spec": "Attribution Reporting",
      "text": "Aggregatable reports",
      "url": "https://wicg.github.io/attribution-reporting-api/#cross-site-recognition-aggregatable-reports"
    }
  },
  "#cross-site-recognition-event-level-reports": {
    "current": {
      "number": "18.3.1",
      "spec": "Attribution Reporting",
      "text": "Event-level reports",
      "url": "https://wicg.github.io/attribution-reporting-api/#cross-site-recognition-event-level-reports"
    }
  },
  "#debug-keys": {
    "current": {
      "number": "10.7",
      "spec": "Attribution Reporting",
      "text": "Cookie-based debugging",
      "url": "https://wicg.github.io/attribution-reporting-api/#debug-keys"
    }
  },
  "#deferring-trigger-attribution": {
    "current": {
      "number": "12.17",
      "spec": "Attribution Reporting",
      "text": "Deferring trigger attribution",
      "url": "https://wicg.github.io/attribution-reporting-api/#deferring-trigger-attribution"
    }
  },
  "#deliver-os-registrations-debug-reports": {
    "current": {
      "number": "14.3",
      "spec": "Attribution Reporting",
      "text": "Deliver OS registration debug reports",
      "url": "https://wicg.github.io/attribution-reporting-api/#deliver-os-registrations-debug-reports"
    }
  },
  "#delivery-time": {
    "current": {
      "number": "12.12",
      "spec": "Attribution Reporting",
      "text": "Establishing report delivery time",
      "url": "https://wicg.github.io/attribution-reporting-api/#delivery-time"
    }
  },
  "#destination-rate-limit-result": {
    "current": {
      "number": "6.31",
      "spec": "Attribution Reporting",
      "text": "Destination rate-limit result",
      "url": "https://wicg.github.io/attribution-reporting-api/#destination-rate-limit-result"
    }
  },
  "#does-filter-data-match": {
    "current": {
      "number": "12.2",
      "spec": "Attribution Reporting",
      "text": "Does filter data match",
      "url": "https://wicg.github.io/attribution-reporting-api/#does-filter-data-match"
    }
  },
  "#encode-integer": {
    "current": {
      "number": "13.1",
      "spec": "Attribution Reporting",
      "text": "Encode an unsigned k-bit integer",
      "url": "https://wicg.github.io/attribution-reporting-api/#encode-integer"
    }
  },
  "#event-level-report": {
    "current": {
      "number": "6.21",
      "spec": "Attribution Reporting",
      "text": "Event-level report",
      "url": "https://wicg.github.io/attribution-reporting-api/#event-level-report"
    }
  },
  "#event-level-trigger-configuration": {
    "current": {
      "number": "6.16",
      "spec": "Attribution Reporting",
      "text": "Event-level trigger configuration",
      "url": "https://wicg.github.io/attribution-reporting-api/#event-level-trigger-configuration"
    }
  },
  "#general-algorithms": {
    "current": {
      "number": "",
      "spec": "Attribution Reporting",
      "text": "10. General Algorithms",
      "url": "https://wicg.github.io/attribution-reporting-api/#general-algorithms"
    }
  },
  "#generating-randomized-null-reports": {
    "current": {
      "number": "12.16",
      "spec": "Attribution Reporting",
      "text": "Generating randomized null reports",
      "url": "https://wicg.github.io/attribution-reporting-api/#generating-randomized-null-reports"
    }
  },
  "#get-os-registrations": {
    "current": {
      "number": "14.1",
      "spec": "Attribution Reporting",
      "text": "Get OS registrations",
      "url": "https://wicg.github.io/attribution-reporting-api/#get-os-registrations"
    }
  },
  "#get-report-headers": {
    "current": {
      "number": "13.9",
      "spec": "Attribution Reporting",
      "text": "Get report request headers",
      "url": "https://wicg.github.io/attribution-reporting-api/#get-report-headers"
    }
  },
  "#get-report-url": {
    "current": {
      "number": "13.7",
      "spec": "Attribution Reporting",
      "text": "Get report request URL",
      "url": "https://wicg.github.io/attribution-reporting-api/#get-report-url"
    }
  },
  "#getting-preferred-platform": {
    "current": {
      "number": "10.6",
      "spec": "Attribution Reporting",
      "text": "Getting preferred platform",
      "url": "https://wicg.github.io/attribution-reporting-api/#getting-preferred-platform"
    }
  },
  "#handle-trigger-verification": {
    "current": {
      "number": "15.2",
      "spec": "Attribution Reporting",
      "text": "Handle trigger verification",
      "url": "https://wicg.github.io/attribution-reporting-api/#handle-trigger-verification"
    }
  },
  "#html-monkeypatches": {
    "current": {
      "number": "2",
      "spec": "Attribution Reporting",
      "text": "HTML monkeypatches",
      "url": "https://wicg.github.io/attribution-reporting-api/#html-monkeypatches"
    }
  },
  "#idl-index": {
    "current": {
      "number": "",
      "spec": "Attribution Reporting",
      "text": "IDL Index",
      "url": "https://wicg.github.io/attribution-reporting-api/#idl-index"
    }
  },
  "#index": {
    "current": {
      "number": "",
      "spec": "Attribution Reporting",
      "text": "Index",
      "url": "https://wicg.github.io/attribution-reporting-api/#index"
    }
  },
  "#index-defined-elsewhere": {
    "current": {
      "number": "",
      "spec": "Attribution Reporting",
      "text": "Terms defined by reference",
      "url": "https://wicg.github.io/attribution-reporting-api/#index-defined-elsewhere"
    }
  },
  "#index-defined-here": {
    "current": {
      "number": "",
      "spec": "Attribution Reporting",
      "text": "Terms defined by this specification",
      "url": "https://wicg.github.io/attribution-reporting-api/#index-defined-here"
    }
  },
  "#informative": {
    "current": {
      "number": "",
      "spec": "Attribution Reporting",
      "text": "Informative References",
      "url": "https://wicg.github.io/attribution-reporting-api/#informative"
    }
  },
  "#initiate-trigger-verification": {
    "current": {
      "number": "15.1",
      "spec": "Attribution Reporting",
      "text": "Initiate trigger verification",
      "url": "https://wicg.github.io/attribution-reporting-api/#initiate-trigger-verification"
    }
  },
  "#intro": {
    "current": {
      "number": "1",
      "spec": "Attribution Reporting",
      "text": "Introduction",
      "url": "https://wicg.github.io/attribution-reporting-api/#intro"
    }
  },
  "#issue-debug-report-request": {
    "current": {
      "number": "13.11",
      "spec": "Attribution Reporting",
      "text": "Issuing a debug report request",
      "url": "https://wicg.github.io/attribution-reporting-api/#issue-debug-report-request"
    }
  },
  "#issue-report-request": {
    "current": {
      "number": "13.10",
      "spec": "Attribution Reporting",
      "text": "Issuing a report request",
      "url": "https://wicg.github.io/attribution-reporting-api/#issue-report-request"
    }
  },
  "#issue-verbose-debug-report-request": {
    "current": {
      "number": "13.12",
      "spec": "Attribution Reporting",
      "text": "Issuing a verbose debug request",
      "url": "https://wicg.github.io/attribution-reporting-api/#issue-verbose-debug-report-request"
    }
  },
  "#issues-index": {
    "current": {
      "number": "",
      "spec": "Attribution Reporting",
      "text": "Issues Index",
      "url": "https://wicg.github.io/attribution-reporting-api/#issues-index"
    }
  },
  "#making-a-background-attributionsrc-request": {
    "current": {
      "number": "10.13",
      "spec": "Attribution Reporting",
      "text": "Making a background attributionsrc request",
      "url": "https://wicg.github.io/attribution-reporting-api/#making-a-background-attributionsrc-request"
    }
  },
  "#mitigating-against-repeated-API-use": {
    "current": {
      "number": "18.4",
      "spec": "Attribution Reporting",
      "text": "Mitigating against repeated API use",
      "url": "https://wicg.github.io/attribution-reporting-api/#mitigating-against-repeated-API-use"
    }
  },
  "#monkeypatch-attributionsrc": {
    "current": {
      "number": "2.1",
      "spec": "Attribution Reporting",
      "text": "API for elements",
      "url": "https://wicg.github.io/attribution-reporting-api/#monkeypatch-attributionsrc"
    }
  },
  "#monkeypatch-fetch": {
    "current": {
      "number": "3.1",
      "spec": "Attribution Reporting",
      "text": "Fetch monkeypatches",
      "url": "https://wicg.github.io/attribution-reporting-api/#monkeypatch-fetch"
    }
  },
  "#monkeypatch-window-open": {
    "current": {
      "number": "2.2",
      "spec": "Attribution Reporting",
      "text": "Window open steps",
      "url": "https://wicg.github.io/attribution-reporting-api/#monkeypatch-window-open"
    }
  },
  "#monkeypatch-xmlhttprequest": {
    "current": {
      "number": "3.2",
      "spec": "Attribution Reporting",
      "text": "XMLHttpRequest monkeypatches",
      "url": "https://wicg.github.io/attribution-reporting-api/#monkeypatch-xmlhttprequest"
    }
  },
  "#navigation-monkeypatches": {
    "current": {
      "number": "2.3",
      "spec": "Attribution Reporting",
      "text": "Navigation monkeypatches",
      "url": "https://wicg.github.io/attribution-reporting-api/#navigation-monkeypatches"
    }
  },
  "#network-monkeypatches": {
    "current": {
      "number": "3",
      "spec": "Attribution Reporting",
      "text": "Network monkeypatches",
      "url": "https://wicg.github.io/attribution-reporting-api/#network-monkeypatches"
    }
  },
  "#normative": {
    "current": {
      "number": "",
      "spec": "Attribution Reporting",
      "text": "Normative References",
      "url": "https://wicg.github.io/attribution-reporting-api/#normative"
    }
  },
  "#obtain-aggregatable-report-aggregation-service-payloads": {
    "current": {
      "number": "13.4",
      "spec": "Attribution Reporting",
      "text": "Obtaining an aggregatable report’s aggregation service payloads",
      "url": "https://wicg.github.io/attribution-reporting-api/#obtain-aggregatable-report-aggregation-service-payloads"
    }
  },
  "#obtain-aggregatable-report-debug-mode": {
    "current": {
      "number": "13.2",
      "spec": "Attribution Reporting",
      "text": "Obtaining an aggregatable report’s debug mode",
      "url": "https://wicg.github.io/attribution-reporting-api/#obtain-aggregatable-report-debug-mode"
    }
  },
  "#obtain-aggregatable-report-shared-info": {
    "current": {
      "number": "13.3",
      "spec": "Attribution Reporting",
      "text": "Obtaining an aggregatable report’s shared info",
      "url": "https://wicg.github.io/attribution-reporting-api/#obtain-aggregatable-report-shared-info"
    }
  },
  "#obtaining-an-aggregatable-report": {
    "current": {
      "number": "12.15",
      "spec": "Attribution Reporting",
      "text": "Obtaining an aggregatable report",
      "url": "https://wicg.github.io/attribution-reporting-api/#obtaining-an-aggregatable-report"
    }
  },
  "#obtaining-an-event-level-report": {
    "current": {
      "number": "12.13",
      "spec": "Attribution Reporting",
      "text": "Obtaining an event-level report",
      "url": "https://wicg.github.io/attribution-reporting-api/#obtaining-an-event-level-report"
    }
  },
  "#obtaining-and-delivering-debug-report": {
    "current": {
      "number": "10.12",
      "spec": "Attribution Reporting",
      "text": "Obtaining and delivering an attribution debug report",
      "url": "https://wicg.github.io/attribution-reporting-api/#obtaining-and-delivering-debug-report"
    }
  },
  "#obtaining-context-origin": {
    "current": {
      "number": "10.8",
      "spec": "Attribution Reporting",
      "text": "Obtaining context origin",
      "url": "https://wicg.github.io/attribution-reporting-api/#obtaining-context-origin"
    }
  },
  "#obtaining-randomized-response": {
    "current": {
      "number": "10.9",
      "spec": "Attribution Reporting",
      "text": "Obtaining a randomized response",
      "url": "https://wicg.github.io/attribution-reporting-api/#obtaining-randomized-response"
    }
  },
  "#obtaining-randomized-source-response": {
    "current": {
      "number": "11.1",
      "spec": "Attribution Reporting",
      "text": "Obtaining a randomized source response",
      "url": "https://wicg.github.io/attribution-reporting-api/#obtaining-randomized-source-response"
    }
  },
  "#obtaining-required-aggregatable-budget": {
    "current": {
      "number": "12.14",
      "spec": "Attribution Reporting",
      "text": "Obtaining an aggregatable report’s required budget",
      "url": "https://wicg.github.io/attribution-reporting-api/#obtaining-required-aggregatable-budget"
    }
  },
  "#obtaining-trigger-debug-data": {
    "current": {
      "number": "12.8",
      "spec": "Attribution Reporting",
      "text": "Obtaining debug data on trigger registration",
      "url": "https://wicg.github.io/attribution-reporting-api/#obtaining-trigger-debug-data"
    }
  },
  "#opting-in-to-the-api": {
    "current": {
      "number": "17.2",
      "spec": "Attribution Reporting",
      "text": "Opting in to the API",
      "url": "https://wicg.github.io/attribution-reporting-api/#opting-in-to-the-api"
    }
  },
  "#overview": {
    "current": {
      "number": "1.1",
      "spec": "Attribution Reporting",
      "text": "Overview",
      "url": "https://wicg.github.io/attribution-reporting-api/#overview"
    }
  },
  "#parsing-aggregation-key-piece": {
    "current": {
      "number": "10.10",
      "spec": "Attribution Reporting",
      "text": "Parsing aggregation key piece",
      "url": "https://wicg.github.io/attribution-reporting-api/#parsing-aggregation-key-piece"
    }
  },
  "#parsing-filter-data": {
    "current": {
      "number": "10.4",
      "spec": "Attribution Reporting",
      "text": "Parsing filter data",
      "url": "https://wicg.github.io/attribution-reporting-api/#parsing-filter-data"
    }
  },
  "#parsing-filters": {
    "current": {
      "number": "10.5",
      "spec": "Attribution Reporting",
      "text": "Parsing filters",
      "url": "https://wicg.github.io/attribution-reporting-api/#parsing-filters"
    }
  },
  "#parsing-json-fields": {
    "current": {
      "number": "10.2",
      "spec": "Attribution Reporting",
      "text": "Parsing JSON fields",
      "url": "https://wicg.github.io/attribution-reporting-api/#parsing-json-fields"
    }
  },
  "#parsing-source-registration": {
    "current": {
      "number": "11.3",
      "spec": "Attribution Reporting",
      "text": "Parsing source-registration JSON",
      "url": "https://wicg.github.io/attribution-reporting-api/#parsing-source-registration"
    }
  },
  "#permission-policy-integration": {
    "current": {
      "number": "4",
      "spec": "Attribution Reporting",
      "text": "Permissions Policy integration",
      "url": "https://wicg.github.io/attribution-reporting-api/#permission-policy-integration"
    }
  },
  "#privacy-considerations": {
    "current": {
      "number": "",
      "spec": "Attribution Reporting",
      "text": "18. Privacy considerations",
      "url": "https://wicg.github.io/attribution-reporting-api/#privacy-considerations"
    }
  },
  "#processing-an-attribution-source": {
    "current": {
      "number": "11.4",
      "spec": "Attribution Reporting",
      "text": "Processing an attribution source",
      "url": "https://wicg.github.io/attribution-reporting-api/#processing-an-attribution-source"
    }
  },
  "#protecting-against-browsing-history-reconstruction": {
    "current": {
      "number": "18.5",
      "spec": "Attribution Reporting",
      "text": "Protecting against browsing history reconstruction",
      "url": "https://wicg.github.io/attribution-reporting-api/#protecting-against-browsing-history-reconstruction"
    }
  },
  "#protecting-against-cross-site-recognition": {
    "current": {
      "number": "18.3",
      "spec": "Attribution Reporting",
      "text": "Protecting against cross-site recognition",
      "url": "https://wicg.github.io/attribution-reporting-api/#protecting-against-cross-site-recognition"
    }
  },
  "#randomized-response-output-configuration": {
    "current": {
      "number": "6.2",
      "spec": "Attribution Reporting",
      "text": "Randomized response output configuration",
      "url": "https://wicg.github.io/attribution-reporting-api/#randomized-response-output-configuration"
    }
  },
  "#randomized-source-response": {
    "current": {
      "number": "6.3",
      "spec": "Attribution Reporting",
      "text": "Randomized source response",
      "url": "https://wicg.github.io/attribution-reporting-api/#randomized-source-response"
    }
  },
  "#references": {
    "current": {
      "number": "",
      "spec": "Attribution Reporting",
      "text": "References",
      "url": "https://wicg.github.io/attribution-reporting-api/#references"
    }
  },
  "#report-delivery": {
    "current": {
      "number": "",
      "spec": "Attribution Reporting",
      "text": "13. Report delivery",
      "url": "https://wicg.github.io/attribution-reporting-api/#report-delivery"
    }
  },
  "#report-verification": {
    "current": {
      "number": "",
      "spec": "Attribution Reporting",
      "text": "15. Report Verification Algorithms",
      "url": "https://wicg.github.io/attribution-reporting-api/#report-verification"
    }
  },
  "#report-window-header": {
    "current": {
      "number": "6.7",
      "spec": "Attribution Reporting",
      "text": "Report window",
      "url": "https://wicg.github.io/attribution-reporting-api/#report-window-header"
    }
  },
  "#reporting-delay-concerns": {
    "current": {
      "number": "18.6",
      "spec": "Attribution Reporting",
      "text": "Reporting-delay concerns",
      "url": "https://wicg.github.io/attribution-reporting-api/#reporting-delay-concerns"
    }
  },
  "#same-origin-policy": {
    "current": {
      "number": "17.1",
      "spec": "Attribution Reporting",
      "text": "Same-Origin Policy",
      "url": "https://wicg.github.io/attribution-reporting-api/#same-origin-policy"
    }
  },
  "#security-considerations": {
    "current": {
      "number": "",
      "spec": "Attribution Reporting",
      "text": "17. Security considerations",
      "url": "https://wicg.github.io/attribution-reporting-api/#security-considerations"
    }
  },
  "#serialize-debug-report-body": {
    "current": {
      "number": "13.6",
      "spec": "Attribution Reporting",
      "text": "Serialize attribution debug report body",
      "url": "https://wicg.github.io/attribution-reporting-api/#serialize-debug-report-body"
    }
  },
  "#serialize-destinations": {
    "current": {
      "number": "10.3",
      "spec": "Attribution Reporting",
      "text": "Serialize attribution destinations",
      "url": "https://wicg.github.io/attribution-reporting-api/#serialize-destinations"
    }
  },
  "#serialize-integer": {
    "current": {
      "number": "10.1",
      "spec": "Attribution Reporting",
      "text": "Serialize an integer",
      "url": "https://wicg.github.io/attribution-reporting-api/#serialize-integer"
    }
  },
  "#serialize-report-body": {
    "current": {
      "number": "13.5",
      "spec": "Attribution Reporting",
      "text": "Serialize attribution report body",
      "url": "https://wicg.github.io/attribution-reporting-api/#serialize-report-body"
    }
  },
  "#serialized-private-state-token": {
    "current": {
      "number": "6.27",
      "spec": "Attribution Reporting",
      "text": "Serialized private state token",
      "url": "https://wicg.github.io/attribution-reporting-api/#serialized-private-state-token"
    }
  },
  "#set-os-support-headers": {
    "current": {
      "number": "14.2",
      "spec": "Attribution Reporting",
      "text": "Set OS-support header",
      "url": "https://wicg.github.io/attribution-reporting-api/#set-os-support-headers"
    }
  },
  "#should-block-attribution-for-attribution-limit": {
    "current": {
      "number": "12.3",
      "spec": "Attribution Reporting",
      "text": "Should attribution be blocked by attribution rate limit",
      "url": "https://wicg.github.io/attribution-reporting-api/#should-block-attribution-for-attribution-limit"
    }
  },
  "#should-block-attribution-for-rate-limits": {
    "current": {
      "number": "12.5",
      "spec": "Attribution Reporting",
      "text": "Should attribution be blocked by rate limits",
      "url": "https://wicg.github.io/attribution-reporting-api/#should-block-attribution-for-rate-limits"
    }
  },
  "#should-block-processing-for-reporting-origin-limit": {
    "current": {
      "number": "12.4",
      "spec": "Attribution Reporting",
      "text": "Should processing be blocked by reporting-origin limit",
      "url": "https://wicg.github.io/attribution-reporting-api/#should-block-processing-for-reporting-origin-limit"
    }
  },
  "#source-algorithms": {
    "current": {
      "number": "",
      "spec": "Attribution Reporting",
      "text": "11. Source Algorithms",
      "url": "https://wicg.github.io/attribution-reporting-api/#source-algorithms"
    }
  },
  "#source-type-header": {
    "current": {
      "number": "6.6",
      "spec": "Attribution Reporting",
      "text": "Source type",
      "url": "https://wicg.github.io/attribution-reporting-api/#source-type-header"
    }
  },
  "#status": {
    "current": {
      "number": "",
      "spec": "Attribution Reporting",
      "text": "Status of this document",
      "url": "https://wicg.github.io/attribution-reporting-api/#status"
    }
  },
  "#storage": {
    "current": {
      "number": "7",
      "spec": "Attribution Reporting",
      "text": "Storage",
      "url": "https://wicg.github.io/attribution-reporting-api/#storage"
    }
  },
  "#structures": {
    "current": {
      "number": "6",
      "spec": "Attribution Reporting",
      "text": "Structures",
      "url": "https://wicg.github.io/attribution-reporting-api/#structures"
    }
  },
  "#suitable-origin": {
    "current": {
      "number": "6.5",
      "spec": "Attribution Reporting",
      "text": "Suitable origin",
      "url": "https://wicg.github.io/attribution-reporting-api/#suitable-origin"
    }
  },
  "#summary-bucket-header": {
    "current": {
      "number": "6.9",
      "spec": "Attribution Reporting",
      "text": "Summary bucket",
      "url": "https://wicg.github.io/attribution-reporting-api/#summary-bucket-header"
    }
  },
  "#summary-windows-operator-header": {
    "current": {
      "number": "6.8",
      "spec": "Attribution Reporting",
      "text": "Summary window operator",
      "url": "https://wicg.github.io/attribution-reporting-api/#summary-windows-operator-header"
    }
  },
  "#title": {
    "current": {
      "number": "",
      "spec": "Attribution Reporting",
      "text": "Attribution Reporting",
      "url": "https://wicg.github.io/attribution-reporting-api/#title"
    }
  },
  "#toc": {
    "current": {
      "number": "",
      "spec": "Attribution Reporting",
      "text": "Table of Contents",
      "url": "https://wicg.github.io/attribution-reporting-api/#toc"
    }
  },
  "#trigger-algorithms": {
    "current": {
      "number": "",
      "spec": "Attribution Reporting",
      "text": "12. Triggering Algorithms",
      "url": "https://wicg.github.io/attribution-reporting-api/#trigger-algorithms"
    }
  },
  "#trigger-data-matching-mode-header": {
    "current": {
      "number": "6.10",
      "spec": "Attribution Reporting",
      "text": "Trigger-data matching mode",
      "url": "https://wicg.github.io/attribution-reporting-api/#trigger-data-matching-mode-header"
    }
  },
  "#trigger-specs-header": {
    "current": {
      "number": "6.11",
      "spec": "Attribution Reporting",
      "text": "Trigger specs",
      "url": "https://wicg.github.io/attribution-reporting-api/#trigger-specs-header"
    }
  },
  "#trigger-state": {
    "current": {
      "number": "6.1",
      "spec": "Attribution Reporting",
      "text": "Trigger state",
      "url": "https://wicg.github.io/attribution-reporting-api/#trigger-state"
    }
  },
  "#trigger-verification": {
    "current": {
      "number": "6.28",
      "spec": "Attribution Reporting",
      "text": "Trigger verification",
      "url": "https://wicg.github.io/attribution-reporting-api/#trigger-verification"
    }
  },
  "#trigger-verification-metadata": {
    "current": {
      "number": "6.29",
      "spec": "Attribution Reporting",
      "text": "Trigger verification metadata",
      "url": "https://wicg.github.io/attribution-reporting-api/#trigger-verification-metadata"
    }
  },
  "#triggering-aggregatable-attribution": {
    "current": {
      "number": "12.10",
      "spec": "Attribution Reporting",
      "text": "Triggering aggregatable attribution",
      "url": "https://wicg.github.io/attribution-reporting-api/#triggering-aggregatable-attribution"
    }
  },
  "#triggering-attribution": {
    "current": {
      "number": "12.11",
      "spec": "Attribution Reporting",
      "text": "Triggering attribution",
      "url": "https://wicg.github.io/attribution-reporting-api/#triggering-attribution"
    }
  },
  "#triggering-event-level-attribution": {
    "current": {
      "number": "12.9",
      "spec": "Attribution Reporting",
      "text": "Triggering event-level attribution",
      "url": "https://wicg.github.io/attribution-reporting-api/#triggering-event-level-attribution"
    }
  },
  "#triggering-result": {
    "current": {
      "number": "6.30",
      "spec": "Attribution Reporting",
      "text": "Triggering result",
      "url": "https://wicg.github.io/attribution-reporting-api/#triggering-result"
    }
  },
  "#user-presence-tracking": {
    "current": {
      "number": "18.6.2",
      "spec": "Attribution Reporting",
      "text": "User-presence tracking",
      "url": "https://wicg.github.io/attribution-reporting-api/#user-presence-tracking"
    }
  },
  "#vendor-specific-values": {
    "current": {
      "number": "9",
      "spec": "Attribution Reporting",
      "text": "Vendor-Specific Values",
      "url": "https://wicg.github.io/attribution-reporting-api/#vendor-specific-values"
    }
  },
  "#w3c-conformance": {
    "current": {
      "number": "",
      "spec": "Attribution Reporting",
      "text": "Conformance",
      "url": "https://wicg.github.io/attribution-reporting-api/#w3c-conformance"
    }
  },
  "#w3c-conventions": {
    "current": {
      "number": "",
      "spec": "Attribution Reporting",
      "text": "Document conventions",
      "url": "https://wicg.github.io/attribution-reporting-api/#w3c-conventions"
    }
  },
  "#webdriver-setlocaltestingmode": {
    "current": {
      "number": "16.1",
      "spec": "Attribution Reporting",
      "text": "Set local testing mode",
      "url": "https://wicg.github.io/attribution-reporting-api/#webdriver-setlocaltestingmode"
    }
  }
}