{
  "#AppendixMapping": {
    "current": {
      "number": "",
      "spec": "SPARQL 1.2 Entailment Regimes",
      "text": "12. Appendix: Mapping from BGPs to the extended OWL 2 Structural Specification",
      "url": "https://w3c.github.io/sparql-entailment/spec/#AppendixMapping"
    },
    "snapshot": {
      "number": "",
      "spec": "SPARQL 1.2 Entailment Regimes",
      "text": "12. Appendix: Mapping from BGPs to the extended OWL 2 Structural Specification",
      "url": "https://www.w3.org/TR/sparql12-entailment/#AppendixMapping"
    }
  },
  "#AppendixProofs": {
    "current": {
      "number": "",
      "spec": "SPARQL 1.2 Entailment Regimes",
      "text": "13. Appendix: Proofs",
      "url": "https://w3c.github.io/sparql-entailment/spec/#AppendixProofs"
    },
    "snapshot": {
      "number": "",
      "spec": "SPARQL 1.2 Entailment Regimes",
      "text": "13. Appendix: Proofs",
      "url": "https://www.w3.org/TR/sparql12-entailment/#AppendixProofs"
    }
  },
  "#CanonicalLit": {
    "current": {
      "number": "5.1",
      "spec": "SPARQL 1.2 Entailment Regimes",
      "text": "The D-Entailment Regime",
      "url": "https://w3c.github.io/sparql-entailment/spec/#CanonicalLit"
    },
    "snapshot": {
      "number": "5.1",
      "spec": "SPARQL 1.2 Entailment Regimes",
      "text": "The D-Entailment Regime",
      "url": "https://www.w3.org/TR/sparql12-entailment/#CanonicalLit"
    }
  },
  "#Conventions": {
    "current": {
      "number": "1.1",
      "spec": "SPARQL 1.2 Entailment Regimes",
      "text": "Document Conventions",
      "url": "https://w3c.github.io/sparql-entailment/spec/#Conventions"
    },
    "snapshot": {
      "number": "1.1",
      "spec": "SPARQL 1.2 Entailment Regimes",
      "text": "Document Conventions",
      "url": "https://www.w3.org/TR/sparql12-entailment/#Conventions"
    }
  },
  "#DEntRegime": {
    "current": {
      "number": "5",
      "spec": "SPARQL 1.2 Entailment Regimes",
      "text": "D-Entailment Regime",
      "url": "https://w3c.github.io/sparql-entailment/spec/#DEntRegime"
    },
    "snapshot": {
      "number": "5",
      "spec": "SPARQL 1.2 Entailment Regimes",
      "text": "D-Entailment Regime",
      "url": "https://www.w3.org/TR/sparql12-entailment/#DEntRegime"
    }
  },
  "#DataSets": {
    "current": {
      "number": "9",
      "spec": "SPARQL 1.2 Entailment Regimes",
      "text": "Entailment Regimes and Data Sets (Informative)",
      "url": "https://w3c.github.io/sparql-entailment/spec/#DataSets"
    },
    "snapshot": {
      "number": "9",
      "spec": "SPARQL 1.2 Entailment Regimes",
      "text": "Entailment Regimes and Data Sets (Informative)",
      "url": "https://www.w3.org/TR/sparql12-entailment/#DataSets"
    }
  },
  "#GeneralNotes": {
    "current": {
      "number": "3",
      "spec": "SPARQL 1.2 Entailment Regimes",
      "text": "General Notes on Entailment Regimes (Informative)",
      "url": "https://w3c.github.io/sparql-entailment/spec/#GeneralNotes"
    },
    "snapshot": {
      "number": "3",
      "spec": "SPARQL 1.2 Entailment Regimes",
      "text": "General Notes on Entailment Regimes (Informative)",
      "url": "https://www.w3.org/TR/sparql12-entailment/#GeneralNotes"
    }
  },
  "#OWL2-RDFBS-Profiles": {
    "current": {
      "number": "6.4",
      "spec": "SPARQL 1.2 Entailment Regimes",
      "text": "OWL 2 Profiles and Entailment Checkers",
      "url": "https://w3c.github.io/sparql-entailment/spec/#OWL2-RDFBS-Profiles"
    },
    "snapshot": {
      "number": "6.4",
      "spec": "SPARQL 1.2 Entailment Regimes",
      "text": "OWL 2 Profiles and Entailment Checkers",
      "url": "https://www.w3.org/TR/sparql12-entailment/#OWL2-RDFBS-Profiles"
    }
  },
  "#OWL2DL": {
    "current": {
      "number": "6.4.1",
      "spec": "SPARQL 1.2 Entailment Regimes",
      "text": "OWL 2 DL",
      "url": "https://w3c.github.io/sparql-entailment/spec/#OWL2DL"
    },
    "snapshot": {
      "number": "6.4.1",
      "spec": "SPARQL 1.2 Entailment Regimes",
      "text": "OWL 2 DL",
      "url": "https://www.w3.org/TR/sparql12-entailment/#OWL2DL"
    }
  },
  "#OWL2EL": {
    "current": {
      "number": "6.4.2",
      "spec": "SPARQL 1.2 Entailment Regimes",
      "text": "The OWL 2 EL Profile",
      "url": "https://w3c.github.io/sparql-entailment/spec/#OWL2EL"
    },
    "snapshot": {
      "number": "6.4.2",
      "spec": "SPARQL 1.2 Entailment Regimes",
      "text": "The OWL 2 EL Profile",
      "url": "https://www.w3.org/TR/sparql12-entailment/#OWL2EL"
    }
  },
  "#OWL2ProfilesDS": {
    "current": {
      "number": "7.5",
      "spec": "SPARQL 1.2 Entailment Regimes",
      "text": "OWL 2 Entailment Checkers and Profiles",
      "url": "https://w3c.github.io/sparql-entailment/spec/#OWL2ProfilesDS"
    },
    "snapshot": {
      "number": "7.5",
      "spec": "SPARQL 1.2 Entailment Regimes",
      "text": "OWL 2 Entailment Checkers and Profiles",
      "url": "https://www.w3.org/TR/sparql12-entailment/#OWL2ProfilesDS"
    }
  },
  "#OWL2QL": {
    "current": {
      "number": "6.4.3",
      "spec": "SPARQL 1.2 Entailment Regimes",
      "text": "The OWL 2 QL Profile",
      "url": "https://w3c.github.io/sparql-entailment/spec/#OWL2QL"
    },
    "snapshot": {
      "number": "6.4.3",
      "spec": "SPARQL 1.2 Entailment Regimes",
      "text": "The OWL 2 QL Profile",
      "url": "https://www.w3.org/TR/sparql12-entailment/#OWL2QL"
    }
  },
  "#OWL2RLDS": {
    "current": {
      "number": "6.4.4",
      "spec": "SPARQL 1.2 Entailment Regimes",
      "text": "The OWL 2 RL Profile",
      "url": "https://w3c.github.io/sparql-entailment/spec/#OWL2RLDS"
    },
    "snapshot": {
      "number": "6.4.4",
      "spec": "SPARQL 1.2 Entailment Regimes",
      "text": "The OWL 2 RL Profile",
      "url": "https://www.w3.org/TR/sparql12-entailment/#OWL2RLDS"
    }
  },
  "#OWL2RLRDFBSComputing": {
    "current": {
      "number": "6.4.5",
      "spec": "SPARQL 1.2 Entailment Regimes",
      "text": "Computing Query Answers for the OWL 2 RL Profile with RDF-Based Semantics (Informative)",
      "url": "https://w3c.github.io/sparql-entailment/spec/#OWL2RLRDFBSComputing"
    },
    "snapshot": {
      "number": "6.4.5",
      "spec": "SPARQL 1.2 Entailment Regimes",
      "text": "Computing Query Answers for the OWL 2 RL Profile with RDF-Based Semantics (Informative)",
      "url": "https://www.w3.org/TR/sparql12-entailment/#OWL2RLRDFBSComputing"
    }
  },
  "#OWLDSConstraints": {
    "current": {
      "number": "7.3.1",
      "spec": "SPARQL 1.2 Entailment Regimes",
      "text": "BGP Constraints for OWL 2 DL",
      "url": "https://w3c.github.io/sparql-entailment/spec/#OWLDSConstraints"
    },
    "snapshot": {
      "number": "7.3.1",
      "spec": "SPARQL 1.2 Entailment Regimes",
      "text": "BGP Constraints for OWL 2 DL",
      "url": "https://www.w3.org/TR/sparql12-entailment/#OWLDSConstraints"
    }
  },
  "#OWLDSEnRegime": {
    "current": {
      "number": "7",
      "spec": "SPARQL 1.2 Entailment Regimes",
      "text": "OWL 2 Direct Semantics Entailment Regime",
      "url": "https://w3c.github.io/sparql-entailment/spec/#OWLDSEnRegime"
    },
    "snapshot": {
      "number": "7",
      "spec": "SPARQL 1.2 Entailment Regimes",
      "text": "OWL 2 Direct Semantics Entailment Regime",
      "url": "https://www.w3.org/TR/sparql12-entailment/#OWLDSEnRegime"
    }
  },
  "#OWLDSEntRegime": {
    "current": {
      "number": "7.2",
      "spec": "SPARQL 1.2 Entailment Regimes",
      "text": "The OWL 2 Direct Semantics Entailment Regime",
      "url": "https://w3c.github.io/sparql-entailment/spec/#OWLDSEntRegime"
    },
    "snapshot": {
      "number": "7.2",
      "spec": "SPARQL 1.2 Entailment Regimes",
      "text": "The OWL 2 Direct Semantics Entailment Regime",
      "url": "https://www.w3.org/TR/sparql12-entailment/#OWLDSEntRegime"
    }
  },
  "#OWLDSExtGrammar": {
    "current": {
      "number": "7.1.2",
      "spec": "SPARQL 1.2 Entailment Regimes",
      "text": "Extended Grammar for OWL 2 Direct Semantics BGPs",
      "url": "https://w3c.github.io/sparql-entailment/spec/#OWLDSExtGrammar"
    },
    "snapshot": {
      "number": "7.1.2",
      "spec": "SPARQL 1.2 Entailment Regimes",
      "text": "Extended Grammar for OWL 2 Direct Semantics BGPs",
      "url": "https://www.w3.org/TR/sparql12-entailment/#OWLDSExtGrammar"
    }
  },
  "#OWLDSHigherOrder": {
    "current": {
      "number": "7.4",
      "spec": "SPARQL 1.2 Entailment Regimes",
      "text": "Higher-Order Queries (Informative)",
      "url": "https://w3c.github.io/sparql-entailment/spec/#OWLDSHigherOrder"
    },
    "snapshot": {
      "number": "7.4",
      "spec": "SPARQL 1.2 Entailment Regimes",
      "text": "Higher-Order Queries (Informative)",
      "url": "https://www.w3.org/TR/sparql12-entailment/#OWLDSHigherOrder"
    }
  },
  "#OWLDSImports": {
    "current": {
      "number": "7.1.1",
      "spec": "SPARQL 1.2 Entailment Regimes",
      "text": "OWL Import Directives",
      "url": "https://w3c.github.io/sparql-entailment/spec/#OWLDSImports"
    },
    "snapshot": {
      "number": "7.1.1",
      "spec": "SPARQL 1.2 Entailment Regimes",
      "text": "OWL Import Directives",
      "url": "https://www.w3.org/TR/sparql12-entailment/#OWLDSImports"
    }
  },
  "#OWLDSIntro": {
    "current": {
      "number": "7.1",
      "spec": "SPARQL 1.2 Entailment Regimes",
      "text": "Introduction",
      "url": "https://w3c.github.io/sparql-entailment/spec/#OWLDSIntro"
    },
    "snapshot": {
      "number": "7.1",
      "spec": "SPARQL 1.2 Entailment Regimes",
      "text": "Introduction",
      "url": "https://www.w3.org/TR/sparql12-entailment/#OWLDSIntro"
    }
  },
  "#OWLDSLiteralVars": {
    "current": {
      "number": "7.3.2",
      "spec": "SPARQL 1.2 Entailment Regimes",
      "text": "Queries with Variables in Literal Positions",
      "url": "https://w3c.github.io/sparql-entailment/spec/#OWLDSLiteralVars"
    },
    "snapshot": {
      "number": "7.3.2",
      "spec": "SPARQL 1.2 Entailment Regimes",
      "text": "Queries with Variables in Literal Positions",
      "url": "https://www.w3.org/TR/sparql12-entailment/#OWLDSLiteralVars"
    }
  },
  "#OWLDSRestrictions": {
    "current": {
      "number": "7.3",
      "spec": "SPARQL 1.2 Entailment Regimes",
      "text": "Restrictions on Solutions (Informative)",
      "url": "https://w3c.github.io/sparql-entailment/spec/#OWLDSRestrictions"
    },
    "snapshot": {
      "number": "7.3",
      "spec": "SPARQL 1.2 Entailment Regimes",
      "text": "Restrictions on Solutions (Informative)",
      "url": "https://www.w3.org/TR/sparql12-entailment/#OWLDSRestrictions"
    }
  },
  "#OWLParsing": {
    "current": {
      "number": "12.1",
      "spec": "SPARQL 1.2 Entailment Regimes",
      "text": "Parsing BGPs into Objects of the Extended OWL 2 Structural Specification",
      "url": "https://w3c.github.io/sparql-entailment/spec/#OWLParsing"
    },
    "snapshot": {
      "number": "12.1",
      "spec": "SPARQL 1.2 Entailment Regimes",
      "text": "Parsing BGPs into Objects of the Extended OWL 2 Structural Specification",
      "url": "https://www.w3.org/TR/sparql12-entailment/#OWLParsing"
    }
  },
  "#OWLRDFBSComputing": {
    "current": {
      "number": "6.3",
      "spec": "SPARQL 1.2 Entailment Regimes",
      "text": "Computing Query Answers under the RDF-Based Semantics (Informative)",
      "url": "https://w3c.github.io/sparql-entailment/spec/#OWLRDFBSComputing"
    },
    "snapshot": {
      "number": "6.3",
      "spec": "SPARQL 1.2 Entailment Regimes",
      "text": "Computing Query Answers under the RDF-Based Semantics (Informative)",
      "url": "https://www.w3.org/TR/sparql12-entailment/#OWLRDFBSComputing"
    }
  },
  "#OWLRDFBSEntRegime": {
    "current": {
      "number": "6",
      "spec": "SPARQL 1.2 Entailment Regimes",
      "text": "OWL 2 RDF-Based Semantics Entailment Regime",
      "url": "https://w3c.github.io/sparql-entailment/spec/#OWLRDFBSEntRegime"
    },
    "snapshot": {
      "number": "6",
      "spec": "SPARQL 1.2 Entailment Regimes",
      "text": "OWL 2 RDF-Based Semantics Entailment Regime",
      "url": "https://www.w3.org/TR/sparql12-entailment/#OWLRDFBSEntRegime"
    }
  },
  "#OWLRDFBSEntailments": {
    "current": {
      "number": "6.1",
      "spec": "SPARQL 1.2 Entailment Regimes",
      "text": "Entailments under the OWL 2 RDF-Based Semantics (Informative)",
      "url": "https://w3c.github.io/sparql-entailment/spec/#OWLRDFBSEntailments"
    },
    "snapshot": {
      "number": "6.1",
      "spec": "SPARQL 1.2 Entailment Regimes",
      "text": "Entailments under the OWL 2 RDF-Based Semantics (Informative)",
      "url": "https://www.w3.org/TR/sparql12-entailment/#OWLRDFBSEntailments"
    }
  },
  "#OWLRDFBSRestrictions": {
    "current": {
      "number": "6.2",
      "spec": "SPARQL 1.2 Entailment Regimes",
      "text": "Restriction on Solutions",
      "url": "https://w3c.github.io/sparql-entailment/spec/#OWLRDFBSRestrictions"
    },
    "snapshot": {
      "number": "6.2",
      "spec": "SPARQL 1.2 Entailment Regimes",
      "text": "Restriction on Solutions",
      "url": "https://www.w3.org/TR/sparql12-entailment/#OWLRDFBSRestrictions"
    }
  },
  "#PropertyPaths": {
    "current": {
      "number": "",
      "spec": "SPARQL 1.2 Entailment Regimes",
      "text": "10. Entailment Regimes and Property Paths (Informative)",
      "url": "https://w3c.github.io/sparql-entailment/spec/#PropertyPaths"
    },
    "snapshot": {
      "number": "",
      "spec": "SPARQL 1.2 Entailment Regimes",
      "text": "10. Entailment Regimes and Property Paths (Informative)",
      "url": "https://www.w3.org/TR/sparql12-entailment/#PropertyPaths"
    }
  },
  "#PropertyPathsLimitations": {
    "current": {
      "number": "10.1",
      "spec": "SPARQL 1.2 Entailment Regimes",
      "text": "Limitations of Property Paths in Combination with Entailment Regimes",
      "url": "https://w3c.github.io/sparql-entailment/spec/#PropertyPathsLimitations"
    },
    "snapshot": {
      "number": "10.1",
      "spec": "SPARQL 1.2 Entailment Regimes",
      "text": "Limitations of Property Paths in Combination with Entailment Regimes",
      "url": "https://www.w3.org/TR/sparql12-entailment/#PropertyPathsLimitations"
    }
  },
  "#RDFEntRegime": {
    "current": {
      "number": "2",
      "spec": "SPARQL 1.2 Entailment Regimes",
      "text": "RDF Entailment Regime",
      "url": "https://w3c.github.io/sparql-entailment/spec/#RDFEntRegime"
    },
    "snapshot": {
      "number": "2",
      "spec": "SPARQL 1.2 Entailment Regimes",
      "text": "RDF Entailment Regime",
      "url": "https://www.w3.org/TR/sparql12-entailment/#RDFEntRegime"
    }
  },
  "#RDFSEntRegime": {
    "current": {
      "number": "4",
      "spec": "SPARQL 1.2 Entailment Regimes",
      "text": "RDFS Entailment Regime",
      "url": "https://w3c.github.io/sparql-entailment/spec/#RDFSEntRegime"
    },
    "snapshot": {
      "number": "4",
      "spec": "SPARQL 1.2 Entailment Regimes",
      "text": "RDFS Entailment Regime",
      "url": "https://www.w3.org/TR/sparql12-entailment/#RDFSEntRegime"
    }
  },
  "#RIFCoreEnt": {
    "current": {
      "number": "8",
      "spec": "SPARQL 1.2 Entailment Regimes",
      "text": "RIF Core Entailment",
      "url": "https://w3c.github.io/sparql-entailment/spec/#RIFCoreEnt"
    },
    "snapshot": {
      "number": "8",
      "spec": "SPARQL 1.2 Entailment Regimes",
      "text": "RIF Core Entailment",
      "url": "https://www.w3.org/TR/sparql12-entailment/#RIFCoreEnt"
    }
  },
  "#RIFCustomRuleSets": {
    "current": {
      "number": "8.2",
      "spec": "SPARQL 1.2 Entailment Regimes",
      "text": "Custom Rulesets for Common Vocabulary Interpretations (Informative)",
      "url": "https://w3c.github.io/sparql-entailment/spec/#RIFCustomRuleSets"
    },
    "snapshot": {
      "number": "8.2",
      "spec": "SPARQL 1.2 Entailment Regimes",
      "text": "Custom Rulesets for Common Vocabulary Interpretations (Informative)",
      "url": "https://www.w3.org/TR/sparql12-entailment/#RIFCustomRuleSets"
    }
  },
  "#RIFDereferencing": {
    "current": {
      "number": "8.4.2",
      "spec": "SPARQL 1.2 Entailment Regimes",
      "text": "Dereferencing RIF Documents (Informative)",
      "url": "https://w3c.github.io/sparql-entailment/spec/#RIFDereferencing"
    },
    "snapshot": {
      "number": "8.4.2",
      "spec": "SPARQL 1.2 Entailment Regimes",
      "text": "Dereferencing RIF Documents (Informative)",
      "url": "https://www.w3.org/TR/sparql12-entailment/#RIFDereferencing"
    }
  },
  "#RIFDocReferences": {
    "current": {
      "number": "8.4",
      "spec": "SPARQL 1.2 Entailment Regimes",
      "text": "Referencing a RIF Document",
      "url": "https://w3c.github.io/sparql-entailment/spec/#RIFDocReferences"
    },
    "snapshot": {
      "number": "8.4",
      "spec": "SPARQL 1.2 Entailment Regimes",
      "text": "Referencing a RIF Document",
      "url": "https://www.w3.org/TR/sparql12-entailment/#RIFDocReferences"
    }
  },
  "#RIFDocsAsNamedGraphs": {
    "current": {
      "number": "8.4.2.2",
      "spec": "SPARQL 1.2 Entailment Regimes",
      "text": "Encoding RIF documents within named graphs in the dataset",
      "url": "https://w3c.github.io/sparql-entailment/spec/#RIFDocsAsNamedGraphs"
    },
    "snapshot": {
      "number": "8.4.2.2",
      "spec": "SPARQL 1.2 Entailment Regimes",
      "text": "Encoding RIF documents within named graphs in the dataset",
      "url": "https://www.w3.org/TR/sparql12-entailment/#RIFDocsAsNamedGraphs"
    }
  },
  "#RIFFiniteAnswers": {
    "current": {
      "number": "8.3",
      "spec": "SPARQL 1.2 Entailment Regimes",
      "text": "Finite Answer Set Conditions (Informative)",
      "url": "https://w3c.github.io/sparql-entailment/spec/#RIFFiniteAnswers"
    },
    "snapshot": {
      "number": "8.3",
      "spec": "SPARQL 1.2 Entailment Regimes",
      "text": "Finite Answer Set Conditions (Informative)",
      "url": "https://www.w3.org/TR/sparql12-entailment/#RIFFiniteAnswers"
    }
  },
  "#RIFHTTPDereferencing": {
    "current": {
      "number": "8.4.2.1",
      "spec": "SPARQL 1.2 Entailment Regimes",
      "text": "HTTP Dereferencing",
      "url": "https://w3c.github.io/sparql-entailment/spec/#RIFHTTPDereferencing"
    },
    "snapshot": {
      "number": "8.4.2.1",
      "spec": "SPARQL 1.2 Entailment Regimes",
      "text": "HTTP Dereferencing",
      "url": "https://www.w3.org/TR/sparql12-entailment/#RIFHTTPDereferencing"
    }
  },
  "#RIFUsedWithProfile": {
    "current": {
      "number": "8.4.1",
      "spec": "SPARQL 1.2 Entailment Regimes",
      "text": "Semantics of rif:usedWithProfile",
      "url": "https://w3c.github.io/sparql-entailment/spec/#RIFUsedWithProfile"
    },
    "snapshot": {
      "number": "8.4.1",
      "spec": "SPARQL 1.2 Entailment Regimes",
      "text": "Semantics of rif:usedWithProfile",
      "url": "https://www.w3.org/TR/sparql12-entailment/#RIFUsedWithProfile"
    }
  },
  "#SimpeRIFCoreEntRegime": {
    "current": {
      "number": "8.1",
      "spec": "SPARQL 1.2 Entailment Regimes",
      "text": "(Simple) RIF Core Entailment Regime",
      "url": "https://w3c.github.io/sparql-entailment/spec/#SimpeRIFCoreEntRegime"
    },
    "snapshot": {
      "number": "8.1",
      "spec": "SPARQL 1.2 Entailment Regimes",
      "text": "(Simple) RIF Core Entailment Regime",
      "url": "https://www.w3.org/TR/sparql12-entailment/#SimpeRIFCoreEntRegime"
    }
  },
  "#Updates": {
    "current": {
      "number": "",
      "spec": "SPARQL 1.2 Entailment Regimes",
      "text": "11. Entailment Regimes and Updates (Informative)",
      "url": "https://w3c.github.io/sparql-entailment/spec/#Updates"
    },
    "snapshot": {
      "number": "",
      "spec": "SPARQL 1.2 Entailment Regimes",
      "text": "11. Entailment Regimes and Updates (Informative)",
      "url": "https://www.w3.org/TR/sparql12-entailment/#Updates"
    }
  },
  "#VarTyping": {
    "current": {
      "number": "7.1.3",
      "spec": "SPARQL 1.2 Entailment Regimes",
      "text": "Variable Typing",
      "url": "https://w3c.github.io/sparql-entailment/spec/#VarTyping"
    },
    "snapshot": {
      "number": "7.1.3",
      "spec": "SPARQL 1.2 Entailment Regimes",
      "text": "Variable Typing",
      "url": "https://www.w3.org/TR/sparql12-entailment/#VarTyping"
    }
  },
  "#aggregates": {
    "current": {
      "number": "3.5",
      "spec": "SPARQL 1.2 Entailment Regimes",
      "text": "Aggregates and Blank Nodes",
      "url": "https://w3c.github.io/sparql-entailment/spec/#aggregates"
    },
    "snapshot": {
      "number": "3.5",
      "spec": "SPARQL 1.2 Entailment Regimes",
      "text": "Aggregates and Blank Nodes",
      "url": "https://www.w3.org/TR/sparql12-entailment/#aggregates"
    }
  },
  "#axiomaticTriples": {
    "current": {
      "number": "3.2",
      "spec": "SPARQL 1.2 Entailment Regimes",
      "text": "Answers from Axiomatic Triples",
      "url": "https://w3c.github.io/sparql-entailment/spec/#axiomaticTriples"
    },
    "snapshot": {
      "number": "3.2",
      "spec": "SPARQL 1.2 Entailment Regimes",
      "text": "Answers from Axiomatic Triples",
      "url": "https://www.w3.org/TR/sparql12-entailment/#axiomaticTriples"
    }
  },
  "#bgpMatchingExtensions": {
    "current": {
      "number": "1.3",
      "spec": "SPARQL 1.2 Entailment Regimes",
      "text": "Extensions to Basic Graph Pattern Matching",
      "url": "https://w3c.github.io/sparql-entailment/spec/#bgpMatchingExtensions"
    },
    "snapshot": {
      "number": "1.3",
      "spec": "SPARQL 1.2 Entailment Regimes",
      "text": "Extensions to Basic Graph Pattern Matching",
      "url": "https://www.w3.org/TR/sparql12-entailment/#bgpMatchingExtensions"
    }
  },
  "#bnodes": {
    "current": {
      "number": "3.1",
      "spec": "SPARQL 1.2 Entailment Regimes",
      "text": "Blank Nodes in the Queried Graph",
      "url": "https://w3c.github.io/sparql-entailment/spec/#bnodes"
    },
    "snapshot": {
      "number": "3.1",
      "spec": "SPARQL 1.2 Entailment Regimes",
      "text": "Blank Nodes in the Queried Graph",
      "url": "https://www.w3.org/TR/sparql12-entailment/#bnodes"
    }
  },
  "#booleanQueries": {
    "current": {
      "number": "3.4",
      "spec": "SPARQL 1.2 Entailment Regimes",
      "text": "Boolean Queries",
      "url": "https://w3c.github.io/sparql-entailment/spec/#booleanQueries"
    },
    "snapshot": {
      "number": "3.4",
      "spec": "SPARQL 1.2 Entailment Regimes",
      "text": "Boolean Queries",
      "url": "https://www.w3.org/TR/sparql12-entailment/#booleanQueries"
    }
  },
  "#canonicalRep": {
    "current": {
      "number": "5.2",
      "spec": "SPARQL 1.2 Entailment Regimes",
      "text": "XML Schema Datatypes and Canonical Lexical Representations",
      "url": "https://w3c.github.io/sparql-entailment/spec/#canonicalRep"
    },
    "snapshot": {
      "number": "5.2",
      "spec": "SPARQL 1.2 Entailment Regimes",
      "text": "XML Schema Datatypes and Canonical Lexical Representations",
      "url": "https://www.w3.org/TR/sparql12-entailment/#canonicalRep"
    }
  },
  "#changes-from-sparql11": {
    "current": {
      "number": "A",
      "spec": "SPARQL 1.2 Entailment Regimes",
      "text": "Change Log",
      "url": "https://w3c.github.io/sparql-entailment/spec/#changes-from-sparql11"
    },
    "snapshot": {
      "number": "A",
      "spec": "SPARQL 1.2 Entailment Regimes",
      "text": "Change Log",
      "url": "https://www.w3.org/TR/sparql12-entailment/#changes-from-sparql11"
    }
  },
  "#conformance": {
    "current": {
      "number": "",
      "spec": "SPARQL 1.2 Entailment Regimes",
      "text": "14. Conformance",
      "url": "https://w3c.github.io/sparql-entailment/spec/#conformance"
    },
    "snapshot": {
      "number": "",
      "spec": "SPARQL 1.2 Entailment Regimes",
      "text": "14. Conformance",
      "url": "https://www.w3.org/TR/sparql12-entailment/#conformance"
    }
  },
  "#conformance-0": {
    "current": {
      "number": "14.1",
      "spec": "SPARQL 1.2 Entailment Regimes",
      "text": "Conformance",
      "url": "https://w3c.github.io/sparql-entailment/spec/#conformance-0"
    },
    "snapshot": {
      "number": "14.1",
      "spec": "SPARQL 1.2 Entailment Regimes",
      "text": "Conformance",
      "url": "https://www.w3.org/TR/sparql12-entailment/#conformance-0"
    }
  },
  "#entEffects": {
    "current": {
      "number": "1.2",
      "spec": "SPARQL 1.2 Entailment Regimes",
      "text": "Effects of Different Entailment Regimes",
      "url": "https://w3c.github.io/sparql-entailment/spec/#entEffects"
    },
    "snapshot": {
      "number": "1.2",
      "spec": "SPARQL 1.2 Entailment Regimes",
      "text": "Effects of Different Entailment Regimes",
      "url": "https://www.w3.org/TR/sparql12-entailment/#entEffects"
    }
  },
  "#entRegimeParts": {
    "current": {
      "number": "1.4",
      "spec": "SPARQL 1.2 Entailment Regimes",
      "text": "Parts of an Entailment Regime",
      "url": "https://w3c.github.io/sparql-entailment/spec/#entRegimeParts"
    },
    "snapshot": {
      "number": "1.4",
      "spec": "SPARQL 1.2 Entailment Regimes",
      "text": "Parts of an Entailment Regime",
      "url": "https://www.w3.org/TR/sparql12-entailment/#entRegimeParts"
    }
  },
  "#inconsistencies": {
    "current": {
      "number": "4.1",
      "spec": "SPARQL 1.2 Entailment Regimes",
      "text": "Inconsistencies (Informative)",
      "url": "https://w3c.github.io/sparql-entailment/spec/#inconsistencies"
    },
    "snapshot": {
      "number": "4.1",
      "spec": "SPARQL 1.2 Entailment Regimes",
      "text": "Inconsistencies (Informative)",
      "url": "https://www.w3.org/TR/sparql12-entailment/#inconsistencies"
    }
  },
  "#index": {
    "current": {
      "number": "B",
      "spec": "SPARQL 1.2 Entailment Regimes",
      "text": "Index",
      "url": "https://w3c.github.io/sparql-entailment/spec/#index"
    },
    "snapshot": {
      "number": "B",
      "spec": "SPARQL 1.2 Entailment Regimes",
      "text": "Index",
      "url": "https://www.w3.org/TR/sparql12-entailment/#index"
    }
  },
  "#index-defined-elsewhere": {
    "current": {
      "number": "B.2",
      "spec": "SPARQL 1.2 Entailment Regimes",
      "text": "Terms defined by reference",
      "url": "https://w3c.github.io/sparql-entailment/spec/#index-defined-elsewhere"
    },
    "snapshot": {
      "number": "B.2",
      "spec": "SPARQL 1.2 Entailment Regimes",
      "text": "Terms defined by reference",
      "url": "https://www.w3.org/TR/sparql12-entailment/#index-defined-elsewhere"
    }
  },
  "#index-defined-here": {
    "current": {
      "number": "B.1",
      "spec": "SPARQL 1.2 Entailment Regimes",
      "text": "Terms defined by this specification",
      "url": "https://w3c.github.io/sparql-entailment/spec/#index-defined-here"
    },
    "snapshot": {
      "number": "B.1",
      "spec": "SPARQL 1.2 Entailment Regimes",
      "text": "Terms defined by this specification",
      "url": "https://www.w3.org/TR/sparql12-entailment/#index-defined-here"
    }
  },
  "#informative-references": {
    "current": {
      "number": "C.2",
      "spec": "SPARQL 1.2 Entailment Regimes",
      "text": "Informative references",
      "url": "https://w3c.github.io/sparql-entailment/spec/#informative-references"
    },
    "snapshot": {
      "number": "C.2",
      "spec": "SPARQL 1.2 Entailment Regimes",
      "text": "Informative references",
      "url": "https://www.w3.org/TR/sparql12-entailment/#informative-references"
    }
  },
  "#internationalization": {
    "current": {
      "number": "",
      "spec": "SPARQL 1.2 Entailment Regimes",
      "text": "17. Internationalization Considerations",
      "url": "https://w3c.github.io/sparql-entailment/spec/#internationalization"
    },
    "snapshot": {
      "number": "",
      "spec": "SPARQL 1.2 Entailment Regimes",
      "text": "17. Internationalization Considerations",
      "url": "https://www.w3.org/TR/sparql12-entailment/#internationalization"
    }
  },
  "#literalSubjects": {
    "current": {
      "number": "3.3",
      "spec": "SPARQL 1.2 Entailment Regimes",
      "text": "Literals in the Subject Position",
      "url": "https://w3c.github.io/sparql-entailment/spec/#literalSubjects"
    },
    "snapshot": {
      "number": "3.3",
      "spec": "SPARQL 1.2 Entailment Regimes",
      "text": "Literals in the Subject Position",
      "url": "https://www.w3.org/TR/sparql12-entailment/#literalSubjects"
    }
  },
  "#namespaces": {
    "current": {
      "number": "1.1.2",
      "spec": "SPARQL 1.2 Entailment Regimes",
      "text": "Namespaces",
      "url": "https://w3c.github.io/sparql-entailment/spec/#namespaces"
    },
    "snapshot": {
      "number": "1.1.2",
      "spec": "SPARQL 1.2 Entailment Regimes",
      "text": "Namespaces",
      "url": "https://www.w3.org/TR/sparql12-entailment/#namespaces"
    }
  },
  "#normative-references": {
    "current": {
      "number": "C.1",
      "spec": "SPARQL 1.2 Entailment Regimes",
      "text": "Normative references",
      "url": "https://w3c.github.io/sparql-entailment/spec/#normative-references"
    },
    "snapshot": {
      "number": "C.1",
      "spec": "SPARQL 1.2 Entailment Regimes",
      "text": "Normative references",
      "url": "https://www.w3.org/TR/sparql12-entailment/#normative-references"
    }
  },
  "#prelims": {
    "current": {
      "number": "1.1.3",
      "spec": "SPARQL 1.2 Entailment Regimes",
      "text": "Preliminary Definitions",
      "url": "https://w3c.github.io/sparql-entailment/spec/#prelims"
    },
    "snapshot": {
      "number": "1.1.3",
      "spec": "SPARQL 1.2 Entailment Regimes",
      "text": "Preliminary Definitions",
      "url": "https://www.w3.org/TR/sparql12-entailment/#prelims"
    }
  },
  "#privacy": {
    "current": {
      "number": "",
      "spec": "SPARQL 1.2 Entailment Regimes",
      "text": "15. Privacy Considerations",
      "url": "https://w3c.github.io/sparql-entailment/spec/#privacy"
    },
    "snapshot": {
      "number": "",
      "spec": "SPARQL 1.2 Entailment Regimes",
      "text": "15. Privacy Considerations",
      "url": "https://www.w3.org/TR/sparql12-entailment/#privacy"
    }
  },
  "#references": {
    "current": {
      "number": "C",
      "spec": "SPARQL 1.2 Entailment Regimes",
      "text": "References",
      "url": "https://w3c.github.io/sparql-entailment/spec/#references"
    },
    "snapshot": {
      "number": "C",
      "spec": "SPARQL 1.2 Entailment Regimes",
      "text": "References",
      "url": "https://www.w3.org/TR/sparql12-entailment/#references"
    }
  },
  "#resultDesc": {
    "current": {
      "number": "1.1.4",
      "spec": "SPARQL 1.2 Entailment Regimes",
      "text": "Result Descriptions",
      "url": "https://w3c.github.io/sparql-entailment/spec/#resultDesc"
    },
    "snapshot": {
      "number": "1.1.4",
      "spec": "SPARQL 1.2 Entailment Regimes",
      "text": "Result Descriptions",
      "url": "https://www.w3.org/TR/sparql12-entailment/#resultDesc"
    }
  },
  "#sec-intro": {
    "current": {
      "number": "1",
      "spec": "SPARQL 1.2 Entailment Regimes",
      "text": "Introduction",
      "url": "https://w3c.github.io/sparql-entailment/spec/#sec-intro"
    },
    "snapshot": {
      "number": "1",
      "spec": "SPARQL 1.2 Entailment Regimes",
      "text": "Introduction",
      "url": "https://www.w3.org/TR/sparql12-entailment/#sec-intro"
    }
  },
  "#security": {
    "current": {
      "number": "",
      "spec": "SPARQL 1.2 Entailment Regimes",
      "text": "16. Security Considerations",
      "url": "https://w3c.github.io/sparql-entailment/spec/#security"
    },
    "snapshot": {
      "number": "",
      "spec": "SPARQL 1.2 Entailment Regimes",
      "text": "16. Security Considerations",
      "url": "https://www.w3.org/TR/sparql12-entailment/#security"
    }
  },
  "#set-of-documents": {
    "current": {
      "number": "",
      "spec": "SPARQL 1.2 Entailment Regimes",
      "text": "Set of Documents",
      "url": "https://w3c.github.io/sparql-entailment/spec/#set-of-documents"
    },
    "snapshot": {
      "number": "",
      "spec": "SPARQL 1.2 Entailment Regimes",
      "text": "Set of Documents",
      "url": "https://www.w3.org/TR/sparql12-entailment/#set-of-documents"
    }
  },
  "#syntax": {
    "current": {
      "number": "1.1.1",
      "spec": "SPARQL 1.2 Entailment Regimes",
      "text": "Graph Syntax",
      "url": "https://w3c.github.io/sparql-entailment/spec/#syntax"
    },
    "snapshot": {
      "number": "1.1.1",
      "spec": "SPARQL 1.2 Entailment Regimes",
      "text": "Graph Syntax",
      "url": "https://www.w3.org/TR/sparql12-entailment/#syntax"
    }
  },
  "#title": {
    "current": {
      "number": "",
      "spec": "SPARQL 1.2 Entailment Regimes",
      "text": "SPARQL 1.2 Entailment Regimes",
      "url": "https://w3c.github.io/sparql-entailment/spec/#title"
    },
    "snapshot": {
      "number": "",
      "spec": "SPARQL 1.2 Entailment Regimes",
      "text": "SPARQL 1.2 Entailment Regimes",
      "url": "https://www.w3.org/TR/sparql12-entailment/#title"
    }
  },
  "#toc": {
    "current": {
      "number": "",
      "spec": "SPARQL 1.2 Entailment Regimes",
      "text": "Table of Contents",
      "url": "https://w3c.github.io/sparql-entailment/spec/#toc"
    },
    "snapshot": {
      "number": "",
      "spec": "SPARQL 1.2 Entailment Regimes",
      "text": "Table of Contents",
      "url": "https://www.w3.org/TR/sparql12-entailment/#toc"
    }
  },
  "#uncheckedInconsistencies": {
    "current": {
      "number": "4.1.1",
      "spec": "SPARQL 1.2 Entailment Regimes",
      "text": "Effects of Unchecked Inconsistencies",
      "url": "https://w3c.github.io/sparql-entailment/spec/#uncheckedInconsistencies"
    },
    "snapshot": {
      "number": "4.1.1",
      "spec": "SPARQL 1.2 Entailment Regimes",
      "text": "Effects of Unchecked Inconsistencies",
      "url": "https://www.w3.org/TR/sparql12-entailment/#uncheckedInconsistencies"
    }
  }
}