{
  "#abstract": {
    "current": {
      "number": "",
      "spec": "CSS Images 3",
      "text": "Abstract",
      "url": "https://drafts.csswg.org/css-images-3/#abstract"
    },
    "snapshot": {
      "number": "",
      "spec": "CSS Images 3",
      "text": "Abstract",
      "url": "https://www.w3.org/TR/css-images-3/#abstract"
    }
  },
  "#acknowledgments": {
    "current": {
      "number": "",
      "spec": "CSS Images 3",
      "text": "Acknowledgments",
      "url": "https://drafts.csswg.org/css-images-3/#acknowledgments"
    },
    "snapshot": {
      "number": "",
      "spec": "CSS Images 3",
      "text": "Acknowledgments",
      "url": "https://www.w3.org/TR/css-images-3/#acknowledgments"
    }
  },
  "#ambiguous-urls": {
    "current": {
      "number": "2.1.1",
      "spec": "CSS Images 3",
      "text": "Ambiguous Reference-or-Image URLs",
      "url": "https://drafts.csswg.org/css-images-3/#ambiguous-urls"
    },
    "snapshot": {
      "number": "2.1.1",
      "spec": "CSS Images 3",
      "text": "Ambiguous Reference-or-Image URLs",
      "url": "https://www.w3.org/TR/css-images-3/#ambiguous-urls"
    }
  },
  "#changes": {
    "current": {
      "number": "",
      "spec": "CSS Images 3",
      "text": "Changes",
      "url": "https://drafts.csswg.org/css-images-3/#changes"
    },
    "snapshot": {
      "number": "",
      "spec": "CSS Images 3",
      "text": "Changes",
      "url": "https://www.w3.org/TR/css-images-3/#changes"
    }
  },
  "#changes-20120407": {
    "current": {
      "number": "",
      "spec": "CSS Images 3",
      "text": "Changes Since the 17 April 2012 Candidate Recommendation",
      "url": "https://drafts.csswg.org/css-images-3/#changes-20120407"
    },
    "snapshot": {
      "number": "",
      "spec": "CSS Images 3",
      "text": "Changes Since the 17 April 2012 Candidate Recommendation",
      "url": "https://www.w3.org/TR/css-images-3/#changes-20120407"
    }
  },
  "#changes-20191010": {
    "current": {
      "number": "",
      "spec": "CSS Images 3",
      "text": "Changes Since the 10 October 2019 Candidate Recommendation",
      "url": "https://drafts.csswg.org/css-images-3/#changes-20191010"
    },
    "snapshot": {
      "number": "",
      "spec": "CSS Images 3",
      "text": "Changes Since the 10 October 2019 Candidate Recommendation",
      "url": "https://www.w3.org/TR/css-images-3/#changes-20191010"
    }
  },
  "#color-stop-fixup": {
    "current": {
      "number": "3.4.3",
      "spec": "CSS Images 3",
      "text": "Color Stop “Fixup”",
      "url": "https://drafts.csswg.org/css-images-3/#color-stop-fixup"
    },
    "snapshot": {
      "number": "3.4.3",
      "spec": "CSS Images 3",
      "text": "Color Stop “Fixup”",
      "url": "https://www.w3.org/TR/css-images-3/#color-stop-fixup"
    }
  },
  "#color-stop-syntax": {
    "current": {
      "number": "3.4.1",
      "spec": "CSS Images 3",
      "text": "Color Stop Lists",
      "url": "https://drafts.csswg.org/css-images-3/#color-stop-syntax"
    },
    "snapshot": {
      "number": "3.4.1",
      "spec": "CSS Images 3",
      "text": "Color Stop Lists",
      "url": "https://www.w3.org/TR/css-images-3/#color-stop-syntax"
    }
  },
  "#coloring-gradient-line": {
    "current": {
      "number": "3.4.2",
      "spec": "CSS Images 3",
      "text": "Coloring the Gradient Line",
      "url": "https://drafts.csswg.org/css-images-3/#coloring-gradient-line"
    },
    "snapshot": {
      "number": "3.4.2",
      "spec": "CSS Images 3",
      "text": "Coloring the Gradient Line",
      "url": "https://www.w3.org/TR/css-images-3/#coloring-gradient-line"
    }
  },
  "#concrete-size-resolution": {
    "current": {
      "number": "4.3",
      "spec": "CSS Images 3",
      "text": "Concrete Object Size Resolution",
      "url": "https://drafts.csswg.org/css-images-3/#concrete-size-resolution"
    },
    "snapshot": {
      "number": "4.3",
      "spec": "CSS Images 3",
      "text": "Concrete Object Size Resolution",
      "url": "https://www.w3.org/TR/css-images-3/#concrete-size-resolution"
    }
  },
  "#cover-contain": {
    "current": {
      "number": "4.3.2",
      "spec": "CSS Images 3",
      "text": "Cover and Contain Constraint Sizing",
      "url": "https://drafts.csswg.org/css-images-3/#cover-contain"
    },
    "snapshot": {
      "number": "4.3.2",
      "spec": "CSS Images 3",
      "text": "Cover and Contain Constraint Sizing",
      "url": "https://www.w3.org/TR/css-images-3/#cover-contain"
    }
  },
  "#default-sizing": {
    "current": {
      "number": "4.3.1",
      "spec": "CSS Images 3",
      "text": "Default Sizing Algorithm",
      "url": "https://drafts.csswg.org/css-images-3/#default-sizing"
    },
    "snapshot": {
      "number": "4.3.1",
      "spec": "CSS Images 3",
      "text": "Default Sizing Algorithm",
      "url": "https://www.w3.org/TR/css-images-3/#default-sizing"
    }
  },
  "#degenerate-radials": {
    "current": {
      "number": "3.2.3",
      "spec": "CSS Images 3",
      "text": "Degenerate Radial Gradients",
      "url": "https://drafts.csswg.org/css-images-3/#degenerate-radials"
    },
    "snapshot": {
      "number": "3.2.3",
      "spec": "CSS Images 3",
      "text": "Degenerate Radial Gradients",
      "url": "https://www.w3.org/TR/css-images-3/#degenerate-radials"
    }
  },
  "#gradient-colors": {
    "current": {
      "number": "3.4",
      "spec": "CSS Images 3",
      "text": "Defining Gradient Color",
      "url": "https://drafts.csswg.org/css-images-3/#gradient-colors"
    },
    "snapshot": {
      "number": "3.4",
      "spec": "CSS Images 3",
      "text": "Defining Gradient Color",
      "url": "https://www.w3.org/TR/css-images-3/#gradient-colors"
    }
  },
  "#gradients": {
    "current": {
      "number": "3",
      "spec": "CSS Images 3",
      "text": "Gradients",
      "url": "https://drafts.csswg.org/css-images-3/#gradients"
    },
    "snapshot": {
      "number": "3",
      "spec": "CSS Images 3",
      "text": "Gradients",
      "url": "https://www.w3.org/TR/css-images-3/#gradients"
    }
  },
  "#image-processing": {
    "current": {
      "number": "5",
      "spec": "CSS Images 3",
      "text": "Image Processing",
      "url": "https://drafts.csswg.org/css-images-3/#image-processing"
    },
    "snapshot": {
      "number": "5",
      "spec": "CSS Images 3",
      "text": "Image Processing",
      "url": "https://www.w3.org/TR/css-images-3/#image-processing"
    }
  },
  "#image-values": {
    "current": {
      "number": "2",
      "spec": "CSS Images 3",
      "text": "Image Values: the <image> type",
      "url": "https://drafts.csswg.org/css-images-3/#image-values"
    },
    "snapshot": {
      "number": "2",
      "spec": "CSS Images 3",
      "text": "Image Values: the <image> type",
      "url": "https://www.w3.org/TR/css-images-3/#image-values"
    }
  },
  "#index": {
    "current": {
      "number": "",
      "spec": "CSS Images 3",
      "text": "Index",
      "url": "https://drafts.csswg.org/css-images-3/#index"
    },
    "snapshot": {
      "number": "",
      "spec": "CSS Images 3",
      "text": "Index",
      "url": "https://www.w3.org/TR/css-images-3/#index"
    }
  },
  "#index-defined-elsewhere": {
    "current": {
      "number": "",
      "spec": "CSS Images 3",
      "text": "Terms defined by reference",
      "url": "https://drafts.csswg.org/css-images-3/#index-defined-elsewhere"
    },
    "snapshot": {
      "number": "",
      "spec": "CSS Images 3",
      "text": "Terms defined by reference",
      "url": "https://www.w3.org/TR/css-images-3/#index-defined-elsewhere"
    }
  },
  "#index-defined-here": {
    "current": {
      "number": "",
      "spec": "CSS Images 3",
      "text": "Terms defined by this specification",
      "url": "https://drafts.csswg.org/css-images-3/#index-defined-here"
    },
    "snapshot": {
      "number": "",
      "spec": "CSS Images 3",
      "text": "Terms defined by this specification",
      "url": "https://www.w3.org/TR/css-images-3/#index-defined-here"
    }
  },
  "#informative": {
    "current": {
      "number": "",
      "spec": "CSS Images 3",
      "text": "Informative References",
      "url": "https://drafts.csswg.org/css-images-3/#informative"
    },
    "snapshot": {
      "number": "",
      "spec": "CSS Images 3",
      "text": "Informative References",
      "url": "https://www.w3.org/TR/css-images-3/#informative"
    }
  },
  "#interpolation": {
    "current": {
      "number": "6",
      "spec": "CSS Images 3",
      "text": "Interpolation",
      "url": "https://drafts.csswg.org/css-images-3/#interpolation"
    },
    "snapshot": {
      "number": "6",
      "spec": "CSS Images 3",
      "text": "Interpolation",
      "url": "https://www.w3.org/TR/css-images-3/#interpolation"
    }
  },
  "#intro": {
    "current": {
      "number": "1",
      "spec": "CSS Images 3",
      "text": "Introduction",
      "url": "https://drafts.csswg.org/css-images-3/#intro"
    },
    "snapshot": {
      "number": "1",
      "spec": "CSS Images 3",
      "text": "Introduction",
      "url": "https://www.w3.org/TR/css-images-3/#intro"
    }
  },
  "#issues-index": {
    "current": {
      "number": "",
      "spec": "CSS Images 3",
      "text": "Issues Index",
      "url": "https://drafts.csswg.org/css-images-3/#issues-index"
    },
    "snapshot": {
      "number": "",
      "spec": "CSS Images 3",
      "text": "Issues Index",
      "url": "https://www.w3.org/TR/css-images-3/#issues-index"
    }
  },
  "#linear-gradient-examples": {
    "current": {
      "number": "3.1.2",
      "spec": "CSS Images 3",
      "text": "Linear Gradient Examples",
      "url": "https://drafts.csswg.org/css-images-3/#linear-gradient-examples"
    },
    "snapshot": {
      "number": "3.1.2",
      "spec": "CSS Images 3",
      "text": "Linear Gradient Examples",
      "url": "https://www.w3.org/TR/css-images-3/#linear-gradient-examples"
    }
  },
  "#linear-gradient-syntax": {
    "current": {
      "number": "3.1.1",
      "spec": "CSS Images 3",
      "text": "linear-gradient() syntax",
      "url": "https://drafts.csswg.org/css-images-3/#linear-gradient-syntax"
    },
    "snapshot": {
      "number": "3.1.1",
      "spec": "CSS Images 3",
      "text": "linear-gradient() syntax",
      "url": "https://www.w3.org/TR/css-images-3/#linear-gradient-syntax"
    }
  },
  "#linear-gradients": {
    "current": {
      "number": "3.1",
      "spec": "CSS Images 3",
      "text": "Linear Gradients: the linear-gradient() notation",
      "url": "https://drafts.csswg.org/css-images-3/#linear-gradients"
    },
    "snapshot": {
      "number": "3.1",
      "spec": "CSS Images 3",
      "text": "Linear Gradients: the linear-gradient() notation",
      "url": "https://www.w3.org/TR/css-images-3/#linear-gradients"
    }
  },
  "#normative": {
    "current": {
      "number": "",
      "spec": "CSS Images 3",
      "text": "Normative References",
      "url": "https://drafts.csswg.org/css-images-3/#normative"
    },
    "snapshot": {
      "number": "",
      "spec": "CSS Images 3",
      "text": "Normative References",
      "url": "https://www.w3.org/TR/css-images-3/#normative"
    }
  },
  "#object-negotiation": {
    "current": {
      "number": "4.2",
      "spec": "CSS Images 3",
      "text": "CSS⇋Object Negotiation",
      "url": "https://drafts.csswg.org/css-images-3/#object-negotiation"
    },
    "snapshot": {
      "number": "4.2",
      "spec": "CSS Images 3",
      "text": "CSS⇋Object Negotiation",
      "url": "https://www.w3.org/TR/css-images-3/#object-negotiation"
    }
  },
  "#object-sizing-examples": {
    "current": {
      "number": "4.4",
      "spec": "CSS Images 3",
      "text": "Examples of CSS Object Sizing",
      "url": "https://drafts.csswg.org/css-images-3/#object-sizing-examples"
    },
    "snapshot": {
      "number": "4.4",
      "spec": "CSS Images 3",
      "text": "Examples of CSS Object Sizing",
      "url": "https://www.w3.org/TR/css-images-3/#object-sizing-examples"
    }
  },
  "#placement": {
    "current": {
      "number": "1.1",
      "spec": "CSS Images 3",
      "text": "Module Interactions",
      "url": "https://drafts.csswg.org/css-images-3/#placement"
    },
    "snapshot": {
      "number": "1.1",
      "spec": "CSS Images 3",
      "text": "Module Interactions",
      "url": "https://www.w3.org/TR/css-images-3/#placement"
    }
  },
  "#privacy": {
    "current": {
      "number": "",
      "spec": "CSS Images 3",
      "text": "Privacy Considerations",
      "url": "https://drafts.csswg.org/css-images-3/#privacy"
    },
    "snapshot": {
      "number": "",
      "spec": "CSS Images 3",
      "text": "Privacy Considerations",
      "url": "https://www.w3.org/TR/css-images-3/#privacy"
    }
  },
  "#property-index": {
    "current": {
      "number": "",
      "spec": "CSS Images 3",
      "text": "Property Index",
      "url": "https://drafts.csswg.org/css-images-3/#property-index"
    },
    "snapshot": {
      "number": "",
      "spec": "CSS Images 3",
      "text": "Property Index",
      "url": "https://www.w3.org/TR/css-images-3/#property-index"
    }
  },
  "#radial-color-stops": {
    "current": {
      "number": "3.2.2",
      "spec": "CSS Images 3",
      "text": "Placing Color Stops",
      "url": "https://drafts.csswg.org/css-images-3/#radial-color-stops"
    },
    "snapshot": {
      "number": "3.2.2",
      "spec": "CSS Images 3",
      "text": "Placing Color Stops",
      "url": "https://www.w3.org/TR/css-images-3/#radial-color-stops"
    }
  },
  "#radial-gradient-examples": {
    "current": {
      "number": "3.2.4",
      "spec": "CSS Images 3",
      "text": "Radial Gradient Examples",
      "url": "https://drafts.csswg.org/css-images-3/#radial-gradient-examples"
    },
    "snapshot": {
      "number": "3.2.4",
      "spec": "CSS Images 3",
      "text": "Radial Gradient Examples",
      "url": "https://www.w3.org/TR/css-images-3/#radial-gradient-examples"
    }
  },
  "#radial-gradient-syntax": {
    "current": {
      "number": "3.2.1",
      "spec": "CSS Images 3",
      "text": "radial-gradient() Syntax",
      "url": "https://drafts.csswg.org/css-images-3/#radial-gradient-syntax"
    },
    "snapshot": {
      "number": "3.2.1",
      "spec": "CSS Images 3",
      "text": "radial-gradient() Syntax",
      "url": "https://www.w3.org/TR/css-images-3/#radial-gradient-syntax"
    }
  },
  "#radial-gradients": {
    "current": {
      "number": "3.2",
      "spec": "CSS Images 3",
      "text": "Radial Gradients: the radial-gradient() notation",
      "url": "https://drafts.csswg.org/css-images-3/#radial-gradients"
    },
    "snapshot": {
      "number": "3.2",
      "spec": "CSS Images 3",
      "text": "Radial Gradients: the radial-gradient() notation",
      "url": "https://www.w3.org/TR/css-images-3/#radial-gradients"
    }
  },
  "#references": {
    "current": {
      "number": "",
      "spec": "CSS Images 3",
      "text": "References",
      "url": "https://drafts.csswg.org/css-images-3/#references"
    },
    "snapshot": {
      "number": "",
      "spec": "CSS Images 3",
      "text": "References",
      "url": "https://www.w3.org/TR/css-images-3/#references"
    }
  },
  "#repeating-gradients": {
    "current": {
      "number": "3.3",
      "spec": "CSS Images 3",
      "text": "Repeating Gradients: the repeating-linear-gradient() and repeating-radial-gradient() notations",
      "url": "https://drafts.csswg.org/css-images-3/#repeating-gradients"
    },
    "snapshot": {
      "number": "3.3",
      "spec": "CSS Images 3",
      "text": "Repeating Gradients: the repeating-linear-gradient() and repeating-radial-gradient() notations",
      "url": "https://www.w3.org/TR/css-images-3/#repeating-gradients"
    }
  },
  "#security": {
    "current": {
      "number": "",
      "spec": "CSS Images 3",
      "text": "Security Considerations",
      "url": "https://drafts.csswg.org/css-images-3/#security"
    },
    "snapshot": {
      "number": "",
      "spec": "CSS Images 3",
      "text": "Security Considerations",
      "url": "https://www.w3.org/TR/css-images-3/#security"
    }
  },
  "#serialization": {
    "current": {
      "number": "7",
      "spec": "CSS Images 3",
      "text": "Serialization",
      "url": "https://drafts.csswg.org/css-images-3/#serialization"
    },
    "snapshot": {
      "number": "7",
      "spec": "CSS Images 3",
      "text": "Serialization",
      "url": "https://www.w3.org/TR/css-images-3/#serialization"
    }
  },
  "#sizing": {
    "current": {
      "number": "4",
      "spec": "CSS Images 3",
      "text": "Sizing Images and Objects in CSS",
      "url": "https://drafts.csswg.org/css-images-3/#sizing"
    },
    "snapshot": {
      "number": "4",
      "spec": "CSS Images 3",
      "text": "Sizing Images and Objects in CSS",
      "url": "https://www.w3.org/TR/css-images-3/#sizing"
    }
  },
  "#sizing-terms": {
    "current": {
      "number": "4.1",
      "spec": "CSS Images 3",
      "text": "Object-Sizing Terminology",
      "url": "https://drafts.csswg.org/css-images-3/#sizing-terms"
    },
    "snapshot": {
      "number": "4.1",
      "spec": "CSS Images 3",
      "text": "Object-Sizing Terminology",
      "url": "https://www.w3.org/TR/css-images-3/#sizing-terms"
    }
  },
  "#sotd": {
    "current": {
      "number": "",
      "spec": "CSS Images 3",
      "text": "Status of this document",
      "url": "https://drafts.csswg.org/css-images-3/#sotd"
    },
    "snapshot": {
      "number": "",
      "spec": "CSS Images 3",
      "text": "Status of this document",
      "url": "https://www.w3.org/TR/css-images-3/#sotd"
    }
  },
  "#the-image-orientation": {
    "current": {
      "number": "5.1",
      "spec": "CSS Images 3",
      "text": "Orienting an Image on the Page: the image-orientation property",
      "url": "https://drafts.csswg.org/css-images-3/#the-image-orientation"
    },
    "snapshot": {
      "number": "5.1",
      "spec": "CSS Images 3",
      "text": "Orienting an Image on the Page: the image-orientation property",
      "url": "https://www.w3.org/TR/css-images-3/#the-image-orientation"
    }
  },
  "#the-image-rendering": {
    "current": {
      "number": "5.2",
      "spec": "CSS Images 3",
      "text": "Determining How To Scale an Image: the image-rendering property",
      "url": "https://drafts.csswg.org/css-images-3/#the-image-rendering"
    },
    "snapshot": {
      "number": "5.2",
      "spec": "CSS Images 3",
      "text": "Determining How To Scale an Image: the image-rendering property",
      "url": "https://www.w3.org/TR/css-images-3/#the-image-rendering"
    }
  },
  "#the-object-fit": {
    "current": {
      "number": "4.5",
      "spec": "CSS Images 3",
      "text": "Sizing Objects: the object-fit property",
      "url": "https://drafts.csswg.org/css-images-3/#the-object-fit"
    },
    "snapshot": {
      "number": "4.5",
      "spec": "CSS Images 3",
      "text": "Sizing Objects: the object-fit property",
      "url": "https://www.w3.org/TR/css-images-3/#the-object-fit"
    }
  },
  "#the-object-position": {
    "current": {
      "number": "4.6",
      "spec": "CSS Images 3",
      "text": "Positioning Objects: the object-position property",
      "url": "https://drafts.csswg.org/css-images-3/#the-object-position"
    },
    "snapshot": {
      "number": "4.6",
      "spec": "CSS Images 3",
      "text": "Positioning Objects: the object-position property",
      "url": "https://www.w3.org/TR/css-images-3/#the-object-position"
    }
  },
  "#title": {
    "current": {
      "number": "",
      "spec": "CSS Images 3",
      "text": "CSS Images Module Level 3",
      "url": "https://drafts.csswg.org/css-images-3/#title"
    },
    "snapshot": {
      "number": "",
      "spec": "CSS Images 3",
      "text": "CSS Images Module Level 3",
      "url": "https://www.w3.org/TR/css-images-3/#title"
    }
  },
  "#toc": {
    "current": {
      "number": "",
      "spec": "CSS Images 3",
      "text": "Table of Contents",
      "url": "https://drafts.csswg.org/css-images-3/#toc"
    },
    "snapshot": {
      "number": "",
      "spec": "CSS Images 3",
      "text": "Table of Contents",
      "url": "https://www.w3.org/TR/css-images-3/#toc"
    }
  },
  "#url-metadata": {
    "current": {
      "number": "2.1.2",
      "spec": "CSS Images 3",
      "text": "Image Metadata",
      "url": "https://drafts.csswg.org/css-images-3/#url-metadata"
    },
    "snapshot": {
      "number": "2.1.2",
      "spec": "CSS Images 3",
      "text": "Image Metadata",
      "url": "https://www.w3.org/TR/css-images-3/#url-metadata"
    }
  },
  "#url-notation": {
    "current": {
      "number": "2.1",
      "spec": "CSS Images 3",
      "text": "Image References: the url() notation",
      "url": "https://drafts.csswg.org/css-images-3/#url-notation"
    },
    "snapshot": {
      "number": "2.1",
      "spec": "CSS Images 3",
      "text": "Image References: the url() notation",
      "url": "https://www.w3.org/TR/css-images-3/#url-notation"
    }
  },
  "#values": {
    "current": {
      "number": "1.2",
      "spec": "CSS Images 3",
      "text": "Value Definitions",
      "url": "https://drafts.csswg.org/css-images-3/#values"
    },
    "snapshot": {
      "number": "1.2",
      "spec": "CSS Images 3",
      "text": "Value Definitions",
      "url": "https://www.w3.org/TR/css-images-3/#values"
    }
  },
  "#w3c-conform-future-proofing": {
    "current": {
      "number": "",
      "spec": "CSS Images 3",
      "text": "Implementations of Unstable and Proprietary Features",
      "url": "https://drafts.csswg.org/css-images-3/#w3c-conform-future-proofing"
    },
    "snapshot": {
      "number": "",
      "spec": "CSS Images 3",
      "text": "Implementations of Unstable and Proprietary Features",
      "url": "https://www.w3.org/TR/css-images-3/#w3c-conform-future-proofing"
    }
  },
  "#w3c-conformance": {
    "current": {
      "number": "",
      "spec": "CSS Images 3",
      "text": "Conformance",
      "url": "https://drafts.csswg.org/css-images-3/#w3c-conformance"
    },
    "snapshot": {
      "number": "",
      "spec": "CSS Images 3",
      "text": "Conformance",
      "url": "https://www.w3.org/TR/css-images-3/#w3c-conformance"
    }
  },
  "#w3c-conformance-classes": {
    "current": {
      "number": "",
      "spec": "CSS Images 3",
      "text": "Conformance classes",
      "url": "https://drafts.csswg.org/css-images-3/#w3c-conformance-classes"
    },
    "snapshot": {
      "number": "",
      "spec": "CSS Images 3",
      "text": "Conformance classes",
      "url": "https://www.w3.org/TR/css-images-3/#w3c-conformance-classes"
    }
  },
  "#w3c-conventions": {
    "current": {
      "number": "",
      "spec": "CSS Images 3",
      "text": "Document conventions",
      "url": "https://drafts.csswg.org/css-images-3/#w3c-conventions"
    },
    "snapshot": {
      "number": "",
      "spec": "CSS Images 3",
      "text": "Document conventions",
      "url": "https://www.w3.org/TR/css-images-3/#w3c-conventions"
    }
  },
  "#w3c-cr-exit-criteria": {
    "snapshot": {
      "number": "",
      "spec": "CSS Images 3",
      "text": "CR exit criteria",
      "url": "https://www.w3.org/TR/css-images-3/#w3c-cr-exit-criteria"
    }
  },
  "#w3c-partial": {
    "current": {
      "number": "",
      "spec": "CSS Images 3",
      "text": "Partial implementations",
      "url": "https://drafts.csswg.org/css-images-3/#w3c-partial"
    },
    "snapshot": {
      "number": "",
      "spec": "CSS Images 3",
      "text": "Partial implementations",
      "url": "https://www.w3.org/TR/css-images-3/#w3c-partial"
    }
  },
  "#w3c-testing": {
    "current": {
      "number": "",
      "spec": "CSS Images 3",
      "text": "Non-experimental implementations",
      "url": "https://drafts.csswg.org/css-images-3/#w3c-testing"
    },
    "snapshot": {
      "number": "",
      "spec": "CSS Images 3",
      "text": "Non-experimental implementations",
      "url": "https://www.w3.org/TR/css-images-3/#w3c-testing"
    }
  }
}