{
  "#abstract": {
    "current": {
      "number": "",
      "spec": "CSS GCPM 3",
      "text": "Abstract",
      "url": "https://drafts.csswg.org/css-gcpm-3/#abstract"
    },
    "snapshot": {
      "number": "",
      "spec": "CSS GCPM 3",
      "text": "Abstract",
      "url": "https://www.w3.org/TR/css-gcpm-3/#abstract"
    }
  },
  "#acknowledgments": {
    "current": {
      "number": "",
      "spec": "CSS GCPM 3",
      "text": "Acknowledgments",
      "url": "https://drafts.csswg.org/css-gcpm-3/#acknowledgments"
    },
    "snapshot": {
      "number": "",
      "spec": "CSS GCPM 3",
      "text": "Acknowledgments",
      "url": "https://www.w3.org/TR/css-gcpm-3/#acknowledgments"
    }
  },
  "#bookmarks": {
    "current": {
      "number": "6",
      "spec": "CSS GCPM 3",
      "text": "Bookmarks (moved)",
      "url": "https://drafts.csswg.org/css-gcpm-3/#bookmarks"
    },
    "snapshot": {
      "number": "6",
      "spec": "CSS GCPM 3",
      "text": "Bookmarks (moved)",
      "url": "https://www.w3.org/TR/css-gcpm-3/#bookmarks"
    }
  },
  "#changes": {
    "current": {
      "number": "C",
      "spec": "CSS GCPM 3",
      "text": "Changes",
      "url": "https://drafts.csswg.org/css-gcpm-3/#changes"
    },
    "snapshot": {
      "number": "C",
      "spec": "CSS GCPM 3",
      "text": "Changes",
      "url": "https://www.w3.org/TR/css-gcpm-3/#changes"
    }
  },
  "#cmyk-colors": {
    "current": {
      "number": "",
      "spec": "CSS GCPM 3",
      "text": "CMYK colors",
      "url": "https://drafts.csswg.org/css-gcpm-3/#cmyk-colors"
    },
    "snapshot": {
      "number": "",
      "spec": "CSS GCPM 3",
      "text": "CMYK colors",
      "url": "https://www.w3.org/TR/css-gcpm-3/#cmyk-colors"
    }
  },
  "#content-function-header": {
    "current": {
      "number": "1.1.1.1",
      "spec": "CSS GCPM 3",
      "text": "The content() function",
      "url": "https://drafts.csswg.org/css-gcpm-3/#content-function-header"
    },
    "snapshot": {
      "number": "1.1.1.1",
      "spec": "CSS GCPM 3",
      "text": "The content() function",
      "url": "https://www.w3.org/TR/css-gcpm-3/#content-function-header"
    }
  },
  "#creating-footnotes": {
    "current": {
      "number": "2.2",
      "spec": "CSS GCPM 3",
      "text": "Creating footnotes",
      "url": "https://drafts.csswg.org/css-gcpm-3/#creating-footnotes"
    },
    "snapshot": {
      "number": "2.2",
      "spec": "CSS GCPM 3",
      "text": "Creating footnotes",
      "url": "https://www.w3.org/TR/css-gcpm-3/#creating-footnotes"
    }
  },
  "#cross-references": {
    "current": {
      "number": "5",
      "spec": "CSS GCPM 3",
      "text": "Cross-references (moved)",
      "url": "https://drafts.csswg.org/css-gcpm-3/#cross-references"
    },
    "snapshot": {
      "number": "5",
      "spec": "CSS GCPM 3",
      "text": "Cross-references (moved)",
      "url": "https://www.w3.org/TR/css-gcpm-3/#cross-references"
    }
  },
  "#document-page-selectors": {
    "current": {
      "number": "3.1",
      "spec": "CSS GCPM 3",
      "text": "Page Selectors",
      "url": "https://drafts.csswg.org/css-gcpm-3/#document-page-selectors"
    },
    "snapshot": {
      "number": "3.1",
      "spec": "CSS GCPM 3",
      "text": "Page Selectors",
      "url": "https://www.w3.org/TR/css-gcpm-3/#document-page-selectors"
    }
  },
  "#document-sequence-selectors": {
    "current": {
      "number": "3.2",
      "spec": "CSS GCPM 3",
      "text": "Page groups",
      "url": "https://drafts.csswg.org/css-gcpm-3/#document-sequence-selectors"
    },
    "snapshot": {
      "number": "3.2",
      "spec": "CSS GCPM 3",
      "text": "Page groups",
      "url": "https://www.w3.org/TR/css-gcpm-3/#document-sequence-selectors"
    }
  },
  "#element-syntax": {
    "current": {
      "number": "1.2.2",
      "spec": "CSS GCPM 3",
      "text": "The element() value",
      "url": "https://drafts.csswg.org/css-gcpm-3/#element-syntax"
    },
    "snapshot": {
      "number": "1.2.2",
      "spec": "CSS GCPM 3",
      "text": "The element() value",
      "url": "https://www.w3.org/TR/css-gcpm-3/#element-syntax"
    }
  },
  "#footnote-area": {
    "current": {
      "number": "2.4",
      "spec": "CSS GCPM 3",
      "text": "The footnote area",
      "url": "https://drafts.csswg.org/css-gcpm-3/#footnote-area"
    },
    "snapshot": {
      "number": "2.4",
      "spec": "CSS GCPM 3",
      "text": "The footnote area",
      "url": "https://www.w3.org/TR/css-gcpm-3/#footnote-area"
    }
  },
  "#footnote-area-position": {
    "current": {
      "number": "2.4.1",
      "spec": "CSS GCPM 3",
      "text": "Positioning of the footnote area",
      "url": "https://drafts.csswg.org/css-gcpm-3/#footnote-area-position"
    },
    "snapshot": {
      "number": "2.4.1",
      "spec": "CSS GCPM 3",
      "text": "Positioning of the footnote area",
      "url": "https://www.w3.org/TR/css-gcpm-3/#footnote-area-position"
    }
  },
  "#footnote-area-size": {
    "current": {
      "number": "2.4.2",
      "spec": "CSS GCPM 3",
      "text": "Size of the footnote area",
      "url": "https://drafts.csswg.org/css-gcpm-3/#footnote-area-size"
    },
    "snapshot": {
      "number": "2.4.2",
      "spec": "CSS GCPM 3",
      "text": "Size of the footnote area",
      "url": "https://www.w3.org/TR/css-gcpm-3/#footnote-area-size"
    }
  },
  "#footnote-call": {
    "current": {
      "number": "2.6",
      "spec": "CSS GCPM 3",
      "text": "The footnote-call pseudo-element",
      "url": "https://drafts.csswg.org/css-gcpm-3/#footnote-call"
    },
    "snapshot": {
      "number": "2.6",
      "spec": "CSS GCPM 3",
      "text": "The footnote-call pseudo-element",
      "url": "https://www.w3.org/TR/css-gcpm-3/#footnote-call"
    }
  },
  "#footnote-counter-values": {
    "current": {
      "number": "2.5.1",
      "spec": "CSS GCPM 3",
      "text": "Values of the footnote counter",
      "url": "https://drafts.csswg.org/css-gcpm-3/#footnote-counter-values"
    },
    "snapshot": {
      "number": "2.5.1",
      "spec": "CSS GCPM 3",
      "text": "Values of the footnote counter",
      "url": "https://www.w3.org/TR/css-gcpm-3/#footnote-counter-values"
    }
  },
  "#footnote-counters": {
    "current": {
      "number": "2.5",
      "spec": "CSS GCPM 3",
      "text": "The Footnote Counter",
      "url": "https://drafts.csswg.org/css-gcpm-3/#footnote-counters"
    },
    "snapshot": {
      "number": "2.5",
      "spec": "CSS GCPM 3",
      "text": "The Footnote Counter",
      "url": "https://www.w3.org/TR/css-gcpm-3/#footnote-counters"
    }
  },
  "#footnote-marker": {
    "current": {
      "number": "2.7",
      "spec": "CSS GCPM 3",
      "text": "The footnote-marker pseudo-element",
      "url": "https://drafts.csswg.org/css-gcpm-3/#footnote-marker"
    },
    "snapshot": {
      "number": "2.7",
      "spec": "CSS GCPM 3",
      "text": "The footnote-marker pseudo-element",
      "url": "https://www.w3.org/TR/css-gcpm-3/#footnote-marker"
    }
  },
  "#footnote-policy": {
    "current": {
      "number": "2.8",
      "spec": "CSS GCPM 3",
      "text": "Rendering footnotes and footnote policy",
      "url": "https://drafts.csswg.org/css-gcpm-3/#footnote-policy"
    },
    "snapshot": {
      "number": "2.8",
      "spec": "CSS GCPM 3",
      "text": "Rendering footnotes and footnote policy",
      "url": "https://www.w3.org/TR/css-gcpm-3/#footnote-policy"
    }
  },
  "#footnote-terms": {
    "current": {
      "number": "2.1",
      "spec": "CSS GCPM 3",
      "text": "Terminology",
      "url": "https://drafts.csswg.org/css-gcpm-3/#footnote-terms"
    },
    "snapshot": {
      "number": "2.1",
      "spec": "CSS GCPM 3",
      "text": "Terminology",
      "url": "https://www.w3.org/TR/css-gcpm-3/#footnote-terms"
    }
  },
  "#footnote-types": {
    "current": {
      "number": "2.3",
      "spec": "CSS GCPM 3",
      "text": "Types of footnotes",
      "url": "https://drafts.csswg.org/css-gcpm-3/#footnote-types"
    },
    "snapshot": {
      "number": "2.3",
      "spec": "CSS GCPM 3",
      "text": "Types of footnotes",
      "url": "https://www.w3.org/TR/css-gcpm-3/#footnote-types"
    }
  },
  "#footnotes": {
    "current": {
      "number": "2",
      "spec": "CSS GCPM 3",
      "text": "Footnotes",
      "url": "https://drafts.csswg.org/css-gcpm-3/#footnotes"
    },
    "snapshot": {
      "number": "2",
      "spec": "CSS GCPM 3",
      "text": "Footnotes",
      "url": "https://www.w3.org/TR/css-gcpm-3/#footnotes"
    }
  },
  "#former-wd-sections": {
    "current": {
      "number": "A",
      "spec": "CSS GCPM 3",
      "text": "Where Are They Now?",
      "url": "https://drafts.csswg.org/css-gcpm-3/#former-wd-sections"
    },
    "snapshot": {
      "number": "A",
      "spec": "CSS GCPM 3",
      "text": "Where Are They Now?",
      "url": "https://www.w3.org/TR/css-gcpm-3/#former-wd-sections"
    }
  },
  "#future": {
    "current": {
      "number": "2.9",
      "spec": "CSS GCPM 3",
      "text": "Future directions",
      "url": "https://drafts.csswg.org/css-gcpm-3/#future"
    },
    "snapshot": {
      "number": "2.9",
      "spec": "CSS GCPM 3",
      "text": "Future directions",
      "url": "https://www.w3.org/TR/css-gcpm-3/#future"
    }
  },
  "#index": {
    "current": {
      "number": "",
      "spec": "CSS GCPM 3",
      "text": "Index",
      "url": "https://drafts.csswg.org/css-gcpm-3/#index"
    },
    "snapshot": {
      "number": "",
      "spec": "CSS GCPM 3",
      "text": "Index",
      "url": "https://www.w3.org/TR/css-gcpm-3/#index"
    }
  },
  "#index-defined-elsewhere": {
    "current": {
      "number": "",
      "spec": "CSS GCPM 3",
      "text": "Terms defined by reference",
      "url": "https://drafts.csswg.org/css-gcpm-3/#index-defined-elsewhere"
    },
    "snapshot": {
      "number": "",
      "spec": "CSS GCPM 3",
      "text": "Terms defined by reference",
      "url": "https://www.w3.org/TR/css-gcpm-3/#index-defined-elsewhere"
    }
  },
  "#index-defined-here": {
    "current": {
      "number": "",
      "spec": "CSS GCPM 3",
      "text": "Terms defined by this specification",
      "url": "https://drafts.csswg.org/css-gcpm-3/#index-defined-here"
    },
    "snapshot": {
      "number": "",
      "spec": "CSS GCPM 3",
      "text": "Terms defined by this specification",
      "url": "https://www.w3.org/TR/css-gcpm-3/#index-defined-here"
    }
  },
  "#informative": {
    "current": {
      "number": "",
      "spec": "CSS GCPM 3",
      "text": "Informative References",
      "url": "https://drafts.csswg.org/css-gcpm-3/#informative"
    },
    "snapshot": {
      "number": "",
      "spec": "CSS GCPM 3",
      "text": "Informative References",
      "url": "https://www.w3.org/TR/css-gcpm-3/#informative"
    }
  },
  "#introduction": {
    "current": {
      "number": "",
      "spec": "CSS GCPM 3",
      "text": "Introduction",
      "url": "https://drafts.csswg.org/css-gcpm-3/#introduction"
    },
    "snapshot": {
      "number": "",
      "spec": "CSS GCPM 3",
      "text": "Introduction",
      "url": "https://www.w3.org/TR/css-gcpm-3/#introduction"
    }
  },
  "#issues-index": {
    "current": {
      "number": "",
      "spec": "CSS GCPM 3",
      "text": "Issues Index",
      "url": "https://drafts.csswg.org/css-gcpm-3/#issues-index"
    },
    "snapshot": {
      "number": "",
      "spec": "CSS GCPM 3",
      "text": "Issues Index",
      "url": "https://www.w3.org/TR/css-gcpm-3/#issues-index"
    }
  },
  "#leaders": {
    "current": {
      "number": "4",
      "spec": "CSS GCPM 3",
      "text": "Leaders (moved)",
      "url": "https://drafts.csswg.org/css-gcpm-3/#leaders"
    },
    "snapshot": {
      "number": "4",
      "spec": "CSS GCPM 3",
      "text": "Leaders (moved)",
      "url": "https://www.w3.org/TR/css-gcpm-3/#leaders"
    }
  },
  "#named-strings": {
    "current": {
      "number": "1.1",
      "spec": "CSS GCPM 3",
      "text": "Named strings",
      "url": "https://drafts.csswg.org/css-gcpm-3/#named-strings"
    },
    "snapshot": {
      "number": "1.1",
      "spec": "CSS GCPM 3",
      "text": "Named strings",
      "url": "https://www.w3.org/TR/css-gcpm-3/#named-strings"
    }
  },
  "#navigation-between-pages": {
    "current": {
      "number": "",
      "spec": "CSS GCPM 3",
      "text": "Navigation between pages",
      "url": "https://drafts.csswg.org/css-gcpm-3/#navigation-between-pages"
    },
    "snapshot": {
      "number": "",
      "spec": "CSS GCPM 3",
      "text": "Navigation between pages",
      "url": "https://www.w3.org/TR/css-gcpm-3/#navigation-between-pages"
    }
  },
  "#normative": {
    "current": {
      "number": "",
      "spec": "CSS GCPM 3",
      "text": "Normative References",
      "url": "https://drafts.csswg.org/css-gcpm-3/#normative"
    },
    "snapshot": {
      "number": "",
      "spec": "CSS GCPM 3",
      "text": "Normative References",
      "url": "https://www.w3.org/TR/css-gcpm-3/#normative"
    }
  },
  "#page-floats": {
    "current": {
      "number": "",
      "spec": "CSS GCPM 3",
      "text": "Page floats",
      "url": "https://drafts.csswg.org/css-gcpm-3/#page-floats"
    },
    "snapshot": {
      "number": "",
      "spec": "CSS GCPM 3",
      "text": "Page floats",
      "url": "https://www.w3.org/TR/css-gcpm-3/#page-floats"
    }
  },
  "#page-marks-and-bleed-area": {
    "current": {
      "number": "",
      "spec": "CSS GCPM 3",
      "text": "Page marks and bleed area",
      "url": "https://drafts.csswg.org/css-gcpm-3/#page-marks-and-bleed-area"
    },
    "snapshot": {
      "number": "",
      "spec": "CSS GCPM 3",
      "text": "Page marks and bleed area",
      "url": "https://www.w3.org/TR/css-gcpm-3/#page-marks-and-bleed-area"
    }
  },
  "#paged-presentations": {
    "current": {
      "number": "",
      "spec": "CSS GCPM 3",
      "text": "Paged presentations",
      "url": "https://drafts.csswg.org/css-gcpm-3/#paged-presentations"
    },
    "snapshot": {
      "number": "",
      "spec": "CSS GCPM 3",
      "text": "Paged presentations",
      "url": "https://www.w3.org/TR/css-gcpm-3/#paged-presentations"
    }
  },
  "#privacy": {
    "current": {
      "number": "",
      "spec": "CSS GCPM 3",
      "text": "Privacy Considerations",
      "url": "https://drafts.csswg.org/css-gcpm-3/#privacy"
    },
    "snapshot": {
      "number": "",
      "spec": "CSS GCPM 3",
      "text": "Privacy Considerations",
      "url": "https://www.w3.org/TR/css-gcpm-3/#privacy"
    }
  },
  "#property-index": {
    "current": {
      "number": "",
      "spec": "CSS GCPM 3",
      "text": "Property Index",
      "url": "https://drafts.csswg.org/css-gcpm-3/#property-index"
    },
    "snapshot": {
      "number": "",
      "spec": "CSS GCPM 3",
      "text": "Property Index",
      "url": "https://www.w3.org/TR/css-gcpm-3/#property-index"
    }
  },
  "#references": {
    "current": {
      "number": "",
      "spec": "CSS GCPM 3",
      "text": "References",
      "url": "https://drafts.csswg.org/css-gcpm-3/#references"
    },
    "snapshot": {
      "number": "",
      "spec": "CSS GCPM 3",
      "text": "References",
      "url": "https://www.w3.org/TR/css-gcpm-3/#references"
    }
  },
  "#resetting-footnote-counter": {
    "current": {
      "number": "2.5.2",
      "spec": "CSS GCPM 3",
      "text": "Resetting the footnote counter",
      "url": "https://drafts.csswg.org/css-gcpm-3/#resetting-footnote-counter"
    },
    "snapshot": {
      "number": "2.5.2",
      "spec": "CSS GCPM 3",
      "text": "Resetting the footnote counter",
      "url": "https://www.w3.org/TR/css-gcpm-3/#resetting-footnote-counter"
    }
  },
  "#running-elements": {
    "current": {
      "number": "1.2",
      "spec": "CSS GCPM 3",
      "text": "Running elements",
      "url": "https://drafts.csswg.org/css-gcpm-3/#running-elements"
    },
    "snapshot": {
      "number": "1.2",
      "spec": "CSS GCPM 3",
      "text": "Running elements",
      "url": "https://www.w3.org/TR/css-gcpm-3/#running-elements"
    }
  },
  "#running-headers-and-footers": {
    "current": {
      "number": "1",
      "spec": "CSS GCPM 3",
      "text": "Running headers and footers",
      "url": "https://drafts.csswg.org/css-gcpm-3/#running-headers-and-footers"
    },
    "snapshot": {
      "number": "1",
      "spec": "CSS GCPM 3",
      "text": "Running headers and footers",
      "url": "https://www.w3.org/TR/css-gcpm-3/#running-headers-and-footers"
    }
  },
  "#running-syntax": {
    "current": {
      "number": "1.2.1",
      "spec": "CSS GCPM 3",
      "text": "The running() value",
      "url": "https://drafts.csswg.org/css-gcpm-3/#running-syntax"
    },
    "snapshot": {
      "number": "1.2.1",
      "spec": "CSS GCPM 3",
      "text": "The running() value",
      "url": "https://www.w3.org/TR/css-gcpm-3/#running-syntax"
    }
  },
  "#security": {
    "current": {
      "number": "",
      "spec": "CSS GCPM 3",
      "text": "Security Considerations",
      "url": "https://drafts.csswg.org/css-gcpm-3/#security"
    },
    "snapshot": {
      "number": "",
      "spec": "CSS GCPM 3",
      "text": "Security Considerations",
      "url": "https://www.w3.org/TR/css-gcpm-3/#security"
    }
  },
  "#selecting-columns-and-pages": {
    "current": {
      "number": "",
      "spec": "CSS GCPM 3",
      "text": "Selecting columns and pages",
      "url": "https://drafts.csswg.org/css-gcpm-3/#selecting-columns-and-pages"
    },
    "snapshot": {
      "number": "",
      "spec": "CSS GCPM 3",
      "text": "Selecting columns and pages",
      "url": "https://www.w3.org/TR/css-gcpm-3/#selecting-columns-and-pages"
    }
  },
  "#setting-named-strings-the-string-set-pro": {
    "current": {
      "number": "1.1.1",
      "spec": "CSS GCPM 3",
      "text": "The string-set property",
      "url": "https://drafts.csswg.org/css-gcpm-3/#setting-named-strings-the-string-set-pro"
    },
    "snapshot": {
      "number": "1.1.1",
      "spec": "CSS GCPM 3",
      "text": "The string-set property",
      "url": "https://www.w3.org/TR/css-gcpm-3/#setting-named-strings-the-string-set-pro"
    }
  },
  "#sotd": {
    "current": {
      "number": "",
      "spec": "CSS GCPM 3",
      "text": "Status of this document",
      "url": "https://drafts.csswg.org/css-gcpm-3/#sotd"
    },
    "snapshot": {
      "number": "",
      "spec": "CSS GCPM 3",
      "text": "Status of this document",
      "url": "https://www.w3.org/TR/css-gcpm-3/#sotd"
    }
  },
  "#styling-blank-pages": {
    "current": {
      "number": "",
      "spec": "CSS GCPM 3",
      "text": "Styling blank pages",
      "url": "https://drafts.csswg.org/css-gcpm-3/#styling-blank-pages"
    },
    "snapshot": {
      "number": "",
      "spec": "CSS GCPM 3",
      "text": "Styling blank pages",
      "url": "https://www.w3.org/TR/css-gcpm-3/#styling-blank-pages"
    }
  },
  "#the-first-page-pseudo-element": {
    "current": {
      "number": "3",
      "spec": "CSS GCPM 3",
      "text": "Selecting Pages",
      "url": "https://drafts.csswg.org/css-gcpm-3/#the-first-page-pseudo-element"
    },
    "snapshot": {
      "number": "3",
      "spec": "CSS GCPM 3",
      "text": "Selecting Pages",
      "url": "https://www.w3.org/TR/css-gcpm-3/#the-first-page-pseudo-element"
    }
  },
  "#title": {
    "current": {
      "number": "",
      "spec": "CSS GCPM 3",
      "text": "CSS Generated Content for Paged Media Module",
      "url": "https://drafts.csswg.org/css-gcpm-3/#title"
    },
    "snapshot": {
      "number": "",
      "spec": "CSS GCPM 3",
      "text": "CSS Generated Content for Paged Media Module",
      "url": "https://www.w3.org/TR/css-gcpm-3/#title"
    }
  },
  "#toc": {
    "current": {
      "number": "",
      "spec": "CSS GCPM 3",
      "text": "Table of Contents",
      "url": "https://drafts.csswg.org/css-gcpm-3/#toc"
    },
    "snapshot": {
      "number": "",
      "spec": "CSS GCPM 3",
      "text": "Table of Contents",
      "url": "https://www.w3.org/TR/css-gcpm-3/#toc"
    }
  },
  "#ua-stylesheet": {
    "current": {
      "number": "B",
      "spec": "CSS GCPM 3",
      "text": "Default UA Stylesheet",
      "url": "https://drafts.csswg.org/css-gcpm-3/#ua-stylesheet"
    },
    "snapshot": {
      "number": "B",
      "spec": "CSS GCPM 3",
      "text": "Default UA Stylesheet",
      "url": "https://www.w3.org/TR/css-gcpm-3/#ua-stylesheet"
    }
  },
  "#using-named-strings": {
    "current": {
      "number": "1.1.2",
      "spec": "CSS GCPM 3",
      "text": "The string() function",
      "url": "https://drafts.csswg.org/css-gcpm-3/#using-named-strings"
    },
    "snapshot": {
      "number": "1.1.2",
      "spec": "CSS GCPM 3",
      "text": "The string() function",
      "url": "https://www.w3.org/TR/css-gcpm-3/#using-named-strings"
    }
  },
  "#values": {
    "current": {
      "number": "",
      "spec": "CSS GCPM 3",
      "text": "Value Definitions",
      "url": "https://drafts.csswg.org/css-gcpm-3/#values"
    },
    "snapshot": {
      "number": "",
      "spec": "CSS GCPM 3",
      "text": "Value Definitions",
      "url": "https://www.w3.org/TR/css-gcpm-3/#values"
    }
  },
  "#w3c-conform-future-proofing": {
    "current": {
      "number": "",
      "spec": "CSS GCPM 3",
      "text": "Implementations of Unstable and Proprietary Features",
      "url": "https://drafts.csswg.org/css-gcpm-3/#w3c-conform-future-proofing"
    },
    "snapshot": {
      "number": "",
      "spec": "CSS GCPM 3",
      "text": "Implementations of Unstable and Proprietary Features",
      "url": "https://www.w3.org/TR/css-gcpm-3/#w3c-conform-future-proofing"
    }
  },
  "#w3c-conformance": {
    "current": {
      "number": "",
      "spec": "CSS GCPM 3",
      "text": "Conformance",
      "url": "https://drafts.csswg.org/css-gcpm-3/#w3c-conformance"
    },
    "snapshot": {
      "number": "",
      "spec": "CSS GCPM 3",
      "text": "Conformance",
      "url": "https://www.w3.org/TR/css-gcpm-3/#w3c-conformance"
    }
  },
  "#w3c-conformance-classes": {
    "current": {
      "number": "",
      "spec": "CSS GCPM 3",
      "text": "Conformance classes",
      "url": "https://drafts.csswg.org/css-gcpm-3/#w3c-conformance-classes"
    },
    "snapshot": {
      "number": "",
      "spec": "CSS GCPM 3",
      "text": "Conformance classes",
      "url": "https://www.w3.org/TR/css-gcpm-3/#w3c-conformance-classes"
    }
  },
  "#w3c-conventions": {
    "current": {
      "number": "",
      "spec": "CSS GCPM 3",
      "text": "Document conventions",
      "url": "https://drafts.csswg.org/css-gcpm-3/#w3c-conventions"
    },
    "snapshot": {
      "number": "",
      "spec": "CSS GCPM 3",
      "text": "Document conventions",
      "url": "https://www.w3.org/TR/css-gcpm-3/#w3c-conventions"
    }
  },
  "#w3c-partial": {
    "current": {
      "number": "",
      "spec": "CSS GCPM 3",
      "text": "Partial implementations",
      "url": "https://drafts.csswg.org/css-gcpm-3/#w3c-partial"
    },
    "snapshot": {
      "number": "",
      "spec": "CSS GCPM 3",
      "text": "Partial implementations",
      "url": "https://www.w3.org/TR/css-gcpm-3/#w3c-partial"
    }
  },
  "#w3c-testing": {
    "current": {
      "number": "",
      "spec": "CSS GCPM 3",
      "text": "Non-experimental implementations",
      "url": "https://drafts.csswg.org/css-gcpm-3/#w3c-testing"
    },
    "snapshot": {
      "number": "",
      "spec": "CSS GCPM 3",
      "text": "Non-experimental implementations",
      "url": "https://www.w3.org/TR/css-gcpm-3/#w3c-testing"
    }
  }
}