{
  "#abstract": {
    "current": {
      "number": "",
      "spec": "HTMLVideoElement.requestVideoFrameCallback()",
      "text": "Abstract",
      "url": "https://wicg.github.io/video-rvfc/#abstract"
    }
  },
  "#example-drawing": {
    "current": {
      "number": "6.1",
      "spec": "HTMLVideoElement.requestVideoFrameCallback()",
      "text": "Drawing frames at the video rate",
      "url": "https://wicg.github.io/video-rvfc/#example-drawing"
    }
  },
  "#examples": {
    "current": {
      "number": "6",
      "spec": "HTMLVideoElement.requestVideoFrameCallback()",
      "text": "Examples",
      "url": "https://wicg.github.io/video-rvfc/#examples"
    }
  },
  "#idl-index": {
    "current": {
      "number": "",
      "spec": "HTMLVideoElement.requestVideoFrameCallback()",
      "text": "IDL Index",
      "url": "https://wicg.github.io/video-rvfc/#idl-index"
    }
  },
  "#index": {
    "current": {
      "number": "",
      "spec": "HTMLVideoElement.requestVideoFrameCallback()",
      "text": "Index",
      "url": "https://wicg.github.io/video-rvfc/#index"
    }
  },
  "#index-defined-elsewhere": {
    "current": {
      "number": "",
      "spec": "HTMLVideoElement.requestVideoFrameCallback()",
      "text": "Terms defined by reference",
      "url": "https://wicg.github.io/video-rvfc/#index-defined-elsewhere"
    }
  },
  "#index-defined-here": {
    "current": {
      "number": "",
      "spec": "HTMLVideoElement.requestVideoFrameCallback()",
      "text": "Terms defined by this specification",
      "url": "https://wicg.github.io/video-rvfc/#index-defined-here"
    }
  },
  "#informative": {
    "current": {
      "number": "",
      "spec": "HTMLVideoElement.requestVideoFrameCallback()",
      "text": "Informative References",
      "url": "https://wicg.github.io/video-rvfc/#informative"
    }
  },
  "#introduction": {
    "current": {
      "number": "1",
      "spec": "HTMLVideoElement.requestVideoFrameCallback()",
      "text": "Introduction",
      "url": "https://wicg.github.io/video-rvfc/#introduction"
    }
  },
  "#issues-index": {
    "current": {
      "number": "",
      "spec": "HTMLVideoElement.requestVideoFrameCallback()",
      "text": "Issues Index",
      "url": "https://wicg.github.io/video-rvfc/#issues-index"
    }
  },
  "#normative": {
    "current": {
      "number": "",
      "spec": "HTMLVideoElement.requestVideoFrameCallback()",
      "text": "Normative References",
      "url": "https://wicg.github.io/video-rvfc/#normative"
    }
  },
  "#references": {
    "current": {
      "number": "",
      "spec": "HTMLVideoElement.requestVideoFrameCallback()",
      "text": "References",
      "url": "https://wicg.github.io/video-rvfc/#references"
    }
  },
  "#security-and-privacy": {
    "current": {
      "number": "5",
      "spec": "HTMLVideoElement.requestVideoFrameCallback()",
      "text": "Security and Privacy Considerations",
      "url": "https://wicg.github.io/video-rvfc/#security-and-privacy"
    }
  },
  "#status": {
    "current": {
      "number": "",
      "spec": "HTMLVideoElement.requestVideoFrameCallback()",
      "text": "Status of this document",
      "url": "https://wicg.github.io/video-rvfc/#status"
    }
  },
  "#title": {
    "current": {
      "number": "",
      "spec": "HTMLVideoElement.requestVideoFrameCallback()",
      "text": "HTMLVideoElement.requestVideoFrameCallback()",
      "url": "https://wicg.github.io/video-rvfc/#title"
    }
  },
  "#toc": {
    "current": {
      "number": "",
      "spec": "HTMLVideoElement.requestVideoFrameCallback()",
      "text": "Table of Contents",
      "url": "https://wicg.github.io/video-rvfc/#toc"
    }
  },
  "#video-frame-metadata-callback": {
    "current": {
      "number": "2",
      "spec": "HTMLVideoElement.requestVideoFrameCallback()",
      "text": "VideoFrameCallbackMetadata",
      "url": "https://wicg.github.io/video-rvfc/#video-frame-metadata-callback"
    }
  },
  "#video-frame-metadata-callback-attributes": {
    "current": {
      "number": "2.2",
      "spec": "HTMLVideoElement.requestVideoFrameCallback()",
      "text": "Attributes",
      "url": "https://wicg.github.io/video-rvfc/#video-frame-metadata-callback-attributes"
    }
  },
  "#video-frame-metadata-callback-definitions": {
    "current": {
      "number": "2.1",
      "spec": "HTMLVideoElement.requestVideoFrameCallback()",
      "text": "Definitions",
      "url": "https://wicg.github.io/video-rvfc/#video-frame-metadata-callback-definitions"
    }
  },
  "#video-frame-request-callback": {
    "current": {
      "number": "3",
      "spec": "HTMLVideoElement.requestVideoFrameCallback()",
      "text": "VideoFrameRequestCallback",
      "url": "https://wicg.github.io/video-rvfc/#video-frame-request-callback"
    }
  },
  "#video-rvfc": {
    "current": {
      "number": "4",
      "spec": "HTMLVideoElement.requestVideoFrameCallback()",
      "text": "HTMLVideoElement.requestVideoFrameCallback()",
      "url": "https://wicg.github.io/video-rvfc/#video-rvfc"
    }
  },
  "#video-rvfc-methods": {
    "current": {
      "number": "4.1",
      "spec": "HTMLVideoElement.requestVideoFrameCallback()",
      "text": "Methods",
      "url": "https://wicg.github.io/video-rvfc/#video-rvfc-methods"
    }
  },
  "#video-rvfc-procedures": {
    "current": {
      "number": "4.2",
      "spec": "HTMLVideoElement.requestVideoFrameCallback()",
      "text": "Procedures",
      "url": "https://wicg.github.io/video-rvfc/#video-rvfc-procedures"
    }
  },
  "#w3c-conformance": {
    "current": {
      "number": "",
      "spec": "HTMLVideoElement.requestVideoFrameCallback()",
      "text": "Conformance",
      "url": "https://wicg.github.io/video-rvfc/#w3c-conformance"
    }
  },
  "#w3c-conformant-algorithms": {
    "current": {
      "number": "",
      "spec": "HTMLVideoElement.requestVideoFrameCallback()",
      "text": "Conformant Algorithms",
      "url": "https://wicg.github.io/video-rvfc/#w3c-conformant-algorithms"
    }
  },
  "#w3c-conventions": {
    "current": {
      "number": "",
      "spec": "HTMLVideoElement.requestVideoFrameCallback()",
      "text": "Document conventions",
      "url": "https://wicg.github.io/video-rvfc/#w3c-conventions"
    }
  }
}