{
  "#abstract": {
    "current": {
      "number": "",
      "spec": "CSS Form Styling 1",
      "text": "Abstract",
      "url": "https://drafts.csswg.org/css-forms-1/#abstract"
    }
  },
  "#conformance": {
    "current": {
      "number": "",
      "spec": "CSS Form Styling 1",
      "text": "Conformance",
      "url": "https://drafts.csswg.org/css-forms-1/#conformance"
    }
  },
  "#date-examples": {
    "current": {
      "number": "3.2",
      "spec": "CSS Form Styling 1",
      "text": "Date Pickers",
      "url": "https://drafts.csswg.org/css-forms-1/#date-examples"
    }
  },
  "#examples": {
    "current": {
      "number": "3",
      "spec": "CSS Form Styling 1",
      "text": "Input UI Examples",
      "url": "https://drafts.csswg.org/css-forms-1/#examples"
    }
  },
  "#ideas": {
    "current": {
      "number": "1",
      "spec": "CSS Form Styling 1",
      "text": "Basic Styling Proposals",
      "url": "https://drafts.csswg.org/css-forms-1/#ideas"
    }
  },
  "#index": {
    "current": {
      "number": "",
      "spec": "CSS Form Styling 1",
      "text": "Index",
      "url": "https://drafts.csswg.org/css-forms-1/#index"
    }
  },
  "#index-defined-elsewhere": {
    "current": {
      "number": "",
      "spec": "CSS Form Styling 1",
      "text": "Terms defined by reference",
      "url": "https://drafts.csswg.org/css-forms-1/#index-defined-elsewhere"
    }
  },
  "#inverse-system": {
    "current": {
      "number": "1.2",
      "spec": "CSS Form Styling 1",
      "text": "Inverse System Colors",
      "url": "https://drafts.csswg.org/css-forms-1/#inverse-system"
    }
  },
  "#issues-index": {
    "current": {
      "number": "",
      "spec": "CSS Form Styling 1",
      "text": "Issues Index",
      "url": "https://drafts.csswg.org/css-forms-1/#issues-index"
    }
  },
  "#misc": {
    "current": {
      "number": "2",
      "spec": "CSS Form Styling 1",
      "text": "Miscellaneous Control-Specific Suggestions",
      "url": "https://drafts.csswg.org/css-forms-1/#misc"
    }
  },
  "#normative": {
    "current": {
      "number": "",
      "spec": "CSS Form Styling 1",
      "text": "Normative References",
      "url": "https://drafts.csswg.org/css-forms-1/#normative"
    }
  },
  "#profile-and-date": {
    "current": {
      "number": "",
      "spec": "CSS Form Styling 1",
      "text": "A Collection of Interesting Ideas, 11 October 2017",
      "url": "https://drafts.csswg.org/css-forms-1/#profile-and-date"
    }
  },
  "#prototypes": {
    "current": {
      "number": "1.1",
      "spec": "CSS Form Styling 1",
      "text": "Prototypes",
      "url": "https://drafts.csswg.org/css-forms-1/#prototypes"
    }
  },
  "#references": {
    "current": {
      "number": "",
      "spec": "CSS Form Styling 1",
      "text": "References",
      "url": "https://drafts.csswg.org/css-forms-1/#references"
    }
  },
  "#select-dropdown": {
    "current": {
      "number": "2.1",
      "spec": "CSS Form Styling 1",
      "text": "Select/Datalist Dropdown",
      "url": "https://drafts.csswg.org/css-forms-1/#select-dropdown"
    }
  },
  "#time-examples": {
    "current": {
      "number": "3.1",
      "spec": "CSS Form Styling 1",
      "text": "Time Pickers",
      "url": "https://drafts.csswg.org/css-forms-1/#time-examples"
    }
  },
  "#title": {
    "current": {
      "number": "",
      "spec": "CSS Form Styling 1",
      "text": "CSS Form Styling Module Level 1",
      "url": "https://drafts.csswg.org/css-forms-1/#title"
    }
  },
  "#toc": {
    "current": {
      "number": "",
      "spec": "CSS Form Styling 1",
      "text": "Table of Contents",
      "url": "https://drafts.csswg.org/css-forms-1/#toc"
    }
  }
}