{
  "#abstract": {
    "current": {
      "number": "",
      "spec": "CSS Animations 2",
      "text": "Abstract",
      "url": "https://drafts.csswg.org/css-animations-2/#abstract"
    },
    "snapshot": {
      "number": "",
      "spec": "CSS Animations 2",
      "text": "Abstract",
      "url": "https://www.w3.org/TR/css-animations-2/#abstract"
    }
  },
  "#animation-composite-order": {
    "current": {
      "number": "2.2",
      "spec": "CSS Animations 2",
      "text": "Animation composite order",
      "url": "https://drafts.csswg.org/css-animations-2/#animation-composite-order"
    },
    "snapshot": {
      "number": "2.2",
      "spec": "CSS Animations 2",
      "text": "Animation composite order",
      "url": "https://www.w3.org/TR/css-animations-2/#animation-composite-order"
    }
  },
  "#animation-composition": {
    "current": {
      "number": "4.8",
      "spec": "CSS Animations 2",
      "text": "The animation-composition property",
      "url": "https://drafts.csswg.org/css-animations-2/#animation-composition"
    },
    "snapshot": {
      "number": "4.8",
      "spec": "CSS Animations 2",
      "text": "The animation-composition property",
      "url": "https://www.w3.org/TR/css-animations-2/#animation-composition"
    }
  },
  "#animation-definition": {
    "current": {
      "number": "4",
      "spec": "CSS Animations 2",
      "text": "Declaring Animations",
      "url": "https://drafts.csswg.org/css-animations-2/#animation-definition"
    },
    "snapshot": {
      "number": "4",
      "spec": "CSS Animations 2",
      "text": "Declaring Animations",
      "url": "https://www.w3.org/TR/css-animations-2/#animation-definition"
    }
  },
  "#animation-delay": {
    "current": {
      "number": "4.6",
      "spec": "CSS Animations 2",
      "text": "The animation-delay property",
      "url": "https://drafts.csswg.org/css-animations-2/#animation-delay"
    },
    "snapshot": {
      "number": "4.6",
      "spec": "CSS Animations 2",
      "text": "The animation-delay property",
      "url": "https://www.w3.org/TR/css-animations-2/#animation-delay"
    }
  },
  "#animation-direction": {
    "current": {
      "number": "4.4",
      "spec": "CSS Animations 2",
      "text": "The animation-direction property",
      "url": "https://drafts.csswg.org/css-animations-2/#animation-direction"
    },
    "snapshot": {
      "number": "4.4",
      "spec": "CSS Animations 2",
      "text": "The animation-direction property",
      "url": "https://www.w3.org/TR/css-animations-2/#animation-direction"
    }
  },
  "#animation-duration": {
    "current": {
      "number": "4.1",
      "spec": "CSS Animations 2",
      "text": "The animation-duration property",
      "url": "https://drafts.csswg.org/css-animations-2/#animation-duration"
    },
    "snapshot": {
      "number": "4.1",
      "spec": "CSS Animations 2",
      "text": "The animation-duration property",
      "url": "https://www.w3.org/TR/css-animations-2/#animation-duration"
    }
  },
  "#animation-fill-mode": {
    "current": {
      "number": "4.7",
      "spec": "CSS Animations 2",
      "text": "The animation-fill-mode property",
      "url": "https://drafts.csswg.org/css-animations-2/#animation-fill-mode"
    },
    "snapshot": {
      "number": "4.7",
      "spec": "CSS Animations 2",
      "text": "The animation-fill-mode property",
      "url": "https://www.w3.org/TR/css-animations-2/#animation-fill-mode"
    }
  },
  "#animation-iteration-count": {
    "current": {
      "number": "4.3",
      "spec": "CSS Animations 2",
      "text": "The animation-iteration-count property",
      "url": "https://drafts.csswg.org/css-animations-2/#animation-iteration-count"
    },
    "snapshot": {
      "number": "4.3",
      "spec": "CSS Animations 2",
      "text": "The animation-iteration-count property",
      "url": "https://www.w3.org/TR/css-animations-2/#animation-iteration-count"
    }
  },
  "#animation-play-state": {
    "current": {
      "number": "4.5",
      "spec": "CSS Animations 2",
      "text": "The animation-play-state property",
      "url": "https://drafts.csswg.org/css-animations-2/#animation-play-state"
    },
    "snapshot": {
      "number": "4.5",
      "spec": "CSS Animations 2",
      "text": "The animation-play-state property",
      "url": "https://www.w3.org/TR/css-animations-2/#animation-play-state"
    }
  },
  "#animation-shorthand": {
    "current": {
      "number": "4.10",
      "spec": "CSS Animations 2",
      "text": "The animation shorthand property",
      "url": "https://drafts.csswg.org/css-animations-2/#animation-shorthand"
    },
    "snapshot": {
      "number": "4.10",
      "spec": "CSS Animations 2",
      "text": "The animation shorthand property",
      "url": "https://www.w3.org/TR/css-animations-2/#animation-shorthand"
    }
  },
  "#animation-timeline": {
    "current": {
      "number": "4.9",
      "spec": "CSS Animations 2",
      "text": "The animation-timeline property",
      "url": "https://drafts.csswg.org/css-animations-2/#animation-timeline"
    },
    "snapshot": {
      "number": "4.9",
      "spec": "CSS Animations 2",
      "text": "The animation-timeline property",
      "url": "https://www.w3.org/TR/css-animations-2/#animation-timeline"
    }
  },
  "#animation-timing-function": {
    "current": {
      "number": "4.2",
      "spec": "CSS Animations 2",
      "text": "The animation-timing-function property",
      "url": "https://drafts.csswg.org/css-animations-2/#animation-timing-function"
    },
    "snapshot": {
      "number": "4.2",
      "spec": "CSS Animations 2",
      "text": "The animation-timing-function property",
      "url": "https://www.w3.org/TR/css-animations-2/#animation-timing-function"
    }
  },
  "#animations": {
    "current": {
      "number": "2",
      "spec": "CSS Animations 2",
      "text": "Animations",
      "url": "https://drafts.csswg.org/css-animations-2/#animations"
    },
    "snapshot": {
      "number": "2",
      "spec": "CSS Animations 2",
      "text": "Animations",
      "url": "https://www.w3.org/TR/css-animations-2/#animations"
    }
  },
  "#changes": {
    "current": {
      "number": "9",
      "spec": "CSS Animations 2",
      "text": "Changes",
      "url": "https://drafts.csswg.org/css-animations-2/#changes"
    },
    "snapshot": {
      "number": "9",
      "spec": "CSS Animations 2",
      "text": "Changes",
      "url": "https://www.w3.org/TR/css-animations-2/#changes"
    }
  },
  "#changes-level-1": {
    "current": {
      "number": "9.2",
      "spec": "CSS Animations 2",
      "text": "Changes since CSS Animations, Level 1",
      "url": "https://drafts.csswg.org/css-animations-2/#changes-level-1"
    },
    "snapshot": {
      "number": "9.2",
      "spec": "CSS Animations 2",
      "text": "Changes since CSS Animations, Level 1",
      "url": "https://www.w3.org/TR/css-animations-2/#changes-level-1"
    }
  },
  "#changes-recent": {
    "current": {
      "number": "9.1",
      "spec": "CSS Animations 2",
      "text": "Recent Changes",
      "url": "https://drafts.csswg.org/css-animations-2/#changes-recent"
    },
    "snapshot": {
      "number": "9.1",
      "spec": "CSS Animations 2",
      "text": "Recent Changes",
      "url": "https://www.w3.org/TR/css-animations-2/#changes-recent"
    }
  },
  "#delta": {
    "current": {
      "number": "1",
      "spec": "CSS Animations 2",
      "text": "Delta specification",
      "url": "https://drafts.csswg.org/css-animations-2/#delta"
    },
    "snapshot": {
      "number": "1",
      "spec": "CSS Animations 2",
      "text": "Delta specification",
      "url": "https://www.w3.org/TR/css-animations-2/#delta"
    }
  },
  "#event-dispatch": {
    "current": {
      "number": "5.1",
      "spec": "CSS Animations 2",
      "text": "Event dispatch",
      "url": "https://drafts.csswg.org/css-animations-2/#event-dispatch"
    },
    "snapshot": {
      "number": "5.1",
      "spec": "CSS Animations 2",
      "text": "Event dispatch",
      "url": "https://www.w3.org/TR/css-animations-2/#event-dispatch"
    }
  },
  "#events": {
    "current": {
      "number": "5",
      "spec": "CSS Animations 2",
      "text": "Animation Events",
      "url": "https://drafts.csswg.org/css-animations-2/#events"
    },
    "snapshot": {
      "number": "5",
      "spec": "CSS Animations 2",
      "text": "Animation Events",
      "url": "https://www.w3.org/TR/css-animations-2/#events"
    }
  },
  "#idl-index": {
    "current": {
      "number": "",
      "spec": "CSS Animations 2",
      "text": "IDL Index",
      "url": "https://drafts.csswg.org/css-animations-2/#idl-index"
    },
    "snapshot": {
      "number": "",
      "spec": "CSS Animations 2",
      "text": "IDL Index",
      "url": "https://www.w3.org/TR/css-animations-2/#idl-index"
    }
  },
  "#index": {
    "current": {
      "number": "",
      "spec": "CSS Animations 2",
      "text": "Index",
      "url": "https://drafts.csswg.org/css-animations-2/#index"
    },
    "snapshot": {
      "number": "",
      "spec": "CSS Animations 2",
      "text": "Index",
      "url": "https://www.w3.org/TR/css-animations-2/#index"
    }
  },
  "#index-defined-elsewhere": {
    "current": {
      "number": "",
      "spec": "CSS Animations 2",
      "text": "Terms defined by reference",
      "url": "https://drafts.csswg.org/css-animations-2/#index-defined-elsewhere"
    },
    "snapshot": {
      "number": "",
      "spec": "CSS Animations 2",
      "text": "Terms defined by reference",
      "url": "https://www.w3.org/TR/css-animations-2/#index-defined-elsewhere"
    }
  },
  "#index-defined-here": {
    "current": {
      "number": "",
      "spec": "CSS Animations 2",
      "text": "Terms defined by this specification",
      "url": "https://drafts.csswg.org/css-animations-2/#index-defined-here"
    },
    "snapshot": {
      "number": "",
      "spec": "CSS Animations 2",
      "text": "Terms defined by this specification",
      "url": "https://www.w3.org/TR/css-animations-2/#index-defined-here"
    }
  },
  "#informative": {
    "current": {
      "number": "",
      "spec": "CSS Animations 2",
      "text": "Informative References",
      "url": "https://drafts.csswg.org/css-animations-2/#informative"
    },
    "snapshot": {
      "number": "",
      "spec": "CSS Animations 2",
      "text": "Informative References",
      "url": "https://www.w3.org/TR/css-animations-2/#informative"
    }
  },
  "#interface-dom": {
    "current": {
      "number": "6",
      "spec": "CSS Animations 2",
      "text": "DOM Interfaces",
      "url": "https://drafts.csswg.org/css-animations-2/#interface-dom"
    },
    "snapshot": {
      "number": "6",
      "spec": "CSS Animations 2",
      "text": "DOM Interfaces",
      "url": "https://www.w3.org/TR/css-animations-2/#interface-dom"
    }
  },
  "#issues-index": {
    "current": {
      "number": "",
      "spec": "CSS Animations 2",
      "text": "Issues Index",
      "url": "https://drafts.csswg.org/css-animations-2/#issues-index"
    },
    "snapshot": {
      "number": "",
      "spec": "CSS Animations 2",
      "text": "Issues Index",
      "url": "https://www.w3.org/TR/css-animations-2/#issues-index"
    }
  },
  "#keyframe-processing": {
    "current": {
      "number": "3.2",
      "spec": "CSS Animations 2",
      "text": "Processing Keyframes",
      "url": "https://drafts.csswg.org/css-animations-2/#keyframe-processing"
    },
    "snapshot": {
      "number": "3.2",
      "spec": "CSS Animations 2",
      "text": "Processing Keyframes",
      "url": "https://www.w3.org/TR/css-animations-2/#keyframe-processing"
    }
  },
  "#keyframe-rules": {
    "current": {
      "number": "3.1",
      "spec": "CSS Animations 2",
      "text": "Declaring Keyframes: the @keyframes rule",
      "url": "https://drafts.csswg.org/css-animations-2/#keyframe-rules"
    },
    "snapshot": {
      "number": "3.1",
      "spec": "CSS Animations 2",
      "text": "Declaring Keyframes: the @keyframes rule",
      "url": "https://www.w3.org/TR/css-animations-2/#keyframe-rules"
    }
  },
  "#keyframes": {
    "current": {
      "number": "3",
      "spec": "CSS Animations 2",
      "text": "Assembling Keyframes",
      "url": "https://drafts.csswg.org/css-animations-2/#keyframes"
    },
    "snapshot": {
      "number": "3",
      "spec": "CSS Animations 2",
      "text": "Assembling Keyframes",
      "url": "https://www.w3.org/TR/css-animations-2/#keyframes"
    }
  },
  "#normative": {
    "current": {
      "number": "",
      "spec": "CSS Animations 2",
      "text": "Normative References",
      "url": "https://drafts.csswg.org/css-animations-2/#normative"
    },
    "snapshot": {
      "number": "",
      "spec": "CSS Animations 2",
      "text": "Normative References",
      "url": "https://www.w3.org/TR/css-animations-2/#normative"
    }
  },
  "#owning-element-section": {
    "current": {
      "number": "2.1",
      "spec": "CSS Animations 2",
      "text": "Owning element",
      "url": "https://drafts.csswg.org/css-animations-2/#owning-element-section"
    },
    "snapshot": {
      "number": "2.1",
      "spec": "CSS Animations 2",
      "text": "Owning element",
      "url": "https://www.w3.org/TR/css-animations-2/#owning-element-section"
    }
  },
  "#priv": {
    "current": {
      "number": "7",
      "spec": "CSS Animations 2",
      "text": "Privacy Considerations",
      "url": "https://drafts.csswg.org/css-animations-2/#priv"
    },
    "snapshot": {
      "number": "7",
      "spec": "CSS Animations 2",
      "text": "Privacy Considerations",
      "url": "https://www.w3.org/TR/css-animations-2/#priv"
    }
  },
  "#property-index": {
    "current": {
      "number": "",
      "spec": "CSS Animations 2",
      "text": "Property Index",
      "url": "https://drafts.csswg.org/css-animations-2/#property-index"
    },
    "snapshot": {
      "number": "",
      "spec": "CSS Animations 2",
      "text": "Property Index",
      "url": "https://www.w3.org/TR/css-animations-2/#property-index"
    }
  },
  "#references": {
    "current": {
      "number": "",
      "spec": "CSS Animations 2",
      "text": "References",
      "url": "https://drafts.csswg.org/css-animations-2/#references"
    },
    "snapshot": {
      "number": "",
      "spec": "CSS Animations 2",
      "text": "References",
      "url": "https://www.w3.org/TR/css-animations-2/#references"
    }
  },
  "#requirements-on-pending-style-changes": {
    "current": {
      "number": "6.2",
      "spec": "CSS Animations 2",
      "text": "Requirements on pending style changes",
      "url": "https://drafts.csswg.org/css-animations-2/#requirements-on-pending-style-changes"
    },
    "snapshot": {
      "number": "6.2",
      "spec": "CSS Animations 2",
      "text": "Requirements on pending style changes",
      "url": "https://www.w3.org/TR/css-animations-2/#requirements-on-pending-style-changes"
    }
  },
  "#sec": {
    "current": {
      "number": "8",
      "spec": "CSS Animations 2",
      "text": "Security Considerations",
      "url": "https://drafts.csswg.org/css-animations-2/#sec"
    },
    "snapshot": {
      "number": "8",
      "spec": "CSS Animations 2",
      "text": "Security Considerations",
      "url": "https://www.w3.org/TR/css-animations-2/#sec"
    }
  },
  "#sotd": {
    "current": {
      "number": "",
      "spec": "CSS Animations 2",
      "text": "Status of this document",
      "url": "https://drafts.csswg.org/css-animations-2/#sotd"
    },
    "snapshot": {
      "number": "",
      "spec": "CSS Animations 2",
      "text": "Status of this document",
      "url": "https://www.w3.org/TR/css-animations-2/#sotd"
    }
  },
  "#the-CSSAnimation-interface": {
    "current": {
      "number": "6.1",
      "spec": "CSS Animations 2",
      "text": "The CSSAnimation interface",
      "url": "https://drafts.csswg.org/css-animations-2/#the-CSSAnimation-interface"
    },
    "snapshot": {
      "number": "6.1",
      "spec": "CSS Animations 2",
      "text": "The CSSAnimation interface",
      "url": "https://www.w3.org/TR/css-animations-2/#the-CSSAnimation-interface"
    }
  },
  "#title": {
    "current": {
      "number": "",
      "spec": "CSS Animations 2",
      "text": "CSS Animations Level 2",
      "url": "https://drafts.csswg.org/css-animations-2/#title"
    },
    "snapshot": {
      "number": "",
      "spec": "CSS Animations 2",
      "text": "CSS Animations Level 2",
      "url": "https://www.w3.org/TR/css-animations-2/#title"
    }
  },
  "#toc": {
    "current": {
      "number": "",
      "spec": "CSS Animations 2",
      "text": "Table of Contents",
      "url": "https://drafts.csswg.org/css-animations-2/#toc"
    },
    "snapshot": {
      "number": "",
      "spec": "CSS Animations 2",
      "text": "Table of Contents",
      "url": "https://www.w3.org/TR/css-animations-2/#toc"
    }
  },
  "#w3c-conform-future-proofing": {
    "current": {
      "number": "",
      "spec": "CSS Animations 2",
      "text": "Implementations of Unstable and Proprietary Features",
      "url": "https://drafts.csswg.org/css-animations-2/#w3c-conform-future-proofing"
    },
    "snapshot": {
      "number": "",
      "spec": "CSS Animations 2",
      "text": "Implementations of Unstable and Proprietary Features",
      "url": "https://www.w3.org/TR/css-animations-2/#w3c-conform-future-proofing"
    }
  },
  "#w3c-conformance": {
    "current": {
      "number": "",
      "spec": "CSS Animations 2",
      "text": "Conformance",
      "url": "https://drafts.csswg.org/css-animations-2/#w3c-conformance"
    },
    "snapshot": {
      "number": "",
      "spec": "CSS Animations 2",
      "text": "Conformance",
      "url": "https://www.w3.org/TR/css-animations-2/#w3c-conformance"
    }
  },
  "#w3c-conformance-classes": {
    "current": {
      "number": "",
      "spec": "CSS Animations 2",
      "text": "Conformance classes",
      "url": "https://drafts.csswg.org/css-animations-2/#w3c-conformance-classes"
    },
    "snapshot": {
      "number": "",
      "spec": "CSS Animations 2",
      "text": "Conformance classes",
      "url": "https://www.w3.org/TR/css-animations-2/#w3c-conformance-classes"
    }
  },
  "#w3c-conventions": {
    "current": {
      "number": "",
      "spec": "CSS Animations 2",
      "text": "Document conventions",
      "url": "https://drafts.csswg.org/css-animations-2/#w3c-conventions"
    },
    "snapshot": {
      "number": "",
      "spec": "CSS Animations 2",
      "text": "Document conventions",
      "url": "https://www.w3.org/TR/css-animations-2/#w3c-conventions"
    }
  },
  "#w3c-partial": {
    "current": {
      "number": "",
      "spec": "CSS Animations 2",
      "text": "Partial implementations",
      "url": "https://drafts.csswg.org/css-animations-2/#w3c-partial"
    },
    "snapshot": {
      "number": "",
      "spec": "CSS Animations 2",
      "text": "Partial implementations",
      "url": "https://www.w3.org/TR/css-animations-2/#w3c-partial"
    }
  },
  "#w3c-testing": {
    "current": {
      "number": "",
      "spec": "CSS Animations 2",
      "text": "Non-experimental implementations",
      "url": "https://drafts.csswg.org/css-animations-2/#w3c-testing"
    },
    "snapshot": {
      "number": "",
      "spec": "CSS Animations 2",
      "text": "Non-experimental implementations",
      "url": "https://www.w3.org/TR/css-animations-2/#w3c-testing"
    }
  }
}