{
  "#abstract": {
    "current": {
      "number": "",
      "spec": "Scripting Policy",
      "text": "Abstract",
      "url": "https://wicg.github.io/csp-next/scripting-policy.html#abstract"
    }
  },
  "#acks": {
    "current": {
      "number": "5",
      "spec": "Scripting Policy",
      "text": "Acknowledgements",
      "url": "https://wicg.github.io/csp-next/scripting-policy.html#acks"
    }
  },
  "#check-base": {
    "current": {
      "number": "2.6.4",
      "spec": "Scripting Policy",
      "text": "Checking <base>",
      "url": "https://wicg.github.io/csp-next/scripting-policy.html#check-base"
    }
  },
  "#check-embed-object": {
    "current": {
      "number": "2.6.5",
      "spec": "Scripting Policy",
      "text": "Checking <embed> and <object>.",
      "url": "https://wicg.github.io/csp-next/scripting-policy.html#check-embed-object"
    }
  },
  "#check-event-handlers": {
    "current": {
      "number": "2.6.2",
      "spec": "Scripting Policy",
      "text": "Checking Inline Event Handlers",
      "url": "https://wicg.github.io/csp-next/scripting-policy.html#check-event-handlers"
    }
  },
  "#check-nonce-hash": {
    "current": {
      "number": "2.6.1",
      "spec": "Scripting Policy",
      "text": "Checking Nonces and Hashes",
      "url": "https://wicg.github.io/csp-next/scripting-policy.html#check-nonce-hash"
    }
  },
  "#conformance": {
    "current": {
      "number": "",
      "spec": "Scripting Policy",
      "text": "Conformance",
      "url": "https://wicg.github.io/csp-next/scripting-policy.html#conformance"
    }
  },
  "#conformant-algorithms": {
    "current": {
      "number": "",
      "spec": "Scripting Policy",
      "text": "Conformant Algorithms",
      "url": "https://wicg.github.io/csp-next/scripting-policy.html#conformant-algorithms"
    }
  },
  "#conventions": {
    "current": {
      "number": "",
      "spec": "Scripting Policy",
      "text": "Document conventions",
      "url": "https://wicg.github.io/csp-next/scripting-policy.html#conventions"
    }
  },
  "#deps": {
    "current": {
      "number": "1.4",
      "spec": "Scripting Policy",
      "text": "Dependencies",
      "url": "https://wicg.github.io/csp-next/scripting-policy.html#deps"
    }
  },
  "#examples": {
    "current": {
      "number": "1.1",
      "spec": "Scripting Policy",
      "text": "Examples",
      "url": "https://wicg.github.io/csp-next/scripting-policy.html#examples"
    }
  },
  "#framework": {
    "current": {
      "number": "2",
      "spec": "Scripting Policy",
      "text": "Framework",
      "url": "https://wicg.github.io/csp-next/scripting-policy.html#framework"
    }
  },
  "#hostensurecancompilestrings": {
    "current": {
      "number": "2.6.3",
      "spec": "Scripting Policy",
      "text": "Checking String Compilation (eval() and friends)",
      "url": "https://wicg.github.io/csp-next/scripting-policy.html#hostensurecancompilestrings"
    }
  },
  "#iana": {
    "current": {
      "number": "4",
      "spec": "Scripting Policy",
      "text": "IANA Considerations",
      "url": "https://wicg.github.io/csp-next/scripting-policy.html#iana"
    }
  },
  "#idl-index": {
    "current": {
      "number": "",
      "spec": "Scripting Policy",
      "text": "IDL Index",
      "url": "https://wicg.github.io/csp-next/scripting-policy.html#idl-index"
    }
  },
  "#index": {
    "current": {
      "number": "",
      "spec": "Scripting Policy",
      "text": "Index",
      "url": "https://wicg.github.io/csp-next/scripting-policy.html#index"
    }
  },
  "#index-defined-elsewhere": {
    "current": {
      "number": "",
      "spec": "Scripting Policy",
      "text": "Terms defined by reference",
      "url": "https://wicg.github.io/csp-next/scripting-policy.html#index-defined-elsewhere"
    }
  },
  "#index-defined-here": {
    "current": {
      "number": "",
      "spec": "Scripting Policy",
      "text": "Terms defined by this specification",
      "url": "https://wicg.github.io/csp-next/scripting-policy.html#index-defined-here"
    }
  },
  "#informative": {
    "current": {
      "number": "",
      "spec": "Scripting Policy",
      "text": "Informative References",
      "url": "https://wicg.github.io/csp-next/scripting-policy.html#informative"
    }
  },
  "#initialize-doc": {
    "current": {
      "number": "2.4",
      "spec": "Scripting Policy",
      "text": "Initialize a Document’s Scripting Policy",
      "url": "https://wicg.github.io/csp-next/scripting-policy.html#initialize-doc"
    }
  },
  "#initialize-global": {
    "current": {
      "number": "2.5",
      "spec": "Scripting Policy",
      "text": "Initialize a global object’s Scripting Policy",
      "url": "https://wicg.github.io/csp-next/scripting-policy.html#initialize-global"
    }
  },
  "#intro": {
    "current": {
      "number": "1",
      "spec": "Scripting Policy",
      "text": "Introduction",
      "url": "https://wicg.github.io/csp-next/scripting-policy.html#intro"
    }
  },
  "#issues-index": {
    "current": {
      "number": "",
      "spec": "Scripting Policy",
      "text": "Issues Index",
      "url": "https://wicg.github.io/csp-next/scripting-policy.html#issues-index"
    }
  },
  "#normative": {
    "current": {
      "number": "",
      "spec": "Scripting Policy",
      "text": "Normative References",
      "url": "https://wicg.github.io/csp-next/scripting-policy.html#normative"
    }
  },
  "#overview": {
    "current": {
      "number": "1.3",
      "spec": "Scripting Policy",
      "text": "Overview",
      "url": "https://wicg.github.io/csp-next/scripting-policy.html#overview"
    }
  },
  "#policy-application": {
    "current": {
      "number": "2.3",
      "spec": "Scripting Policy",
      "text": "Policy Application",
      "url": "https://wicg.github.io/csp-next/scripting-policy.html#policy-application"
    }
  },
  "#policy-enforcement": {
    "current": {
      "number": "2.6",
      "spec": "Scripting Policy",
      "text": "Policy Enforcement",
      "url": "https://wicg.github.io/csp-next/scripting-policy.html#policy-enforcement"
    }
  },
  "#references": {
    "current": {
      "number": "",
      "spec": "Scripting Policy",
      "text": "References",
      "url": "https://wicg.github.io/csp-next/scripting-policy.html#references"
    }
  },
  "#reporting": {
    "current": {
      "number": "2.7",
      "spec": "Scripting Policy",
      "text": "Reporting Violations",
      "url": "https://wicg.github.io/csp-next/scripting-policy.html#reporting"
    }
  },
  "#scripting-policy-header": {
    "current": {
      "number": "2.1",
      "spec": "Scripting Policy",
      "text": "Scripting Policy HTTP Response Headers",
      "url": "https://wicg.github.io/csp-next/scripting-policy.html#scripting-policy-header"
    }
  },
  "#scripting-policy-header-parsing": {
    "current": {
      "number": "2.2",
      "spec": "Scripting Policy",
      "text": "Parsing Scripting Policy Headers",
      "url": "https://wicg.github.io/csp-next/scripting-policy.html#scripting-policy-header-parsing"
    }
  },
  "#scripting-policy-reg": {
    "current": {
      "number": "4.1",
      "spec": "Scripting Policy",
      "text": "Scripting-Policy Registration",
      "url": "https://wicg.github.io/csp-next/scripting-policy.html#scripting-policy-reg"
    }
  },
  "#scripting-policy-ro-reg": {
    "current": {
      "number": "4.2",
      "spec": "Scripting Policy",
      "text": "Scripting-Policy-Report-Only Registration",
      "url": "https://wicg.github.io/csp-next/scripting-policy.html#scripting-policy-ro-reg"
    }
  },
  "#sec-priv-considerations": {
    "current": {
      "number": "3",
      "spec": "Scripting Policy",
      "text": "Security and Privacy Considerations",
      "url": "https://wicg.github.io/csp-next/scripting-policy.html#sec-priv-considerations"
    }
  },
  "#status": {
    "current": {
      "number": "",
      "spec": "Scripting Policy",
      "text": "Status of this document",
      "url": "https://wicg.github.io/csp-next/scripting-policy.html#status"
    }
  },
  "#subtitle": {
    "current": {
      "number": "",
      "spec": "Scripting Policy",
      "text": "Editor’s Draft, 31 August 2021",
      "url": "https://wicg.github.io/csp-next/scripting-policy.html#subtitle"
    }
  },
  "#threat-model": {
    "current": {
      "number": "1.2",
      "spec": "Scripting Policy",
      "text": "Threat Model",
      "url": "https://wicg.github.io/csp-next/scripting-policy.html#threat-model"
    }
  },
  "#title": {
    "current": {
      "number": "",
      "spec": "Scripting Policy",
      "text": "Scripting Policy",
      "url": "https://wicg.github.io/csp-next/scripting-policy.html#title"
    }
  },
  "#toc": {
    "current": {
      "number": "",
      "spec": "Scripting Policy",
      "text": "Table of Contents",
      "url": "https://wicg.github.io/csp-next/scripting-policy.html#toc"
    }
  }
}