{
  "#abstract": {
    "current": {
      "number": "",
      "spec": "Non-element Selectors 1",
      "text": "Abstract",
      "url": "https://drafts.csswg.org/selectors-nonelement-1/#abstract"
    }
  },
  "#attribute-node-selectors": {
    "current": {
      "number": "2.1",
      "spec": "Non-element Selectors 1",
      "text": "Attribute node selector",
      "url": "https://drafts.csswg.org/selectors-nonelement-1/#attribute-node-selectors"
    }
  },
  "#index": {
    "current": {
      "number": "",
      "spec": "Non-element Selectors 1",
      "text": "Index",
      "url": "https://drafts.csswg.org/selectors-nonelement-1/#index"
    }
  },
  "#index-defined-elsewhere": {
    "current": {
      "number": "",
      "spec": "Non-element Selectors 1",
      "text": "Terms defined by reference",
      "url": "https://drafts.csswg.org/selectors-nonelement-1/#index-defined-elsewhere"
    }
  },
  "#index-defined-here": {
    "current": {
      "number": "",
      "spec": "Non-element Selectors 1",
      "text": "Terms defined by this specification",
      "url": "https://drafts.csswg.org/selectors-nonelement-1/#index-defined-here"
    }
  },
  "#informative": {
    "current": {
      "number": "",
      "spec": "Non-element Selectors 1",
      "text": "Informative References",
      "url": "https://drafts.csswg.org/selectors-nonelement-1/#informative"
    }
  },
  "#intro": {
    "current": {
      "number": "1",
      "spec": "Non-element Selectors 1",
      "text": "Introduction",
      "url": "https://drafts.csswg.org/selectors-nonelement-1/#intro"
    }
  },
  "#non-element-selectors": {
    "current": {
      "number": "2",
      "spec": "Non-element Selectors 1",
      "text": "Non-element Selectors",
      "url": "https://drafts.csswg.org/selectors-nonelement-1/#non-element-selectors"
    }
  },
  "#normative": {
    "current": {
      "number": "",
      "spec": "Non-element Selectors 1",
      "text": "Normative References",
      "url": "https://drafts.csswg.org/selectors-nonelement-1/#normative"
    }
  },
  "#privacy": {
    "current": {
      "number": "",
      "spec": "Non-element Selectors 1",
      "text": "Privacy Considerations",
      "url": "https://drafts.csswg.org/selectors-nonelement-1/#privacy"
    }
  },
  "#references": {
    "current": {
      "number": "",
      "spec": "Non-element Selectors 1",
      "text": "References",
      "url": "https://drafts.csswg.org/selectors-nonelement-1/#references"
    }
  },
  "#security": {
    "current": {
      "number": "",
      "spec": "Non-element Selectors 1",
      "text": "Security Considerations",
      "url": "https://drafts.csswg.org/selectors-nonelement-1/#security"
    }
  },
  "#sotd": {
    "current": {
      "number": "",
      "spec": "Non-element Selectors 1",
      "text": "Status of this document",
      "url": "https://drafts.csswg.org/selectors-nonelement-1/#sotd"
    }
  },
  "#title": {
    "current": {
      "number": "",
      "spec": "Non-element Selectors 1",
      "text": "Non-element Selectors Module Level 1",
      "url": "https://drafts.csswg.org/selectors-nonelement-1/#title"
    }
  },
  "#toc": {
    "current": {
      "number": "",
      "spec": "Non-element Selectors 1",
      "text": "Table of Contents",
      "url": "https://drafts.csswg.org/selectors-nonelement-1/#toc"
    }
  },
  "#w3c-conform-future-proofing": {
    "current": {
      "number": "",
      "spec": "Non-element Selectors 1",
      "text": "Implementations of Unstable and Proprietary Features",
      "url": "https://drafts.csswg.org/selectors-nonelement-1/#w3c-conform-future-proofing"
    }
  },
  "#w3c-conformance": {
    "current": {
      "number": "",
      "spec": "Non-element Selectors 1",
      "text": "Conformance",
      "url": "https://drafts.csswg.org/selectors-nonelement-1/#w3c-conformance"
    }
  },
  "#w3c-conformance-classes": {
    "current": {
      "number": "",
      "spec": "Non-element Selectors 1",
      "text": "Conformance classes",
      "url": "https://drafts.csswg.org/selectors-nonelement-1/#w3c-conformance-classes"
    }
  },
  "#w3c-conventions": {
    "current": {
      "number": "",
      "spec": "Non-element Selectors 1",
      "text": "Document conventions",
      "url": "https://drafts.csswg.org/selectors-nonelement-1/#w3c-conventions"
    }
  },
  "#w3c-partial": {
    "current": {
      "number": "",
      "spec": "Non-element Selectors 1",
      "text": "Partial implementations",
      "url": "https://drafts.csswg.org/selectors-nonelement-1/#w3c-partial"
    }
  },
  "#w3c-testing": {
    "current": {
      "number": "",
      "spec": "Non-element Selectors 1",
      "text": "Non-experimental implementations",
      "url": "https://drafts.csswg.org/selectors-nonelement-1/#w3c-testing"
    }
  }
}