{
  "#abstract": {
    "current": {
      "number": "",
      "spec": "CSS Cascading 6",
      "text": "Abstract",
      "url": "https://drafts.csswg.org/css-cascade-6/#abstract"
    },
    "snapshot": {
      "number": "",
      "spec": "CSS Cascading 6",
      "text": "Abstract",
      "url": "https://www.w3.org/TR/css-cascade-6/#abstract"
    }
  },
  "#acknowledgments": {
    "current": {
      "number": "",
      "spec": "CSS Cascading 6",
      "text": "Acknowledgments",
      "url": "https://drafts.csswg.org/css-cascade-6/#acknowledgments"
    },
    "snapshot": {
      "number": "",
      "spec": "CSS Cascading 6",
      "text": "Acknowledgments",
      "url": "https://www.w3.org/TR/css-cascade-6/#acknowledgments"
    }
  },
  "#additions-l3": {
    "current": {
      "number": "4.5",
      "spec": "CSS Cascading 6",
      "text": "Additions Since Level 3",
      "url": "https://drafts.csswg.org/css-cascade-6/#additions-l3"
    },
    "snapshot": {
      "number": "3.4",
      "spec": "CSS Cascading 6",
      "text": "Additions Since Level 3",
      "url": "https://www.w3.org/TR/css-cascade-6/#additions-l3"
    }
  },
  "#additions-l4": {
    "current": {
      "number": "4.4",
      "spec": "CSS Cascading 6",
      "text": "Additions Since Level 4",
      "url": "https://drafts.csswg.org/css-cascade-6/#additions-l4"
    },
    "snapshot": {
      "number": "3.3",
      "spec": "CSS Cascading 6",
      "text": "Additions Since Level 4",
      "url": "https://www.w3.org/TR/css-cascade-6/#additions-l4"
    }
  },
  "#additions-l5": {
    "current": {
      "number": "4.3",
      "spec": "CSS Cascading 6",
      "text": "Additions Since Level 5",
      "url": "https://drafts.csswg.org/css-cascade-6/#additions-l5"
    },
    "snapshot": {
      "number": "3.2",
      "spec": "CSS Cascading 6",
      "text": "Additions Since Level 5",
      "url": "https://www.w3.org/TR/css-cascade-6/#additions-l5"
    }
  },
  "#cascade-sort": {
    "current": {
      "number": "2.1",
      "spec": "CSS Cascading 6",
      "text": "Cascade Sorting Order",
      "url": "https://drafts.csswg.org/css-cascade-6/#cascade-sort"
    },
    "snapshot": {
      "number": "2.1",
      "spec": "CSS Cascading 6",
      "text": "Cascade Sorting Order",
      "url": "https://www.w3.org/TR/css-cascade-6/#cascade-sort"
    }
  },
  "#cascading": {
    "current": {
      "number": "2",
      "spec": "CSS Cascading 6",
      "text": "Cascading",
      "url": "https://drafts.csswg.org/css-cascade-6/#cascading"
    },
    "snapshot": {
      "number": "2",
      "spec": "CSS Cascading 6",
      "text": "Cascading",
      "url": "https://www.w3.org/TR/css-cascade-6/#cascading"
    }
  },
  "#cascading-origins": {
    "current": {
      "number": "2.2",
      "spec": "CSS Cascading 6",
      "text": "Cascading Origins",
      "url": "https://drafts.csswg.org/css-cascade-6/#cascading-origins"
    },
    "snapshot": {
      "number": "2.2",
      "spec": "CSS Cascading 6",
      "text": "Cascading Origins",
      "url": "https://www.w3.org/TR/css-cascade-6/#cascading-origins"
    }
  },
  "#changes": {
    "current": {
      "number": "4",
      "spec": "CSS Cascading 6",
      "text": "Changes",
      "url": "https://drafts.csswg.org/css-cascade-6/#changes"
    },
    "snapshot": {
      "number": "3",
      "spec": "CSS Cascading 6",
      "text": "Changes",
      "url": "https://www.w3.org/TR/css-cascade-6/#changes"
    }
  },
  "#changes-2": {
    "current": {
      "number": "4.6",
      "spec": "CSS Cascading 6",
      "text": "Additions Since Level 2",
      "url": "https://drafts.csswg.org/css-cascade-6/#changes-2"
    },
    "snapshot": {
      "number": "3.5",
      "spec": "CSS Cascading 6",
      "text": "Additions Since Level 2",
      "url": "https://www.w3.org/TR/css-cascade-6/#changes-2"
    }
  },
  "#changes-2022-08": {
    "current": {
      "number": "4.1",
      "spec": "CSS Cascading 6",
      "text": "Changes since the 21 March 2023 Working Draft",
      "url": "https://drafts.csswg.org/css-cascade-6/#changes-2022-08"
    },
    "snapshot": {
      "number": "3.1",
      "spec": "CSS Cascading 6",
      "text": "Changes since the 21 December 2021 First Public Working Draft",
      "url": "https://www.w3.org/TR/css-cascade-6/#changes-2022-08"
    }
  },
  "#changes-2022-08%E2%91%A0": {
    "current": {
      "number": "4.2",
      "spec": "CSS Cascading 6",
      "text": "Changes since the 21 December 2021 First Public Working Draft",
      "url": "https://drafts.csswg.org/css-cascade-6/#changes-2022-08%E2%91%A0"
    }
  },
  "#cssom": {
    "current": {
      "number": "3",
      "spec": "CSS Cascading 6",
      "text": "CSSOM",
      "url": "https://drafts.csswg.org/css-cascade-6/#cssom"
    }
  },
  "#idl-index": {
    "current": {
      "number": "",
      "spec": "CSS Cascading 6",
      "text": "IDL Index",
      "url": "https://drafts.csswg.org/css-cascade-6/#idl-index"
    }
  },
  "#importance": {
    "current": {
      "number": "2.3",
      "spec": "CSS Cascading 6",
      "text": "Important Declarations: the !important annotation",
      "url": "https://drafts.csswg.org/css-cascade-6/#importance"
    },
    "snapshot": {
      "number": "2.3",
      "spec": "CSS Cascading 6",
      "text": "Important Declarations: the !important annotation",
      "url": "https://www.w3.org/TR/css-cascade-6/#importance"
    }
  },
  "#index": {
    "current": {
      "number": "",
      "spec": "CSS Cascading 6",
      "text": "Index",
      "url": "https://drafts.csswg.org/css-cascade-6/#index"
    },
    "snapshot": {
      "number": "",
      "spec": "CSS Cascading 6",
      "text": "Index",
      "url": "https://www.w3.org/TR/css-cascade-6/#index"
    }
  },
  "#index-defined-elsewhere": {
    "current": {
      "number": "",
      "spec": "CSS Cascading 6",
      "text": "Terms defined by reference",
      "url": "https://drafts.csswg.org/css-cascade-6/#index-defined-elsewhere"
    },
    "snapshot": {
      "number": "",
      "spec": "CSS Cascading 6",
      "text": "Terms defined by reference",
      "url": "https://www.w3.org/TR/css-cascade-6/#index-defined-elsewhere"
    }
  },
  "#index-defined-here": {
    "current": {
      "number": "",
      "spec": "CSS Cascading 6",
      "text": "Terms defined by this specification",
      "url": "https://drafts.csswg.org/css-cascade-6/#index-defined-here"
    },
    "snapshot": {
      "number": "",
      "spec": "CSS Cascading 6",
      "text": "Terms defined by this specification",
      "url": "https://www.w3.org/TR/css-cascade-6/#index-defined-here"
    }
  },
  "#informative": {
    "current": {
      "number": "",
      "spec": "CSS Cascading 6",
      "text": "Informative References",
      "url": "https://drafts.csswg.org/css-cascade-6/#informative"
    },
    "snapshot": {
      "number": "",
      "spec": "CSS Cascading 6",
      "text": "Informative References",
      "url": "https://www.w3.org/TR/css-cascade-6/#informative"
    }
  },
  "#intro": {
    "current": {
      "number": "1",
      "spec": "CSS Cascading 6",
      "text": "Introduction and Missing Sections",
      "url": "https://drafts.csswg.org/css-cascade-6/#intro"
    },
    "snapshot": {
      "number": "1",
      "spec": "CSS Cascading 6",
      "text": "Introduction and Missing Sections",
      "url": "https://www.w3.org/TR/css-cascade-6/#intro"
    }
  },
  "#issues-index": {
    "current": {
      "number": "",
      "spec": "CSS Cascading 6",
      "text": "Issues Index",
      "url": "https://drafts.csswg.org/css-cascade-6/#issues-index"
    },
    "snapshot": {
      "number": "",
      "spec": "CSS Cascading 6",
      "text": "Issues Index",
      "url": "https://www.w3.org/TR/css-cascade-6/#issues-index"
    }
  },
  "#layer-ordering": {
    "current": {
      "number": "2.4.1",
      "spec": "CSS Cascading 6",
      "text": "Layer Ordering",
      "url": "https://drafts.csswg.org/css-cascade-6/#layer-ordering"
    },
    "snapshot": {
      "number": "2.4.1",
      "spec": "CSS Cascading 6",
      "text": "Layer Ordering",
      "url": "https://www.w3.org/TR/css-cascade-6/#layer-ordering"
    }
  },
  "#layering": {
    "current": {
      "number": "2.4",
      "spec": "CSS Cascading 6",
      "text": "Cascade Layers",
      "url": "https://drafts.csswg.org/css-cascade-6/#layering"
    },
    "snapshot": {
      "number": "2.4",
      "spec": "CSS Cascading 6",
      "text": "Cascade Layers",
      "url": "https://www.w3.org/TR/css-cascade-6/#layering"
    }
  },
  "#normative": {
    "current": {
      "number": "",
      "spec": "CSS Cascading 6",
      "text": "Normative References",
      "url": "https://drafts.csswg.org/css-cascade-6/#normative"
    },
    "snapshot": {
      "number": "",
      "spec": "CSS Cascading 6",
      "text": "Normative References",
      "url": "https://www.w3.org/TR/css-cascade-6/#normative"
    }
  },
  "#preshint": {
    "current": {
      "number": "2.6",
      "spec": "CSS Cascading 6",
      "text": "Precedence of Non-CSS Presentational Hints",
      "url": "https://drafts.csswg.org/css-cascade-6/#preshint"
    },
    "snapshot": {
      "number": "2.7",
      "spec": "CSS Cascading 6",
      "text": "Precedence of Non-CSS Presentational Hints",
      "url": "https://www.w3.org/TR/css-cascade-6/#preshint"
    }
  },
  "#privacy": {
    "current": {
      "number": "5",
      "spec": "CSS Cascading 6",
      "text": "Privacy Considerations",
      "url": "https://drafts.csswg.org/css-cascade-6/#privacy"
    },
    "snapshot": {
      "number": "4",
      "spec": "CSS Cascading 6",
      "text": "Privacy Considerations",
      "url": "https://www.w3.org/TR/css-cascade-6/#privacy"
    }
  },
  "#references": {
    "current": {
      "number": "",
      "spec": "CSS Cascading 6",
      "text": "References",
      "url": "https://drafts.csswg.org/css-cascade-6/#references"
    },
    "snapshot": {
      "number": "",
      "spec": "CSS Cascading 6",
      "text": "References",
      "url": "https://www.w3.org/TR/css-cascade-6/#references"
    }
  },
  "#scope-combinator": {
    "snapshot": {
      "number": "2.6",
      "spec": "CSS Cascading 6",
      "text": "Scoped Descendant Combinator",
      "url": "https://www.w3.org/TR/css-cascade-6/#scope-combinator"
    }
  },
  "#scope-effects": {
    "current": {
      "number": "2.5.1",
      "spec": "CSS Cascading 6",
      "text": "Effects of @scope",
      "url": "https://drafts.csswg.org/css-cascade-6/#scope-effects"
    },
    "snapshot": {
      "number": "2.5.1",
      "spec": "CSS Cascading 6",
      "text": "Effects of @scope",
      "url": "https://www.w3.org/TR/css-cascade-6/#scope-effects"
    }
  },
  "#scope-limits": {
    "current": {
      "number": "2.5.4",
      "spec": "CSS Cascading 6",
      "text": "Identifying Scoping Roots and Limits",
      "url": "https://drafts.csswg.org/css-cascade-6/#scope-limits"
    },
    "snapshot": {
      "number": "2.5.4",
      "spec": "CSS Cascading 6",
      "text": "Identifying Scoping Roots and Limits",
      "url": "https://www.w3.org/TR/css-cascade-6/#scope-limits"
    }
  },
  "#scope-scope": {
    "current": {
      "number": "2.5.5",
      "spec": "CSS Cascading 6",
      "text": "Scope Nesting",
      "url": "https://drafts.csswg.org/css-cascade-6/#scope-scope"
    },
    "snapshot": {
      "number": "2.5.5",
      "spec": "CSS Cascading 6",
      "text": "Scope Nesting",
      "url": "https://www.w3.org/TR/css-cascade-6/#scope-scope"
    }
  },
  "#scope-syntax": {
    "current": {
      "number": "2.5.2",
      "spec": "CSS Cascading 6",
      "text": "Syntax of @scope",
      "url": "https://drafts.csswg.org/css-cascade-6/#scope-syntax"
    },
    "snapshot": {
      "number": "2.5.2",
      "spec": "CSS Cascading 6",
      "text": "Syntax of @scope",
      "url": "https://www.w3.org/TR/css-cascade-6/#scope-syntax"
    }
  },
  "#scoped-rules": {
    "current": {
      "number": "2.5.3",
      "spec": "CSS Cascading 6",
      "text": "Scoped Style Rules",
      "url": "https://drafts.csswg.org/css-cascade-6/#scoped-rules"
    },
    "snapshot": {
      "number": "2.5.3",
      "spec": "CSS Cascading 6",
      "text": "Scoped Style Rules",
      "url": "https://www.w3.org/TR/css-cascade-6/#scoped-rules"
    }
  },
  "#scoped-styles": {
    "current": {
      "number": "2.5",
      "spec": "CSS Cascading 6",
      "text": "Scoping Styles: the @scope rule",
      "url": "https://drafts.csswg.org/css-cascade-6/#scoped-styles"
    },
    "snapshot": {
      "number": "2.5",
      "spec": "CSS Cascading 6",
      "text": "Scoping Styles: the @scope rule",
      "url": "https://www.w3.org/TR/css-cascade-6/#scoped-styles"
    }
  },
  "#security": {
    "current": {
      "number": "6",
      "spec": "CSS Cascading 6",
      "text": "Security Considerations",
      "url": "https://drafts.csswg.org/css-cascade-6/#security"
    },
    "snapshot": {
      "number": "5",
      "spec": "CSS Cascading 6",
      "text": "Security Considerations",
      "url": "https://www.w3.org/TR/css-cascade-6/#security"
    }
  },
  "#sotd": {
    "current": {
      "number": "",
      "spec": "CSS Cascading 6",
      "text": "Status of this document",
      "url": "https://drafts.csswg.org/css-cascade-6/#sotd"
    },
    "snapshot": {
      "number": "",
      "spec": "CSS Cascading 6",
      "text": "Status of this document",
      "url": "https://www.w3.org/TR/css-cascade-6/#sotd"
    }
  },
  "#the-cssscoperule-interface": {
    "current": {
      "number": "3.1",
      "spec": "CSS Cascading 6",
      "text": "The CSSScopeRule interface",
      "url": "https://drafts.csswg.org/css-cascade-6/#the-cssscoperule-interface"
    }
  },
  "#title": {
    "current": {
      "number": "",
      "spec": "CSS Cascading 6",
      "text": "CSS Cascading and Inheritance Level 6",
      "url": "https://drafts.csswg.org/css-cascade-6/#title"
    },
    "snapshot": {
      "number": "",
      "spec": "CSS Cascading 6",
      "text": "CSS Cascading and Inheritance Level 6",
      "url": "https://www.w3.org/TR/css-cascade-6/#title"
    }
  },
  "#toc": {
    "current": {
      "number": "",
      "spec": "CSS Cascading 6",
      "text": "Table of Contents",
      "url": "https://drafts.csswg.org/css-cascade-6/#toc"
    },
    "snapshot": {
      "number": "",
      "spec": "CSS Cascading 6",
      "text": "Table of Contents",
      "url": "https://www.w3.org/TR/css-cascade-6/#toc"
    }
  },
  "#w3c-conform-future-proofing": {
    "current": {
      "number": "",
      "spec": "CSS Cascading 6",
      "text": "Implementations of Unstable and Proprietary Features",
      "url": "https://drafts.csswg.org/css-cascade-6/#w3c-conform-future-proofing"
    },
    "snapshot": {
      "number": "",
      "spec": "CSS Cascading 6",
      "text": "Implementations of Unstable and Proprietary Features",
      "url": "https://www.w3.org/TR/css-cascade-6/#w3c-conform-future-proofing"
    }
  },
  "#w3c-conformance": {
    "current": {
      "number": "",
      "spec": "CSS Cascading 6",
      "text": "Conformance",
      "url": "https://drafts.csswg.org/css-cascade-6/#w3c-conformance"
    },
    "snapshot": {
      "number": "",
      "spec": "CSS Cascading 6",
      "text": "Conformance",
      "url": "https://www.w3.org/TR/css-cascade-6/#w3c-conformance"
    }
  },
  "#w3c-conformance-classes": {
    "current": {
      "number": "",
      "spec": "CSS Cascading 6",
      "text": "Conformance classes",
      "url": "https://drafts.csswg.org/css-cascade-6/#w3c-conformance-classes"
    },
    "snapshot": {
      "number": "",
      "spec": "CSS Cascading 6",
      "text": "Conformance classes",
      "url": "https://www.w3.org/TR/css-cascade-6/#w3c-conformance-classes"
    }
  },
  "#w3c-conventions": {
    "current": {
      "number": "",
      "spec": "CSS Cascading 6",
      "text": "Document conventions",
      "url": "https://drafts.csswg.org/css-cascade-6/#w3c-conventions"
    },
    "snapshot": {
      "number": "",
      "spec": "CSS Cascading 6",
      "text": "Document conventions",
      "url": "https://www.w3.org/TR/css-cascade-6/#w3c-conventions"
    }
  },
  "#w3c-partial": {
    "current": {
      "number": "",
      "spec": "CSS Cascading 6",
      "text": "Partial implementations",
      "url": "https://drafts.csswg.org/css-cascade-6/#w3c-partial"
    },
    "snapshot": {
      "number": "",
      "spec": "CSS Cascading 6",
      "text": "Partial implementations",
      "url": "https://www.w3.org/TR/css-cascade-6/#w3c-partial"
    }
  },
  "#w3c-testing": {
    "current": {
      "number": "",
      "spec": "CSS Cascading 6",
      "text": "Non-experimental implementations",
      "url": "https://drafts.csswg.org/css-cascade-6/#w3c-testing"
    },
    "snapshot": {
      "number": "",
      "spec": "CSS Cascading 6",
      "text": "Non-experimental implementations",
      "url": "https://www.w3.org/TR/css-cascade-6/#w3c-testing"
    }
  }
}