{
  "#abstract": {
    "current": {
      "number": "",
      "spec": "Event Timing API",
      "text": "Abstract",
      "url": "https://w3c.github.io/event-timing/#abstract"
    },
    "snapshot": {
      "number": "",
      "spec": "Event Timing API",
      "text": "Abstract",
      "url": "https://www.w3.org/TR/event-timing/#abstract"
    }
  },
  "#idl-index": {
    "current": {
      "number": "",
      "spec": "Event Timing API",
      "text": "IDL Index",
      "url": "https://w3c.github.io/event-timing/#idl-index"
    },
    "snapshot": {
      "number": "",
      "spec": "Event Timing API",
      "text": "IDL Index",
      "url": "https://www.w3.org/TR/event-timing/#idl-index"
    }
  },
  "#index": {
    "current": {
      "number": "",
      "spec": "Event Timing API",
      "text": "Index",
      "url": "https://w3c.github.io/event-timing/#index"
    },
    "snapshot": {
      "number": "",
      "spec": "Event Timing API",
      "text": "Index",
      "url": "https://www.w3.org/TR/event-timing/#index"
    }
  },
  "#index-defined-elsewhere": {
    "current": {
      "number": "",
      "spec": "Event Timing API",
      "text": "Terms defined by reference",
      "url": "https://w3c.github.io/event-timing/#index-defined-elsewhere"
    },
    "snapshot": {
      "number": "",
      "spec": "Event Timing API",
      "text": "Terms defined by reference",
      "url": "https://www.w3.org/TR/event-timing/#index-defined-elsewhere"
    }
  },
  "#index-defined-here": {
    "current": {
      "number": "",
      "spec": "Event Timing API",
      "text": "Terms defined by this specification",
      "url": "https://w3c.github.io/event-timing/#index-defined-here"
    },
    "snapshot": {
      "number": "",
      "spec": "Event Timing API",
      "text": "Terms defined by this specification",
      "url": "https://www.w3.org/TR/event-timing/#index-defined-here"
    }
  },
  "#issues-index": {
    "current": {
      "number": "",
      "spec": "Event Timing API",
      "text": "Issues Index",
      "url": "https://w3c.github.io/event-timing/#issues-index"
    },
    "snapshot": {
      "number": "",
      "spec": "Event Timing API",
      "text": "Issues Index",
      "url": "https://www.w3.org/TR/event-timing/#issues-index"
    }
  },
  "#normative": {
    "current": {
      "number": "",
      "spec": "Event Timing API",
      "text": "Normative References",
      "url": "https://w3c.github.io/event-timing/#normative"
    },
    "snapshot": {
      "number": "",
      "spec": "Event Timing API",
      "text": "Normative References",
      "url": "https://www.w3.org/TR/event-timing/#normative"
    }
  },
  "#priv-sec": {
    "current": {
      "number": "4",
      "spec": "Event Timing API",
      "text": "Security & privacy considerations",
      "url": "https://w3c.github.io/event-timing/#priv-sec"
    },
    "snapshot": {
      "number": "4",
      "spec": "Event Timing API",
      "text": "Security & privacy considerations",
      "url": "https://www.w3.org/TR/event-timing/#priv-sec"
    }
  },
  "#references": {
    "current": {
      "number": "",
      "spec": "Event Timing API",
      "text": "References",
      "url": "https://w3c.github.io/event-timing/#references"
    },
    "snapshot": {
      "number": "",
      "spec": "Event Timing API",
      "text": "References",
      "url": "https://www.w3.org/TR/event-timing/#references"
    }
  },
  "#sec-computing-interactionid": {
    "current": {
      "number": "3.6",
      "spec": "Event Timing API",
      "text": "Computing interactionId",
      "url": "https://w3c.github.io/event-timing/#sec-computing-interactionid"
    },
    "snapshot": {
      "number": "3.6",
      "spec": "Event Timing API",
      "text": "Computing interactionId",
      "url": "https://www.w3.org/TR/event-timing/#sec-computing-interactionid"
    }
  },
  "#sec-dispatch-pending": {
    "current": {
      "number": "3.9",
      "spec": "Event Timing API",
      "text": "Dispatch pending Event Timing entries",
      "url": "https://w3c.github.io/event-timing/#sec-dispatch-pending"
    },
    "snapshot": {
      "number": "3.9",
      "spec": "Event Timing API",
      "text": "Dispatch pending Event Timing entries",
      "url": "https://www.w3.org/TR/event-timing/#sec-dispatch-pending"
    }
  },
  "#sec-event-counts": {
    "current": {
      "number": "2.2",
      "spec": "Event Timing API",
      "text": "EventCounts interface",
      "url": "https://w3c.github.io/event-timing/#sec-event-counts"
    },
    "snapshot": {
      "number": "2.2",
      "spec": "Event Timing API",
      "text": "EventCounts interface",
      "url": "https://www.w3.org/TR/event-timing/#sec-event-counts"
    }
  },
  "#sec-event-timing": {
    "current": {
      "number": "2",
      "spec": "Event Timing API",
      "text": "Event Timing",
      "url": "https://w3c.github.io/event-timing/#sec-event-timing"
    },
    "snapshot": {
      "number": "2",
      "spec": "Event Timing API",
      "text": "Event Timing",
      "url": "https://www.w3.org/TR/event-timing/#sec-event-timing"
    }
  },
  "#sec-events-exposed": {
    "current": {
      "number": "1.1",
      "spec": "Event Timing API",
      "text": "Events exposed",
      "url": "https://w3c.github.io/event-timing/#sec-events-exposed"
    },
    "snapshot": {
      "number": "1.1",
      "spec": "Event Timing API",
      "text": "Events exposed",
      "url": "https://www.w3.org/TR/event-timing/#sec-events-exposed"
    }
  },
  "#sec-example": {
    "current": {
      "number": "1.2",
      "spec": "Event Timing API",
      "text": "Usage example",
      "url": "https://w3c.github.io/event-timing/#sec-example"
    },
    "snapshot": {
      "number": "1.2",
      "spec": "Event Timing API",
      "text": "Usage example",
      "url": "https://www.w3.org/TR/event-timing/#sec-example"
    }
  },
  "#sec-extensions": {
    "current": {
      "number": "2.3",
      "spec": "Event Timing API",
      "text": "Extensions to the Performance interface",
      "url": "https://w3c.github.io/event-timing/#sec-extensions"
    },
    "snapshot": {
      "number": "2.3",
      "spec": "Event Timing API",
      "text": "Extensions to the Performance interface",
      "url": "https://www.w3.org/TR/event-timing/#sec-extensions"
    }
  },
  "#sec-fin-event-timing": {
    "current": {
      "number": "3.8",
      "spec": "Event Timing API",
      "text": "Finalize event timing",
      "url": "https://w3c.github.io/event-timing/#sec-fin-event-timing"
    },
    "snapshot": {
      "number": "3.8",
      "spec": "Event Timing API",
      "text": "Finalize event timing",
      "url": "https://www.w3.org/TR/event-timing/#sec-fin-event-timing"
    }
  },
  "#sec-increasing-interaction-count": {
    "current": {
      "number": "3.5",
      "spec": "Event Timing API",
      "text": "Increasing interaction count",
      "url": "https://w3c.github.io/event-timing/#sec-increasing-interaction-count"
    },
    "snapshot": {
      "number": "3.5",
      "spec": "Event Timing API",
      "text": "Increasing interaction count",
      "url": "https://www.w3.org/TR/event-timing/#sec-increasing-interaction-count"
    }
  },
  "#sec-init-event-timing": {
    "current": {
      "number": "3.7",
      "spec": "Event Timing API",
      "text": "Initialize event timing",
      "url": "https://w3c.github.io/event-timing/#sec-init-event-timing"
    },
    "snapshot": {
      "number": "3.7",
      "spec": "Event Timing API",
      "text": "Initialize event timing",
      "url": "https://www.w3.org/TR/event-timing/#sec-init-event-timing"
    }
  },
  "#sec-intro": {
    "current": {
      "number": "1",
      "spec": "Event Timing API",
      "text": "Introduction",
      "url": "https://w3c.github.io/event-timing/#sec-intro"
    },
    "snapshot": {
      "number": "1",
      "spec": "Event Timing API",
      "text": "Introduction",
      "url": "https://www.w3.org/TR/event-timing/#sec-intro"
    }
  },
  "#sec-modifications-DOM": {
    "current": {
      "number": "3.1",
      "spec": "Event Timing API",
      "text": "Modifications to the DOM specification",
      "url": "https://w3c.github.io/event-timing/#sec-modifications-DOM"
    },
    "snapshot": {
      "number": "3.1",
      "spec": "Event Timing API",
      "text": "Modifications to the DOM specification",
      "url": "https://www.w3.org/TR/event-timing/#sec-modifications-DOM"
    }
  },
  "#sec-modifications-HTML": {
    "current": {
      "number": "3.2",
      "spec": "Event Timing API",
      "text": "Modifications to the HTML specification",
      "url": "https://w3c.github.io/event-timing/#sec-modifications-HTML"
    },
    "snapshot": {
      "number": "3.2",
      "spec": "Event Timing API",
      "text": "Modifications to the HTML specification",
      "url": "https://www.w3.org/TR/event-timing/#sec-modifications-HTML"
    }
  },
  "#sec-modifications-perf-timeline": {
    "current": {
      "number": "3.3",
      "spec": "Event Timing API",
      "text": "Modifications to the Performance Timeline specification",
      "url": "https://w3c.github.io/event-timing/#sec-modifications-perf-timeline"
    },
    "snapshot": {
      "number": "3.3",
      "spec": "Event Timing API",
      "text": "Modifications to the Performance Timeline specification",
      "url": "https://www.w3.org/TR/event-timing/#sec-modifications-perf-timeline"
    }
  },
  "#sec-performance-event-timing": {
    "current": {
      "number": "2.1",
      "spec": "Event Timing API",
      "text": "PerformanceEventTiming interface",
      "url": "https://w3c.github.io/event-timing/#sec-performance-event-timing"
    },
    "snapshot": {
      "number": "2.1",
      "spec": "Event Timing API",
      "text": "PerformanceEventTiming interface",
      "url": "https://www.w3.org/TR/event-timing/#sec-performance-event-timing"
    }
  },
  "#sec-processing-model": {
    "current": {
      "number": "3",
      "spec": "Event Timing API",
      "text": "Processing model",
      "url": "https://w3c.github.io/event-timing/#sec-processing-model"
    },
    "snapshot": {
      "number": "3",
      "spec": "Event Timing API",
      "text": "Processing model",
      "url": "https://www.w3.org/TR/event-timing/#sec-processing-model"
    }
  },
  "#sec-should-add-performanceeventtiming": {
    "current": {
      "number": "3.4",
      "spec": "Event Timing API",
      "text": "Should add PerformanceEventTiming",
      "url": "https://w3c.github.io/event-timing/#sec-should-add-performanceeventtiming"
    },
    "snapshot": {
      "number": "3.4",
      "spec": "Event Timing API",
      "text": "Should add PerformanceEventTiming",
      "url": "https://www.w3.org/TR/event-timing/#sec-should-add-performanceeventtiming"
    }
  },
  "#sotd": {
    "current": {
      "number": "",
      "spec": "Event Timing API",
      "text": "Status of this document",
      "url": "https://w3c.github.io/event-timing/#sotd"
    },
    "snapshot": {
      "number": "",
      "spec": "Event Timing API",
      "text": "Status of this document",
      "url": "https://www.w3.org/TR/event-timing/#sotd"
    }
  },
  "#title": {
    "current": {
      "number": "",
      "spec": "Event Timing API",
      "text": "Event Timing API",
      "url": "https://w3c.github.io/event-timing/#title"
    },
    "snapshot": {
      "number": "",
      "spec": "Event Timing API",
      "text": "Event Timing API",
      "url": "https://www.w3.org/TR/event-timing/#title"
    }
  },
  "#toc": {
    "current": {
      "number": "",
      "spec": "Event Timing API",
      "text": "Table of Contents",
      "url": "https://w3c.github.io/event-timing/#toc"
    },
    "snapshot": {
      "number": "",
      "spec": "Event Timing API",
      "text": "Table of Contents",
      "url": "https://www.w3.org/TR/event-timing/#toc"
    }
  },
  "#w3c-conformance": {
    "current": {
      "number": "",
      "spec": "Event Timing API",
      "text": "Conformance",
      "url": "https://w3c.github.io/event-timing/#w3c-conformance"
    },
    "snapshot": {
      "number": "",
      "spec": "Event Timing API",
      "text": "Conformance",
      "url": "https://www.w3.org/TR/event-timing/#w3c-conformance"
    }
  },
  "#w3c-conformant-algorithms": {
    "current": {
      "number": "",
      "spec": "Event Timing API",
      "text": "Conformant Algorithms",
      "url": "https://w3c.github.io/event-timing/#w3c-conformant-algorithms"
    },
    "snapshot": {
      "number": "",
      "spec": "Event Timing API",
      "text": "Conformant Algorithms",
      "url": "https://www.w3.org/TR/event-timing/#w3c-conformant-algorithms"
    }
  },
  "#w3c-conventions": {
    "current": {
      "number": "",
      "spec": "Event Timing API",
      "text": "Document conventions",
      "url": "https://w3c.github.io/event-timing/#w3c-conventions"
    },
    "snapshot": {
      "number": "",
      "spec": "Event Timing API",
      "text": "Document conventions",
      "url": "https://www.w3.org/TR/event-timing/#w3c-conventions"
    }
  }
}