{
  "#abstract": {
    "current": {
      "number": "",
      "spec": "Layout Instability",
      "text": "Abstract",
      "url": "https://wicg.github.io/layout-instability/#abstract"
    }
  },
  "#cumulative-layout-shift": {
    "current": {
      "number": "1.1",
      "spec": "Layout Instability",
      "text": "Cumulative Layout Shift (CLS)",
      "url": "https://wicg.github.io/layout-instability/#cumulative-layout-shift"
    }
  },
  "#example": {
    "current": {
      "number": "1.3",
      "spec": "Layout Instability",
      "text": "Usage example",
      "url": "https://wicg.github.io/layout-instability/#example"
    }
  },
  "#idl-index": {
    "current": {
      "number": "",
      "spec": "Layout Instability",
      "text": "IDL Index",
      "url": "https://wicg.github.io/layout-instability/#idl-index"
    }
  },
  "#index": {
    "current": {
      "number": "",
      "spec": "Layout Instability",
      "text": "Index",
      "url": "https://wicg.github.io/layout-instability/#index"
    }
  },
  "#index-defined-elsewhere": {
    "current": {
      "number": "",
      "spec": "Layout Instability",
      "text": "Terms defined by reference",
      "url": "https://wicg.github.io/layout-instability/#index-defined-elsewhere"
    }
  },
  "#index-defined-here": {
    "current": {
      "number": "",
      "spec": "Layout Instability",
      "text": "Terms defined by this specification",
      "url": "https://wicg.github.io/layout-instability/#index-defined-here"
    }
  },
  "#issues-index": {
    "current": {
      "number": "",
      "spec": "Layout Instability",
      "text": "Issues Index",
      "url": "https://wicg.github.io/layout-instability/#issues-index"
    }
  },
  "#normative": {
    "current": {
      "number": "",
      "spec": "Layout Instability",
      "text": "Normative References",
      "url": "https://wicg.github.io/layout-instability/#normative"
    }
  },
  "#priv-sec": {
    "current": {
      "number": "6",
      "spec": "Layout Instability",
      "text": "Security & privacy considerations",
      "url": "https://wicg.github.io/layout-instability/#priv-sec"
    }
  },
  "#references": {
    "current": {
      "number": "",
      "spec": "Layout Instability",
      "text": "References",
      "url": "https://wicg.github.io/layout-instability/#references"
    }
  },
  "#sec-basic-concepts": {
    "current": {
      "number": "2.1",
      "spec": "Layout Instability",
      "text": "Basic Concepts",
      "url": "https://wicg.github.io/layout-instability/#sec-basic-concepts"
    }
  },
  "#sec-input-exclusion": {
    "current": {
      "number": "2.4",
      "spec": "Layout Instability",
      "text": "Input Exclusion",
      "url": "https://wicg.github.io/layout-instability/#sec-input-exclusion"
    }
  },
  "#sec-intro": {
    "current": {
      "number": "1",
      "spec": "Layout Instability",
      "text": "Introduction",
      "url": "https://wicg.github.io/layout-instability/#sec-intro"
    }
  },
  "#sec-layout-shift": {
    "current": {
      "number": "3",
      "spec": "Layout Instability",
      "text": "LayoutShift interface",
      "url": "https://wicg.github.io/layout-instability/#sec-layout-shift"
    }
  },
  "#sec-layout-shift-attribution": {
    "current": {
      "number": "4",
      "spec": "Layout Instability",
      "text": "LayoutShiftAttribution interface",
      "url": "https://wicg.github.io/layout-instability/#sec-layout-shift-attribution"
    }
  },
  "#sec-layout-shift-value": {
    "current": {
      "number": "2.3",
      "spec": "Layout Instability",
      "text": "Layout Shift Value",
      "url": "https://wicg.github.io/layout-instability/#sec-layout-shift-value"
    }
  },
  "#sec-processing-model": {
    "current": {
      "number": "5",
      "spec": "Layout Instability",
      "text": "Processing model",
      "url": "https://wicg.github.io/layout-instability/#sec-processing-model"
    }
  },
  "#sec-report-layout-shift": {
    "current": {
      "number": "5.1",
      "spec": "Layout Instability",
      "text": "Report the layout shift",
      "url": "https://wicg.github.io/layout-instability/#sec-report-layout-shift"
    }
  },
  "#sec-report-layout-shift-sources": {
    "current": {
      "number": "5.2",
      "spec": "Layout Instability",
      "text": "Report the layout shift sources",
      "url": "https://wicg.github.io/layout-instability/#sec-report-layout-shift-sources"
    }
  },
  "#sec-terminology": {
    "current": {
      "number": "2",
      "spec": "Layout Instability",
      "text": "Terminology",
      "url": "https://wicg.github.io/layout-instability/#sec-terminology"
    }
  },
  "#sec-unstable-nodes": {
    "current": {
      "number": "2.2",
      "spec": "Layout Instability",
      "text": "Unstable Nodes",
      "url": "https://wicg.github.io/layout-instability/#sec-unstable-nodes"
    }
  },
  "#source-attribution": {
    "current": {
      "number": "1.2",
      "spec": "Layout Instability",
      "text": "Source attribution",
      "url": "https://wicg.github.io/layout-instability/#source-attribution"
    }
  },
  "#status": {
    "current": {
      "number": "",
      "spec": "Layout Instability",
      "text": "Status of this document",
      "url": "https://wicg.github.io/layout-instability/#status"
    }
  },
  "#title": {
    "current": {
      "number": "",
      "spec": "Layout Instability",
      "text": "Layout Instability API",
      "url": "https://wicg.github.io/layout-instability/#title"
    }
  },
  "#toc": {
    "current": {
      "number": "",
      "spec": "Layout Instability",
      "text": "Table of Contents",
      "url": "https://wicg.github.io/layout-instability/#toc"
    }
  },
  "#w3c-conformance": {
    "current": {
      "number": "",
      "spec": "Layout Instability",
      "text": "Conformance",
      "url": "https://wicg.github.io/layout-instability/#w3c-conformance"
    }
  },
  "#w3c-conformant-algorithms": {
    "current": {
      "number": "",
      "spec": "Layout Instability",
      "text": "Conformant Algorithms",
      "url": "https://wicg.github.io/layout-instability/#w3c-conformant-algorithms"
    }
  },
  "#w3c-conventions": {
    "current": {
      "number": "",
      "spec": "Layout Instability",
      "text": "Document conventions",
      "url": "https://wicg.github.io/layout-instability/#w3c-conventions"
    }
  }
}