{
  "#abstract": {
    "current": {
      "number": "",
      "spec": "CSS Text Decoration 4",
      "text": "Abstract",
      "url": "https://drafts.csswg.org/css-text-decor-4/#abstract"
    },
    "snapshot": {
      "number": "",
      "spec": "CSS Text Decoration 4",
      "text": "Abstract",
      "url": "https://www.w3.org/TR/css-text-decor-4/#abstract"
    }
  },
  "#acknowledgements": {
    "current": {
      "number": "A",
      "spec": "CSS Text Decoration 4",
      "text": "Acknowledgements",
      "url": "https://drafts.csswg.org/css-text-decor-4/#acknowledgements"
    },
    "snapshot": {
      "number": "A",
      "spec": "CSS Text Decoration 4",
      "text": "Acknowledgements",
      "url": "https://www.w3.org/TR/css-text-decor-4/#acknowledgements"
    }
  },
  "#additions-l3": {
    "current": {
      "number": "",
      "spec": "CSS Text Decoration 4",
      "text": "Additions Since Level 3",
      "url": "https://drafts.csswg.org/css-text-decor-4/#additions-l3"
    },
    "snapshot": {
      "number": "",
      "spec": "CSS Text Decoration 4",
      "text": "Additions Since Level 3",
      "url": "https://www.w3.org/TR/css-text-decor-4/#additions-l3"
    }
  },
  "#changes": {
    "current": {
      "number": "C",
      "spec": "CSS Text Decoration 4",
      "text": "Changes",
      "url": "https://drafts.csswg.org/css-text-decor-4/#changes"
    },
    "snapshot": {
      "number": "C",
      "spec": "CSS Text Decoration 4",
      "text": "Changes",
      "url": "https://www.w3.org/TR/css-text-decor-4/#changes"
    }
  },
  "#changes-2020": {
    "current": {
      "number": "",
      "spec": "CSS Text Decoration 4",
      "text": "Changes since the 6 May 2020 Working Draft",
      "url": "https://drafts.csswg.org/css-text-decor-4/#changes-2020"
    },
    "snapshot": {
      "number": "",
      "spec": "CSS Text Decoration 4",
      "text": "Changes since the 6 May 2020 Working Draft",
      "url": "https://www.w3.org/TR/css-text-decor-4/#changes-2020"
    }
  },
  "#changes-2022": {
    "current": {
      "number": "",
      "spec": "CSS Text Decoration 4",
      "text": "Changes since the 4 May 2022 Working Draft",
      "url": "https://drafts.csswg.org/css-text-decor-4/#changes-2022"
    }
  },
  "#default-stylesheet": {
    "current": {
      "number": "B",
      "spec": "CSS Text Decoration 4",
      "text": "Default UA Stylesheet",
      "url": "https://drafts.csswg.org/css-text-decor-4/#default-stylesheet"
    },
    "snapshot": {
      "number": "B",
      "spec": "CSS Text Decoration 4",
      "text": "Default UA Stylesheet",
      "url": "https://www.w3.org/TR/css-text-decor-4/#default-stylesheet"
    }
  },
  "#emphasis-marks": {
    "current": {
      "number": "3",
      "spec": "CSS Text Decoration 4",
      "text": "Additional Controls for Emphasis Marks",
      "url": "https://drafts.csswg.org/css-text-decor-4/#emphasis-marks"
    },
    "snapshot": {
      "number": "3",
      "spec": "CSS Text Decoration 4",
      "text": "Additional Controls for Emphasis Marks",
      "url": "https://www.w3.org/TR/css-text-decor-4/#emphasis-marks"
    }
  },
  "#index": {
    "current": {
      "number": "",
      "spec": "CSS Text Decoration 4",
      "text": "Index",
      "url": "https://drafts.csswg.org/css-text-decor-4/#index"
    },
    "snapshot": {
      "number": "",
      "spec": "CSS Text Decoration 4",
      "text": "Index",
      "url": "https://www.w3.org/TR/css-text-decor-4/#index"
    }
  },
  "#index-defined-elsewhere": {
    "current": {
      "number": "",
      "spec": "CSS Text Decoration 4",
      "text": "Terms defined by reference",
      "url": "https://drafts.csswg.org/css-text-decor-4/#index-defined-elsewhere"
    },
    "snapshot": {
      "number": "",
      "spec": "CSS Text Decoration 4",
      "text": "Terms defined by reference",
      "url": "https://www.w3.org/TR/css-text-decor-4/#index-defined-elsewhere"
    }
  },
  "#index-defined-here": {
    "current": {
      "number": "",
      "spec": "CSS Text Decoration 4",
      "text": "Terms defined by this specification",
      "url": "https://drafts.csswg.org/css-text-decor-4/#index-defined-here"
    },
    "snapshot": {
      "number": "",
      "spec": "CSS Text Decoration 4",
      "text": "Terms defined by this specification",
      "url": "https://www.w3.org/TR/css-text-decor-4/#index-defined-here"
    }
  },
  "#informative": {
    "current": {
      "number": "",
      "spec": "CSS Text Decoration 4",
      "text": "Informative References",
      "url": "https://drafts.csswg.org/css-text-decor-4/#informative"
    },
    "snapshot": {
      "number": "",
      "spec": "CSS Text Decoration 4",
      "text": "Informative References",
      "url": "https://www.w3.org/TR/css-text-decor-4/#informative"
    }
  },
  "#ink-skip-shape": {
    "current": {
      "number": "2.10.5",
      "spec": "CSS Text Decoration 4",
      "text": "Shaping Interruptions",
      "url": "https://drafts.csswg.org/css-text-decor-4/#ink-skip-shape"
    },
    "snapshot": {
      "number": "2.10.6",
      "spec": "CSS Text Decoration 4",
      "text": "Shaping Interruptions",
      "url": "https://www.w3.org/TR/css-text-decor-4/#ink-skip-shape"
    }
  },
  "#intro": {
    "current": {
      "number": "1",
      "spec": "CSS Text Decoration 4",
      "text": "Introduction",
      "url": "https://drafts.csswg.org/css-text-decor-4/#intro"
    },
    "snapshot": {
      "number": "1",
      "spec": "CSS Text Decoration 4",
      "text": "Introduction",
      "url": "https://www.w3.org/TR/css-text-decor-4/#intro"
    }
  },
  "#issues-index": {
    "current": {
      "number": "",
      "spec": "CSS Text Decoration 4",
      "text": "Issues Index",
      "url": "https://drafts.csswg.org/css-text-decor-4/#issues-index"
    },
    "snapshot": {
      "number": "",
      "spec": "CSS Text Decoration 4",
      "text": "Issues Index",
      "url": "https://www.w3.org/TR/css-text-decor-4/#issues-index"
    }
  },
  "#line-auto-offset": {
    "current": {
      "number": "2.8.2",
      "spec": "CSS Text Decoration 4",
      "text": "Using Font Metrics for Automatic Positioning",
      "url": "https://drafts.csswg.org/css-text-decor-4/#line-auto-offset"
    },
    "snapshot": {
      "number": "2.8.2",
      "spec": "CSS Text Decoration 4",
      "text": "Using Font Metrics for Automatic Positioning",
      "url": "https://www.w3.org/TR/css-text-decor-4/#line-auto-offset"
    }
  },
  "#line-decoration": {
    "current": {
      "number": "2",
      "spec": "CSS Text Decoration 4",
      "text": "Line Decoration: Underline, Overline, and Strike-Through",
      "url": "https://drafts.csswg.org/css-text-decor-4/#line-decoration"
    },
    "snapshot": {
      "number": "2",
      "spec": "CSS Text Decoration 4",
      "text": "Line Decoration: Underline, Overline, and Strike-Through",
      "url": "https://www.w3.org/TR/css-text-decor-4/#line-decoration"
    }
  },
  "#line-offset-zero": {
    "current": {
      "number": "2.8.1",
      "spec": "CSS Text Decoration 4",
      "text": "Underline Offset Origin (Zero Position)",
      "url": "https://drafts.csswg.org/css-text-decor-4/#line-offset-zero"
    },
    "snapshot": {
      "number": "2.8.1",
      "spec": "CSS Text Decoration 4",
      "text": "Underline Offset Origin (Zero Position)",
      "url": "https://www.w3.org/TR/css-text-decor-4/#line-offset-zero"
    }
  },
  "#line-position": {
    "current": {
      "number": "2.5",
      "spec": "CSS Text Decoration 4",
      "text": "Determining the Position and Thickness of Line Decorations",
      "url": "https://drafts.csswg.org/css-text-decor-4/#line-position"
    },
    "snapshot": {
      "number": "2.5",
      "spec": "CSS Text Decoration 4",
      "text": "Determining the Position and Thickness of Line Decorations",
      "url": "https://www.w3.org/TR/css-text-decor-4/#line-position"
    }
  },
  "#normative": {
    "current": {
      "number": "",
      "spec": "CSS Text Decoration 4",
      "text": "Normative References",
      "url": "https://drafts.csswg.org/css-text-decor-4/#normative"
    },
    "snapshot": {
      "number": "",
      "spec": "CSS Text Decoration 4",
      "text": "Normative References",
      "url": "https://www.w3.org/TR/css-text-decor-4/#normative"
    }
  },
  "#overflow": {
    "current": {
      "number": "5.2",
      "spec": "CSS Text Decoration 4",
      "text": "Overflow of Text Decorations",
      "url": "https://drafts.csswg.org/css-text-decor-4/#overflow"
    },
    "snapshot": {
      "number": "5.2",
      "spec": "CSS Text Decoration 4",
      "text": "Overflow of Text Decorations",
      "url": "https://www.w3.org/TR/css-text-decor-4/#overflow"
    }
  },
  "#painting": {
    "current": {
      "number": "5",
      "spec": "CSS Text Decoration 4",
      "text": "Painting Text Decorations",
      "url": "https://drafts.csswg.org/css-text-decor-4/#painting"
    },
    "snapshot": {
      "number": "5",
      "spec": "CSS Text Decoration 4",
      "text": "Painting Text Decorations",
      "url": "https://www.w3.org/TR/css-text-decor-4/#painting"
    }
  },
  "#painting-order": {
    "current": {
      "number": "5.1",
      "spec": "CSS Text Decoration 4",
      "text": "Painting Order of Text Decorations",
      "url": "https://drafts.csswg.org/css-text-decor-4/#painting-order"
    },
    "snapshot": {
      "number": "5.1",
      "spec": "CSS Text Decoration 4",
      "text": "Painting Order of Text Decorations",
      "url": "https://www.w3.org/TR/css-text-decor-4/#painting-order"
    }
  },
  "#placement": {
    "current": {
      "number": "1.1",
      "spec": "CSS Text Decoration 4",
      "text": "Module Interactions",
      "url": "https://drafts.csswg.org/css-text-decor-4/#placement"
    },
    "snapshot": {
      "number": "1.1",
      "spec": "CSS Text Decoration 4",
      "text": "Module Interactions",
      "url": "https://www.w3.org/TR/css-text-decor-4/#placement"
    }
  },
  "#priv-sec": {
    "snapshot": {
      "number": "6",
      "spec": "CSS Text Decoration 4",
      "text": "Privacy and Security Considerations",
      "url": "https://www.w3.org/TR/css-text-decor-4/#priv-sec"
    }
  },
  "#privacy": {
    "current": {
      "number": "",
      "spec": "CSS Text Decoration 4",
      "text": "Privacy Considerations",
      "url": "https://drafts.csswg.org/css-text-decor-4/#privacy"
    }
  },
  "#property-index": {
    "current": {
      "number": "",
      "spec": "CSS Text Decoration 4",
      "text": "Property Index",
      "url": "https://drafts.csswg.org/css-text-decor-4/#property-index"
    },
    "snapshot": {
      "number": "",
      "spec": "CSS Text Decoration 4",
      "text": "Property Index",
      "url": "https://www.w3.org/TR/css-text-decor-4/#property-index"
    }
  },
  "#references": {
    "current": {
      "number": "",
      "spec": "CSS Text Decoration 4",
      "text": "References",
      "url": "https://drafts.csswg.org/css-text-decor-4/#references"
    },
    "snapshot": {
      "number": "",
      "spec": "CSS Text Decoration 4",
      "text": "References",
      "url": "https://www.w3.org/TR/css-text-decor-4/#references"
    }
  },
  "#security": {
    "current": {
      "number": "",
      "spec": "CSS Text Decoration 4",
      "text": "Security Considerations",
      "url": "https://drafts.csswg.org/css-text-decor-4/#security"
    }
  },
  "#sotd": {
    "current": {
      "number": "",
      "spec": "CSS Text Decoration 4",
      "text": "Status of this document",
      "url": "https://drafts.csswg.org/css-text-decor-4/#sotd"
    },
    "snapshot": {
      "number": "",
      "spec": "CSS Text Decoration 4",
      "text": "Status of this document",
      "url": "https://www.w3.org/TR/css-text-decor-4/#sotd"
    }
  },
  "#terms": {
    "current": {
      "number": "1.3",
      "spec": "CSS Text Decoration 4",
      "text": "Terminology",
      "url": "https://drafts.csswg.org/css-text-decor-4/#terms"
    },
    "snapshot": {
      "number": "1.3",
      "spec": "CSS Text Decoration 4",
      "text": "Terminology",
      "url": "https://www.w3.org/TR/css-text-decor-4/#terms"
    }
  },
  "#text-decoration-color-property": {
    "current": {
      "number": "2.3",
      "spec": "CSS Text Decoration 4",
      "text": "Text Decoration Color: the text-decoration-color property",
      "url": "https://drafts.csswg.org/css-text-decor-4/#text-decoration-color-property"
    },
    "snapshot": {
      "number": "2.3",
      "spec": "CSS Text Decoration 4",
      "text": "Text Decoration Color: the text-decoration-color property",
      "url": "https://www.w3.org/TR/css-text-decor-4/#text-decoration-color-property"
    }
  },
  "#text-decoration-line-property": {
    "current": {
      "number": "2.1",
      "spec": "CSS Text Decoration 4",
      "text": "Text Decoration Lines: the text-decoration-line property",
      "url": "https://drafts.csswg.org/css-text-decor-4/#text-decoration-line-property"
    },
    "snapshot": {
      "number": "2.1",
      "spec": "CSS Text Decoration 4",
      "text": "Text Decoration Lines: the text-decoration-line property",
      "url": "https://www.w3.org/TR/css-text-decor-4/#text-decoration-line-property"
    }
  },
  "#text-decoration-property": {
    "current": {
      "number": "2.6",
      "spec": "CSS Text Decoration 4",
      "text": "Text Decoration Shorthand: the text-decoration property",
      "url": "https://drafts.csswg.org/css-text-decor-4/#text-decoration-property"
    },
    "snapshot": {
      "number": "2.6",
      "spec": "CSS Text Decoration 4",
      "text": "Text Decoration Shorthand: the text-decoration property",
      "url": "https://www.w3.org/TR/css-text-decor-4/#text-decoration-property"
    }
  },
  "#text-decoration-skip-box-property": {
    "current": {
      "number": "2.10.2",
      "spec": "CSS Text Decoration 4",
      "text": "Skipping Spaces: the text-decoration-skip-box property",
      "url": "https://drafts.csswg.org/css-text-decor-4/#text-decoration-skip-box-property"
    },
    "snapshot": {
      "number": "2.10.2",
      "spec": "CSS Text Decoration 4",
      "text": "Skipping Spaces: the text-decoration-skip-box property",
      "url": "https://www.w3.org/TR/css-text-decor-4/#text-decoration-skip-box-property"
    }
  },
  "#text-decoration-skip-ink-property": {
    "current": {
      "number": "2.10.4",
      "spec": "CSS Text Decoration 4",
      "text": "Skipping Glyphs: the text-decoration-skip-ink property",
      "url": "https://drafts.csswg.org/css-text-decor-4/#text-decoration-skip-ink-property"
    },
    "snapshot": {
      "number": "2.10.5",
      "spec": "CSS Text Decoration 4",
      "text": "Skipping Glyphs: the text-decoration-skip-ink property",
      "url": "https://www.w3.org/TR/css-text-decor-4/#text-decoration-skip-ink-property"
    }
  },
  "#text-decoration-skip-inset-property": {
    "current": {
      "number": "2.9.1",
      "spec": "CSS Text Decoration 4",
      "text": "Text Decoration Line Trimming and Extension: the text-decoration-trim property",
      "url": "https://drafts.csswg.org/css-text-decor-4/#text-decoration-skip-inset-property"
    },
    "snapshot": {
      "number": "2.10.3",
      "spec": "CSS Text Decoration 4",
      "text": "Inset Edges: the text-decoration-skip-inset property",
      "url": "https://www.w3.org/TR/css-text-decor-4/#text-decoration-skip-inset-property"
    }
  },
  "#text-decoration-skip-self-property": {
    "current": {
      "number": "2.10.1",
      "spec": "CSS Text Decoration 4",
      "text": "Skipping Spaces: the text-decoration-skip-self property",
      "url": "https://drafts.csswg.org/css-text-decor-4/#text-decoration-skip-self-property"
    },
    "snapshot": {
      "number": "2.10.1",
      "spec": "CSS Text Decoration 4",
      "text": "Skipping Spaces: the text-decoration-skip-self property",
      "url": "https://www.w3.org/TR/css-text-decor-4/#text-decoration-skip-self-property"
    }
  },
  "#text-decoration-skip-spaces-property": {
    "current": {
      "number": "2.10.3",
      "spec": "CSS Text Decoration 4",
      "text": "Skipping Spaces: the text-decoration-skip-spaces property",
      "url": "https://drafts.csswg.org/css-text-decor-4/#text-decoration-skip-spaces-property"
    },
    "snapshot": {
      "number": "2.10.4",
      "spec": "CSS Text Decoration 4",
      "text": "Skipping Spaces: the text-decoration-skip-spaces property",
      "url": "https://www.w3.org/TR/css-text-decor-4/#text-decoration-skip-spaces-property"
    }
  },
  "#text-decoration-skipping": {
    "current": {
      "number": "2.10",
      "spec": "CSS Text Decoration 4",
      "text": "Text Decoration Line Continuity: the text-decoration-skip shorthand and its sub-properties",
      "url": "https://drafts.csswg.org/css-text-decor-4/#text-decoration-skipping"
    },
    "snapshot": {
      "number": "2.10",
      "spec": "CSS Text Decoration 4",
      "text": "Text Decoration Line Continuity: the text-decoration-skip shorthand and its sub-properties",
      "url": "https://www.w3.org/TR/css-text-decor-4/#text-decoration-skipping"
    }
  },
  "#text-decoration-style-property": {
    "current": {
      "number": "2.2",
      "spec": "CSS Text Decoration 4",
      "text": "Text Decoration Style: the text-decoration-style property",
      "url": "https://drafts.csswg.org/css-text-decor-4/#text-decoration-style-property"
    },
    "snapshot": {
      "number": "2.2",
      "spec": "CSS Text Decoration 4",
      "text": "Text Decoration Style: the text-decoration-style property",
      "url": "https://www.w3.org/TR/css-text-decor-4/#text-decoration-style-property"
    }
  },
  "#text-decoration-thickness": {
    "current": {
      "number": "2.4.1",
      "spec": "CSS Text Decoration 4",
      "text": "Automatic Thickness of Text Decoration Lines",
      "url": "https://drafts.csswg.org/css-text-decor-4/#text-decoration-thickness"
    },
    "snapshot": {
      "number": "2.4.1",
      "spec": "CSS Text Decoration 4",
      "text": "Automatic Thickness of Text Decoration Lines",
      "url": "https://www.w3.org/TR/css-text-decor-4/#text-decoration-thickness"
    }
  },
  "#text-decoration-thickness-property": {
    "current": {
      "number": "2.4",
      "spec": "CSS Text Decoration 4",
      "text": "Text Decoration Line Thickness: the text-decoration-thickness property",
      "url": "https://drafts.csswg.org/css-text-decor-4/#text-decoration-thickness-property"
    },
    "snapshot": {
      "number": "2.4",
      "spec": "CSS Text Decoration 4",
      "text": "Text Decoration Line Thickness: the text-decoration-thickness property",
      "url": "https://www.w3.org/TR/css-text-decor-4/#text-decoration-thickness-property"
    }
  },
  "#text-emphasis-color-property": {
    "current": {
      "number": "3.2",
      "spec": "CSS Text Decoration 4",
      "text": "Emphasis Mark Color: the text-emphasis-color property",
      "url": "https://drafts.csswg.org/css-text-decor-4/#text-emphasis-color-property"
    },
    "snapshot": {
      "number": "3.2",
      "spec": "CSS Text Decoration 4",
      "text": "Emphasis Mark Color: the text-emphasis-color property",
      "url": "https://www.w3.org/TR/css-text-decor-4/#text-emphasis-color-property"
    }
  },
  "#text-emphasis-position-property": {
    "current": {
      "number": "3.4",
      "spec": "CSS Text Decoration 4",
      "text": "Emphasis Mark Position: the text-emphasis-position property",
      "url": "https://drafts.csswg.org/css-text-decor-4/#text-emphasis-position-property"
    },
    "snapshot": {
      "number": "3.4",
      "spec": "CSS Text Decoration 4",
      "text": "Emphasis Mark Position: the text-emphasis-position property",
      "url": "https://www.w3.org/TR/css-text-decor-4/#text-emphasis-position-property"
    }
  },
  "#text-emphasis-property": {
    "current": {
      "number": "3.3",
      "spec": "CSS Text Decoration 4",
      "text": "Emphasis Mark Shorthand: the text-emphasis property",
      "url": "https://drafts.csswg.org/css-text-decor-4/#text-emphasis-property"
    },
    "snapshot": {
      "number": "3.3",
      "spec": "CSS Text Decoration 4",
      "text": "Emphasis Mark Shorthand: the text-emphasis property",
      "url": "https://www.w3.org/TR/css-text-decor-4/#text-emphasis-property"
    }
  },
  "#text-emphasis-skip": {
    "current": {
      "number": "3.5",
      "spec": "CSS Text Decoration 4",
      "text": "Emphasis Mark Skip: the text-emphasis-skip property",
      "url": "https://drafts.csswg.org/css-text-decor-4/#text-emphasis-skip"
    },
    "snapshot": {
      "number": "3.5",
      "spec": "CSS Text Decoration 4",
      "text": "Emphasis Mark Skip: the text-emphasis-skip property",
      "url": "https://www.w3.org/TR/css-text-decor-4/#text-emphasis-skip"
    }
  },
  "#text-emphasis-style-property": {
    "current": {
      "number": "3.1",
      "spec": "CSS Text Decoration 4",
      "text": "Emphasis Mark Style: the text-emphasis-style property",
      "url": "https://drafts.csswg.org/css-text-decor-4/#text-emphasis-style-property"
    },
    "snapshot": {
      "number": "3.1",
      "spec": "CSS Text Decoration 4",
      "text": "Emphasis Mark Style: the text-emphasis-style property",
      "url": "https://www.w3.org/TR/css-text-decor-4/#text-emphasis-style-property"
    }
  },
  "#text-line-constancy": {
    "current": {
      "number": "2.9",
      "spec": "CSS Text Decoration 4",
      "text": "Text Decoration Line Uniformity",
      "url": "https://drafts.csswg.org/css-text-decor-4/#text-line-constancy"
    },
    "snapshot": {
      "number": "2.9",
      "spec": "CSS Text Decoration 4",
      "text": "Text Decoration Line Uniformity",
      "url": "https://www.w3.org/TR/css-text-decor-4/#text-line-constancy"
    }
  },
  "#text-shadow-property": {
    "current": {
      "number": "4",
      "spec": "CSS Text Decoration 4",
      "text": "Text Shadows: the text-shadow property",
      "url": "https://drafts.csswg.org/css-text-decor-4/#text-shadow-property"
    },
    "snapshot": {
      "number": "4",
      "spec": "CSS Text Decoration 4",
      "text": "Text Shadows: the text-shadow property",
      "url": "https://www.w3.org/TR/css-text-decor-4/#text-shadow-property"
    }
  },
  "#text-underline-position-property": {
    "current": {
      "number": "2.7",
      "spec": "CSS Text Decoration 4",
      "text": "Text Underline Position: the text-underline-position property",
      "url": "https://drafts.csswg.org/css-text-decor-4/#text-underline-position-property"
    },
    "snapshot": {
      "number": "2.7",
      "spec": "CSS Text Decoration 4",
      "text": "Text Underline Position: the text-underline-position property",
      "url": "https://www.w3.org/TR/css-text-decor-4/#text-underline-position-property"
    }
  },
  "#title": {
    "current": {
      "number": "",
      "spec": "CSS Text Decoration 4",
      "text": "CSS Text Decoration Module Level 4",
      "url": "https://drafts.csswg.org/css-text-decor-4/#title"
    },
    "snapshot": {
      "number": "",
      "spec": "CSS Text Decoration 4",
      "text": "CSS Text Decoration Module Level 4",
      "url": "https://www.w3.org/TR/css-text-decor-4/#title"
    }
  },
  "#toc": {
    "current": {
      "number": "",
      "spec": "CSS Text Decoration 4",
      "text": "Table of Contents",
      "url": "https://drafts.csswg.org/css-text-decor-4/#toc"
    },
    "snapshot": {
      "number": "",
      "spec": "CSS Text Decoration 4",
      "text": "Table of Contents",
      "url": "https://www.w3.org/TR/css-text-decor-4/#toc"
    }
  },
  "#underline-offset": {
    "current": {
      "number": "2.8",
      "spec": "CSS Text Decoration 4",
      "text": "Text Underline Offset: the text-underline-offset property",
      "url": "https://drafts.csswg.org/css-text-decor-4/#underline-offset"
    },
    "snapshot": {
      "number": "2.8",
      "spec": "CSS Text Decoration 4",
      "text": "Text Underline Offset: the text-underline-offset property",
      "url": "https://www.w3.org/TR/css-text-decor-4/#underline-offset"
    }
  },
  "#values": {
    "current": {
      "number": "1.2",
      "spec": "CSS Text Decoration 4",
      "text": "Value Definitions",
      "url": "https://drafts.csswg.org/css-text-decor-4/#values"
    },
    "snapshot": {
      "number": "1.2",
      "spec": "CSS Text Decoration 4",
      "text": "Value Definitions",
      "url": "https://www.w3.org/TR/css-text-decor-4/#values"
    }
  },
  "#w3c-conform-future-proofing": {
    "current": {
      "number": "",
      "spec": "CSS Text Decoration 4",
      "text": "Implementations of Unstable and Proprietary Features",
      "url": "https://drafts.csswg.org/css-text-decor-4/#w3c-conform-future-proofing"
    },
    "snapshot": {
      "number": "",
      "spec": "CSS Text Decoration 4",
      "text": "Implementations of Unstable and Proprietary Features",
      "url": "https://www.w3.org/TR/css-text-decor-4/#w3c-conform-future-proofing"
    }
  },
  "#w3c-conformance": {
    "current": {
      "number": "",
      "spec": "CSS Text Decoration 4",
      "text": "Conformance",
      "url": "https://drafts.csswg.org/css-text-decor-4/#w3c-conformance"
    },
    "snapshot": {
      "number": "",
      "spec": "CSS Text Decoration 4",
      "text": "Conformance",
      "url": "https://www.w3.org/TR/css-text-decor-4/#w3c-conformance"
    }
  },
  "#w3c-conformance-classes": {
    "current": {
      "number": "",
      "spec": "CSS Text Decoration 4",
      "text": "Conformance classes",
      "url": "https://drafts.csswg.org/css-text-decor-4/#w3c-conformance-classes"
    },
    "snapshot": {
      "number": "",
      "spec": "CSS Text Decoration 4",
      "text": "Conformance classes",
      "url": "https://www.w3.org/TR/css-text-decor-4/#w3c-conformance-classes"
    }
  },
  "#w3c-conventions": {
    "current": {
      "number": "",
      "spec": "CSS Text Decoration 4",
      "text": "Document conventions",
      "url": "https://drafts.csswg.org/css-text-decor-4/#w3c-conventions"
    },
    "snapshot": {
      "number": "",
      "spec": "CSS Text Decoration 4",
      "text": "Document conventions",
      "url": "https://www.w3.org/TR/css-text-decor-4/#w3c-conventions"
    }
  },
  "#w3c-partial": {
    "current": {
      "number": "",
      "spec": "CSS Text Decoration 4",
      "text": "Partial implementations",
      "url": "https://drafts.csswg.org/css-text-decor-4/#w3c-partial"
    },
    "snapshot": {
      "number": "",
      "spec": "CSS Text Decoration 4",
      "text": "Partial implementations",
      "url": "https://www.w3.org/TR/css-text-decor-4/#w3c-partial"
    }
  },
  "#w3c-testing": {
    "current": {
      "number": "",
      "spec": "CSS Text Decoration 4",
      "text": "Non-experimental implementations",
      "url": "https://drafts.csswg.org/css-text-decor-4/#w3c-testing"
    },
    "snapshot": {
      "number": "",
      "spec": "CSS Text Decoration 4",
      "text": "Non-experimental implementations",
      "url": "https://www.w3.org/TR/css-text-decor-4/#w3c-testing"
    }
  }
}