{
  "#accessing": {
    "current": {
      "number": "3",
      "spec": "SPARQL 1.2 Service Description",
      "text": "Accessing a Service Description",
      "url": "https://w3c.github.io/sparql-service-description/spec/#accessing"
    },
    "snapshot": {
      "number": "3",
      "spec": "SPARQL 1.2 Service Description",
      "text": "Accessing a Service Description",
      "url": "https://www.w3.org/TR/sparql12-service-description/#accessing"
    }
  },
  "#changes-from-sparql11": {
    "current": {
      "number": "A",
      "spec": "SPARQL 1.2 Service Description",
      "text": "Change Log",
      "url": "https://w3c.github.io/sparql-service-description/spec/#changes-from-sparql11"
    },
    "snapshot": {
      "number": "A",
      "spec": "SPARQL 1.2 Service Description",
      "text": "Change Log",
      "url": "https://www.w3.org/TR/sparql12-service-description/#changes-from-sparql11"
    }
  },
  "#classes": {
    "current": {
      "number": "4.3",
      "spec": "SPARQL 1.2 Service Description",
      "text": "Classes",
      "url": "https://w3c.github.io/sparql-service-description/spec/#classes"
    },
    "snapshot": {
      "number": "4.3",
      "spec": "SPARQL 1.2 Service Description",
      "text": "Classes",
      "url": "https://www.w3.org/TR/sparql12-service-description/#classes"
    }
  },
  "#conformance": {
    "current": {
      "number": "6",
      "spec": "SPARQL 1.2 Service Description",
      "text": "Conformance",
      "url": "https://w3c.github.io/sparql-service-description/spec/#conformance"
    },
    "snapshot": {
      "number": "6",
      "spec": "SPARQL 1.2 Service Description",
      "text": "Conformance",
      "url": "https://www.w3.org/TR/sparql12-service-description/#conformance"
    }
  },
  "#conformance-0": {
    "current": {
      "number": "6.1",
      "spec": "SPARQL 1.2 Service Description",
      "text": "Conformance",
      "url": "https://w3c.github.io/sparql-service-description/spec/#conformance-0"
    },
    "snapshot": {
      "number": "6.1",
      "spec": "SPARQL 1.2 Service Description",
      "text": "Conformance",
      "url": "https://www.w3.org/TR/sparql12-service-description/#conformance-0"
    }
  },
  "#example": {
    "current": {
      "number": "5",
      "spec": "SPARQL 1.2 Service Description",
      "text": "Example (Informative)",
      "url": "https://w3c.github.io/sparql-service-description/spec/#example"
    },
    "snapshot": {
      "number": "5",
      "spec": "SPARQL 1.2 Service Description",
      "text": "Example (Informative)",
      "url": "https://www.w3.org/TR/sparql12-service-description/#example"
    }
  },
  "#example-rdfxml": {
    "current": {
      "number": "5.1",
      "spec": "SPARQL 1.2 Service Description",
      "text": "RDF/XML Service Description",
      "url": "https://w3c.github.io/sparql-service-description/spec/#example-rdfxml"
    },
    "snapshot": {
      "number": "5.1",
      "spec": "SPARQL 1.2 Service Description",
      "text": "RDF/XML Service Description",
      "url": "https://www.w3.org/TR/sparql12-service-description/#example-rdfxml"
    }
  },
  "#example-turtle": {
    "current": {
      "number": "5.2",
      "spec": "SPARQL 1.2 Service Description",
      "text": "Turtle Service Description",
      "url": "https://w3c.github.io/sparql-service-description/spec/#example-turtle"
    },
    "snapshot": {
      "number": "5.2",
      "spec": "SPARQL 1.2 Service Description",
      "text": "Turtle Service Description",
      "url": "https://www.w3.org/TR/sparql12-service-description/#example-turtle"
    }
  },
  "#index": {
    "current": {
      "number": "B",
      "spec": "SPARQL 1.2 Service Description",
      "text": "Index",
      "url": "https://w3c.github.io/sparql-service-description/spec/#index"
    },
    "snapshot": {
      "number": "B",
      "spec": "SPARQL 1.2 Service Description",
      "text": "Index",
      "url": "https://www.w3.org/TR/sparql12-service-description/#index"
    }
  },
  "#index-defined-elsewhere": {
    "current": {
      "number": "B.2",
      "spec": "SPARQL 1.2 Service Description",
      "text": "Terms defined by reference",
      "url": "https://w3c.github.io/sparql-service-description/spec/#index-defined-elsewhere"
    },
    "snapshot": {
      "number": "B.2",
      "spec": "SPARQL 1.2 Service Description",
      "text": "Terms defined by reference",
      "url": "https://www.w3.org/TR/sparql12-service-description/#index-defined-elsewhere"
    }
  },
  "#index-defined-here": {
    "current": {
      "number": "B.1",
      "spec": "SPARQL 1.2 Service Description",
      "text": "Terms defined by this specification",
      "url": "https://w3c.github.io/sparql-service-description/spec/#index-defined-here"
    },
    "snapshot": {
      "number": "B.1",
      "spec": "SPARQL 1.2 Service Description",
      "text": "Terms defined by this specification",
      "url": "https://www.w3.org/TR/sparql12-service-description/#index-defined-here"
    }
  },
  "#instances": {
    "current": {
      "number": "4.4",
      "spec": "SPARQL 1.2 Service Description",
      "text": "Instances",
      "url": "https://w3c.github.io/sparql-service-description/spec/#instances"
    },
    "snapshot": {
      "number": "4.4",
      "spec": "SPARQL 1.2 Service Description",
      "text": "Instances",
      "url": "https://www.w3.org/TR/sparql12-service-description/#instances"
    }
  },
  "#internationalization": {
    "current": {
      "number": "9",
      "spec": "SPARQL 1.2 Service Description",
      "text": "Internationalization Considerations",
      "url": "https://w3c.github.io/sparql-service-description/spec/#internationalization"
    },
    "snapshot": {
      "number": "9",
      "spec": "SPARQL 1.2 Service Description",
      "text": "Internationalization Considerations",
      "url": "https://www.w3.org/TR/sparql12-service-description/#internationalization"
    }
  },
  "#intro": {
    "current": {
      "number": "2",
      "spec": "SPARQL 1.2 Service Description",
      "text": "Introduction",
      "url": "https://w3c.github.io/sparql-service-description/spec/#intro"
    },
    "snapshot": {
      "number": "2",
      "spec": "SPARQL 1.2 Service Description",
      "text": "Introduction",
      "url": "https://www.w3.org/TR/sparql12-service-description/#intro"
    }
  },
  "#lang-sparql10query": {
    "current": {
      "number": "4.4.1",
      "spec": "SPARQL 1.2 Service Description",
      "text": "sd:SPARQL10Query",
      "url": "https://w3c.github.io/sparql-service-description/spec/#lang-sparql10query"
    },
    "snapshot": {
      "number": "4.4.1",
      "spec": "SPARQL 1.2 Service Description",
      "text": "sd:SPARQL10Query",
      "url": "https://www.w3.org/TR/sparql12-service-description/#lang-sparql10query"
    }
  },
  "#lang-sparql11query": {
    "current": {
      "number": "4.4.2",
      "spec": "SPARQL 1.2 Service Description",
      "text": "sd:SPARQL11Query",
      "url": "https://w3c.github.io/sparql-service-description/spec/#lang-sparql11query"
    },
    "snapshot": {
      "number": "4.4.2",
      "spec": "SPARQL 1.2 Service Description",
      "text": "sd:SPARQL11Query",
      "url": "https://www.w3.org/TR/sparql12-service-description/#lang-sparql11query"
    }
  },
  "#lang-sparql11update": {
    "current": {
      "number": "4.4.3",
      "spec": "SPARQL 1.2 Service Description",
      "text": "sd:SPARQL11Update",
      "url": "https://w3c.github.io/sparql-service-description/spec/#lang-sparql11update"
    },
    "snapshot": {
      "number": "4.4.3",
      "spec": "SPARQL 1.2 Service Description",
      "text": "sd:SPARQL11Update",
      "url": "https://www.w3.org/TR/sparql12-service-description/#lang-sparql11update"
    }
  },
  "#lang-sparql12query": {
    "current": {
      "number": "4.4.4",
      "spec": "SPARQL 1.2 Service Description",
      "text": "sd:SPARQL12Query",
      "url": "https://w3c.github.io/sparql-service-description/spec/#lang-sparql12query"
    },
    "snapshot": {
      "number": "4.4.4",
      "spec": "SPARQL 1.2 Service Description",
      "text": "sd:SPARQL12Query",
      "url": "https://www.w3.org/TR/sparql12-service-description/#lang-sparql12query"
    }
  },
  "#lang-sparql12update": {
    "current": {
      "number": "4.4.5",
      "spec": "SPARQL 1.2 Service Description",
      "text": "sd:SPARQL12Update",
      "url": "https://w3c.github.io/sparql-service-description/spec/#lang-sparql12update"
    },
    "snapshot": {
      "number": "4.4.5",
      "spec": "SPARQL 1.2 Service Description",
      "text": "sd:SPARQL12Update",
      "url": "https://www.w3.org/TR/sparql12-service-description/#lang-sparql12update"
    }
  },
  "#namespace": {
    "current": {
      "number": "4.1",
      "spec": "SPARQL 1.2 Service Description",
      "text": "SPARQL Service Description Namespace and OWL Ontology",
      "url": "https://w3c.github.io/sparql-service-description/spec/#namespace"
    },
    "snapshot": {
      "number": "4.1",
      "spec": "SPARQL 1.2 Service Description",
      "text": "SPARQL Service Description Namespace and OWL Ontology",
      "url": "https://www.w3.org/TR/sparql12-service-description/#namespace"
    }
  },
  "#normative-references": {
    "current": {
      "number": "C.1",
      "spec": "SPARQL 1.2 Service Description",
      "text": "Normative references",
      "url": "https://w3c.github.io/sparql-service-description/spec/#normative-references"
    },
    "snapshot": {
      "number": "C.1",
      "spec": "SPARQL 1.2 Service Description",
      "text": "Normative references",
      "url": "https://www.w3.org/TR/sparql12-service-description/#normative-references"
    }
  },
  "#other-instances": {
    "current": {
      "number": "4.4.11",
      "spec": "SPARQL 1.2 Service Description",
      "text": "Other Instances",
      "url": "https://w3c.github.io/sparql-service-description/spec/#other-instances"
    },
    "snapshot": {
      "number": "4.4.11",
      "spec": "SPARQL 1.2 Service Description",
      "text": "Other Instances",
      "url": "https://www.w3.org/TR/sparql12-service-description/#other-instances"
    }
  },
  "#privacy": {
    "current": {
      "number": "7",
      "spec": "SPARQL 1.2 Service Description",
      "text": "Privacy Considerations",
      "url": "https://w3c.github.io/sparql-service-description/spec/#privacy"
    },
    "snapshot": {
      "number": "7",
      "spec": "SPARQL 1.2 Service Description",
      "text": "Privacy Considerations",
      "url": "https://www.w3.org/TR/sparql12-service-description/#privacy"
    }
  },
  "#properties": {
    "current": {
      "number": "4.2",
      "spec": "SPARQL 1.2 Service Description",
      "text": "Properties",
      "url": "https://w3c.github.io/sparql-service-description/spec/#properties"
    },
    "snapshot": {
      "number": "4.2",
      "spec": "SPARQL 1.2 Service Description",
      "text": "Properties",
      "url": "https://www.w3.org/TR/sparql12-service-description/#properties"
    }
  },
  "#references": {
    "current": {
      "number": "C",
      "spec": "SPARQL 1.2 Service Description",
      "text": "References",
      "url": "https://w3c.github.io/sparql-service-description/spec/#references"
    },
    "snapshot": {
      "number": "C",
      "spec": "SPARQL 1.2 Service Description",
      "text": "References",
      "url": "https://www.w3.org/TR/sparql12-service-description/#references"
    }
  },
  "#related": {
    "current": {
      "number": "1",
      "spec": "SPARQL 1.2 Service Description",
      "text": "Set of Documents",
      "url": "https://w3c.github.io/sparql-service-description/spec/#related"
    },
    "snapshot": {
      "number": "1",
      "spec": "SPARQL 1.2 Service Description",
      "text": "Set of Documents",
      "url": "https://www.w3.org/TR/sparql12-service-description/#related"
    }
  },
  "#sd-Aggregate": {
    "current": {
      "number": "4.3.5",
      "spec": "SPARQL 1.2 Service Description",
      "text": "sd:Aggregate",
      "url": "https://w3c.github.io/sparql-service-description/spec/#sd-Aggregate"
    },
    "snapshot": {
      "number": "4.3.5",
      "spec": "SPARQL 1.2 Service Description",
      "text": "sd:Aggregate",
      "url": "https://www.w3.org/TR/sparql12-service-description/#sd-Aggregate"
    }
  },
  "#sd-Dataset": {
    "current": {
      "number": "4.3.9",
      "spec": "SPARQL 1.2 Service Description",
      "text": "sd:Dataset",
      "url": "https://w3c.github.io/sparql-service-description/spec/#sd-Dataset"
    },
    "snapshot": {
      "number": "4.3.9",
      "spec": "SPARQL 1.2 Service Description",
      "text": "sd:Dataset",
      "url": "https://www.w3.org/TR/sparql12-service-description/#sd-Dataset"
    }
  },
  "#sd-EntailmentProfile": {
    "current": {
      "number": "4.3.7",
      "spec": "SPARQL 1.2 Service Description",
      "text": "sd:EntailmentProfile",
      "url": "https://w3c.github.io/sparql-service-description/spec/#sd-EntailmentProfile"
    },
    "snapshot": {
      "number": "4.3.7",
      "spec": "SPARQL 1.2 Service Description",
      "text": "sd:EntailmentProfile",
      "url": "https://www.w3.org/TR/sparql12-service-description/#sd-EntailmentProfile"
    }
  },
  "#sd-EntailmentRegime": {
    "current": {
      "number": "4.3.6",
      "spec": "SPARQL 1.2 Service Description",
      "text": "sd:EntailmentRegime",
      "url": "https://w3c.github.io/sparql-service-description/spec/#sd-EntailmentRegime"
    },
    "snapshot": {
      "number": "4.3.6",
      "spec": "SPARQL 1.2 Service Description",
      "text": "sd:EntailmentRegime",
      "url": "https://www.w3.org/TR/sparql12-service-description/#sd-EntailmentRegime"
    }
  },
  "#sd-Feature": {
    "current": {
      "number": "4.3.2",
      "spec": "SPARQL 1.2 Service Description",
      "text": "sd:Feature",
      "url": "https://w3c.github.io/sparql-service-description/spec/#sd-Feature"
    },
    "snapshot": {
      "number": "4.3.2",
      "spec": "SPARQL 1.2 Service Description",
      "text": "sd:Feature",
      "url": "https://www.w3.org/TR/sparql12-service-description/#sd-Feature"
    }
  },
  "#sd-Function": {
    "current": {
      "number": "4.3.4",
      "spec": "SPARQL 1.2 Service Description",
      "text": "sd:Function",
      "url": "https://w3c.github.io/sparql-service-description/spec/#sd-Function"
    },
    "snapshot": {
      "number": "4.3.4",
      "spec": "SPARQL 1.2 Service Description",
      "text": "sd:Function",
      "url": "https://www.w3.org/TR/sparql12-service-description/#sd-Function"
    }
  },
  "#sd-Graph": {
    "current": {
      "number": "4.3.10",
      "spec": "SPARQL 1.2 Service Description",
      "text": "sd:Graph",
      "url": "https://w3c.github.io/sparql-service-description/spec/#sd-Graph"
    },
    "snapshot": {
      "number": "4.3.10",
      "spec": "SPARQL 1.2 Service Description",
      "text": "sd:Graph",
      "url": "https://www.w3.org/TR/sparql12-service-description/#sd-Graph"
    }
  },
  "#sd-GraphCollection": {
    "current": {
      "number": "4.3.8",
      "spec": "SPARQL 1.2 Service Description",
      "text": "sd:GraphCollection",
      "url": "https://w3c.github.io/sparql-service-description/spec/#sd-GraphCollection"
    },
    "snapshot": {
      "number": "4.3.8",
      "spec": "SPARQL 1.2 Service Description",
      "text": "sd:GraphCollection",
      "url": "https://www.w3.org/TR/sparql12-service-description/#sd-GraphCollection"
    }
  },
  "#sd-Language": {
    "current": {
      "number": "4.3.3",
      "spec": "SPARQL 1.2 Service Description",
      "text": "sd:Language",
      "url": "https://w3c.github.io/sparql-service-description/spec/#sd-Language"
    },
    "snapshot": {
      "number": "4.3.3",
      "spec": "SPARQL 1.2 Service Description",
      "text": "sd:Language",
      "url": "https://www.w3.org/TR/sparql12-service-description/#sd-Language"
    }
  },
  "#sd-NamedGraph": {
    "current": {
      "number": "4.3.11",
      "spec": "SPARQL 1.2 Service Description",
      "text": "sd:NamedGraph",
      "url": "https://w3c.github.io/sparql-service-description/spec/#sd-NamedGraph"
    },
    "snapshot": {
      "number": "4.3.11",
      "spec": "SPARQL 1.2 Service Description",
      "text": "sd:NamedGraph",
      "url": "https://www.w3.org/TR/sparql12-service-description/#sd-NamedGraph"
    }
  },
  "#sd-Service": {
    "current": {
      "number": "4.3.1",
      "spec": "SPARQL 1.2 Service Description",
      "text": "sd:Service",
      "url": "https://w3c.github.io/sparql-service-description/spec/#sd-Service"
    },
    "snapshot": {
      "number": "4.3.1",
      "spec": "SPARQL 1.2 Service Description",
      "text": "sd:Service",
      "url": "https://www.w3.org/TR/sparql12-service-description/#sd-Service"
    }
  },
  "#sd-availableGraphs": {
    "current": {
      "number": "4.2.13",
      "spec": "SPARQL 1.2 Service Description",
      "text": "sd:availableGraphs",
      "url": "https://w3c.github.io/sparql-service-description/spec/#sd-availableGraphs"
    },
    "snapshot": {
      "number": "4.2.13",
      "spec": "SPARQL 1.2 Service Description",
      "text": "sd:availableGraphs",
      "url": "https://www.w3.org/TR/sparql12-service-description/#sd-availableGraphs"
    }
  },
  "#sd-basicfederatedquery": {
    "current": {
      "number": "4.4.10",
      "spec": "SPARQL 1.2 Service Description",
      "text": "sd:BasicFederatedQuery",
      "url": "https://w3c.github.io/sparql-service-description/spec/#sd-basicfederatedquery"
    },
    "snapshot": {
      "number": "4.4.10",
      "spec": "SPARQL 1.2 Service Description",
      "text": "sd:BasicFederatedQuery",
      "url": "https://www.w3.org/TR/sparql12-service-description/#sd-basicfederatedquery"
    }
  },
  "#sd-defaultDataset": {
    "current": {
      "number": "4.2.12",
      "spec": "SPARQL 1.2 Service Description",
      "text": "sd:defaultDataset",
      "url": "https://w3c.github.io/sparql-service-description/spec/#sd-defaultDataset"
    },
    "snapshot": {
      "number": "4.2.12",
      "spec": "SPARQL 1.2 Service Description",
      "text": "sd:defaultDataset",
      "url": "https://www.w3.org/TR/sparql12-service-description/#sd-defaultDataset"
    }
  },
  "#sd-defaultEntailmentRegime": {
    "current": {
      "number": "4.2.3",
      "spec": "SPARQL 1.2 Service Description",
      "text": "sd:defaultEntailmentRegime",
      "url": "https://w3c.github.io/sparql-service-description/spec/#sd-defaultEntailmentRegime"
    },
    "snapshot": {
      "number": "4.2.3",
      "spec": "SPARQL 1.2 Service Description",
      "text": "sd:defaultEntailmentRegime",
      "url": "https://www.w3.org/TR/sparql12-service-description/#sd-defaultEntailmentRegime"
    }
  },
  "#sd-defaultGraph": {
    "current": {
      "number": "4.2.16",
      "spec": "SPARQL 1.2 Service Description",
      "text": "sd:defaultGraph",
      "url": "https://w3c.github.io/sparql-service-description/spec/#sd-defaultGraph"
    },
    "snapshot": {
      "number": "4.2.16",
      "spec": "SPARQL 1.2 Service Description",
      "text": "sd:defaultGraph",
      "url": "https://www.w3.org/TR/sparql12-service-description/#sd-defaultGraph"
    }
  },
  "#sd-defaultSupportedEntailmentProfile": {
    "current": {
      "number": "4.2.5",
      "spec": "SPARQL 1.2 Service Description",
      "text": "sd:defaultSupportedEntailmentProfile",
      "url": "https://w3c.github.io/sparql-service-description/spec/#sd-defaultSupportedEntailmentProfile"
    },
    "snapshot": {
      "number": "4.2.5",
      "spec": "SPARQL 1.2 Service Description",
      "text": "sd:defaultSupportedEntailmentProfile",
      "url": "https://www.w3.org/TR/sparql12-service-description/#sd-defaultSupportedEntailmentProfile"
    }
  },
  "#sd-dereferencesuris": {
    "current": {
      "number": "4.4.6",
      "spec": "SPARQL 1.2 Service Description",
      "text": "sd:DereferencesURIs",
      "url": "https://w3c.github.io/sparql-service-description/spec/#sd-dereferencesuris"
    },
    "snapshot": {
      "number": "4.4.6",
      "spec": "SPARQL 1.2 Service Description",
      "text": "sd:DereferencesURIs",
      "url": "https://www.w3.org/TR/sparql12-service-description/#sd-dereferencesuris"
    }
  },
  "#sd-emptygraphs": {
    "current": {
      "number": "4.4.9",
      "spec": "SPARQL 1.2 Service Description",
      "text": "sd:EmptyGraphs",
      "url": "https://w3c.github.io/sparql-service-description/spec/#sd-emptygraphs"
    },
    "snapshot": {
      "number": "4.4.9",
      "spec": "SPARQL 1.2 Service Description",
      "text": "sd:EmptyGraphs",
      "url": "https://www.w3.org/TR/sparql12-service-description/#sd-emptygraphs"
    }
  },
  "#sd-endpoint": {
    "current": {
      "number": "4.2.1",
      "spec": "SPARQL 1.2 Service Description",
      "text": "sd:endpoint",
      "url": "https://w3c.github.io/sparql-service-description/spec/#sd-endpoint"
    },
    "snapshot": {
      "number": "4.2.1",
      "spec": "SPARQL 1.2 Service Description",
      "text": "sd:endpoint",
      "url": "https://www.w3.org/TR/sparql12-service-description/#sd-endpoint"
    }
  },
  "#sd-entailmentRegime": {
    "current": {
      "number": "4.2.4",
      "spec": "SPARQL 1.2 Service Description",
      "text": "sd:entailmentRegime",
      "url": "https://w3c.github.io/sparql-service-description/spec/#sd-entailmentRegime"
    },
    "snapshot": {
      "number": "4.2.4",
      "spec": "SPARQL 1.2 Service Description",
      "text": "sd:entailmentRegime",
      "url": "https://www.w3.org/TR/sparql12-service-description/#sd-entailmentRegime"
    }
  },
  "#sd-extensionAggregate": {
    "current": {
      "number": "4.2.8",
      "spec": "SPARQL 1.2 Service Description",
      "text": "sd:extensionAggregate",
      "url": "https://w3c.github.io/sparql-service-description/spec/#sd-extensionAggregate"
    },
    "snapshot": {
      "number": "4.2.8",
      "spec": "SPARQL 1.2 Service Description",
      "text": "sd:extensionAggregate",
      "url": "https://www.w3.org/TR/sparql12-service-description/#sd-extensionAggregate"
    }
  },
  "#sd-extensionFunction": {
    "current": {
      "number": "4.2.7",
      "spec": "SPARQL 1.2 Service Description",
      "text": "sd:extensionFunction",
      "url": "https://w3c.github.io/sparql-service-description/spec/#sd-extensionFunction"
    },
    "snapshot": {
      "number": "4.2.7",
      "spec": "SPARQL 1.2 Service Description",
      "text": "sd:extensionFunction",
      "url": "https://www.w3.org/TR/sparql12-service-description/#sd-extensionFunction"
    }
  },
  "#sd-feature": {
    "current": {
      "number": "4.2.2",
      "spec": "SPARQL 1.2 Service Description",
      "text": "sd:feature",
      "url": "https://w3c.github.io/sparql-service-description/spec/#sd-feature"
    },
    "snapshot": {
      "number": "4.2.2",
      "spec": "SPARQL 1.2 Service Description",
      "text": "sd:feature",
      "url": "https://www.w3.org/TR/sparql12-service-description/#sd-feature"
    }
  },
  "#sd-graph": {
    "current": {
      "number": "4.2.19",
      "spec": "SPARQL 1.2 Service Description",
      "text": "sd:graph",
      "url": "https://w3c.github.io/sparql-service-description/spec/#sd-graph"
    },
    "snapshot": {
      "number": "4.2.19",
      "spec": "SPARQL 1.2 Service Description",
      "text": "sd:graph",
      "url": "https://www.w3.org/TR/sparql12-service-description/#sd-graph"
    }
  },
  "#sd-inputFormat": {
    "current": {
      "number": "4.2.15",
      "spec": "SPARQL 1.2 Service Description",
      "text": "sd:inputFormat",
      "url": "https://w3c.github.io/sparql-service-description/spec/#sd-inputFormat"
    },
    "snapshot": {
      "number": "4.2.15",
      "spec": "SPARQL 1.2 Service Description",
      "text": "sd:inputFormat",
      "url": "https://www.w3.org/TR/sparql12-service-description/#sd-inputFormat"
    }
  },
  "#sd-languageExtension": {
    "current": {
      "number": "4.2.9",
      "spec": "SPARQL 1.2 Service Description",
      "text": "sd:languageExtension",
      "url": "https://w3c.github.io/sparql-service-description/spec/#sd-languageExtension"
    },
    "snapshot": {
      "number": "4.2.9",
      "spec": "SPARQL 1.2 Service Description",
      "text": "sd:languageExtension",
      "url": "https://www.w3.org/TR/sparql12-service-description/#sd-languageExtension"
    }
  },
  "#sd-name": {
    "current": {
      "number": "4.2.18",
      "spec": "SPARQL 1.2 Service Description",
      "text": "sd:name",
      "url": "https://w3c.github.io/sparql-service-description/spec/#sd-name"
    },
    "snapshot": {
      "number": "4.2.18",
      "spec": "SPARQL 1.2 Service Description",
      "text": "sd:name",
      "url": "https://www.w3.org/TR/sparql12-service-description/#sd-name"
    }
  },
  "#sd-namedGraph": {
    "current": {
      "number": "4.2.17",
      "spec": "SPARQL 1.2 Service Description",
      "text": "sd:namedGraph",
      "url": "https://w3c.github.io/sparql-service-description/spec/#sd-namedGraph"
    },
    "snapshot": {
      "number": "4.2.17",
      "spec": "SPARQL 1.2 Service Description",
      "text": "sd:namedGraph",
      "url": "https://www.w3.org/TR/sparql12-service-description/#sd-namedGraph"
    }
  },
  "#sd-propertyFeature": {
    "current": {
      "number": "4.2.11",
      "spec": "SPARQL 1.2 Service Description",
      "text": "sd:propertyFeature",
      "url": "https://w3c.github.io/sparql-service-description/spec/#sd-propertyFeature"
    },
    "snapshot": {
      "number": "4.2.11",
      "spec": "SPARQL 1.2 Service Description",
      "text": "sd:propertyFeature",
      "url": "https://www.w3.org/TR/sparql12-service-description/#sd-propertyFeature"
    }
  },
  "#sd-requiresdataset": {
    "current": {
      "number": "4.4.8",
      "spec": "SPARQL 1.2 Service Description",
      "text": "sd:RequiresDataset",
      "url": "https://w3c.github.io/sparql-service-description/spec/#sd-requiresdataset"
    },
    "snapshot": {
      "number": "4.4.8",
      "spec": "SPARQL 1.2 Service Description",
      "text": "sd:RequiresDataset",
      "url": "https://www.w3.org/TR/sparql12-service-description/#sd-requiresdataset"
    }
  },
  "#sd-resultFormat": {
    "current": {
      "number": "4.2.14",
      "spec": "SPARQL 1.2 Service Description",
      "text": "sd:resultFormat",
      "url": "https://w3c.github.io/sparql-service-description/spec/#sd-resultFormat"
    },
    "snapshot": {
      "number": "4.2.14",
      "spec": "SPARQL 1.2 Service Description",
      "text": "sd:resultFormat",
      "url": "https://www.w3.org/TR/sparql12-service-description/#sd-resultFormat"
    }
  },
  "#sd-supportedEntailmentProfile": {
    "current": {
      "number": "4.2.6",
      "spec": "SPARQL 1.2 Service Description",
      "text": "sd:supportedEntailmentProfile",
      "url": "https://w3c.github.io/sparql-service-description/spec/#sd-supportedEntailmentProfile"
    },
    "snapshot": {
      "number": "4.2.6",
      "spec": "SPARQL 1.2 Service Description",
      "text": "sd:supportedEntailmentProfile",
      "url": "https://www.w3.org/TR/sparql12-service-description/#sd-supportedEntailmentProfile"
    }
  },
  "#sd-supportedLanguage": {
    "current": {
      "number": "4.2.10",
      "spec": "SPARQL 1.2 Service Description",
      "text": "sd:supportedLanguage",
      "url": "https://w3c.github.io/sparql-service-description/spec/#sd-supportedLanguage"
    },
    "snapshot": {
      "number": "4.2.10",
      "spec": "SPARQL 1.2 Service Description",
      "text": "sd:supportedLanguage",
      "url": "https://www.w3.org/TR/sparql12-service-description/#sd-supportedLanguage"
    }
  },
  "#sd-uniondefaultgraph": {
    "current": {
      "number": "4.4.7",
      "spec": "SPARQL 1.2 Service Description",
      "text": "sd:UnionDefaultGraph",
      "url": "https://w3c.github.io/sparql-service-description/spec/#sd-uniondefaultgraph"
    },
    "snapshot": {
      "number": "4.4.7",
      "spec": "SPARQL 1.2 Service Description",
      "text": "sd:UnionDefaultGraph",
      "url": "https://www.w3.org/TR/sparql12-service-description/#sd-uniondefaultgraph"
    }
  },
  "#security": {
    "current": {
      "number": "8",
      "spec": "SPARQL 1.2 Service Description",
      "text": "Security Considerations",
      "url": "https://w3c.github.io/sparql-service-description/spec/#security"
    },
    "snapshot": {
      "number": "8",
      "spec": "SPARQL 1.2 Service Description",
      "text": "Security Considerations",
      "url": "https://www.w3.org/TR/sparql12-service-description/#security"
    }
  },
  "#terminology": {
    "current": {
      "number": "2.1",
      "spec": "SPARQL 1.2 Service Description",
      "text": "Terminology",
      "url": "https://w3c.github.io/sparql-service-description/spec/#terminology"
    },
    "snapshot": {
      "number": "2.1",
      "spec": "SPARQL 1.2 Service Description",
      "text": "Terminology",
      "url": "https://www.w3.org/TR/sparql12-service-description/#terminology"
    }
  },
  "#title": {
    "current": {
      "number": "",
      "spec": "SPARQL 1.2 Service Description",
      "text": "SPARQL 1.2 Service Description",
      "url": "https://w3c.github.io/sparql-service-description/spec/#title"
    },
    "snapshot": {
      "number": "",
      "spec": "SPARQL 1.2 Service Description",
      "text": "SPARQL 1.2 Service Description",
      "url": "https://www.w3.org/TR/sparql12-service-description/#title"
    }
  },
  "#toc": {
    "current": {
      "number": "",
      "spec": "SPARQL 1.2 Service Description",
      "text": "Table of Contents",
      "url": "https://w3c.github.io/sparql-service-description/spec/#toc"
    },
    "snapshot": {
      "number": "",
      "spec": "SPARQL 1.2 Service Description",
      "text": "Table of Contents",
      "url": "https://www.w3.org/TR/sparql12-service-description/#toc"
    }
  },
  "#vocab": {
    "current": {
      "number": "4",
      "spec": "SPARQL 1.2 Service Description",
      "text": "Service Description Vocabulary",
      "url": "https://w3c.github.io/sparql-service-description/spec/#vocab"
    },
    "snapshot": {
      "number": "4",
      "spec": "SPARQL 1.2 Service Description",
      "text": "Service Description Vocabulary",
      "url": "https://www.w3.org/TR/sparql12-service-description/#vocab"
    }
  }
}