{
  "#accept-member": {
    "current": {
      "number": "5.1.4",
      "spec": "Manifest Incubations",
      "text": "accept member",
      "url": "https://wicg.github.io/manifest-incubations/#accept-member"
    }
  },
  "#action-member": {
    "current": {
      "number": "5.1.1",
      "spec": "Manifest Incubations",
      "text": "action member",
      "url": "https://wicg.github.io/manifest-incubations/#action-member"
    }
  },
  "#appbannerpromptoutcome-enum": {
    "current": {
      "number": "8.1.3",
      "spec": "Manifest Incubations",
      "text": "AppBannerPromptOutcome enum",
      "url": "https://wicg.github.io/manifest-incubations/#appbannerpromptoutcome-enum"
    }
  },
  "#beforeinstallpromptevent-interface": {
    "current": {
      "number": "8.1",
      "spec": "Manifest Incubations",
      "text": "BeforeInstallPromptEvent Interface",
      "url": "https://wicg.github.io/manifest-incubations/#beforeinstallpromptevent-interface"
    }
  },
  "#concepts": {
    "current": {
      "number": "1.1",
      "spec": "Manifest Incubations",
      "text": "Concepts",
      "url": "https://wicg.github.io/manifest-incubations/#concepts"
    }
  },
  "#conformance": {
    "current": {
      "number": "9",
      "spec": "Manifest Incubations",
      "text": "Conformance",
      "url": "https://wicg.github.io/manifest-incubations/#conformance"
    }
  },
  "#defining-draggable-regions": {
    "current": {
      "number": "1.3",
      "spec": "Manifest Incubations",
      "text": "Defining draggable regions",
      "url": "https://wicg.github.io/manifest-incubations/#defining-draggable-regions"
    }
  },
  "#display-mode-extensions": {
    "current": {
      "number": "1.2",
      "spec": "Manifest Incubations",
      "text": "Display mode extensions",
      "url": "https://wicg.github.io/manifest-incubations/#display-mode-extensions"
    }
  },
  "#display_override-member": {
    "current": {
      "number": "1",
      "spec": "Manifest Incubations",
      "text": "display_override member",
      "url": "https://wicg.github.io/manifest-incubations/#display_override-member"
    }
  },
  "#display_override-usage-example": {
    "current": {
      "number": "1.2.1",
      "spec": "Manifest Incubations",
      "text": "display_override usage example",
      "url": "https://wicg.github.io/manifest-incubations/#display_override-usage-example"
    }
  },
  "#example-manifest-with-file-handlers": {
    "current": {
      "number": "5.7",
      "spec": "Manifest Incubations",
      "text": "Example manifest with file handlers",
      "url": "https://wicg.github.io/manifest-incubations/#example-manifest-with-file-handlers"
    }
  },
  "#execute-a-file-handler-launch": {
    "current": {
      "number": "5.3",
      "spec": "Manifest Incubations",
      "text": "Execute a file handler launch",
      "url": "https://wicg.github.io/manifest-incubations/#execute-a-file-handler-launch"
    }
  },
  "#extensions-to-the-window-object": {
    "current": {
      "number": "8.2",
      "spec": "Manifest Incubations",
      "text": "Extensions to the Window object",
      "url": "https://wicg.github.io/manifest-incubations/#extensions-to-the-window-object"
    }
  },
  "#file-handler-items": {
    "current": {
      "number": "5.1",
      "spec": "Manifest Incubations",
      "text": "File Handler Items",
      "url": "https://wicg.github.io/manifest-incubations/#file-handler-items"
    }
  },
  "#file_handlers-member": {
    "current": {
      "number": "5",
      "spec": "Manifest Incubations",
      "text": "file_handlers member",
      "url": "https://wicg.github.io/manifest-incubations/#file_handlers-member"
    }
  },
  "#handling-a-protocol-launch": {
    "current": {
      "number": "4.2.3",
      "spec": "Manifest Incubations",
      "text": "Handling a protocol launch",
      "url": "https://wicg.github.io/manifest-incubations/#handling-a-protocol-launch"
    }
  },
  "#icons-member": {
    "current": {
      "number": "5.1.3",
      "spec": "Manifest Incubations",
      "text": "icons member",
      "url": "https://wicg.github.io/manifest-incubations/#icons-member"
    }
  },
  "#installability-signals-0": {
    "current": {
      "number": "7.2",
      "spec": "Manifest Incubations",
      "text": "Installability signals",
      "url": "https://wicg.github.io/manifest-incubations/#installability-signals-0"
    }
  },
  "#installable-web-applications": {
    "current": {
      "number": "7",
      "spec": "Manifest Incubations",
      "text": "Installable web applications",
      "url": "https://wicg.github.io/manifest-incubations/#installable-web-applications"
    }
  },
  "#installation-events": {
    "current": {
      "number": "8",
      "spec": "Manifest Incubations",
      "text": "Installation Events",
      "url": "https://wicg.github.io/manifest-incubations/#installation-events"
    }
  },
  "#installation-process": {
    "current": {
      "number": "7.1",
      "spec": "Manifest Incubations",
      "text": "Installation process",
      "url": "https://wicg.github.io/manifest-incubations/#installation-process"
    }
  },
  "#installation-prompts": {
    "current": {
      "number": "6",
      "spec": "Manifest Incubations",
      "text": "Installation prompts",
      "url": "https://wicg.github.io/manifest-incubations/#installation-prompts"
    }
  },
  "#launch_type-member": {
    "current": {
      "number": "5.1.5",
      "spec": "Manifest Incubations",
      "text": "launch_type member",
      "url": "https://wicg.github.io/manifest-incubations/#launch_type-member"
    }
  },
  "#launching-the-new_note_url": {
    "current": {
      "number": "3.5",
      "spec": "Manifest Incubations",
      "text": "Launching the new_note_url",
      "url": "https://wicg.github.io/manifest-incubations/#launching-the-new_note_url"
    }
  },
  "#name-member": {
    "current": {
      "number": "5.1.2",
      "spec": "Manifest Incubations",
      "text": "name member",
      "url": "https://wicg.github.io/manifest-incubations/#name-member"
    }
  },
  "#new_note_url-member": {
    "current": {
      "number": "3.1",
      "spec": "Manifest Incubations",
      "text": "new_note_url member",
      "url": "https://wicg.github.io/manifest-incubations/#new_note_url-member"
    }
  },
  "#normative-references": {
    "current": {
      "number": "A.1",
      "spec": "Manifest Incubations",
      "text": "Normative references",
      "url": "https://wicg.github.io/manifest-incubations/#normative-references"
    }
  },
  "#note_taking-member": {
    "current": {
      "number": "3",
      "spec": "Manifest Incubations",
      "text": "note_taking member",
      "url": "https://wicg.github.io/manifest-incubations/#note_taking-member"
    }
  },
  "#onappinstalled-attribute": {
    "current": {
      "number": "8.2.1",
      "spec": "Manifest Incubations",
      "text": "onappinstalled attribute",
      "url": "https://wicg.github.io/manifest-incubations/#onappinstalled-attribute"
    }
  },
  "#onbeforeinstallprompt-attribute": {
    "current": {
      "number": "8.2.2",
      "spec": "Manifest Incubations",
      "text": "onbeforeinstallprompt attribute",
      "url": "https://wicg.github.io/manifest-incubations/#onbeforeinstallprompt-attribute"
    }
  },
  "#privacy-consideration-default-file-handler": {
    "current": {
      "number": "5.5",
      "spec": "Manifest Incubations",
      "text": "Privacy consideration: Default file handler.",
      "url": "https://wicg.github.io/manifest-incubations/#privacy-consideration-default-file-handler"
    }
  },
  "#privacy-consideration-default-protocol-handler": {
    "current": {
      "number": "4.3",
      "spec": "Manifest Incubations",
      "text": "Privacy consideration: Default protocol handler",
      "url": "https://wicg.github.io/manifest-incubations/#privacy-consideration-default-protocol-handler"
    }
  },
  "#privacy-consideration-name-and-icon": {
    "current": {
      "number": "5.6",
      "spec": "Manifest Incubations",
      "text": "Privacy consideration: Name and icon.",
      "url": "https://wicg.github.io/manifest-incubations/#privacy-consideration-name-and-icon"
    }
  },
  "#processing-file-handler-items": {
    "current": {
      "number": "5.2",
      "spec": "Manifest Incubations",
      "text": "Processing file handler items",
      "url": "https://wicg.github.io/manifest-incubations/#processing-file-handler-items"
    }
  },
  "#processing-the-new_note_url-member": {
    "current": {
      "number": "3.4",
      "spec": "Manifest Incubations",
      "text": "Processing the new_note_url member",
      "url": "https://wicg.github.io/manifest-incubations/#processing-the-new_note_url-member"
    }
  },
  "#processing-the-note_taking-member": {
    "current": {
      "number": "3.3",
      "spec": "Manifest Incubations",
      "text": "Processing the note_taking member",
      "url": "https://wicg.github.io/manifest-incubations/#processing-the-note_taking-member"
    }
  },
  "#processing-the-protocol_handlers-member": {
    "current": {
      "number": "4.1",
      "spec": "Manifest Incubations",
      "text": "Processing the protocol_handlers member",
      "url": "https://wicg.github.io/manifest-incubations/#processing-the-protocol_handlers-member"
    }
  },
  "#prompt-method": {
    "current": {
      "number": "8.1.1",
      "spec": "Manifest Incubations",
      "text": "prompt() method",
      "url": "https://wicg.github.io/manifest-incubations/#prompt-method"
    }
  },
  "#protocol-member": {
    "current": {
      "number": "4.2.1",
      "spec": "Manifest Incubations",
      "text": "protocol member",
      "url": "https://wicg.github.io/manifest-incubations/#protocol-member"
    }
  },
  "#protocol_handlers-member": {
    "current": {
      "number": "4",
      "spec": "Manifest Incubations",
      "text": "protocol_handlers member",
      "url": "https://wicg.github.io/manifest-incubations/#protocol_handlers-member"
    }
  },
  "#protocolhandler-items": {
    "current": {
      "number": "4.2",
      "spec": "Manifest Incubations",
      "text": "ProtocolHandler items",
      "url": "https://wicg.github.io/manifest-incubations/#protocolhandler-items"
    }
  },
  "#references": {
    "current": {
      "number": "A",
      "spec": "Manifest Incubations",
      "text": "References",
      "url": "https://wicg.github.io/manifest-incubations/#references"
    }
  },
  "#registering-file-handlers": {
    "current": {
      "number": "5.4",
      "spec": "Manifest Incubations",
      "text": "Registering file handlers",
      "url": "https://wicg.github.io/manifest-incubations/#registering-file-handlers"
    }
  },
  "#share_target-member": {
    "current": {
      "number": "2",
      "spec": "Manifest Incubations",
      "text": "share_target member",
      "url": "https://wicg.github.io/manifest-incubations/#share_target-member"
    }
  },
  "#title": {
    "current": {
      "number": "",
      "spec": "Manifest Incubations",
      "text": "Manifest Incubations",
      "url": "https://wicg.github.io/manifest-incubations/#title"
    }
  },
  "#toc": {
    "current": {
      "number": "",
      "spec": "Manifest Incubations",
      "text": "Table of Contents",
      "url": "https://wicg.github.io/manifest-incubations/#toc"
    }
  },
  "#url-member": {
    "current": {
      "number": "4.2.2",
      "spec": "Manifest Incubations",
      "text": "url member",
      "url": "https://wicg.github.io/manifest-incubations/#url-member"
    }
  },
  "#usage-example": {
    "current": {
      "number": "3.2",
      "spec": "Manifest Incubations",
      "text": "Usage Example",
      "url": "https://wicg.github.io/manifest-incubations/#usage-example"
    }
  },
  "#usage-example-0": {
    "current": {
      "number": "8.1.2",
      "spec": "Manifest Incubations",
      "text": "Usage example",
      "url": "https://wicg.github.io/manifest-incubations/#usage-example-0"
    }
  }
}