{
  "#abstract": {
    "current": {
      "number": "",
      "spec": "Quirks Mode",
      "text": "Abstract",
      "url": "https://quirks.spec.whatwg.org/#abstract"
    }
  },
  "#acknowledgments": {
    "current": {
      "number": "",
      "spec": "Quirks Mode",
      "text": "Acknowledgments",
      "url": "https://quirks.spec.whatwg.org/#acknowledgments"
    }
  },
  "#common-infrastructure": {
    "current": {
      "number": "2",
      "spec": "Quirks Mode",
      "text": "Common infrastructure",
      "url": "https://quirks.spec.whatwg.org/#common-infrastructure"
    }
  },
  "#conformance": {
    "current": {
      "number": "2.1",
      "spec": "Quirks Mode",
      "text": "Conformance",
      "url": "https://quirks.spec.whatwg.org/#conformance"
    }
  },
  "#css": {
    "current": {
      "number": "3",
      "spec": "Quirks Mode",
      "text": "CSS",
      "url": "https://quirks.spec.whatwg.org/#css"
    }
  },
  "#goals": {
    "current": {
      "number": "1.2",
      "spec": "Quirks Mode",
      "text": "Goals",
      "url": "https://quirks.spec.whatwg.org/#goals"
    }
  },
  "#history": {
    "current": {
      "number": "1.1",
      "spec": "Quirks Mode",
      "text": "History",
      "url": "https://quirks.spec.whatwg.org/#history"
    }
  },
  "#index": {
    "current": {
      "number": "",
      "spec": "Quirks Mode",
      "text": "Index",
      "url": "https://quirks.spec.whatwg.org/#index"
    }
  },
  "#index-defined-elsewhere": {
    "current": {
      "number": "",
      "spec": "Quirks Mode",
      "text": "Terms defined by reference",
      "url": "https://quirks.spec.whatwg.org/#index-defined-elsewhere"
    }
  },
  "#index-defined-here": {
    "current": {
      "number": "",
      "spec": "Quirks Mode",
      "text": "Terms defined by this specification",
      "url": "https://quirks.spec.whatwg.org/#index-defined-here"
    }
  },
  "#informative": {
    "current": {
      "number": "",
      "spec": "Quirks Mode",
      "text": "Informative References",
      "url": "https://quirks.spec.whatwg.org/#informative"
    }
  },
  "#introduction": {
    "current": {
      "number": "1",
      "spec": "Quirks Mode",
      "text": "Introduction",
      "url": "https://quirks.spec.whatwg.org/#introduction"
    }
  },
  "#ipr": {
    "current": {
      "number": "",
      "spec": "Quirks Mode",
      "text": "Intellectual property rights",
      "url": "https://quirks.spec.whatwg.org/#ipr"
    }
  },
  "#normative": {
    "current": {
      "number": "",
      "spec": "Quirks Mode",
      "text": "Normative References",
      "url": "https://quirks.spec.whatwg.org/#normative"
    }
  },
  "#references": {
    "current": {
      "number": "",
      "spec": "Quirks Mode",
      "text": "References",
      "url": "https://quirks.spec.whatwg.org/#references"
    }
  },
  "#security-privacy": {
    "current": {
      "number": "",
      "spec": "Quirks Mode",
      "text": "Security and Privacy Considerations",
      "url": "https://quirks.spec.whatwg.org/#security-privacy"
    }
  },
  "#selectors": {
    "current": {
      "number": "4",
      "spec": "Quirks Mode",
      "text": "Selectors",
      "url": "https://quirks.spec.whatwg.org/#selectors"
    }
  },
  "#terminology": {
    "current": {
      "number": "2.2",
      "spec": "Quirks Mode",
      "text": "Terminology",
      "url": "https://quirks.spec.whatwg.org/#terminology"
    }
  },
  "#the-active-and-hover-quirk": {
    "current": {
      "number": "4.1",
      "spec": "Quirks Mode",
      "text": "The :active and :hover quirk",
      "url": "https://quirks.spec.whatwg.org/#the-active-and-hover-quirk"
    }
  },
  "#the-blocks-ignore-line-height-quirk": {
    "current": {
      "number": "3.4",
      "spec": "Quirks Mode",
      "text": "The blocks ignore line-height quirk",
      "url": "https://quirks.spec.whatwg.org/#the-blocks-ignore-line-height-quirk"
    }
  },
  "#the-body-element-fills-the-html-element-quirk": {
    "current": {
      "number": "3.7",
      "spec": "Quirks Mode",
      "text": "The body element fills the html element quirk",
      "url": "https://quirks.spec.whatwg.org/#the-body-element-fills-the-html-element-quirk"
    }
  },
  "#the-collapsing-table-quirk": {
    "current": {
      "number": "3.10",
      "spec": "Quirks Mode",
      "text": "The collapsing table quirk",
      "url": "https://quirks.spec.whatwg.org/#the-collapsing-table-quirk"
    }
  },
  "#the-hashless-hex-color-quirk": {
    "current": {
      "number": "3.1",
      "spec": "Quirks Mode",
      "text": "The hashless hex color quirk",
      "url": "https://quirks.spec.whatwg.org/#the-hashless-hex-color-quirk"
    }
  },
  "#the-html-element-fills-the-viewport-quirk": {
    "current": {
      "number": "3.6",
      "spec": "Quirks Mode",
      "text": "The html element fills the viewport quirk",
      "url": "https://quirks.spec.whatwg.org/#the-html-element-fills-the-viewport-quirk"
    }
  },
  "#the-line-height-calculation-quirk": {
    "current": {
      "number": "3.3",
      "spec": "Quirks Mode",
      "text": "The line height calculation quirk",
      "url": "https://quirks.spec.whatwg.org/#the-line-height-calculation-quirk"
    }
  },
  "#the-percentage-height-calculation-quirk": {
    "current": {
      "number": "3.5",
      "spec": "Quirks Mode",
      "text": "The percentage height calculation quirk",
      "url": "https://quirks.spec.whatwg.org/#the-percentage-height-calculation-quirk"
    }
  },
  "#the-table-cell-height-box-sizing-quirk": {
    "current": {
      "number": "3.13",
      "spec": "Quirks Mode",
      "text": "The table cell height box sizing quirk",
      "url": "https://quirks.spec.whatwg.org/#the-table-cell-height-box-sizing-quirk"
    }
  },
  "#the-table-cell-nowrap-minimum-width-calculation-quirk": {
    "current": {
      "number": "3.9",
      "spec": "Quirks Mode",
      "text": "The table cell nowrap minimum width calculation quirk",
      "url": "https://quirks.spec.whatwg.org/#the-table-cell-nowrap-minimum-width-calculation-quirk"
    }
  },
  "#the-table-cell-width-calculation-quirk": {
    "current": {
      "number": "3.8",
      "spec": "Quirks Mode",
      "text": "The table cell width calculation quirk",
      "url": "https://quirks.spec.whatwg.org/#the-table-cell-width-calculation-quirk"
    }
  },
  "#the-tables-inherit-color-from-body-quirk": {
    "current": {
      "number": "3.12",
      "spec": "Quirks Mode",
      "text": "The tables inherit color from body quirk",
      "url": "https://quirks.spec.whatwg.org/#the-tables-inherit-color-from-body-quirk"
    }
  },
  "#the-text-decoration-doesnt-propagate-into-tables-quirk": {
    "current": {
      "number": "3.11",
      "spec": "Quirks Mode",
      "text": "The text decoration doesn’t propagate into tables quirk",
      "url": "https://quirks.spec.whatwg.org/#the-text-decoration-doesnt-propagate-into-tables-quirk"
    }
  },
  "#the-unitless-length-quirk": {
    "current": {
      "number": "3.2",
      "spec": "Quirks Mode",
      "text": "The unitless length quirk",
      "url": "https://quirks.spec.whatwg.org/#the-unitless-length-quirk"
    }
  },
  "#title": {
    "current": {
      "number": "",
      "spec": "Quirks Mode",
      "text": "Quirks Mode",
      "url": "https://quirks.spec.whatwg.org/#title"
    }
  },
  "#toc": {
    "current": {
      "number": "",
      "spec": "Quirks Mode",
      "text": "Table of Contents",
      "url": "https://quirks.spec.whatwg.org/#toc"
    }
  }
}