{
  "#abstract": {
    "current": {
      "number": "",
      "spec": "Secure Contexts",
      "text": "Abstract",
      "url": "https://w3c.github.io/webappsec-secure-contexts/#abstract"
    },
    "snapshot": {
      "number": "",
      "spec": "Secure Contexts",
      "text": "Abstract",
      "url": "https://www.w3.org/TR/secure-contexts/#abstract"
    }
  },
  "#acknowledgements": {
    "current": {
      "number": "8",
      "spec": "Secure Contexts",
      "text": "Acknowledgements",
      "url": "https://w3c.github.io/webappsec-secure-contexts/#acknowledgements"
    },
    "snapshot": {
      "number": "8",
      "spec": "Secure Contexts",
      "text": "Acknowledgements",
      "url": "https://www.w3.org/TR/secure-contexts/#acknowledgements"
    }
  },
  "#algorithms": {
    "current": {
      "number": "3",
      "spec": "Secure Contexts",
      "text": "Algorithms",
      "url": "https://w3c.github.io/webappsec-secure-contexts/#algorithms"
    },
    "snapshot": {
      "number": "3",
      "spec": "Secure Contexts",
      "text": "Algorithms",
      "url": "https://www.w3.org/TR/secure-contexts/#algorithms"
    }
  },
  "#ancestors": {
    "current": {
      "number": "4.2",
      "spec": "Secure Contexts",
      "text": "Ancestral Risk",
      "url": "https://w3c.github.io/webappsec-secure-contexts/#ancestors"
    },
    "snapshot": {
      "number": "4.2",
      "spec": "Secure Contexts",
      "text": "Ancestral Risk",
      "url": "https://www.w3.org/TR/secure-contexts/#ancestors"
    }
  },
  "#development-environments": {
    "current": {
      "number": "7.2",
      "spec": "Secure Contexts",
      "text": "Development Environments",
      "url": "https://w3c.github.io/webappsec-secure-contexts/#development-environments"
    },
    "snapshot": {
      "number": "7.2",
      "spec": "Secure Contexts",
      "text": "Development Environments",
      "url": "https://www.w3.org/TR/secure-contexts/#development-environments"
    }
  },
  "#examples-framed": {
    "current": {
      "number": "1.2",
      "spec": "Secure Contexts",
      "text": "Framed Documents",
      "url": "https://w3c.github.io/webappsec-secure-contexts/#examples-framed"
    },
    "snapshot": {
      "number": "1.2",
      "spec": "Secure Contexts",
      "text": "Framed Documents",
      "url": "https://www.w3.org/TR/secure-contexts/#examples-framed"
    }
  },
  "#examples-service-workers": {
    "current": {
      "number": "1.5",
      "spec": "Secure Contexts",
      "text": "Service Workers",
      "url": "https://w3c.github.io/webappsec-secure-contexts/#examples-service-workers"
    },
    "snapshot": {
      "number": "1.5",
      "spec": "Secure Contexts",
      "text": "Service Workers",
      "url": "https://www.w3.org/TR/secure-contexts/#examples-service-workers"
    }
  },
  "#examples-shared-workers": {
    "current": {
      "number": "1.4",
      "spec": "Secure Contexts",
      "text": "Shared Workers",
      "url": "https://w3c.github.io/webappsec-secure-contexts/#examples-shared-workers"
    },
    "snapshot": {
      "number": "1.4",
      "spec": "Secure Contexts",
      "text": "Shared Workers",
      "url": "https://www.w3.org/TR/secure-contexts/#examples-shared-workers"
    }
  },
  "#examples-top-level": {
    "current": {
      "number": "1.1",
      "spec": "Secure Contexts",
      "text": "Top-level Documents",
      "url": "https://w3c.github.io/webappsec-secure-contexts/#examples-top-level"
    },
    "snapshot": {
      "number": "1.1",
      "spec": "Secure Contexts",
      "text": "Top-level Documents",
      "url": "https://www.w3.org/TR/secure-contexts/#examples-top-level"
    }
  },
  "#examples-workers": {
    "current": {
      "number": "1.3",
      "spec": "Secure Contexts",
      "text": "Web Workers",
      "url": "https://w3c.github.io/webappsec-secure-contexts/#examples-workers"
    },
    "snapshot": {
      "number": "1.3",
      "spec": "Secure Contexts",
      "text": "Web Workers",
      "url": "https://www.w3.org/TR/secure-contexts/#examples-workers"
    }
  },
  "#framework": {
    "current": {
      "number": "2",
      "spec": "Secure Contexts",
      "text": "Framework",
      "url": "https://w3c.github.io/webappsec-secure-contexts/#framework"
    },
    "snapshot": {
      "number": "2",
      "spec": "Secure Contexts",
      "text": "Framework",
      "url": "https://www.w3.org/TR/secure-contexts/#framework"
    }
  },
  "#implementation-considerations": {
    "current": {
      "number": "7",
      "spec": "Secure Contexts",
      "text": "Implementation Considerations",
      "url": "https://w3c.github.io/webappsec-secure-contexts/#implementation-considerations"
    },
    "snapshot": {
      "number": "7",
      "spec": "Secure Contexts",
      "text": "Implementation Considerations",
      "url": "https://www.w3.org/TR/secure-contexts/#implementation-considerations"
    }
  },
  "#index": {
    "current": {
      "number": "",
      "spec": "Secure Contexts",
      "text": "Index",
      "url": "https://w3c.github.io/webappsec-secure-contexts/#index"
    },
    "snapshot": {
      "number": "",
      "spec": "Secure Contexts",
      "text": "Index",
      "url": "https://www.w3.org/TR/secure-contexts/#index"
    }
  },
  "#index-defined-elsewhere": {
    "current": {
      "number": "",
      "spec": "Secure Contexts",
      "text": "Terms defined by reference",
      "url": "https://w3c.github.io/webappsec-secure-contexts/#index-defined-elsewhere"
    },
    "snapshot": {
      "number": "",
      "spec": "Secure Contexts",
      "text": "Terms defined by reference",
      "url": "https://www.w3.org/TR/secure-contexts/#index-defined-elsewhere"
    }
  },
  "#index-defined-here": {
    "current": {
      "number": "",
      "spec": "Secure Contexts",
      "text": "Terms defined by this specification",
      "url": "https://w3c.github.io/webappsec-secure-contexts/#index-defined-here"
    },
    "snapshot": {
      "number": "",
      "spec": "Secure Contexts",
      "text": "Terms defined by this specification",
      "url": "https://www.w3.org/TR/secure-contexts/#index-defined-here"
    }
  },
  "#informative": {
    "current": {
      "number": "",
      "spec": "Secure Contexts",
      "text": "Informative References",
      "url": "https://w3c.github.io/webappsec-secure-contexts/#informative"
    },
    "snapshot": {
      "number": "",
      "spec": "Secure Contexts",
      "text": "Informative References",
      "url": "https://www.w3.org/TR/secure-contexts/#informative"
    }
  },
  "#integration-idl": {
    "current": {
      "number": "2.1",
      "spec": "Secure Contexts",
      "text": "Integration with WebIDL",
      "url": "https://w3c.github.io/webappsec-secure-contexts/#integration-idl"
    },
    "snapshot": {
      "number": "2.1",
      "spec": "Secure Contexts",
      "text": "Integration with WebIDL",
      "url": "https://www.w3.org/TR/secure-contexts/#integration-idl"
    }
  },
  "#intro": {
    "current": {
      "number": "1",
      "spec": "Secure Contexts",
      "text": "Introduction",
      "url": "https://w3c.github.io/webappsec-secure-contexts/#intro"
    },
    "snapshot": {
      "number": "1",
      "spec": "Secure Contexts",
      "text": "Introduction",
      "url": "https://www.w3.org/TR/secure-contexts/#intro"
    }
  },
  "#is-origin-trustworthy": {
    "current": {
      "number": "3.1",
      "spec": "Secure Contexts",
      "text": "Is origin potentially trustworthy?",
      "url": "https://w3c.github.io/webappsec-secure-contexts/#is-origin-trustworthy"
    },
    "snapshot": {
      "number": "3.1",
      "spec": "Secure Contexts",
      "text": "Is origin potentially trustworthy?",
      "url": "https://www.w3.org/TR/secure-contexts/#is-origin-trustworthy"
    }
  },
  "#is-settings-object-contextually-secure": {
    "current": {
      "number": "2.2.3",
      "spec": "Secure Contexts",
      "text": "Secure and non-secure contexts",
      "url": "https://w3c.github.io/webappsec-secure-contexts/#is-settings-object-contextually-secure"
    },
    "snapshot": {
      "number": "2.2.3",
      "spec": "Secure Contexts",
      "text": "Secure and non-secure contexts",
      "url": "https://www.w3.org/TR/secure-contexts/#is-settings-object-contextually-secure"
    }
  },
  "#is-url-trustworthy": {
    "current": {
      "number": "3.2",
      "spec": "Secure Contexts",
      "text": "Is url potentially trustworthy?",
      "url": "https://w3c.github.io/webappsec-secure-contexts/#is-url-trustworthy"
    },
    "snapshot": {
      "number": "3.2",
      "spec": "Secure Contexts",
      "text": "Is url potentially trustworthy?",
      "url": "https://www.w3.org/TR/secure-contexts/#is-url-trustworthy"
    }
  },
  "#isolation": {
    "current": {
      "number": "5.1",
      "spec": "Secure Contexts",
      "text": "Incomplete Isolation",
      "url": "https://w3c.github.io/webappsec-secure-contexts/#isolation"
    },
    "snapshot": {
      "number": "5.1",
      "spec": "Secure Contexts",
      "text": "Incomplete Isolation",
      "url": "https://www.w3.org/TR/secure-contexts/#isolation"
    }
  },
  "#legacy": {
    "current": {
      "number": "7.4",
      "spec": "Secure Contexts",
      "text": "Restricting Legacy Features",
      "url": "https://w3c.github.io/webappsec-secure-contexts/#legacy"
    },
    "snapshot": {
      "number": "7.4",
      "spec": "Secure Contexts",
      "text": "Restricting Legacy Features",
      "url": "https://www.w3.org/TR/secure-contexts/#legacy"
    }
  },
  "#legacy-example": {
    "current": {
      "number": "7.4.1",
      "spec": "Secure Contexts",
      "text": "Example: Geolocation",
      "url": "https://w3c.github.io/webappsec-secure-contexts/#legacy-example"
    },
    "snapshot": {
      "number": "7.4.1",
      "spec": "Secure Contexts",
      "text": "Example: Geolocation",
      "url": "https://www.w3.org/TR/secure-contexts/#legacy-example"
    }
  },
  "#localhost": {
    "current": {
      "number": "5.2",
      "spec": "Secure Contexts",
      "text": "localhost",
      "url": "https://w3c.github.io/webappsec-secure-contexts/#localhost"
    },
    "snapshot": {
      "number": "5.2",
      "spec": "Secure Contexts",
      "text": "localhost",
      "url": "https://www.w3.org/TR/secure-contexts/#localhost"
    }
  },
  "#monkey-patching-global-object": {
    "current": {
      "number": "2.2.2",
      "spec": "Secure Contexts",
      "text": "Feature Detection",
      "url": "https://w3c.github.io/webappsec-secure-contexts/#monkey-patching-global-object"
    },
    "snapshot": {
      "number": "2.2.2",
      "spec": "Secure Contexts",
      "text": "Feature Detection",
      "url": "https://www.w3.org/TR/secure-contexts/#monkey-patching-global-object"
    }
  },
  "#monkey-patching-html": {
    "current": {
      "number": "2.2",
      "spec": "Secure Contexts",
      "text": "Integrations with HTML",
      "url": "https://w3c.github.io/webappsec-secure-contexts/#monkey-patching-html"
    },
    "snapshot": {
      "number": "2.2",
      "spec": "Secure Contexts",
      "text": "Integrations with HTML",
      "url": "https://www.w3.org/TR/secure-contexts/#monkey-patching-html"
    }
  },
  "#new": {
    "current": {
      "number": "7.3",
      "spec": "Secure Contexts",
      "text": "Restricting New Features",
      "url": "https://w3c.github.io/webappsec-secure-contexts/#new"
    },
    "snapshot": {
      "number": "7.3",
      "spec": "Secure Contexts",
      "text": "Restricting New Features",
      "url": "https://www.w3.org/TR/secure-contexts/#new"
    }
  },
  "#normative": {
    "current": {
      "number": "",
      "spec": "Secure Contexts",
      "text": "Normative References",
      "url": "https://w3c.github.io/webappsec-secure-contexts/#normative"
    },
    "snapshot": {
      "number": "",
      "spec": "Secure Contexts",
      "text": "Normative References",
      "url": "https://www.w3.org/TR/secure-contexts/#normative"
    }
  },
  "#packaged-applications": {
    "current": {
      "number": "7.1",
      "spec": "Secure Contexts",
      "text": "Packaged Applications",
      "url": "https://w3c.github.io/webappsec-secure-contexts/#packaged-applications"
    },
    "snapshot": {
      "number": "7.1",
      "spec": "Secure Contexts",
      "text": "Packaged Applications",
      "url": "https://www.w3.org/TR/secure-contexts/#packaged-applications"
    }
  },
  "#privacy-considerations": {
    "current": {
      "number": "6",
      "spec": "Secure Contexts",
      "text": "Privacy Considerations",
      "url": "https://w3c.github.io/webappsec-secure-contexts/#privacy-considerations"
    },
    "snapshot": {
      "number": "6",
      "spec": "Secure Contexts",
      "text": "Privacy Considerations",
      "url": "https://www.w3.org/TR/secure-contexts/#privacy-considerations"
    }
  },
  "#references": {
    "current": {
      "number": "",
      "spec": "Secure Contexts",
      "text": "References",
      "url": "https://w3c.github.io/webappsec-secure-contexts/#references"
    },
    "snapshot": {
      "number": "",
      "spec": "Secure Contexts",
      "text": "References",
      "url": "https://www.w3.org/TR/secure-contexts/#references"
    }
  },
  "#security-considerations": {
    "current": {
      "number": "5",
      "spec": "Secure Contexts",
      "text": "Security Considerations",
      "url": "https://w3c.github.io/webappsec-secure-contexts/#security-considerations"
    },
    "snapshot": {
      "number": "5",
      "spec": "Secure Contexts",
      "text": "Security Considerations",
      "url": "https://www.w3.org/TR/secure-contexts/#security-considerations"
    }
  },
  "#shared-workers": {
    "current": {
      "number": "2.2.1",
      "spec": "Secure Contexts",
      "text": "Shared Workers",
      "url": "https://w3c.github.io/webappsec-secure-contexts/#shared-workers"
    },
    "snapshot": {
      "number": "2.2.1",
      "spec": "Secure Contexts",
      "text": "Shared Workers",
      "url": "https://www.w3.org/TR/secure-contexts/#shared-workers"
    }
  },
  "#sotd": {
    "current": {
      "number": "",
      "spec": "Secure Contexts",
      "text": "Status of this document",
      "url": "https://w3c.github.io/webappsec-secure-contexts/#sotd"
    },
    "snapshot": {
      "number": "",
      "spec": "Secure Contexts",
      "text": "Status of this document",
      "url": "https://www.w3.org/TR/secure-contexts/#sotd"
    }
  },
  "#threat-active": {
    "current": {
      "number": "4.1.2",
      "spec": "Secure Contexts",
      "text": "Active Network Attacker",
      "url": "https://w3c.github.io/webappsec-secure-contexts/#threat-active"
    },
    "snapshot": {
      "number": "4.1.2",
      "spec": "Secure Contexts",
      "text": "Active Network Attacker",
      "url": "https://www.w3.org/TR/secure-contexts/#threat-active"
    }
  },
  "#threat-models": {
    "current": {
      "number": "4.1",
      "spec": "Secure Contexts",
      "text": "Threat Models",
      "url": "https://w3c.github.io/webappsec-secure-contexts/#threat-models"
    },
    "snapshot": {
      "number": "4.1",
      "spec": "Secure Contexts",
      "text": "Threat Models",
      "url": "https://www.w3.org/TR/secure-contexts/#threat-models"
    }
  },
  "#threat-models-risks": {
    "current": {
      "number": "4",
      "spec": "Secure Contexts",
      "text": "Threat models and risks",
      "url": "https://w3c.github.io/webappsec-secure-contexts/#threat-models-risks"
    },
    "snapshot": {
      "number": "4",
      "spec": "Secure Contexts",
      "text": "Threat models and risks",
      "url": "https://www.w3.org/TR/secure-contexts/#threat-models-risks"
    }
  },
  "#threat-passive": {
    "current": {
      "number": "4.1.1",
      "spec": "Secure Contexts",
      "text": "Passive Network Attacker",
      "url": "https://w3c.github.io/webappsec-secure-contexts/#threat-passive"
    },
    "snapshot": {
      "number": "4.1.1",
      "spec": "Secure Contexts",
      "text": "Passive Network Attacker",
      "url": "https://www.w3.org/TR/secure-contexts/#threat-passive"
    }
  },
  "#threat-risks": {
    "current": {
      "number": "4.3",
      "spec": "Secure Contexts",
      "text": "Risks associated with non-secure contexts",
      "url": "https://w3c.github.io/webappsec-secure-contexts/#threat-risks"
    },
    "snapshot": {
      "number": "4.3",
      "spec": "Secure Contexts",
      "text": "Risks associated with non-secure contexts",
      "url": "https://www.w3.org/TR/secure-contexts/#threat-risks"
    }
  },
  "#toc": {
    "current": {
      "number": "",
      "spec": "Secure Contexts",
      "text": "Table of Contents",
      "url": "https://w3c.github.io/webappsec-secure-contexts/#toc"
    },
    "snapshot": {
      "number": "",
      "spec": "Secure Contexts",
      "text": "Table of Contents",
      "url": "https://www.w3.org/TR/secure-contexts/#toc"
    }
  }
}