{
  "#abstract": {
    "current": {
      "number": "",
      "spec": "Fetch Metadata",
      "text": "Abstract",
      "url": "https://w3c.github.io/webappsec-fetch-metadata/#abstract"
    },
    "snapshot": {
      "number": "",
      "spec": "Fetch Metadata",
      "text": "Abstract",
      "url": "https://www.w3.org/TR/fetch-metadata/#abstract"
    }
  },
  "#acks": {
    "current": {
      "number": "7",
      "spec": "Fetch Metadata",
      "text": "Acknowledgements",
      "url": "https://w3c.github.io/webappsec-fetch-metadata/#acks"
    },
    "snapshot": {
      "number": "7",
      "spec": "Fetch Metadata",
      "text": "Acknowledgements",
      "url": "https://www.w3.org/TR/fetch-metadata/#acks"
    }
  },
  "#bloat": {
    "current": {
      "number": "5.2",
      "spec": "Fetch Metadata",
      "text": "Header Bloat",
      "url": "https://w3c.github.io/webappsec-fetch-metadata/#bloat"
    },
    "snapshot": {
      "number": "5.2",
      "spec": "Fetch Metadata",
      "text": "Header Bloat",
      "url": "https://www.w3.org/TR/fetch-metadata/#bloat"
    }
  },
  "#deployment-considerations": {
    "current": {
      "number": "5",
      "spec": "Fetch Metadata",
      "text": "Deployment Considerations",
      "url": "https://w3c.github.io/webappsec-fetch-metadata/#deployment-considerations"
    },
    "snapshot": {
      "number": "5",
      "spec": "Fetch Metadata",
      "text": "Deployment Considerations",
      "url": "https://www.w3.org/TR/fetch-metadata/#deployment-considerations"
    }
  },
  "#directly-user-initiated": {
    "current": {
      "number": "4.3",
      "spec": "Fetch Metadata",
      "text": "Directly User-Initiated Requests",
      "url": "https://w3c.github.io/webappsec-fetch-metadata/#directly-user-initiated"
    },
    "snapshot": {
      "number": "4.3",
      "spec": "Fetch Metadata",
      "text": "Directly User-Initiated Requests",
      "url": "https://www.w3.org/TR/fetch-metadata/#directly-user-initiated"
    }
  },
  "#examples": {
    "current": {
      "number": "1.1",
      "spec": "Fetch Metadata",
      "text": "Examples",
      "url": "https://w3c.github.io/webappsec-fetch-metadata/#examples"
    },
    "snapshot": {
      "number": "1.1",
      "spec": "Fetch Metadata",
      "text": "Examples",
      "url": "https://www.w3.org/TR/fetch-metadata/#examples"
    }
  },
  "#extension-initiated": {
    "current": {
      "number": "4.4",
      "spec": "Fetch Metadata",
      "text": "Extension-Initiated Requests",
      "url": "https://w3c.github.io/webappsec-fetch-metadata/#extension-initiated"
    },
    "snapshot": {
      "number": "4.4",
      "spec": "Fetch Metadata",
      "text": "Extension-Initiated Requests",
      "url": "https://www.w3.org/TR/fetch-metadata/#extension-initiated"
    }
  },
  "#fetch-integration": {
    "current": {
      "number": "3",
      "spec": "Fetch Metadata",
      "text": "Integration with Fetch and HTML",
      "url": "https://w3c.github.io/webappsec-fetch-metadata/#fetch-integration"
    },
    "snapshot": {
      "number": "3",
      "spec": "Fetch Metadata",
      "text": "Integration with Fetch and HTML",
      "url": "https://www.w3.org/TR/fetch-metadata/#fetch-integration"
    }
  },
  "#framework": {
    "current": {
      "number": "2",
      "spec": "Fetch Metadata",
      "text": "Fetch Metadata Headers",
      "url": "https://w3c.github.io/webappsec-fetch-metadata/#framework"
    },
    "snapshot": {
      "number": "2",
      "spec": "Fetch Metadata",
      "text": "Fetch Metadata Headers",
      "url": "https://www.w3.org/TR/fetch-metadata/#framework"
    }
  },
  "#iana": {
    "current": {
      "number": "6",
      "spec": "Fetch Metadata",
      "text": "IANA Considerations",
      "url": "https://w3c.github.io/webappsec-fetch-metadata/#iana"
    },
    "snapshot": {
      "number": "6",
      "spec": "Fetch Metadata",
      "text": "IANA Considerations",
      "url": "https://www.w3.org/TR/fetch-metadata/#iana"
    }
  },
  "#index": {
    "current": {
      "number": "",
      "spec": "Fetch Metadata",
      "text": "Index",
      "url": "https://w3c.github.io/webappsec-fetch-metadata/#index"
    },
    "snapshot": {
      "number": "",
      "spec": "Fetch Metadata",
      "text": "Index",
      "url": "https://www.w3.org/TR/fetch-metadata/#index"
    }
  },
  "#index-defined-elsewhere": {
    "current": {
      "number": "",
      "spec": "Fetch Metadata",
      "text": "Terms defined by reference",
      "url": "https://w3c.github.io/webappsec-fetch-metadata/#index-defined-elsewhere"
    },
    "snapshot": {
      "number": "",
      "spec": "Fetch Metadata",
      "text": "Terms defined by reference",
      "url": "https://www.w3.org/TR/fetch-metadata/#index-defined-elsewhere"
    }
  },
  "#index-defined-here": {
    "current": {
      "number": "",
      "spec": "Fetch Metadata",
      "text": "Terms defined by this specification",
      "url": "https://w3c.github.io/webappsec-fetch-metadata/#index-defined-here"
    },
    "snapshot": {
      "number": "",
      "spec": "Fetch Metadata",
      "text": "Terms defined by this specification",
      "url": "https://www.w3.org/TR/fetch-metadata/#index-defined-here"
    }
  },
  "#informative": {
    "current": {
      "number": "",
      "spec": "Fetch Metadata",
      "text": "Informative References",
      "url": "https://w3c.github.io/webappsec-fetch-metadata/#informative"
    },
    "snapshot": {
      "number": "",
      "spec": "Fetch Metadata",
      "text": "Informative References",
      "url": "https://www.w3.org/TR/fetch-metadata/#informative"
    }
  },
  "#intro": {
    "current": {
      "number": "1",
      "spec": "Fetch Metadata",
      "text": "Introduction",
      "url": "https://w3c.github.io/webappsec-fetch-metadata/#intro"
    },
    "snapshot": {
      "number": "1",
      "spec": "Fetch Metadata",
      "text": "Introduction",
      "url": "https://www.w3.org/TR/fetch-metadata/#intro"
    }
  },
  "#normative": {
    "current": {
      "number": "",
      "spec": "Fetch Metadata",
      "text": "Normative References",
      "url": "https://w3c.github.io/webappsec-fetch-metadata/#normative"
    },
    "snapshot": {
      "number": "",
      "spec": "Fetch Metadata",
      "text": "Normative References",
      "url": "https://www.w3.org/TR/fetch-metadata/#normative"
    }
  },
  "#redirects": {
    "current": {
      "number": "4.1",
      "spec": "Fetch Metadata",
      "text": "Redirects",
      "url": "https://w3c.github.io/webappsec-fetch-metadata/#redirects"
    },
    "snapshot": {
      "number": "4.1",
      "spec": "Fetch Metadata",
      "text": "Redirects",
      "url": "https://www.w3.org/TR/fetch-metadata/#redirects"
    }
  },
  "#references": {
    "current": {
      "number": "",
      "spec": "Fetch Metadata",
      "text": "References",
      "url": "https://w3c.github.io/webappsec-fetch-metadata/#references"
    },
    "snapshot": {
      "number": "",
      "spec": "Fetch Metadata",
      "text": "References",
      "url": "https://www.w3.org/TR/fetch-metadata/#references"
    }
  },
  "#sec-fetc-dest-reg": {
    "current": {
      "number": "6.1",
      "spec": "Fetch Metadata",
      "text": "Sec-Fetch-Dest Registration",
      "url": "https://w3c.github.io/webappsec-fetch-metadata/#sec-fetc-dest-reg"
    },
    "snapshot": {
      "number": "6.1",
      "spec": "Fetch Metadata",
      "text": "Sec-Fetch-Dest Registration",
      "url": "https://www.w3.org/TR/fetch-metadata/#sec-fetc-dest-reg"
    }
  },
  "#sec-fetch-dest-header": {
    "current": {
      "number": "2.1",
      "spec": "Fetch Metadata",
      "text": "The Sec-Fetch-Dest HTTP Request Header",
      "url": "https://w3c.github.io/webappsec-fetch-metadata/#sec-fetch-dest-header"
    },
    "snapshot": {
      "number": "2.1",
      "spec": "Fetch Metadata",
      "text": "The Sec-Fetch-Dest HTTP Request Header",
      "url": "https://www.w3.org/TR/fetch-metadata/#sec-fetch-dest-header"
    }
  },
  "#sec-fetch-mode-header": {
    "current": {
      "number": "2.2",
      "spec": "Fetch Metadata",
      "text": "The Sec-Fetch-Mode HTTP Request Header",
      "url": "https://w3c.github.io/webappsec-fetch-metadata/#sec-fetch-mode-header"
    },
    "snapshot": {
      "number": "2.2",
      "spec": "Fetch Metadata",
      "text": "The Sec-Fetch-Mode HTTP Request Header",
      "url": "https://www.w3.org/TR/fetch-metadata/#sec-fetch-mode-header"
    }
  },
  "#sec-fetch-mode-reg": {
    "current": {
      "number": "6.2",
      "spec": "Fetch Metadata",
      "text": "Sec-Fetch-Mode Registration",
      "url": "https://w3c.github.io/webappsec-fetch-metadata/#sec-fetch-mode-reg"
    },
    "snapshot": {
      "number": "6.2",
      "spec": "Fetch Metadata",
      "text": "Sec-Fetch-Mode Registration",
      "url": "https://www.w3.org/TR/fetch-metadata/#sec-fetch-mode-reg"
    }
  },
  "#sec-fetch-site-header": {
    "current": {
      "number": "2.3",
      "spec": "Fetch Metadata",
      "text": "The Sec-Fetch-Site HTTP Request Header",
      "url": "https://w3c.github.io/webappsec-fetch-metadata/#sec-fetch-site-header"
    },
    "snapshot": {
      "number": "2.3",
      "spec": "Fetch Metadata",
      "text": "The Sec-Fetch-Site HTTP Request Header",
      "url": "https://www.w3.org/TR/fetch-metadata/#sec-fetch-site-header"
    }
  },
  "#sec-fetch-site-reg": {
    "current": {
      "number": "6.3",
      "spec": "Fetch Metadata",
      "text": "Sec-Fetch-Site Registration",
      "url": "https://w3c.github.io/webappsec-fetch-metadata/#sec-fetch-site-reg"
    },
    "snapshot": {
      "number": "6.3",
      "spec": "Fetch Metadata",
      "text": "Sec-Fetch-Site Registration",
      "url": "https://www.w3.org/TR/fetch-metadata/#sec-fetch-site-reg"
    }
  },
  "#sec-fetch-user-header": {
    "current": {
      "number": "2.4",
      "spec": "Fetch Metadata",
      "text": "The Sec-Fetch-User HTTP Request Header",
      "url": "https://w3c.github.io/webappsec-fetch-metadata/#sec-fetch-user-header"
    },
    "snapshot": {
      "number": "2.4",
      "spec": "Fetch Metadata",
      "text": "The Sec-Fetch-User HTTP Request Header",
      "url": "https://www.w3.org/TR/fetch-metadata/#sec-fetch-user-header"
    }
  },
  "#sec-fetch-user-reg": {
    "current": {
      "number": "6.4",
      "spec": "Fetch Metadata",
      "text": "Sec-Fetch-User Registration",
      "url": "https://w3c.github.io/webappsec-fetch-metadata/#sec-fetch-user-reg"
    },
    "snapshot": {
      "number": "6.4",
      "spec": "Fetch Metadata",
      "text": "Sec-Fetch-User Registration",
      "url": "https://www.w3.org/TR/fetch-metadata/#sec-fetch-user-reg"
    }
  },
  "#sec-prefix": {
    "current": {
      "number": "4.2",
      "spec": "Fetch Metadata",
      "text": "The Sec- Prefix",
      "url": "https://w3c.github.io/webappsec-fetch-metadata/#sec-prefix"
    },
    "snapshot": {
      "number": "4.2",
      "spec": "Fetch Metadata",
      "text": "The Sec- Prefix",
      "url": "https://www.w3.org/TR/fetch-metadata/#sec-prefix"
    }
  },
  "#sec-priv-considerations": {
    "current": {
      "number": "4",
      "spec": "Fetch Metadata",
      "text": "Security and Privacy Considerations",
      "url": "https://w3c.github.io/webappsec-fetch-metadata/#sec-priv-considerations"
    },
    "snapshot": {
      "number": "4",
      "spec": "Fetch Metadata",
      "text": "Security and Privacy Considerations",
      "url": "https://www.w3.org/TR/fetch-metadata/#sec-priv-considerations"
    }
  },
  "#sotd": {
    "current": {
      "number": "",
      "spec": "Fetch Metadata",
      "text": "Status of this document",
      "url": "https://w3c.github.io/webappsec-fetch-metadata/#sotd"
    },
    "snapshot": {
      "number": "",
      "spec": "Fetch Metadata",
      "text": "Status of this document",
      "url": "https://www.w3.org/TR/fetch-metadata/#sotd"
    }
  },
  "#title": {
    "current": {
      "number": "",
      "spec": "Fetch Metadata",
      "text": "Fetch Metadata Request Headers",
      "url": "https://w3c.github.io/webappsec-fetch-metadata/#title"
    },
    "snapshot": {
      "number": "",
      "spec": "Fetch Metadata",
      "text": "Fetch Metadata Request Headers",
      "url": "https://www.w3.org/TR/fetch-metadata/#title"
    }
  },
  "#toc": {
    "current": {
      "number": "",
      "spec": "Fetch Metadata",
      "text": "Table of Contents",
      "url": "https://w3c.github.io/webappsec-fetch-metadata/#toc"
    },
    "snapshot": {
      "number": "",
      "spec": "Fetch Metadata",
      "text": "Table of Contents",
      "url": "https://www.w3.org/TR/fetch-metadata/#toc"
    }
  },
  "#vary": {
    "current": {
      "number": "5.1",
      "spec": "Fetch Metadata",
      "text": "Vary",
      "url": "https://w3c.github.io/webappsec-fetch-metadata/#vary"
    },
    "snapshot": {
      "number": "5.1",
      "spec": "Fetch Metadata",
      "text": "Vary",
      "url": "https://www.w3.org/TR/fetch-metadata/#vary"
    }
  },
  "#w3c-conformance": {
    "current": {
      "number": "",
      "spec": "Fetch Metadata",
      "text": "Conformance",
      "url": "https://w3c.github.io/webappsec-fetch-metadata/#w3c-conformance"
    },
    "snapshot": {
      "number": "",
      "spec": "Fetch Metadata",
      "text": "Conformance",
      "url": "https://www.w3.org/TR/fetch-metadata/#w3c-conformance"
    }
  },
  "#w3c-conformant-algorithms": {
    "current": {
      "number": "",
      "spec": "Fetch Metadata",
      "text": "Conformant Algorithms",
      "url": "https://w3c.github.io/webappsec-fetch-metadata/#w3c-conformant-algorithms"
    },
    "snapshot": {
      "number": "",
      "spec": "Fetch Metadata",
      "text": "Conformant Algorithms",
      "url": "https://www.w3.org/TR/fetch-metadata/#w3c-conformant-algorithms"
    }
  },
  "#w3c-conventions": {
    "current": {
      "number": "",
      "spec": "Fetch Metadata",
      "text": "Document conventions",
      "url": "https://w3c.github.io/webappsec-fetch-metadata/#w3c-conventions"
    },
    "snapshot": {
      "number": "",
      "spec": "Fetch Metadata",
      "text": "Document conventions",
      "url": "https://www.w3.org/TR/fetch-metadata/#w3c-conventions"
    }
  }
}