{
  "#appendix-A": {
    "current": {
      "number": "",
      "spec": "Cookies Having Independent Partitioned State",
      "text": "Acknowledgments",
      "url": "https://explainers-by-googlers.github.io/CHIPS-spec/draft-cutler-httpbis-partitioned-cookies.html#appendix-A"
    }
  },
  "#appendix-B": {
    "current": {
      "number": "",
      "spec": "Cookies Having Independent Partitioned State",
      "text": "Author's Address",
      "url": "https://explainers-by-googlers.github.io/CHIPS-spec/draft-cutler-httpbis-partitioned-cookies.html#appendix-B"
    }
  },
  "#section-1": {
    "current": {
      "number": "1",
      "spec": "Cookies Having Independent Partitioned State",
      "text": "Introduction",
      "url": "https://explainers-by-googlers.github.io/CHIPS-spec/draft-cutler-httpbis-partitioned-cookies.html#section-1"
    }
  },
  "#section-2": {
    "current": {
      "number": "2",
      "spec": "Cookies Having Independent Partitioned State",
      "text": "Conventions and Definitions",
      "url": "https://explainers-by-googlers.github.io/CHIPS-spec/draft-cutler-httpbis-partitioned-cookies.html#section-2"
    }
  },
  "#section-2.1": {
    "current": {
      "number": "2.1",
      "spec": "Cookies Having Independent Partitioned State",
      "text": "The Partitioned attribute",
      "url": "https://explainers-by-googlers.github.io/CHIPS-spec/draft-cutler-httpbis-partitioned-cookies.html#section-2.1"
    }
  },
  "#section-2.2": {
    "current": {
      "number": "2.2",
      "spec": "Cookies Having Independent Partitioned State",
      "text": "Computing the cookie partition key",
      "url": "https://explainers-by-googlers.github.io/CHIPS-spec/draft-cutler-httpbis-partitioned-cookies.html#section-2.2"
    }
  },
  "#section-2.3": {
    "current": {
      "number": "2.3",
      "spec": "Cookies Having Independent Partitioned State",
      "text": "Using Set-Cookie with Partitioned",
      "url": "https://explainers-by-googlers.github.io/CHIPS-spec/draft-cutler-httpbis-partitioned-cookies.html#section-2.3"
    }
  },
  "#section-2.4": {
    "current": {
      "number": "2.4",
      "spec": "Cookies Having Independent Partitioned State",
      "text": "Partitioned Cookies with the Same Name/Domain/Path",
      "url": "https://explainers-by-googlers.github.io/CHIPS-spec/draft-cutler-httpbis-partitioned-cookies.html#section-2.4"
    }
  },
  "#section-2.5": {
    "current": {
      "number": "2.5",
      "spec": "Cookies Having Independent Partitioned State",
      "text": "Attaching a Partitioned Cookie to a Request",
      "url": "https://explainers-by-googlers.github.io/CHIPS-spec/draft-cutler-httpbis-partitioned-cookies.html#section-2.5"
    }
  },
  "#section-3": {
    "current": {
      "number": "3",
      "spec": "Cookies Having Independent Partitioned State",
      "text": "Security Considerations",
      "url": "https://explainers-by-googlers.github.io/CHIPS-spec/draft-cutler-httpbis-partitioned-cookies.html#section-3"
    }
  },
  "#section-3.1": {
    "current": {
      "number": "3.1",
      "spec": "Cookies Having Independent Partitioned State",
      "text": "Partitioned requires Secure",
      "url": "https://explainers-by-googlers.github.io/CHIPS-spec/draft-cutler-httpbis-partitioned-cookies.html#section-3.1"
    }
  },
  "#section-3.2": {
    "current": {
      "number": "3.2",
      "spec": "Cookies Having Independent Partitioned State",
      "text": "Partitioned cookies and XSS attacks",
      "url": "https://explainers-by-googlers.github.io/CHIPS-spec/draft-cutler-httpbis-partitioned-cookies.html#section-3.2"
    }
  },
  "#section-3.3": {
    "current": {
      "number": "3.3",
      "spec": "Cookies Having Independent Partitioned State",
      "text": "Partitioned cookies and CSRF attacks",
      "url": "https://explainers-by-googlers.github.io/CHIPS-spec/draft-cutler-httpbis-partitioned-cookies.html#section-3.3"
    }
  },
  "#section-3.4": {
    "current": {
      "number": "3.4",
      "spec": "Cookies Having Independent Partitioned State",
      "text": "State proliferation for denial of service",
      "url": "https://explainers-by-googlers.github.io/CHIPS-spec/draft-cutler-httpbis-partitioned-cookies.html#section-3.4"
    }
  },
  "#section-3.5": {
    "current": {
      "number": "3.5",
      "spec": "Cookies Having Independent Partitioned State",
      "text": "Partitioned cookies improve user privacy",
      "url": "https://explainers-by-googlers.github.io/CHIPS-spec/draft-cutler-httpbis-partitioned-cookies.html#section-3.5"
    }
  },
  "#section-3.6": {
    "current": {
      "number": "3.6",
      "spec": "Cookies Having Independent Partitioned State",
      "text": "Avoiding cross-partition leaks",
      "url": "https://explainers-by-googlers.github.io/CHIPS-spec/draft-cutler-httpbis-partitioned-cookies.html#section-3.6"
    }
  },
  "#section-4": {
    "current": {
      "number": "4",
      "spec": "Cookies Having Independent Partitioned State",
      "text": "Implementation Considerations",
      "url": "https://explainers-by-googlers.github.io/CHIPS-spec/draft-cutler-httpbis-partitioned-cookies.html#section-4"
    }
  },
  "#section-4.1": {
    "current": {
      "number": "4.1",
      "spec": "Cookies Having Independent Partitioned State",
      "text": "Applying Limits to Partitioned Cookie Jars",
      "url": "https://explainers-by-googlers.github.io/CHIPS-spec/draft-cutler-httpbis-partitioned-cookies.html#section-4.1"
    }
  },
  "#section-4.2": {
    "current": {
      "number": "4.2",
      "spec": "Cookies Having Independent Partitioned State",
      "text": "Third-Party Cookie Controls",
      "url": "https://explainers-by-googlers.github.io/CHIPS-spec/draft-cutler-httpbis-partitioned-cookies.html#section-4.2"
    }
  },
  "#section-4.3": {
    "current": {
      "number": "4.3",
      "spec": "Cookies Having Independent Partitioned State",
      "text": "Partitioned Cookies and Clear-Site-Data",
      "url": "https://explainers-by-googlers.github.io/CHIPS-spec/draft-cutler-httpbis-partitioned-cookies.html#section-4.3"
    }
  },
  "#section-5": {
    "current": {
      "number": "5",
      "spec": "Cookies Having Independent Partitioned State",
      "text": "IANA Considerations",
      "url": "https://explainers-by-googlers.github.io/CHIPS-spec/draft-cutler-httpbis-partitioned-cookies.html#section-5"
    }
  },
  "#section-6": {
    "current": {
      "number": "6",
      "spec": "Cookies Having Independent Partitioned State",
      "text": "References",
      "url": "https://explainers-by-googlers.github.io/CHIPS-spec/draft-cutler-httpbis-partitioned-cookies.html#section-6"
    }
  },
  "#section-6.1": {
    "current": {
      "number": "6.1",
      "spec": "Cookies Having Independent Partitioned State",
      "text": "Normative References",
      "url": "https://explainers-by-googlers.github.io/CHIPS-spec/draft-cutler-httpbis-partitioned-cookies.html#section-6.1"
    }
  },
  "#section-6.2": {
    "current": {
      "number": "6.2",
      "spec": "Cookies Having Independent Partitioned State",
      "text": "Informative References",
      "url": "https://explainers-by-googlers.github.io/CHIPS-spec/draft-cutler-httpbis-partitioned-cookies.html#section-6.2"
    }
  },
  "#section-abstract": {
    "current": {
      "number": "",
      "spec": "Cookies Having Independent Partitioned State",
      "text": "Abstract",
      "url": "https://explainers-by-googlers.github.io/CHIPS-spec/draft-cutler-httpbis-partitioned-cookies.html#section-abstract"
    }
  },
  "#section-boilerplate.1": {
    "current": {
      "number": "",
      "spec": "Cookies Having Independent Partitioned State",
      "text": "Status of This Memo",
      "url": "https://explainers-by-googlers.github.io/CHIPS-spec/draft-cutler-httpbis-partitioned-cookies.html#section-boilerplate.1"
    }
  },
  "#section-boilerplate.2": {
    "current": {
      "number": "",
      "spec": "Cookies Having Independent Partitioned State",
      "text": "Copyright Notice",
      "url": "https://explainers-by-googlers.github.io/CHIPS-spec/draft-cutler-httpbis-partitioned-cookies.html#section-boilerplate.2"
    }
  },
  "#section-note.1": {
    "current": {
      "number": "",
      "spec": "Cookies Having Independent Partitioned State",
      "text": "About This Document",
      "url": "https://explainers-by-googlers.github.io/CHIPS-spec/draft-cutler-httpbis-partitioned-cookies.html#section-note.1"
    }
  },
  "#section-toc.1": {
    "current": {
      "number": "",
      "spec": "Cookies Having Independent Partitioned State",
      "text": "Table of Contents",
      "url": "https://explainers-by-googlers.github.io/CHIPS-spec/draft-cutler-httpbis-partitioned-cookies.html#section-toc.1"
    }
  },
  "#title": {
    "current": {
      "number": "",
      "spec": "Cookies Having Independent Partitioned State",
      "text": "Cookies Having Independent Partitioned State specification",
      "url": "https://explainers-by-googlers.github.io/CHIPS-spec/draft-cutler-httpbis-partitioned-cookies.html#title"
    }
  }
}