{
  "#conformance": {
    "current": {
      "number": "",
      "spec": "Image Resource",
      "text": "10. Conformance",
      "url": "https://w3c.github.io/image-resource/#conformance"
    },
    "snapshot": {
      "number": "",
      "spec": "Image Resource",
      "text": "10. Conformance",
      "url": "https://www.w3.org/TR/image-resource/#conformance"
    }
  },
  "#deriving-the-accessible-name": {
    "current": {
      "number": "8",
      "spec": "Image Resource",
      "text": "Deriving the accessible name",
      "url": "https://w3c.github.io/image-resource/#deriving-the-accessible-name"
    },
    "snapshot": {
      "number": "8",
      "spec": "Image Resource",
      "text": "Deriving the accessible name",
      "url": "https://www.w3.org/TR/image-resource/#deriving-the-accessible-name"
    }
  },
  "#examples-of-graphics-formats-supporting-embedded-accessible-names": {
    "current": {
      "number": "9",
      "spec": "Image Resource",
      "text": "Examples of graphics formats supporting embedded accessible names",
      "url": "https://w3c.github.io/image-resource/#examples-of-graphics-formats-supporting-embedded-accessible-names"
    },
    "snapshot": {
      "number": "9",
      "spec": "Image Resource",
      "text": "Examples of graphics formats supporting embedded accessible names",
      "url": "https://www.w3.org/TR/image-resource/#examples-of-graphics-formats-supporting-embedded-accessible-names"
    }
  },
  "#fetching-an-image-resource": {
    "current": {
      "number": "7",
      "spec": "Image Resource",
      "text": "Fetching an image resource",
      "url": "https://w3c.github.io/image-resource/#fetching-an-image-resource"
    },
    "snapshot": {
      "number": "7",
      "spec": "Image Resource",
      "text": "Fetching an image resource",
      "url": "https://www.w3.org/TR/image-resource/#fetching-an-image-resource"
    }
  },
  "#image-resource": {
    "current": {
      "number": "3",
      "spec": "Image Resource",
      "text": "Image resource",
      "url": "https://w3c.github.io/image-resource/#image-resource"
    },
    "snapshot": {
      "number": "3",
      "spec": "Image Resource",
      "text": "Image resource",
      "url": "https://www.w3.org/TR/image-resource/#image-resource"
    }
  },
  "#imageresource-dictionary": {
    "current": {
      "number": "4",
      "spec": "Image Resource",
      "text": "ImageResource dictionary",
      "url": "https://w3c.github.io/image-resource/#imageresource-dictionary"
    },
    "snapshot": {
      "number": "4",
      "spec": "Image Resource",
      "text": "ImageResource dictionary",
      "url": "https://www.w3.org/TR/image-resource/#imageresource-dictionary"
    }
  },
  "#introduction": {
    "current": {
      "number": "1",
      "spec": "Image Resource",
      "text": "Introduction",
      "url": "https://w3c.github.io/image-resource/#introduction"
    },
    "snapshot": {
      "number": "1",
      "spec": "Image Resource",
      "text": "Introduction",
      "url": "https://www.w3.org/TR/image-resource/#introduction"
    }
  },
  "#label-member": {
    "current": {
      "number": "4.4",
      "spec": "Image Resource",
      "text": "label member",
      "url": "https://w3c.github.io/image-resource/#label-member"
    },
    "snapshot": {
      "number": "4.4",
      "spec": "Image Resource",
      "text": "label member",
      "url": "https://www.w3.org/TR/image-resource/#label-member"
    }
  },
  "#normative-references": {
    "current": {
      "number": "A.1",
      "spec": "Image Resource",
      "text": "Normative references",
      "url": "https://w3c.github.io/image-resource/#normative-references"
    },
    "snapshot": {
      "number": "A.1",
      "spec": "Image Resource",
      "text": "Normative references",
      "url": "https://www.w3.org/TR/image-resource/#normative-references"
    }
  },
  "#privacy-and-security-considerations": {
    "current": {
      "number": "2",
      "spec": "Image Resource",
      "text": "Privacy and security considerations",
      "url": "https://w3c.github.io/image-resource/#privacy-and-security-considerations"
    },
    "snapshot": {
      "number": "2",
      "spec": "Image Resource",
      "text": "Privacy and security considerations",
      "url": "https://www.w3.org/TR/image-resource/#privacy-and-security-considerations"
    }
  },
  "#processing-an-image-resource-from-json": {
    "current": {
      "number": "6",
      "spec": "Image Resource",
      "text": "Processing an image resource from JSON",
      "url": "https://w3c.github.io/image-resource/#processing-an-image-resource-from-json"
    },
    "snapshot": {
      "number": "6",
      "spec": "Image Resource",
      "text": "Processing an image resource from JSON",
      "url": "https://www.w3.org/TR/image-resource/#processing-an-image-resource-from-json"
    }
  },
  "#processing-an-imageresource-from-an-api": {
    "current": {
      "number": "5",
      "spec": "Image Resource",
      "text": "Processing an ImageResource from an API",
      "url": "https://w3c.github.io/image-resource/#processing-an-imageresource-from-an-api"
    },
    "snapshot": {
      "number": "5",
      "spec": "Image Resource",
      "text": "Processing an ImageResource from an API",
      "url": "https://www.w3.org/TR/image-resource/#processing-an-imageresource-from-an-api"
    }
  },
  "#references": {
    "current": {
      "number": "A",
      "spec": "Image Resource",
      "text": "References",
      "url": "https://w3c.github.io/image-resource/#references"
    },
    "snapshot": {
      "number": "A",
      "spec": "Image Resource",
      "text": "References",
      "url": "https://www.w3.org/TR/image-resource/#references"
    }
  },
  "#sizes-member": {
    "current": {
      "number": "4.2",
      "spec": "Image Resource",
      "text": "sizes member",
      "url": "https://w3c.github.io/image-resource/#sizes-member"
    },
    "snapshot": {
      "number": "4.2",
      "spec": "Image Resource",
      "text": "sizes member",
      "url": "https://www.w3.org/TR/image-resource/#sizes-member"
    }
  },
  "#src-member": {
    "current": {
      "number": "4.1",
      "spec": "Image Resource",
      "text": "src member",
      "url": "https://w3c.github.io/image-resource/#src-member"
    },
    "snapshot": {
      "number": "4.1",
      "spec": "Image Resource",
      "text": "src member",
      "url": "https://www.w3.org/TR/image-resource/#src-member"
    }
  },
  "#title": {
    "current": {
      "number": "",
      "spec": "Image Resource",
      "text": "Image Resource",
      "url": "https://w3c.github.io/image-resource/#title"
    },
    "snapshot": {
      "number": "",
      "spec": "Image Resource",
      "text": "Image Resource",
      "url": "https://www.w3.org/TR/image-resource/#title"
    }
  },
  "#toc": {
    "current": {
      "number": "",
      "spec": "Image Resource",
      "text": "Table of Contents",
      "url": "https://w3c.github.io/image-resource/#toc"
    },
    "snapshot": {
      "number": "",
      "spec": "Image Resource",
      "text": "Table of Contents",
      "url": "https://www.w3.org/TR/image-resource/#toc"
    }
  },
  "#type-member": {
    "current": {
      "number": "4.3",
      "spec": "Image Resource",
      "text": "type member",
      "url": "https://w3c.github.io/image-resource/#type-member"
    },
    "snapshot": {
      "number": "4.3",
      "spec": "Image Resource",
      "text": "type member",
      "url": "https://www.w3.org/TR/image-resource/#type-member"
    }
  }
}