{
  "#abstract": {
    "current": {
      "number": "",
      "spec": "MediaStream Image Capture",
      "text": "Abstract",
      "url": "https://w3c.github.io/mediacapture-image/#abstract"
    },
    "snapshot": {
      "number": "",
      "spec": "MediaStream Image Capture",
      "text": "Abstract",
      "url": "https://www.w3.org/TR/image-capture/#abstract"
    }
  },
  "#additional-constrainable-props": {
    "current": {
      "number": "9.5",
      "spec": "MediaStream Image Capture",
      "text": "Additional Constrainable Properties",
      "url": "https://w3c.github.io/mediacapture-image/#additional-constrainable-props"
    },
    "snapshot": {
      "number": "9.5",
      "spec": "MediaStream Image Capture",
      "text": "Additional Constrainable Properties",
      "url": "https://www.w3.org/TR/image-capture/#additional-constrainable-props"
    }
  },
  "#constrainable-properties": {
    "current": {
      "number": "",
      "spec": "MediaStream Image Capture",
      "text": "10. Photo Capabilities and Constrainable Properties",
      "url": "https://w3c.github.io/mediacapture-image/#constrainable-properties"
    },
    "snapshot": {
      "number": "",
      "spec": "MediaStream Image Capture",
      "text": "10. Photo Capabilities and Constrainable Properties",
      "url": "https://www.w3.org/TR/image-capture/#constrainable-properties"
    }
  },
  "#constraintpoint2d-members": {
    "current": {
      "number": "9.5.1",
      "spec": "MediaStream Image Capture",
      "text": "Members",
      "url": "https://w3c.github.io/mediacapture-image/#constraintpoint2d-members"
    },
    "snapshot": {
      "number": "9.5.1",
      "spec": "MediaStream Image Capture",
      "text": "Members",
      "url": "https://www.w3.org/TR/image-capture/#constraintpoint2d-members"
    }
  },
  "#example1": {
    "current": {
      "number": "13.1",
      "spec": "MediaStream Image Capture",
      "text": "Update camera pan, tilt and zoom and takePhoto()",
      "url": "https://w3c.github.io/mediacapture-image/#example1"
    },
    "snapshot": {
      "number": "13.1",
      "spec": "MediaStream Image Capture",
      "text": "Update camera pan, tilt and zoom and takePhoto()",
      "url": "https://www.w3.org/TR/image-capture/#example1"
    }
  },
  "#example2": {
    "current": {
      "number": "13.2",
      "spec": "MediaStream Image Capture",
      "text": "Repeated grabbing of a frame with grabFrame()",
      "url": "https://w3c.github.io/mediacapture-image/#example2"
    },
    "snapshot": {
      "number": "13.2",
      "spec": "MediaStream Image Capture",
      "text": "Repeated grabbing of a frame with grabFrame()",
      "url": "https://www.w3.org/TR/image-capture/#example2"
    }
  },
  "#example3": {
    "current": {
      "number": "13.3",
      "spec": "MediaStream Image Capture",
      "text": "Grabbing a Frame and Post-Processing",
      "url": "https://w3c.github.io/mediacapture-image/#example3"
    },
    "snapshot": {
      "number": "13.3",
      "spec": "MediaStream Image Capture",
      "text": "Grabbing a Frame and Post-Processing",
      "url": "https://www.w3.org/TR/image-capture/#example3"
    }
  },
  "#example4": {
    "current": {
      "number": "13.4",
      "spec": "MediaStream Image Capture",
      "text": "Update camera focus distance and takePhoto()",
      "url": "https://w3c.github.io/mediacapture-image/#example4"
    },
    "snapshot": {
      "number": "13.4",
      "spec": "MediaStream Image Capture",
      "text": "Update camera focus distance and takePhoto()",
      "url": "https://www.w3.org/TR/image-capture/#example4"
    }
  },
  "#examples": {
    "current": {
      "number": "",
      "spec": "MediaStream Image Capture",
      "text": "13. Examples",
      "url": "https://w3c.github.io/mediacapture-image/#examples"
    },
    "snapshot": {
      "number": "",
      "spec": "MediaStream Image Capture",
      "text": "13. Examples",
      "url": "https://www.w3.org/TR/image-capture/#examples"
    }
  },
  "#extensions": {
    "current": {
      "number": "9",
      "spec": "MediaStream Image Capture",
      "text": "Extensions",
      "url": "https://w3c.github.io/mediacapture-image/#extensions"
    },
    "snapshot": {
      "number": "9",
      "spec": "MediaStream Image Capture",
      "text": "Extensions",
      "url": "https://www.w3.org/TR/image-capture/#extensions"
    }
  },
  "#filllightmode-section": {
    "current": {
      "number": "8",
      "spec": "MediaStream Image Capture",
      "text": "FillLightMode",
      "url": "https://w3c.github.io/mediacapture-image/#filllightmode-section"
    },
    "snapshot": {
      "number": "8",
      "spec": "MediaStream Image Capture",
      "text": "FillLightMode",
      "url": "https://www.w3.org/TR/image-capture/#filllightmode-section"
    }
  },
  "#filllightmode-values": {
    "current": {
      "number": "8.1",
      "spec": "MediaStream Image Capture",
      "text": "Values",
      "url": "https://w3c.github.io/mediacapture-image/#filllightmode-values"
    },
    "snapshot": {
      "number": "8.1",
      "spec": "MediaStream Image Capture",
      "text": "Values",
      "url": "https://www.w3.org/TR/image-capture/#filllightmode-values"
    }
  },
  "#idl-index": {
    "current": {
      "number": "",
      "spec": "MediaStream Image Capture",
      "text": "IDL Index",
      "url": "https://w3c.github.io/mediacapture-image/#idl-index"
    },
    "snapshot": {
      "number": "",
      "spec": "MediaStream Image Capture",
      "text": "IDL Index",
      "url": "https://www.w3.org/TR/image-capture/#idl-index"
    }
  },
  "#imagecapture-attributes": {
    "current": {
      "number": "3.1",
      "spec": "MediaStream Image Capture",
      "text": "Attributes",
      "url": "https://w3c.github.io/mediacapture-image/#imagecapture-attributes"
    },
    "snapshot": {
      "number": "3.1",
      "spec": "MediaStream Image Capture",
      "text": "Attributes",
      "url": "https://www.w3.org/TR/image-capture/#imagecapture-attributes"
    }
  },
  "#imagecapture-methods": {
    "current": {
      "number": "3.2",
      "spec": "MediaStream Image Capture",
      "text": "Methods",
      "url": "https://w3c.github.io/mediacapture-image/#imagecapture-methods"
    },
    "snapshot": {
      "number": "3.2",
      "spec": "MediaStream Image Capture",
      "text": "Methods",
      "url": "https://www.w3.org/TR/image-capture/#imagecapture-methods"
    }
  },
  "#imagecaptureapi": {
    "current": {
      "number": "3",
      "spec": "MediaStream Image Capture",
      "text": "Image Capture API",
      "url": "https://w3c.github.io/mediacapture-image/#imagecaptureapi"
    },
    "snapshot": {
      "number": "3",
      "spec": "MediaStream Image Capture",
      "text": "Image Capture API",
      "url": "https://www.w3.org/TR/image-capture/#imagecaptureapi"
    }
  },
  "#index": {
    "current": {
      "number": "",
      "spec": "MediaStream Image Capture",
      "text": "Index",
      "url": "https://w3c.github.io/mediacapture-image/#index"
    },
    "snapshot": {
      "number": "",
      "spec": "MediaStream Image Capture",
      "text": "Index",
      "url": "https://www.w3.org/TR/image-capture/#index"
    }
  },
  "#index-defined-elsewhere": {
    "current": {
      "number": "",
      "spec": "MediaStream Image Capture",
      "text": "Terms defined by reference",
      "url": "https://w3c.github.io/mediacapture-image/#index-defined-elsewhere"
    },
    "snapshot": {
      "number": "",
      "spec": "MediaStream Image Capture",
      "text": "Terms defined by reference",
      "url": "https://www.w3.org/TR/image-capture/#index-defined-elsewhere"
    }
  },
  "#index-defined-here": {
    "current": {
      "number": "",
      "spec": "MediaStream Image Capture",
      "text": "Terms defined by this specification",
      "url": "https://w3c.github.io/mediacapture-image/#index-defined-here"
    },
    "snapshot": {
      "number": "",
      "spec": "MediaStream Image Capture",
      "text": "Terms defined by this specification",
      "url": "https://www.w3.org/TR/image-capture/#index-defined-here"
    }
  },
  "#informative": {
    "current": {
      "number": "",
      "spec": "MediaStream Image Capture",
      "text": "Informative References",
      "url": "https://w3c.github.io/mediacapture-image/#informative"
    },
    "snapshot": {
      "number": "",
      "spec": "MediaStream Image Capture",
      "text": "Informative References",
      "url": "https://www.w3.org/TR/image-capture/#informative"
    }
  },
  "#introduction": {
    "current": {
      "number": "1",
      "spec": "MediaStream Image Capture",
      "text": "Introduction",
      "url": "https://w3c.github.io/mediacapture-image/#introduction"
    },
    "snapshot": {
      "number": "1",
      "spec": "MediaStream Image Capture",
      "text": "Introduction",
      "url": "https://www.w3.org/TR/image-capture/#introduction"
    }
  },
  "#mediasettingsrange-members": {
    "current": {
      "number": "6.1",
      "spec": "MediaStream Image Capture",
      "text": "Members",
      "url": "https://w3c.github.io/mediacapture-image/#mediasettingsrange-members"
    },
    "snapshot": {
      "number": "6.1",
      "spec": "MediaStream Image Capture",
      "text": "Members",
      "url": "https://www.w3.org/TR/image-capture/#mediasettingsrange-members"
    }
  },
  "#mediasettingsrange-section": {
    "current": {
      "number": "6",
      "spec": "MediaStream Image Capture",
      "text": "MediaSettingsRange",
      "url": "https://w3c.github.io/mediacapture-image/#mediasettingsrange-section"
    },
    "snapshot": {
      "number": "6",
      "spec": "MediaStream Image Capture",
      "text": "MediaSettingsRange",
      "url": "https://www.w3.org/TR/image-capture/#mediasettingsrange-section"
    }
  },
  "#mediatrackcapabilities-members": {
    "current": {
      "number": "9.2.1",
      "spec": "MediaStream Image Capture",
      "text": "Members",
      "url": "https://w3c.github.io/mediacapture-image/#mediatrackcapabilities-members"
    },
    "snapshot": {
      "number": "9.2.1",
      "spec": "MediaStream Image Capture",
      "text": "Members",
      "url": "https://www.w3.org/TR/image-capture/#mediatrackcapabilities-members"
    }
  },
  "#mediatrackcapabilities-section": {
    "current": {
      "number": "9.2",
      "spec": "MediaStream Image Capture",
      "text": "MediaTrackCapabilities dictionary",
      "url": "https://w3c.github.io/mediacapture-image/#mediatrackcapabilities-section"
    },
    "snapshot": {
      "number": "9.2",
      "spec": "MediaStream Image Capture",
      "text": "MediaTrackCapabilities dictionary",
      "url": "https://www.w3.org/TR/image-capture/#mediatrackcapabilities-section"
    }
  },
  "#mediatrackconstraintset-members": {
    "current": {
      "number": "9.3.1",
      "spec": "MediaStream Image Capture",
      "text": "Members",
      "url": "https://w3c.github.io/mediacapture-image/#mediatrackconstraintset-members"
    },
    "snapshot": {
      "number": "9.3.1",
      "spec": "MediaStream Image Capture",
      "text": "Members",
      "url": "https://www.w3.org/TR/image-capture/#mediatrackconstraintset-members"
    }
  },
  "#mediatrackconstraintset-section": {
    "current": {
      "number": "9.3",
      "spec": "MediaStream Image Capture",
      "text": "MediaTrackConstraintSet dictionary",
      "url": "https://w3c.github.io/mediacapture-image/#mediatrackconstraintset-section"
    },
    "snapshot": {
      "number": "9.3",
      "spec": "MediaStream Image Capture",
      "text": "MediaTrackConstraintSet dictionary",
      "url": "https://www.w3.org/TR/image-capture/#mediatrackconstraintset-section"
    }
  },
  "#mediatracksettings-members": {
    "current": {
      "number": "9.4.1",
      "spec": "MediaStream Image Capture",
      "text": "Members",
      "url": "https://w3c.github.io/mediacapture-image/#mediatracksettings-members"
    },
    "snapshot": {
      "number": "9.4.1",
      "spec": "MediaStream Image Capture",
      "text": "Members",
      "url": "https://www.w3.org/TR/image-capture/#mediatracksettings-members"
    }
  },
  "#mediatracksettings-section": {
    "current": {
      "number": "9.4",
      "spec": "MediaStream Image Capture",
      "text": "MediaTrackSettings dictionary",
      "url": "https://w3c.github.io/mediacapture-image/#mediatracksettings-section"
    },
    "snapshot": {
      "number": "9.4",
      "spec": "MediaStream Image Capture",
      "text": "MediaTrackSettings dictionary",
      "url": "https://www.w3.org/TR/image-capture/#mediatracksettings-section"
    }
  },
  "#mediatracksupportedconstraints-members": {
    "current": {
      "number": "9.1.1",
      "spec": "MediaStream Image Capture",
      "text": "Members",
      "url": "https://w3c.github.io/mediacapture-image/#mediatracksupportedconstraints-members"
    },
    "snapshot": {
      "number": "9.1.1",
      "spec": "MediaStream Image Capture",
      "text": "Members",
      "url": "https://www.w3.org/TR/image-capture/#mediatracksupportedconstraints-members"
    }
  },
  "#mediatracksupportedconstraints-section": {
    "current": {
      "number": "9.1",
      "spec": "MediaStream Image Capture",
      "text": "MediaTrackSupportedConstraints dictionary",
      "url": "https://w3c.github.io/mediacapture-image/#mediatracksupportedconstraints-section"
    },
    "snapshot": {
      "number": "9.1",
      "spec": "MediaStream Image Capture",
      "text": "MediaTrackSupportedConstraints dictionary",
      "url": "https://www.w3.org/TR/image-capture/#mediatracksupportedconstraints-section"
    }
  },
  "#meteringmode-section": {
    "current": {
      "number": "",
      "spec": "MediaStream Image Capture",
      "text": "11. MeteringMode",
      "url": "https://w3c.github.io/mediacapture-image/#meteringmode-section"
    },
    "snapshot": {
      "number": "",
      "spec": "MediaStream Image Capture",
      "text": "11. MeteringMode",
      "url": "https://www.w3.org/TR/image-capture/#meteringmode-section"
    }
  },
  "#meteringmode-values": {
    "current": {
      "number": "11.1",
      "spec": "MediaStream Image Capture",
      "text": "Values",
      "url": "https://w3c.github.io/mediacapture-image/#meteringmode-values"
    },
    "snapshot": {
      "number": "11.1",
      "spec": "MediaStream Image Capture",
      "text": "Values",
      "url": "https://www.w3.org/TR/image-capture/#meteringmode-values"
    }
  },
  "#normative": {
    "current": {
      "number": "",
      "spec": "MediaStream Image Capture",
      "text": "Normative References",
      "url": "https://w3c.github.io/mediacapture-image/#normative"
    },
    "snapshot": {
      "number": "",
      "spec": "MediaStream Image Capture",
      "text": "Normative References",
      "url": "https://www.w3.org/TR/image-capture/#normative"
    }
  },
  "#photocapabilities-members": {
    "current": {
      "number": "4.1",
      "spec": "MediaStream Image Capture",
      "text": "Members",
      "url": "https://w3c.github.io/mediacapture-image/#photocapabilities-members"
    },
    "snapshot": {
      "number": "4.1",
      "spec": "MediaStream Image Capture",
      "text": "Members",
      "url": "https://www.w3.org/TR/image-capture/#photocapabilities-members"
    }
  },
  "#photocapabilities-section": {
    "current": {
      "number": "4",
      "spec": "MediaStream Image Capture",
      "text": "PhotoCapabilities",
      "url": "https://w3c.github.io/mediacapture-image/#photocapabilities-section"
    },
    "snapshot": {
      "number": "4",
      "spec": "MediaStream Image Capture",
      "text": "PhotoCapabilities",
      "url": "https://www.w3.org/TR/image-capture/#photocapabilities-section"
    }
  },
  "#photosettings-members": {
    "current": {
      "number": "5.1",
      "spec": "MediaStream Image Capture",
      "text": "Members",
      "url": "https://w3c.github.io/mediacapture-image/#photosettings-members"
    },
    "snapshot": {
      "number": "5.1",
      "spec": "MediaStream Image Capture",
      "text": "Members",
      "url": "https://www.w3.org/TR/image-capture/#photosettings-members"
    }
  },
  "#photosettings-section": {
    "current": {
      "number": "5",
      "spec": "MediaStream Image Capture",
      "text": "PhotoSettings",
      "url": "https://w3c.github.io/mediacapture-image/#photosettings-section"
    },
    "snapshot": {
      "number": "5",
      "spec": "MediaStream Image Capture",
      "text": "PhotoSettings",
      "url": "https://www.w3.org/TR/image-capture/#photosettings-section"
    }
  },
  "#point2d-members": {
    "current": {
      "number": "12.1",
      "spec": "MediaStream Image Capture",
      "text": "Members",
      "url": "https://w3c.github.io/mediacapture-image/#point2d-members"
    },
    "snapshot": {
      "number": "12.1",
      "spec": "MediaStream Image Capture",
      "text": "Members",
      "url": "https://www.w3.org/TR/image-capture/#point2d-members"
    }
  },
  "#point2d-section": {
    "current": {
      "number": "",
      "spec": "MediaStream Image Capture",
      "text": "12. Point2D",
      "url": "https://w3c.github.io/mediacapture-image/#point2d-section"
    },
    "snapshot": {
      "number": "",
      "spec": "MediaStream Image Capture",
      "text": "12. Point2D",
      "url": "https://www.w3.org/TR/image-capture/#point2d-section"
    }
  },
  "#redeyereduction-section": {
    "current": {
      "number": "7",
      "spec": "MediaStream Image Capture",
      "text": "RedEyeReduction",
      "url": "https://w3c.github.io/mediacapture-image/#redeyereduction-section"
    },
    "snapshot": {
      "number": "7",
      "spec": "MediaStream Image Capture",
      "text": "RedEyeReduction",
      "url": "https://www.w3.org/TR/image-capture/#redeyereduction-section"
    }
  },
  "#redeyereduction-values": {
    "current": {
      "number": "7.1",
      "spec": "MediaStream Image Capture",
      "text": "Values",
      "url": "https://w3c.github.io/mediacapture-image/#redeyereduction-values"
    },
    "snapshot": {
      "number": "7.1",
      "spec": "MediaStream Image Capture",
      "text": "Values",
      "url": "https://www.w3.org/TR/image-capture/#redeyereduction-values"
    }
  },
  "#references": {
    "current": {
      "number": "",
      "spec": "MediaStream Image Capture",
      "text": "References",
      "url": "https://w3c.github.io/mediacapture-image/#references"
    },
    "snapshot": {
      "number": "",
      "spec": "MediaStream Image Capture",
      "text": "References",
      "url": "https://www.w3.org/TR/image-capture/#references"
    }
  },
  "#securityandprivacy": {
    "current": {
      "number": "2",
      "spec": "MediaStream Image Capture",
      "text": "Security and Privacy Considerations",
      "url": "https://w3c.github.io/mediacapture-image/#securityandprivacy"
    },
    "snapshot": {
      "number": "2",
      "spec": "MediaStream Image Capture",
      "text": "Security and Privacy Considerations",
      "url": "https://www.w3.org/TR/image-capture/#securityandprivacy"
    }
  },
  "#sotd": {
    "current": {
      "number": "",
      "spec": "MediaStream Image Capture",
      "text": "Status of this document",
      "url": "https://w3c.github.io/mediacapture-image/#sotd"
    },
    "snapshot": {
      "number": "",
      "spec": "MediaStream Image Capture",
      "text": "Status of this document",
      "url": "https://www.w3.org/TR/image-capture/#sotd"
    }
  },
  "#title": {
    "current": {
      "number": "",
      "spec": "MediaStream Image Capture",
      "text": "MediaStream Image Capture",
      "url": "https://w3c.github.io/mediacapture-image/#title"
    },
    "snapshot": {
      "number": "",
      "spec": "MediaStream Image Capture",
      "text": "MediaStream Image Capture",
      "url": "https://www.w3.org/TR/image-capture/#title"
    }
  },
  "#toc": {
    "current": {
      "number": "",
      "spec": "MediaStream Image Capture",
      "text": "Table of Contents",
      "url": "https://w3c.github.io/mediacapture-image/#toc"
    },
    "snapshot": {
      "number": "",
      "spec": "MediaStream Image Capture",
      "text": "Table of Contents",
      "url": "https://www.w3.org/TR/image-capture/#toc"
    }
  },
  "#w3c-conformance": {
    "current": {
      "number": "",
      "spec": "MediaStream Image Capture",
      "text": "Conformance",
      "url": "https://w3c.github.io/mediacapture-image/#w3c-conformance"
    },
    "snapshot": {
      "number": "",
      "spec": "MediaStream Image Capture",
      "text": "Conformance",
      "url": "https://www.w3.org/TR/image-capture/#w3c-conformance"
    }
  },
  "#w3c-conformant-algorithms": {
    "current": {
      "number": "",
      "spec": "MediaStream Image Capture",
      "text": "Conformant Algorithms",
      "url": "https://w3c.github.io/mediacapture-image/#w3c-conformant-algorithms"
    },
    "snapshot": {
      "number": "",
      "spec": "MediaStream Image Capture",
      "text": "Conformant Algorithms",
      "url": "https://www.w3.org/TR/image-capture/#w3c-conformant-algorithms"
    }
  },
  "#w3c-conventions": {
    "current": {
      "number": "",
      "spec": "MediaStream Image Capture",
      "text": "Document conventions",
      "url": "https://w3c.github.io/mediacapture-image/#w3c-conventions"
    },
    "snapshot": {
      "number": "",
      "spec": "MediaStream Image Capture",
      "text": "Document conventions",
      "url": "https://www.w3.org/TR/image-capture/#w3c-conventions"
    }
  }
}