{
  "#abstract": {
    "current": {
      "number": "",
      "spec": "Clear Site Data",
      "text": "Abstract",
      "url": "https://w3c.github.io/webappsec-clear-site-data/#abstract"
    },
    "snapshot": {
      "number": "",
      "spec": "Clear Site Data",
      "text": "Abstract",
      "url": "https://www.w3.org/TR/clear-site-data/#abstract"
    }
  },
  "#acknowledgements": {
    "current": {
      "number": "8",
      "spec": "Clear Site Data",
      "text": "Acknowledgements",
      "url": "https://w3c.github.io/webappsec-clear-site-data/#acknowledgements"
    },
    "snapshot": {
      "number": "8",
      "spec": "Clear Site Data",
      "text": "Acknowledgements",
      "url": "https://www.w3.org/TR/clear-site-data/#acknowledgements"
    }
  },
  "#algorithms": {
    "current": {
      "number": "4",
      "spec": "Clear Site Data",
      "text": "Algorithms",
      "url": "https://w3c.github.io/webappsec-clear-site-data/#algorithms"
    },
    "snapshot": {
      "number": "4",
      "spec": "Clear Site Data",
      "text": "Algorithms",
      "url": "https://www.w3.org/TR/clear-site-data/#algorithms"
    }
  },
  "#clear-cache": {
    "current": {
      "number": "4.2.3",
      "spec": "Clear Site Data",
      "text": "Clear cache for origin",
      "url": "https://w3c.github.io/webappsec-clear-site-data/#clear-cache"
    },
    "snapshot": {
      "number": "4.2.3",
      "spec": "Clear Site Data",
      "text": "Clear cache for origin",
      "url": "https://www.w3.org/TR/clear-site-data/#clear-cache"
    }
  },
  "#clear-cookies": {
    "current": {
      "number": "4.2.4",
      "spec": "Clear Site Data",
      "text": "Clear cookies for origin",
      "url": "https://w3c.github.io/webappsec-clear-site-data/#clear-cookies"
    },
    "snapshot": {
      "number": "4.2.4",
      "spec": "Clear Site Data",
      "text": "Clear cookies for origin",
      "url": "https://www.w3.org/TR/clear-site-data/#clear-cookies"
    }
  },
  "#clear-dom": {
    "current": {
      "number": "4.2.5",
      "spec": "Clear Site Data",
      "text": "Clear DOM-accessible storage for origin",
      "url": "https://w3c.github.io/webappsec-clear-site-data/#clear-dom"
    },
    "snapshot": {
      "number": "4.2.5",
      "spec": "Clear Site Data",
      "text": "Clear DOM-accessible storage for origin",
      "url": "https://www.w3.org/TR/clear-site-data/#clear-dom"
    }
  },
  "#clear-response": {
    "current": {
      "number": "4.2",
      "spec": "Clear Site Data",
      "text": "Clear data for response",
      "url": "https://w3c.github.io/webappsec-clear-site-data/#clear-response"
    },
    "snapshot": {
      "number": "4.2",
      "spec": "Clear Site Data",
      "text": "Clear data for response",
      "url": "https://www.w3.org/TR/clear-site-data/#clear-response"
    }
  },
  "#clearing": {
    "current": {
      "number": "3",
      "spec": "Clear Site Data",
      "text": "Clearing Site Data",
      "url": "https://w3c.github.io/webappsec-clear-site-data/#clearing"
    },
    "snapshot": {
      "number": "3",
      "spec": "Clear Site Data",
      "text": "Clearing Site Data",
      "url": "https://www.w3.org/TR/clear-site-data/#clearing"
    }
  },
  "#conformance": {
    "snapshot": {
      "number": "",
      "spec": "Clear Site Data",
      "text": "Conformance",
      "url": "https://www.w3.org/TR/clear-site-data/#conformance"
    }
  },
  "#conformant-algorithms": {
    "snapshot": {
      "number": "",
      "spec": "Clear Site Data",
      "text": "Conformant Algorithms",
      "url": "https://www.w3.org/TR/clear-site-data/#conformant-algorithms"
    }
  },
  "#conventions": {
    "snapshot": {
      "number": "",
      "spec": "Clear Site Data",
      "text": "Document conventions",
      "url": "https://www.w3.org/TR/clear-site-data/#conventions"
    }
  },
  "#example-keepcookies": {
    "current": {
      "number": "1.1.3",
      "spec": "Clear Site Data",
      "text": "Keep Critical Cookies",
      "url": "https://w3c.github.io/webappsec-clear-site-data/#example-keepcookies"
    },
    "snapshot": {
      "number": "1.1.3",
      "spec": "Clear Site Data",
      "text": "Keep Critical Cookies",
      "url": "https://www.w3.org/TR/clear-site-data/#example-keepcookies"
    }
  },
  "#example-killswitch": {
    "current": {
      "number": "1.1.4",
      "spec": "Clear Site Data",
      "text": "Kill Switch",
      "url": "https://w3c.github.io/webappsec-clear-site-data/#example-killswitch"
    },
    "snapshot": {
      "number": "1.1.4",
      "spec": "Clear Site Data",
      "text": "Kill Switch",
      "url": "https://www.w3.org/TR/clear-site-data/#example-killswitch"
    }
  },
  "#example-signout": {
    "current": {
      "number": "1.1.1",
      "spec": "Clear Site Data",
      "text": "Signing Out",
      "url": "https://w3c.github.io/webappsec-clear-site-data/#example-signout"
    },
    "snapshot": {
      "number": "1.1.1",
      "spec": "Clear Site Data",
      "text": "Signing Out",
      "url": "https://www.w3.org/TR/clear-site-data/#example-signout"
    }
  },
  "#example-targeted": {
    "current": {
      "number": "1.1.2",
      "spec": "Clear Site Data",
      "text": "Targeted Clearing",
      "url": "https://w3c.github.io/webappsec-clear-site-data/#example-targeted"
    },
    "snapshot": {
      "number": "1.1.2",
      "spec": "Clear Site Data",
      "text": "Targeted Clearing",
      "url": "https://www.w3.org/TR/clear-site-data/#example-targeted"
    }
  },
  "#examples": {
    "current": {
      "number": "1.1",
      "spec": "Clear Site Data",
      "text": "Examples",
      "url": "https://w3c.github.io/webappsec-clear-site-data/#examples"
    },
    "snapshot": {
      "number": "1.1",
      "spec": "Clear Site Data",
      "text": "Examples",
      "url": "https://www.w3.org/TR/clear-site-data/#examples"
    }
  },
  "#fetch-integration": {
    "current": {
      "number": "3.2",
      "spec": "Clear Site Data",
      "text": "Fetch Integration",
      "url": "https://w3c.github.io/webappsec-clear-site-data/#fetch-integration"
    },
    "snapshot": {
      "number": "3.2",
      "spec": "Clear Site Data",
      "text": "Fetch Integration",
      "url": "https://www.w3.org/TR/clear-site-data/#fetch-integration"
    }
  },
  "#goals": {
    "current": {
      "number": "1.2",
      "spec": "Clear Site Data",
      "text": "Goals",
      "url": "https://w3c.github.io/webappsec-clear-site-data/#goals"
    },
    "snapshot": {
      "number": "1.2",
      "spec": "Clear Site Data",
      "text": "Goals",
      "url": "https://www.w3.org/TR/clear-site-data/#goals"
    }
  },
  "#header": {
    "current": {
      "number": "3.1",
      "spec": "Clear Site Data",
      "text": "The Clear-Site-Data HTTP Response Header Field",
      "url": "https://w3c.github.io/webappsec-clear-site-data/#header"
    },
    "snapshot": {
      "number": "3.1",
      "spec": "Clear Site Data",
      "text": "The Clear-Site-Data HTTP Response Header Field",
      "url": "https://www.w3.org/TR/clear-site-data/#header"
    }
  },
  "#iana-clear-site-data": {
    "current": {
      "number": "7.1",
      "spec": "Clear Site Data",
      "text": "Clear-Site-Data",
      "url": "https://w3c.github.io/webappsec-clear-site-data/#iana-clear-site-data"
    },
    "snapshot": {
      "number": "7.1",
      "spec": "Clear Site Data",
      "text": "Clear-Site-Data",
      "url": "https://www.w3.org/TR/clear-site-data/#iana-clear-site-data"
    }
  },
  "#iana-considerations": {
    "current": {
      "number": "7",
      "spec": "Clear Site Data",
      "text": "IANA Considerations",
      "url": "https://w3c.github.io/webappsec-clear-site-data/#iana-considerations"
    },
    "snapshot": {
      "number": "7",
      "spec": "Clear Site Data",
      "text": "IANA Considerations",
      "url": "https://www.w3.org/TR/clear-site-data/#iana-considerations"
    }
  },
  "#incomplete": {
    "current": {
      "number": "5.1",
      "spec": "Clear Site Data",
      "text": "Incomplete Clearing",
      "url": "https://w3c.github.io/webappsec-clear-site-data/#incomplete"
    },
    "snapshot": {
      "number": "5.1",
      "spec": "Clear Site Data",
      "text": "Incomplete Clearing",
      "url": "https://www.w3.org/TR/clear-site-data/#incomplete"
    }
  },
  "#index": {
    "current": {
      "number": "",
      "spec": "Clear Site Data",
      "text": "Index",
      "url": "https://w3c.github.io/webappsec-clear-site-data/#index"
    },
    "snapshot": {
      "number": "",
      "spec": "Clear Site Data",
      "text": "Index",
      "url": "https://www.w3.org/TR/clear-site-data/#index"
    }
  },
  "#index-defined-elsewhere": {
    "current": {
      "number": "",
      "spec": "Clear Site Data",
      "text": "Terms defined by reference",
      "url": "https://w3c.github.io/webappsec-clear-site-data/#index-defined-elsewhere"
    },
    "snapshot": {
      "number": "",
      "spec": "Clear Site Data",
      "text": "Terms defined by reference",
      "url": "https://www.w3.org/TR/clear-site-data/#index-defined-elsewhere"
    }
  },
  "#index-defined-here": {
    "current": {
      "number": "",
      "spec": "Clear Site Data",
      "text": "Terms defined by this specification",
      "url": "https://w3c.github.io/webappsec-clear-site-data/#index-defined-here"
    },
    "snapshot": {
      "number": "",
      "spec": "Clear Site Data",
      "text": "Terms defined by this specification",
      "url": "https://www.w3.org/TR/clear-site-data/#index-defined-here"
    }
  },
  "#informative": {
    "current": {
      "number": "",
      "spec": "Clear Site Data",
      "text": "Informative References",
      "url": "https://w3c.github.io/webappsec-clear-site-data/#informative"
    },
    "snapshot": {
      "number": "",
      "spec": "Clear Site Data",
      "text": "Informative References",
      "url": "https://www.w3.org/TR/clear-site-data/#informative"
    }
  },
  "#infra": {
    "current": {
      "number": "2",
      "spec": "Clear Site Data",
      "text": "Infrastructure",
      "url": "https://w3c.github.io/webappsec-clear-site-data/#infra"
    },
    "snapshot": {
      "number": "2",
      "spec": "Clear Site Data",
      "text": "Infrastructure",
      "url": "https://www.w3.org/TR/clear-site-data/#infra"
    }
  },
  "#intro": {
    "current": {
      "number": "1",
      "spec": "Clear Site Data",
      "text": "Introduction",
      "url": "https://w3c.github.io/webappsec-clear-site-data/#intro"
    },
    "snapshot": {
      "number": "1",
      "spec": "Clear Site Data",
      "text": "Introduction",
      "url": "https://www.w3.org/TR/clear-site-data/#intro"
    }
  },
  "#issues-index": {
    "current": {
      "number": "",
      "spec": "Clear Site Data",
      "text": "Issues Index",
      "url": "https://w3c.github.io/webappsec-clear-site-data/#issues-index"
    },
    "snapshot": {
      "number": "",
      "spec": "Clear Site Data",
      "text": "Issues Index",
      "url": "https://www.w3.org/TR/clear-site-data/#issues-index"
    }
  },
  "#normative": {
    "current": {
      "number": "",
      "spec": "Clear Site Data",
      "text": "Normative References",
      "url": "https://w3c.github.io/webappsec-clear-site-data/#normative"
    },
    "snapshot": {
      "number": "",
      "spec": "Clear Site Data",
      "text": "Normative References",
      "url": "https://www.w3.org/TR/clear-site-data/#normative"
    }
  },
  "#parsing": {
    "current": {
      "number": "4.1",
      "spec": "Clear Site Data",
      "text": "Parsing",
      "url": "https://w3c.github.io/webappsec-clear-site-data/#parsing"
    },
    "snapshot": {
      "number": "4.1",
      "spec": "Clear Site Data",
      "text": "Parsing",
      "url": "https://www.w3.org/TR/clear-site-data/#parsing"
    }
  },
  "#prepare": {
    "current": {
      "number": "4.2.1",
      "spec": "Clear Site Data",
      "text": "Prepare to clear origin’s data",
      "url": "https://w3c.github.io/webappsec-clear-site-data/#prepare"
    },
    "snapshot": {
      "number": "4.2.1",
      "spec": "Clear Site Data",
      "text": "Prepare to clear origin’s data",
      "url": "https://www.w3.org/TR/clear-site-data/#prepare"
    }
  },
  "#privacy": {
    "current": {
      "number": "6",
      "spec": "Clear Site Data",
      "text": "Privacy Considerations",
      "url": "https://w3c.github.io/webappsec-clear-site-data/#privacy"
    },
    "snapshot": {
      "number": "6",
      "spec": "Clear Site Data",
      "text": "Privacy Considerations",
      "url": "https://www.w3.org/TR/clear-site-data/#privacy"
    }
  },
  "#references": {
    "current": {
      "number": "",
      "spec": "Clear Site Data",
      "text": "References",
      "url": "https://w3c.github.io/webappsec-clear-site-data/#references"
    },
    "snapshot": {
      "number": "",
      "spec": "Clear Site Data",
      "text": "References",
      "url": "https://www.w3.org/TR/clear-site-data/#references"
    }
  },
  "#reload-contexts": {
    "current": {
      "number": "4.2.2",
      "spec": "Clear Site Data",
      "text": "Reload browsing contexts",
      "url": "https://w3c.github.io/webappsec-clear-site-data/#reload-contexts"
    },
    "snapshot": {
      "number": "4.2.2",
      "spec": "Clear Site Data",
      "text": "Reload browsing contexts",
      "url": "https://www.w3.org/TR/clear-site-data/#reload-contexts"
    }
  },
  "#remnants": {
    "current": {
      "number": "6.2",
      "spec": "Clear Site Data",
      "text": "Remnants of data on disk.",
      "url": "https://w3c.github.io/webappsec-clear-site-data/#remnants"
    },
    "snapshot": {
      "number": "6.2",
      "spec": "Clear Site Data",
      "text": "Remnants of data on disk.",
      "url": "https://www.w3.org/TR/clear-site-data/#remnants"
    }
  },
  "#security": {
    "current": {
      "number": "5",
      "spec": "Clear Site Data",
      "text": "Security Considerations",
      "url": "https://w3c.github.io/webappsec-clear-site-data/#security"
    },
    "snapshot": {
      "number": "5",
      "spec": "Clear Site Data",
      "text": "Security Considerations",
      "url": "https://www.w3.org/TR/clear-site-data/#security"
    }
  },
  "#service-workers": {
    "current": {
      "number": "5.2",
      "spec": "Clear Site Data",
      "text": "Service workers",
      "url": "https://w3c.github.io/webappsec-clear-site-data/#service-workers"
    },
    "snapshot": {
      "number": "5.2",
      "spec": "Clear Site Data",
      "text": "Service workers",
      "url": "https://www.w3.org/TR/clear-site-data/#service-workers"
    }
  },
  "#sotd": {
    "current": {
      "number": "",
      "spec": "Clear Site Data",
      "text": "Status of this document",
      "url": "https://w3c.github.io/webappsec-clear-site-data/#sotd"
    }
  },
  "#status": {
    "snapshot": {
      "number": "",
      "spec": "Clear Site Data",
      "text": "Status of this document",
      "url": "https://www.w3.org/TR/clear-site-data/#status"
    }
  },
  "#subtitle": {
    "snapshot": {
      "number": "",
      "spec": "Clear Site Data",
      "text": "W3C Working Draft, 30 November 2017",
      "url": "https://www.w3.org/TR/clear-site-data/#subtitle"
    }
  },
  "#toc": {
    "current": {
      "number": "",
      "spec": "Clear Site Data",
      "text": "Table of Contents",
      "url": "https://w3c.github.io/webappsec-clear-site-data/#toc"
    },
    "snapshot": {
      "number": "",
      "spec": "Clear Site Data",
      "text": "Table of Contents",
      "url": "https://www.w3.org/TR/clear-site-data/#toc"
    }
  },
  "#user-vs-author": {
    "current": {
      "number": "6.1",
      "spec": "Clear Site Data",
      "text": "Web developers control the timing.",
      "url": "https://w3c.github.io/webappsec-clear-site-data/#user-vs-author"
    },
    "snapshot": {
      "number": "6.1",
      "spec": "Clear Site Data",
      "text": "Web developers control the timing.",
      "url": "https://www.w3.org/TR/clear-site-data/#user-vs-author"
    }
  }
}