{
  "#abstract": {
    "current": {
      "number": "",
      "spec": "CSS Viewport 1",
      "text": "Abstract",
      "url": "https://drafts.csswg.org/css-viewport-1/#abstract"
    },
    "snapshot": {
      "number": "",
      "spec": "CSS Viewport 1",
      "text": "Abstract",
      "url": "https://www.w3.org/TR/css-viewport-1/#abstract"
    }
  },
  "#changes": {
    "current": {
      "number": "A",
      "spec": "CSS Viewport 1",
      "text": "Changes",
      "url": "https://drafts.csswg.org/css-viewport-1/#changes"
    },
    "snapshot": {
      "number": "A",
      "spec": "CSS Viewport 1",
      "text": "Changes",
      "url": "https://www.w3.org/TR/css-viewport-1/#changes"
    }
  },
  "#extend-to-zoom": {
    "current": {
      "number": "3.3",
      "spec": "CSS Viewport 1",
      "text": "extend-to-zoom",
      "url": "https://drafts.csswg.org/css-viewport-1/#extend-to-zoom"
    },
    "snapshot": {
      "number": "3.3",
      "spec": "CSS Viewport 1",
      "text": "extend-to-zoom",
      "url": "https://www.w3.org/TR/css-viewport-1/#extend-to-zoom"
    }
  },
  "#index": {
    "current": {
      "number": "",
      "spec": "CSS Viewport 1",
      "text": "Index",
      "url": "https://drafts.csswg.org/css-viewport-1/#index"
    },
    "snapshot": {
      "number": "",
      "spec": "CSS Viewport 1",
      "text": "Index",
      "url": "https://www.w3.org/TR/css-viewport-1/#index"
    }
  },
  "#index-defined-elsewhere": {
    "current": {
      "number": "",
      "spec": "CSS Viewport 1",
      "text": "Terms defined by reference",
      "url": "https://drafts.csswg.org/css-viewport-1/#index-defined-elsewhere"
    },
    "snapshot": {
      "number": "",
      "spec": "CSS Viewport 1",
      "text": "Terms defined by reference",
      "url": "https://www.w3.org/TR/css-viewport-1/#index-defined-elsewhere"
    }
  },
  "#index-defined-here": {
    "current": {
      "number": "",
      "spec": "CSS Viewport 1",
      "text": "Terms defined by this specification",
      "url": "https://drafts.csswg.org/css-viewport-1/#index-defined-here"
    },
    "snapshot": {
      "number": "",
      "spec": "CSS Viewport 1",
      "text": "Terms defined by this specification",
      "url": "https://www.w3.org/TR/css-viewport-1/#index-defined-here"
    }
  },
  "#informative": {
    "current": {
      "number": "",
      "spec": "CSS Viewport 1",
      "text": "Informative References",
      "url": "https://drafts.csswg.org/css-viewport-1/#informative"
    },
    "snapshot": {
      "number": "",
      "spec": "CSS Viewport 1",
      "text": "Informative References",
      "url": "https://www.w3.org/TR/css-viewport-1/#informative"
    }
  },
  "#interaction-with-virtualkeyboard-overlayscontent": {
    "current": {
      "number": "3.4.1",
      "spec": "CSS Viewport 1",
      "text": "Interaction with virtualKeyboard.overlaysContent",
      "url": "https://drafts.csswg.org/css-viewport-1/#interaction-with-virtualkeyboard-overlayscontent"
    },
    "snapshot": {
      "number": "3.4.1",
      "spec": "CSS Viewport 1",
      "text": "Interaction with virtualKeyboard.overlaysContent",
      "url": "https://www.w3.org/TR/css-viewport-1/#interaction-with-virtualkeyboard-overlayscontent"
    }
  },
  "#interactive-widget-section": {
    "current": {
      "number": "3.4",
      "spec": "CSS Viewport 1",
      "text": "interactive-widget",
      "url": "https://drafts.csswg.org/css-viewport-1/#interactive-widget-section"
    },
    "snapshot": {
      "number": "3.4",
      "spec": "CSS Viewport 1",
      "text": "interactive-widget",
      "url": "https://www.w3.org/TR/css-viewport-1/#interactive-widget-section"
    }
  },
  "#intro": {
    "current": {
      "number": "1",
      "spec": "CSS Viewport 1",
      "text": "Introduction",
      "url": "https://drafts.csswg.org/css-viewport-1/#intro"
    },
    "snapshot": {
      "number": "1",
      "spec": "CSS Viewport 1",
      "text": "Introduction",
      "url": "https://www.w3.org/TR/css-viewport-1/#intro"
    }
  },
  "#issues-index": {
    "current": {
      "number": "",
      "spec": "CSS Viewport 1",
      "text": "Issues Index",
      "url": "https://drafts.csswg.org/css-viewport-1/#issues-index"
    },
    "snapshot": {
      "number": "",
      "spec": "CSS Viewport 1",
      "text": "Issues Index",
      "url": "https://www.w3.org/TR/css-viewport-1/#issues-index"
    }
  },
  "#meta-properties": {
    "current": {
      "number": "3.1",
      "spec": "CSS Viewport 1",
      "text": "Properties",
      "url": "https://drafts.csswg.org/css-viewport-1/#meta-properties"
    },
    "snapshot": {
      "number": "3.1",
      "spec": "CSS Viewport 1",
      "text": "Properties",
      "url": "https://www.w3.org/TR/css-viewport-1/#meta-properties"
    }
  },
  "#normative": {
    "current": {
      "number": "",
      "spec": "CSS Viewport 1",
      "text": "Normative References",
      "url": "https://drafts.csswg.org/css-viewport-1/#normative"
    },
    "snapshot": {
      "number": "",
      "spec": "CSS Viewport 1",
      "text": "Normative References",
      "url": "https://www.w3.org/TR/css-viewport-1/#normative"
    }
  },
  "#parsing-algorithm": {
    "current": {
      "number": "3.2",
      "spec": "CSS Viewport 1",
      "text": "Parsing algorithm",
      "url": "https://drafts.csswg.org/css-viewport-1/#parsing-algorithm"
    },
    "snapshot": {
      "number": "3.2",
      "spec": "CSS Viewport 1",
      "text": "Parsing algorithm",
      "url": "https://www.w3.org/TR/css-viewport-1/#parsing-algorithm"
    }
  },
  "#property-index": {
    "current": {
      "number": "",
      "spec": "CSS Viewport 1",
      "text": "Property Index",
      "url": "https://drafts.csswg.org/css-viewport-1/#property-index"
    }
  },
  "#references": {
    "current": {
      "number": "",
      "spec": "CSS Viewport 1",
      "text": "References",
      "url": "https://drafts.csswg.org/css-viewport-1/#references"
    },
    "snapshot": {
      "number": "",
      "spec": "CSS Viewport 1",
      "text": "References",
      "url": "https://www.w3.org/TR/css-viewport-1/#references"
    }
  },
  "#since-the-15-september-2011-first-public-working-draft": {
    "current": {
      "number": "",
      "spec": "CSS Viewport 1",
      "text": "Since the 15 September 2011 First Public Working Draft.",
      "url": "https://drafts.csswg.org/css-viewport-1/#since-the-15-september-2011-first-public-working-draft"
    },
    "snapshot": {
      "number": "",
      "spec": "CSS Viewport 1",
      "text": "Since the 15 September 2011 First Public Working Draft.",
      "url": "https://www.w3.org/TR/css-viewport-1/#since-the-15-september-2011-first-public-working-draft"
    }
  },
  "#since-the-29-march-2016-working-draft": {
    "current": {
      "number": "",
      "spec": "CSS Viewport 1",
      "text": "Since the 29 March 2016 Working Draft",
      "url": "https://drafts.csswg.org/css-viewport-1/#since-the-29-march-2016-working-draft"
    },
    "snapshot": {
      "number": "",
      "spec": "CSS Viewport 1",
      "text": "Since the 29 March 2016 Working Draft",
      "url": "https://www.w3.org/TR/css-viewport-1/#since-the-29-march-2016-working-draft"
    }
  },
  "#sotd": {
    "current": {
      "number": "",
      "spec": "CSS Viewport 1",
      "text": "Status of this document",
      "url": "https://drafts.csswg.org/css-viewport-1/#sotd"
    },
    "snapshot": {
      "number": "",
      "spec": "CSS Viewport 1",
      "text": "Status of this document",
      "url": "https://www.w3.org/TR/css-viewport-1/#sotd"
    }
  },
  "#the-viewport": {
    "current": {
      "number": "2",
      "spec": "CSS Viewport 1",
      "text": "The viewport",
      "url": "https://drafts.csswg.org/css-viewport-1/#the-viewport"
    },
    "snapshot": {
      "number": "2",
      "spec": "CSS Viewport 1",
      "text": "The viewport",
      "url": "https://www.w3.org/TR/css-viewport-1/#the-viewport"
    }
  },
  "#title": {
    "current": {
      "number": "",
      "spec": "CSS Viewport 1",
      "text": "CSS Viewport Module Level 1",
      "url": "https://drafts.csswg.org/css-viewport-1/#title"
    },
    "snapshot": {
      "number": "",
      "spec": "CSS Viewport 1",
      "text": "CSS Viewport Module Level 1",
      "url": "https://www.w3.org/TR/css-viewport-1/#title"
    }
  },
  "#toc": {
    "current": {
      "number": "",
      "spec": "CSS Viewport 1",
      "text": "Table of Contents",
      "url": "https://drafts.csswg.org/css-viewport-1/#toc"
    },
    "snapshot": {
      "number": "",
      "spec": "CSS Viewport 1",
      "text": "Table of Contents",
      "url": "https://www.w3.org/TR/css-viewport-1/#toc"
    }
  },
  "#viewport-meta": {
    "current": {
      "number": "3",
      "spec": "CSS Viewport 1",
      "text": "Viewport <meta> element",
      "url": "https://drafts.csswg.org/css-viewport-1/#viewport-meta"
    },
    "snapshot": {
      "number": "3",
      "spec": "CSS Viewport 1",
      "text": "Viewport <meta> element",
      "url": "https://www.w3.org/TR/css-viewport-1/#viewport-meta"
    }
  },
  "#w3c-conform-future-proofing": {
    "current": {
      "number": "",
      "spec": "CSS Viewport 1",
      "text": "Implementations of Unstable and Proprietary Features",
      "url": "https://drafts.csswg.org/css-viewport-1/#w3c-conform-future-proofing"
    },
    "snapshot": {
      "number": "",
      "spec": "CSS Viewport 1",
      "text": "Implementations of Unstable and Proprietary Features",
      "url": "https://www.w3.org/TR/css-viewport-1/#w3c-conform-future-proofing"
    }
  },
  "#w3c-conformance": {
    "current": {
      "number": "",
      "spec": "CSS Viewport 1",
      "text": "Conformance",
      "url": "https://drafts.csswg.org/css-viewport-1/#w3c-conformance"
    },
    "snapshot": {
      "number": "",
      "spec": "CSS Viewport 1",
      "text": "Conformance",
      "url": "https://www.w3.org/TR/css-viewport-1/#w3c-conformance"
    }
  },
  "#w3c-conformance-classes": {
    "current": {
      "number": "",
      "spec": "CSS Viewport 1",
      "text": "Conformance classes",
      "url": "https://drafts.csswg.org/css-viewport-1/#w3c-conformance-classes"
    },
    "snapshot": {
      "number": "",
      "spec": "CSS Viewport 1",
      "text": "Conformance classes",
      "url": "https://www.w3.org/TR/css-viewport-1/#w3c-conformance-classes"
    }
  },
  "#w3c-conventions": {
    "current": {
      "number": "",
      "spec": "CSS Viewport 1",
      "text": "Document conventions",
      "url": "https://drafts.csswg.org/css-viewport-1/#w3c-conventions"
    },
    "snapshot": {
      "number": "",
      "spec": "CSS Viewport 1",
      "text": "Document conventions",
      "url": "https://www.w3.org/TR/css-viewport-1/#w3c-conventions"
    }
  },
  "#w3c-partial": {
    "current": {
      "number": "",
      "spec": "CSS Viewport 1",
      "text": "Partial implementations",
      "url": "https://drafts.csswg.org/css-viewport-1/#w3c-partial"
    },
    "snapshot": {
      "number": "",
      "spec": "CSS Viewport 1",
      "text": "Partial implementations",
      "url": "https://www.w3.org/TR/css-viewport-1/#w3c-partial"
    }
  },
  "#w3c-testing": {
    "current": {
      "number": "",
      "spec": "CSS Viewport 1",
      "text": "Non-experimental implementations",
      "url": "https://drafts.csswg.org/css-viewport-1/#w3c-testing"
    },
    "snapshot": {
      "number": "",
      "spec": "CSS Viewport 1",
      "text": "Non-experimental implementations",
      "url": "https://www.w3.org/TR/css-viewport-1/#w3c-testing"
    }
  },
  "#zoom-om": {
    "current": {
      "number": "4.1",
      "spec": "CSS Viewport 1",
      "text": "DOM and CSSOM interaction",
      "url": "https://drafts.csswg.org/css-viewport-1/#zoom-om"
    }
  },
  "#zoom-property": {
    "current": {
      "number": "4",
      "spec": "CSS Viewport 1",
      "text": "The zoom property",
      "url": "https://drafts.csswg.org/css-viewport-1/#zoom-property"
    }
  }
}