{
  "#add-a-mock-camera": {
    "current": {
      "number": "5.1",
      "spec": "Media Capture Automation",
      "text": "Add a mock camera",
      "url": "https://w3c.github.io/mediacapture-automation/#add-a-mock-camera"
    }
  },
  "#add-a-mock-microphone": {
    "current": {
      "number": "5.3",
      "spec": "Media Capture Automation",
      "text": "Add a mock microphone",
      "url": "https://w3c.github.io/mediacapture-automation/#add-a-mock-microphone"
    }
  },
  "#conformance": {
    "current": {
      "number": "2",
      "spec": "Media Capture Automation",
      "text": "Conformance",
      "url": "https://w3c.github.io/mediacapture-automation/#conformance"
    }
  },
  "#control-prompt-results": {
    "current": {
      "number": "3.1",
      "spec": "Media Capture Automation",
      "text": "Control prompt results",
      "url": "https://w3c.github.io/mediacapture-automation/#control-prompt-results"
    }
  },
  "#delete-a-mock-camera": {
    "current": {
      "number": "5.2",
      "spec": "Media Capture Automation",
      "text": "Delete a mock camera",
      "url": "https://w3c.github.io/mediacapture-automation/#delete-a-mock-camera"
    }
  },
  "#delete-a-mock-microphone": {
    "current": {
      "number": "5.4",
      "spec": "Media Capture Automation",
      "text": "Delete a mock microphone",
      "url": "https://w3c.github.io/mediacapture-automation/#delete-a-mock-microphone"
    }
  },
  "#dictionary-mockcameraconfiguration-members": {
    "current": {
      "number": "4.2.1",
      "spec": "Media Capture Automation",
      "text": "Dictionary MockCameraConfiguration Members",
      "url": "https://w3c.github.io/mediacapture-automation/#dictionary-mockcameraconfiguration-members"
    }
  },
  "#dictionary-mockcapturedeviceconfiguration-members": {
    "current": {
      "number": "4.1.1",
      "spec": "Media Capture Automation",
      "text": "Dictionary MockCaptureDeviceConfiguration Members",
      "url": "https://w3c.github.io/mediacapture-automation/#dictionary-mockcapturedeviceconfiguration-members"
    }
  },
  "#dictionary-mockmicrophoneconfiguration-members": {
    "current": {
      "number": "4.3.1",
      "spec": "Media Capture Automation",
      "text": "Dictionary MockMicrophoneConfiguration Members",
      "url": "https://w3c.github.io/mediacapture-automation/#dictionary-mockmicrophoneconfiguration-members"
    }
  },
  "#extension-commands": {
    "current": {
      "number": "5",
      "spec": "Media Capture Automation",
      "text": "Extension Commands",
      "url": "https://w3c.github.io/mediacapture-automation/#extension-commands"
    }
  },
  "#get-capture-prompt-result-0": {
    "current": {
      "number": "3.1.2",
      "spec": "Media Capture Automation",
      "text": "Get capture prompt result",
      "url": "https://w3c.github.io/mediacapture-automation/#get-capture-prompt-result-0"
    }
  },
  "#get-mock-capture-devices-0": {
    "current": {
      "number": "5.7",
      "spec": "Media Capture Automation",
      "text": "Get mock capture devices",
      "url": "https://w3c.github.io/mediacapture-automation/#get-mock-capture-devices-0"
    }
  },
  "#intro": {
    "current": {
      "number": "1",
      "spec": "Media Capture Automation",
      "text": "Introduction",
      "url": "https://w3c.github.io/mediacapture-automation/#intro"
    }
  },
  "#media-capture-permissions": {
    "current": {
      "number": "3",
      "spec": "Media Capture Automation",
      "text": "Media Capture Permissions",
      "url": "https://w3c.github.io/mediacapture-automation/#media-capture-permissions"
    }
  },
  "#mock-camera-0": {
    "current": {
      "number": "4.2",
      "spec": "Media Capture Automation",
      "text": "Mock Camera",
      "url": "https://w3c.github.io/mediacapture-automation/#mock-camera-0"
    }
  },
  "#mock-capture-device-0": {
    "current": {
      "number": "4.1",
      "spec": "Media Capture Automation",
      "text": "Mock Capture Device",
      "url": "https://w3c.github.io/mediacapture-automation/#mock-capture-device-0"
    }
  },
  "#mock-capture-devices": {
    "current": {
      "number": "4",
      "spec": "Media Capture Automation",
      "text": "Mock Capture Devices",
      "url": "https://w3c.github.io/mediacapture-automation/#mock-capture-devices"
    }
  },
  "#mock-microphone-0": {
    "current": {
      "number": "4.3",
      "spec": "Media Capture Automation",
      "text": "Mock Microphone",
      "url": "https://w3c.github.io/mediacapture-automation/#mock-microphone-0"
    }
  },
  "#normative-references": {
    "current": {
      "number": "A.1",
      "spec": "Media Capture Automation",
      "text": "Normative references",
      "url": "https://w3c.github.io/mediacapture-automation/#normative-references"
    }
  },
  "#references": {
    "current": {
      "number": "A",
      "spec": "Media Capture Automation",
      "text": "References",
      "url": "https://w3c.github.io/mediacapture-automation/#references"
    }
  },
  "#reset-mock-capture-devices-0": {
    "current": {
      "number": "5.6",
      "spec": "Media Capture Automation",
      "text": "Reset mock capture devices",
      "url": "https://w3c.github.io/mediacapture-automation/#reset-mock-capture-devices-0"
    }
  },
  "#set-capture-prompt-result-0": {
    "current": {
      "number": "3.1.1",
      "spec": "Media Capture Automation",
      "text": "Set capture prompt result",
      "url": "https://w3c.github.io/mediacapture-automation/#set-capture-prompt-result-0"
    }
  },
  "#set-default-mock-microphone-device-0": {
    "current": {
      "number": "5.5",
      "spec": "Media Capture Automation",
      "text": "Set default mock microphone device",
      "url": "https://w3c.github.io/mediacapture-automation/#set-default-mock-microphone-device-0"
    }
  },
  "#title": {
    "current": {
      "number": "",
      "spec": "Media Capture Automation",
      "text": "Media Capture Automation",
      "url": "https://w3c.github.io/mediacapture-automation/#title"
    }
  },
  "#toc": {
    "current": {
      "number": "",
      "spec": "Media Capture Automation",
      "text": "Table of Contents",
      "url": "https://w3c.github.io/mediacapture-automation/#toc"
    }
  }
}