{
  "#abstract": {
    "current": {
      "number": "",
      "spec": "UI Events KeyboardEvent code Values",
      "text": "Abstract",
      "url": "https://w3c.github.io/uievents-code/#abstract"
    },
    "snapshot": {
      "number": "",
      "spec": "UI Events KeyboardEvent code Values",
      "text": "Abstract",
      "url": "https://www.w3.org/TR/uievents-code/#abstract"
    }
  },
  "#accessibility": {
    "current": {
      "number": "4",
      "spec": "UI Events KeyboardEvent code Values",
      "text": "Accessibility",
      "url": "https://w3c.github.io/uievents-code/#accessibility"
    },
    "snapshot": {
      "number": "4",
      "spec": "UI Events KeyboardEvent code Values",
      "text": "Accessibility",
      "url": "https://www.w3.org/TR/uievents-code/#accessibility"
    }
  },
  "#acknowledgements-contributors": {
    "current": {
      "number": "8",
      "spec": "UI Events KeyboardEvent code Values",
      "text": "Acknowledgements",
      "url": "https://w3c.github.io/uievents-code/#acknowledgements-contributors"
    },
    "snapshot": {
      "number": "8",
      "spec": "UI Events KeyboardEvent code Values",
      "text": "Acknowledgements",
      "url": "https://www.w3.org/TR/uievents-code/#acknowledgements-contributors"
    }
  },
  "#code-value-tables": {
    "current": {
      "number": "3",
      "spec": "UI Events KeyboardEvent code Values",
      "text": "Keyboard Event code Value Tables",
      "url": "https://w3c.github.io/uievents-code/#code-value-tables"
    },
    "snapshot": {
      "number": "3",
      "spec": "UI Events KeyboardEvent code Values",
      "text": "Keyboard Event code Value Tables",
      "url": "https://www.w3.org/TR/uievents-code/#code-value-tables"
    }
  },
  "#i18n": {
    "current": {
      "number": "5",
      "spec": "UI Events KeyboardEvent code Values",
      "text": "I18n",
      "url": "https://w3c.github.io/uievents-code/#i18n"
    },
    "snapshot": {
      "number": "5",
      "spec": "UI Events KeyboardEvent code Values",
      "text": "I18n",
      "url": "https://www.w3.org/TR/uievents-code/#i18n"
    }
  },
  "#index": {
    "current": {
      "number": "",
      "spec": "UI Events KeyboardEvent code Values",
      "text": "Index",
      "url": "https://w3c.github.io/uievents-code/#index"
    },
    "snapshot": {
      "number": "",
      "spec": "UI Events KeyboardEvent code Values",
      "text": "Index",
      "url": "https://www.w3.org/TR/uievents-code/#index"
    }
  },
  "#index-defined-elsewhere": {
    "current": {
      "number": "",
      "spec": "UI Events KeyboardEvent code Values",
      "text": "Terms defined by reference",
      "url": "https://w3c.github.io/uievents-code/#index-defined-elsewhere"
    },
    "snapshot": {
      "number": "",
      "spec": "UI Events KeyboardEvent code Values",
      "text": "Terms defined by reference",
      "url": "https://www.w3.org/TR/uievents-code/#index-defined-elsewhere"
    }
  },
  "#index-defined-here": {
    "current": {
      "number": "",
      "spec": "UI Events KeyboardEvent code Values",
      "text": "Terms defined by this specification",
      "url": "https://w3c.github.io/uievents-code/#index-defined-here"
    },
    "snapshot": {
      "number": "",
      "spec": "UI Events KeyboardEvent code Values",
      "text": "Terms defined by this specification",
      "url": "https://www.w3.org/TR/uievents-code/#index-defined-here"
    }
  },
  "#informative": {
    "current": {
      "number": "",
      "spec": "UI Events KeyboardEvent code Values",
      "text": "Informative References",
      "url": "https://w3c.github.io/uievents-code/#informative"
    },
    "snapshot": {
      "number": "",
      "spec": "UI Events KeyboardEvent code Values",
      "text": "Informative References",
      "url": "https://www.w3.org/TR/uievents-code/#informative"
    }
  },
  "#introduction": {
    "current": {
      "number": "1",
      "spec": "UI Events KeyboardEvent code Values",
      "text": "Introduction",
      "url": "https://w3c.github.io/uievents-code/#introduction"
    },
    "snapshot": {
      "number": "1",
      "spec": "UI Events KeyboardEvent code Values",
      "text": "Introduction",
      "url": "https://www.w3.org/TR/uievents-code/#introduction"
    }
  },
  "#key-alphanumeric-functional": {
    "current": {
      "number": "3.1.2",
      "spec": "UI Events KeyboardEvent code Values",
      "text": "Functional Keys",
      "url": "https://w3c.github.io/uievents-code/#key-alphanumeric-functional"
    },
    "snapshot": {
      "number": "3.1.2",
      "spec": "UI Events KeyboardEvent code Values",
      "text": "Functional Keys",
      "url": "https://www.w3.org/TR/uievents-code/#key-alphanumeric-functional"
    }
  },
  "#key-alphanumeric-section": {
    "current": {
      "number": "3.1",
      "spec": "UI Events KeyboardEvent code Values",
      "text": "Alphanumeric Section",
      "url": "https://w3c.github.io/uievents-code/#key-alphanumeric-section"
    },
    "snapshot": {
      "number": "3.1",
      "spec": "UI Events KeyboardEvent code Values",
      "text": "Alphanumeric Section",
      "url": "https://www.w3.org/TR/uievents-code/#key-alphanumeric-section"
    }
  },
  "#key-alphanumeric-writing-system": {
    "current": {
      "number": "3.1.1",
      "spec": "UI Events KeyboardEvent code Values",
      "text": "Writing System Keys",
      "url": "https://w3c.github.io/uievents-code/#key-alphanumeric-writing-system"
    },
    "snapshot": {
      "number": "3.1.1",
      "spec": "UI Events KeyboardEvent code Values",
      "text": "Writing System Keys",
      "url": "https://www.w3.org/TR/uievents-code/#key-alphanumeric-writing-system"
    }
  },
  "#key-arrowpad-section": {
    "current": {
      "number": "3.3",
      "spec": "UI Events KeyboardEvent code Values",
      "text": "Arrow Pad Section",
      "url": "https://w3c.github.io/uievents-code/#key-arrowpad-section"
    },
    "snapshot": {
      "number": "3.3",
      "spec": "UI Events KeyboardEvent code Values",
      "text": "Arrow Pad Section",
      "url": "https://www.w3.org/TR/uievents-code/#key-arrowpad-section"
    }
  },
  "#key-controlpad-section": {
    "current": {
      "number": "3.2",
      "spec": "UI Events KeyboardEvent code Values",
      "text": "Control Pad Section",
      "url": "https://w3c.github.io/uievents-code/#key-controlpad-section"
    },
    "snapshot": {
      "number": "3.2",
      "spec": "UI Events KeyboardEvent code Values",
      "text": "Control Pad Section",
      "url": "https://www.w3.org/TR/uievents-code/#key-controlpad-section"
    }
  },
  "#key-function-section": {
    "current": {
      "number": "3.5",
      "spec": "UI Events KeyboardEvent code Values",
      "text": "Function Section",
      "url": "https://w3c.github.io/uievents-code/#key-function-section"
    },
    "snapshot": {
      "number": "3.5",
      "spec": "UI Events KeyboardEvent code Values",
      "text": "Function Section",
      "url": "https://www.w3.org/TR/uievents-code/#key-function-section"
    }
  },
  "#key-legacy": {
    "current": {
      "number": "3.7",
      "spec": "UI Events KeyboardEvent code Values",
      "text": "Legacy, Non-Standard and Special Keys",
      "url": "https://w3c.github.io/uievents-code/#key-legacy"
    },
    "snapshot": {
      "number": "3.7",
      "spec": "UI Events KeyboardEvent code Values",
      "text": "Legacy, Non-Standard and Special Keys",
      "url": "https://www.w3.org/TR/uievents-code/#key-legacy"
    }
  },
  "#key-media": {
    "current": {
      "number": "3.6",
      "spec": "UI Events KeyboardEvent code Values",
      "text": "Media Keys",
      "url": "https://w3c.github.io/uievents-code/#key-media"
    },
    "snapshot": {
      "number": "3.6",
      "spec": "UI Events KeyboardEvent code Values",
      "text": "Media Keys",
      "url": "https://www.w3.org/TR/uievents-code/#key-media"
    }
  },
  "#key-numpad-section": {
    "current": {
      "number": "3.4",
      "spec": "UI Events KeyboardEvent code Values",
      "text": "Numpad Section",
      "url": "https://w3c.github.io/uievents-code/#key-numpad-section"
    },
    "snapshot": {
      "number": "3.4",
      "spec": "UI Events KeyboardEvent code Values",
      "text": "Numpad Section",
      "url": "https://www.w3.org/TR/uievents-code/#key-numpad-section"
    }
  },
  "#keyboard-101": {
    "current": {
      "number": "2.1.2",
      "spec": "UI Events KeyboardEvent code Values",
      "text": "Standard \"101\" Keyboard Layout",
      "url": "https://w3c.github.io/uievents-code/#keyboard-101"
    },
    "snapshot": {
      "number": "2.1.2",
      "spec": "UI Events KeyboardEvent code Values",
      "text": "Standard \"101\" Keyboard Layout",
      "url": "https://www.w3.org/TR/uievents-code/#keyboard-101"
    }
  },
  "#keyboard-101alt": {
    "current": {
      "number": "2.1.3",
      "spec": "UI Events KeyboardEvent code Values",
      "text": "Alternate \"101\" Keyboard Layout",
      "url": "https://w3c.github.io/uievents-code/#keyboard-101alt"
    },
    "snapshot": {
      "number": "2.1.3",
      "spec": "UI Events KeyboardEvent code Values",
      "text": "Alternate \"101\" Keyboard Layout",
      "url": "https://www.w3.org/TR/uievents-code/#keyboard-101alt"
    }
  },
  "#keyboard-102": {
    "current": {
      "number": "2.1.4",
      "spec": "UI Events KeyboardEvent code Values",
      "text": "Standard \"102\" Keyboard Layout",
      "url": "https://w3c.github.io/uievents-code/#keyboard-102"
    },
    "snapshot": {
      "number": "2.1.4",
      "spec": "UI Events KeyboardEvent code Values",
      "text": "Standard \"102\" Keyboard Layout",
      "url": "https://www.w3.org/TR/uievents-code/#keyboard-102"
    }
  },
  "#keyboard-103": {
    "current": {
      "number": "2.1.5",
      "spec": "UI Events KeyboardEvent code Values",
      "text": "Korean \"103\" Keyboard Layout",
      "url": "https://w3c.github.io/uievents-code/#keyboard-103"
    },
    "snapshot": {
      "number": "2.1.5",
      "spec": "UI Events KeyboardEvent code Values",
      "text": "Korean \"103\" Keyboard Layout",
      "url": "https://www.w3.org/TR/uievents-code/#keyboard-103"
    }
  },
  "#keyboard-104": {
    "current": {
      "number": "2.1.6",
      "spec": "UI Events KeyboardEvent code Values",
      "text": "Brazilian \"104\" Keyboard Layout",
      "url": "https://w3c.github.io/uievents-code/#keyboard-104"
    },
    "snapshot": {
      "number": "2.1.6",
      "spec": "UI Events KeyboardEvent code Values",
      "text": "Brazilian \"104\" Keyboard Layout",
      "url": "https://www.w3.org/TR/uievents-code/#keyboard-104"
    }
  },
  "#keyboard-106": {
    "current": {
      "number": "2.1.7",
      "spec": "UI Events KeyboardEvent code Values",
      "text": "Japanese \"106\" Keyboard Layout",
      "url": "https://w3c.github.io/uievents-code/#keyboard-106"
    },
    "snapshot": {
      "number": "2.1.7",
      "spec": "UI Events KeyboardEvent code Values",
      "text": "Japanese \"106\" Keyboard Layout",
      "url": "https://www.w3.org/TR/uievents-code/#keyboard-106"
    }
  },
  "#keyboard-chording-virtual": {
    "current": {
      "number": "2.4",
      "spec": "UI Events KeyboardEvent code Values",
      "text": "Virtual Keyboards and Chording Keyboards",
      "url": "https://w3c.github.io/uievents-code/#keyboard-chording-virtual"
    },
    "snapshot": {
      "number": "2.4",
      "spec": "UI Events KeyboardEvent code Values",
      "text": "Virtual Keyboards and Chording Keyboards",
      "url": "https://www.w3.org/TR/uievents-code/#keyboard-chording-virtual"
    }
  },
  "#keyboard-common-layouts": {
    "current": {
      "number": "2.1",
      "spec": "UI Events KeyboardEvent code Values",
      "text": "Standard Keyboard Layouts",
      "url": "https://w3c.github.io/uievents-code/#keyboard-common-layouts"
    },
    "snapshot": {
      "number": "2.1",
      "spec": "UI Events KeyboardEvent code Values",
      "text": "Standard Keyboard Layouts",
      "url": "https://www.w3.org/TR/uievents-code/#keyboard-common-layouts"
    }
  },
  "#keyboard-laptops": {
    "current": {
      "number": "2.1.9",
      "spec": "UI Events KeyboardEvent code Values",
      "text": "Laptop Keyboard Layouts",
      "url": "https://w3c.github.io/uievents-code/#keyboard-laptops"
    },
    "snapshot": {
      "number": "2.1.9",
      "spec": "UI Events KeyboardEvent code Values",
      "text": "Laptop Keyboard Layouts",
      "url": "https://www.w3.org/TR/uievents-code/#keyboard-laptops"
    }
  },
  "#keyboard-layout": {
    "current": {
      "number": "2",
      "spec": "UI Events KeyboardEvent code Values",
      "text": "Keyboard Layout",
      "url": "https://w3c.github.io/uievents-code/#keyboard-layout"
    },
    "snapshot": {
      "number": "2",
      "spec": "UI Events KeyboardEvent code Values",
      "text": "Keyboard Layout",
      "url": "https://www.w3.org/TR/uievents-code/#keyboard-layout"
    }
  },
  "#keyboard-mac": {
    "current": {
      "number": "2.1.8",
      "spec": "UI Events KeyboardEvent code Values",
      "text": "Apple Keyboard Layout",
      "url": "https://w3c.github.io/uievents-code/#keyboard-mac"
    },
    "snapshot": {
      "number": "2.1.8",
      "spec": "UI Events KeyboardEvent code Values",
      "text": "Apple Keyboard Layout",
      "url": "https://www.w3.org/TR/uievents-code/#keyboard-mac"
    }
  },
  "#keyboard-mobile": {
    "current": {
      "number": "2.2",
      "spec": "UI Events KeyboardEvent code Values",
      "text": "Mobile Keypads",
      "url": "https://w3c.github.io/uievents-code/#keyboard-mobile"
    },
    "snapshot": {
      "number": "2.2",
      "spec": "UI Events KeyboardEvent code Values",
      "text": "Mobile Keypads",
      "url": "https://www.w3.org/TR/uievents-code/#keyboard-mobile"
    }
  },
  "#keyboard-sections": {
    "current": {
      "number": "2.1.1",
      "spec": "UI Events KeyboardEvent code Values",
      "text": "Keyboard Sections",
      "url": "https://w3c.github.io/uievents-code/#keyboard-sections"
    },
    "snapshot": {
      "number": "2.1.1",
      "spec": "UI Events KeyboardEvent code Values",
      "text": "Keyboard Sections",
      "url": "https://www.w3.org/TR/uievents-code/#keyboard-sections"
    }
  },
  "#normative": {
    "current": {
      "number": "",
      "spec": "UI Events KeyboardEvent code Values",
      "text": "Normative References",
      "url": "https://w3c.github.io/uievents-code/#normative"
    },
    "snapshot": {
      "number": "",
      "spec": "UI Events KeyboardEvent code Values",
      "text": "Normative References",
      "url": "https://www.w3.org/TR/uievents-code/#normative"
    }
  },
  "#other-locales": {
    "current": {
      "number": "2.1.10",
      "spec": "UI Events KeyboardEvent code Values",
      "text": "Keyboard Layouts For Other Locales",
      "url": "https://w3c.github.io/uievents-code/#other-locales"
    },
    "snapshot": {
      "number": "2.1.10",
      "spec": "UI Events KeyboardEvent code Values",
      "text": "Keyboard Layouts For Other Locales",
      "url": "https://www.w3.org/TR/uievents-code/#other-locales"
    }
  },
  "#privacy": {
    "current": {
      "number": "7",
      "spec": "UI Events KeyboardEvent code Values",
      "text": "Privacy Considerations",
      "url": "https://w3c.github.io/uievents-code/#privacy"
    },
    "snapshot": {
      "number": "7",
      "spec": "UI Events KeyboardEvent code Values",
      "text": "Privacy Considerations",
      "url": "https://www.w3.org/TR/uievents-code/#privacy"
    }
  },
  "#references": {
    "current": {
      "number": "",
      "spec": "UI Events KeyboardEvent code Values",
      "text": "References",
      "url": "https://w3c.github.io/uievents-code/#references"
    },
    "snapshot": {
      "number": "",
      "spec": "UI Events KeyboardEvent code Values",
      "text": "References",
      "url": "https://www.w3.org/TR/uievents-code/#references"
    }
  },
  "#remote-control": {
    "current": {
      "number": "2.3",
      "spec": "UI Events KeyboardEvent code Values",
      "text": "Media Remote Controls",
      "url": "https://w3c.github.io/uievents-code/#remote-control"
    },
    "snapshot": {
      "number": "2.3",
      "spec": "UI Events KeyboardEvent code Values",
      "text": "Media Remote Controls",
      "url": "https://www.w3.org/TR/uievents-code/#remote-control"
    }
  },
  "#security": {
    "current": {
      "number": "6",
      "spec": "UI Events KeyboardEvent code Values",
      "text": "Security Considerations",
      "url": "https://w3c.github.io/uievents-code/#security"
    },
    "snapshot": {
      "number": "6",
      "spec": "UI Events KeyboardEvent code Values",
      "text": "Security Considerations",
      "url": "https://www.w3.org/TR/uievents-code/#security"
    }
  },
  "#sotd": {
    "current": {
      "number": "",
      "spec": "UI Events KeyboardEvent code Values",
      "text": "Status of this document",
      "url": "https://w3c.github.io/uievents-code/#sotd"
    },
    "snapshot": {
      "number": "",
      "spec": "UI Events KeyboardEvent code Values",
      "text": "Status of this document",
      "url": "https://www.w3.org/TR/uievents-code/#sotd"
    }
  },
  "#style-conventions": {
    "current": {
      "number": "1.1",
      "spec": "UI Events KeyboardEvent code Values",
      "text": "Stylistic Conventions",
      "url": "https://w3c.github.io/uievents-code/#style-conventions"
    },
    "snapshot": {
      "number": "1.1",
      "spec": "UI Events KeyboardEvent code Values",
      "text": "Stylistic Conventions",
      "url": "https://www.w3.org/TR/uievents-code/#style-conventions"
    }
  },
  "#toc": {
    "current": {
      "number": "",
      "spec": "UI Events KeyboardEvent code Values",
      "text": "Table of Contents",
      "url": "https://w3c.github.io/uievents-code/#toc"
    },
    "snapshot": {
      "number": "",
      "spec": "UI Events KeyboardEvent code Values",
      "text": "Table of Contents",
      "url": "https://www.w3.org/TR/uievents-code/#toc"
    }
  },
  "#w3c-conformance": {
    "current": {
      "number": "",
      "spec": "UI Events KeyboardEvent code Values",
      "text": "Conformance",
      "url": "https://w3c.github.io/uievents-code/#w3c-conformance"
    },
    "snapshot": {
      "number": "",
      "spec": "UI Events KeyboardEvent code Values",
      "text": "Conformance",
      "url": "https://www.w3.org/TR/uievents-code/#w3c-conformance"
    }
  },
  "#w3c-conformant-algorithms": {
    "current": {
      "number": "",
      "spec": "UI Events KeyboardEvent code Values",
      "text": "Conformant Algorithms",
      "url": "https://w3c.github.io/uievents-code/#w3c-conformant-algorithms"
    },
    "snapshot": {
      "number": "",
      "spec": "UI Events KeyboardEvent code Values",
      "text": "Conformant Algorithms",
      "url": "https://www.w3.org/TR/uievents-code/#w3c-conformant-algorithms"
    }
  },
  "#w3c-conventions": {
    "current": {
      "number": "",
      "spec": "UI Events KeyboardEvent code Values",
      "text": "Document conventions",
      "url": "https://w3c.github.io/uievents-code/#w3c-conventions"
    },
    "snapshot": {
      "number": "",
      "spec": "UI Events KeyboardEvent code Values",
      "text": "Document conventions",
      "url": "https://www.w3.org/TR/uievents-code/#w3c-conventions"
    }
  }
}