{
  "#CookieChangeEvent": {
    "current": {
      "number": "5.1",
      "spec": "Cookie Store API",
      "text": "The CookieChangeEvent interface",
      "url": "https://wicg.github.io/cookie-store/#CookieChangeEvent"
    }
  },
  "#CookieStore": {
    "current": {
      "number": "3",
      "spec": "Cookie Store API",
      "text": "The CookieStore Interface",
      "url": "https://wicg.github.io/cookie-store/#CookieStore"
    }
  },
  "#CookieStore-delete": {
    "current": {
      "number": "3.4",
      "spec": "Cookie Store API",
      "text": "The delete() method",
      "url": "https://wicg.github.io/cookie-store/#CookieStore-delete"
    }
  },
  "#CookieStore-get": {
    "current": {
      "number": "3.1",
      "spec": "Cookie Store API",
      "text": "The get() method",
      "url": "https://wicg.github.io/cookie-store/#CookieStore-get"
    }
  },
  "#CookieStore-getAll": {
    "current": {
      "number": "3.2",
      "spec": "Cookie Store API",
      "text": "The getAll() method",
      "url": "https://wicg.github.io/cookie-store/#CookieStore-getAll"
    }
  },
  "#CookieStore-set": {
    "current": {
      "number": "3.3",
      "spec": "Cookie Store API",
      "text": "The set() method",
      "url": "https://wicg.github.io/cookie-store/#CookieStore-set"
    }
  },
  "#CookieStoreManager": {
    "current": {
      "number": "4",
      "spec": "Cookie Store API",
      "text": "The CookieStoreManager Interface",
      "url": "https://wicg.github.io/cookie-store/#CookieStoreManager"
    }
  },
  "#CookieStoreManager-getSubscriptions": {
    "current": {
      "number": "4.2",
      "spec": "Cookie Store API",
      "text": "The getSubscriptions() method",
      "url": "https://wicg.github.io/cookie-store/#CookieStoreManager-getSubscriptions"
    }
  },
  "#CookieStoreManager-subscribe": {
    "current": {
      "number": "4.1",
      "spec": "Cookie Store API",
      "text": "The subscribe() method",
      "url": "https://wicg.github.io/cookie-store/#CookieStoreManager-subscribe"
    }
  },
  "#CookieStoreManager-unsubscribe": {
    "current": {
      "number": "4.3",
      "spec": "Cookie Store API",
      "text": "The unsubscribe() method",
      "url": "https://wicg.github.io/cookie-store/#CookieStoreManager-unsubscribe"
    }
  },
  "#ExtendableCookieChangeEvent": {
    "current": {
      "number": "5.2",
      "spec": "Cookie Store API",
      "text": "The ExtendableCookieChangeEvent interface",
      "url": "https://wicg.github.io/cookie-store/#ExtendableCookieChangeEvent"
    }
  },
  "#ServiceWorkerGlobalScope": {
    "current": {
      "number": "6.2",
      "spec": "Cookie Store API",
      "text": "The ServiceWorkerGlobalScope interface",
      "url": "https://wicg.github.io/cookie-store/#ServiceWorkerGlobalScope"
    }
  },
  "#ServiceWorkerRegistration": {
    "current": {
      "number": "4.4",
      "spec": "Cookie Store API",
      "text": "The ServiceWorkerRegistration interface",
      "url": "https://wicg.github.io/cookie-store/#ServiceWorkerRegistration"
    }
  },
  "#Window": {
    "current": {
      "number": "6.1",
      "spec": "Cookie Store API",
      "text": "The Window interface",
      "url": "https://wicg.github.io/cookie-store/#Window"
    }
  },
  "#abstract": {
    "current": {
      "number": "",
      "spec": "Cookie Store API",
      "text": "Abstract",
      "url": "https://wicg.github.io/cookie-store/#abstract"
    }
  },
  "#acknowledgements": {
    "current": {
      "number": "",
      "spec": "Cookie Store API",
      "text": "10. Acknowledgements",
      "url": "https://wicg.github.io/cookie-store/#acknowledgements"
    }
  },
  "#algorithms": {
    "current": {
      "number": "7",
      "spec": "Cookie Store API",
      "text": "Algorithms",
      "url": "https://wicg.github.io/cookie-store/#algorithms"
    }
  },
  "#aversion": {
    "current": {
      "number": "8.7",
      "spec": "Cookie Store API",
      "text": "Cookie aversion",
      "url": "https://wicg.github.io/cookie-store/#aversion"
    }
  },
  "#clear-cookies": {
    "current": {
      "number": "9.1",
      "spec": "Cookie Store API",
      "text": "Clear cookies",
      "url": "https://wicg.github.io/cookie-store/#clear-cookies"
    }
  },
  "#concepts": {
    "current": {
      "number": "2",
      "spec": "Cookie Store API",
      "text": "Concepts",
      "url": "https://wicg.github.io/cookie-store/#concepts"
    }
  },
  "#cookie-concept": {
    "current": {
      "number": "2.1",
      "spec": "Cookie Store API",
      "text": "Cookie",
      "url": "https://wicg.github.io/cookie-store/#cookie-concept"
    }
  },
  "#cookie-store--concept": {
    "current": {
      "number": "2.2",
      "spec": "Cookie Store API",
      "text": "Cookie Store",
      "url": "https://wicg.github.io/cookie-store/#cookie-store--concept"
    }
  },
  "#delete-cookie-algorithm": {
    "current": {
      "number": "7.3",
      "spec": "Cookie Store API",
      "text": "Delete a Cookie",
      "url": "https://wicg.github.io/cookie-store/#delete-cookie-algorithm"
    }
  },
  "#event-interfaces": {
    "current": {
      "number": "5",
      "spec": "Cookie Store API",
      "text": "Event Interfaces",
      "url": "https://wicg.github.io/cookie-store/#event-interfaces"
    }
  },
  "#globals": {
    "current": {
      "number": "6",
      "spec": "Cookie Store API",
      "text": "Global Interfaces",
      "url": "https://wicg.github.io/cookie-store/#globals"
    }
  },
  "#gotcha": {
    "current": {
      "number": "8.1",
      "spec": "Cookie Store API",
      "text": "Gotcha!",
      "url": "https://wicg.github.io/cookie-store/#gotcha"
    }
  },
  "#idl-index": {
    "current": {
      "number": "",
      "spec": "Cookie Store API",
      "text": "IDL Index",
      "url": "https://wicg.github.io/cookie-store/#idl-index"
    }
  },
  "#index": {
    "current": {
      "number": "",
      "spec": "Cookie Store API",
      "text": "Index",
      "url": "https://wicg.github.io/cookie-store/#index"
    }
  },
  "#index-defined-elsewhere": {
    "current": {
      "number": "",
      "spec": "Cookie Store API",
      "text": "Terms defined by reference",
      "url": "https://wicg.github.io/cookie-store/#index-defined-elsewhere"
    }
  },
  "#index-defined-here": {
    "current": {
      "number": "",
      "spec": "Cookie Store API",
      "text": "Terms defined by this specification",
      "url": "https://wicg.github.io/cookie-store/#index-defined-here"
    }
  },
  "#informative": {
    "current": {
      "number": "",
      "spec": "Cookie Store API",
      "text": "Informative References",
      "url": "https://wicg.github.io/cookie-store/#informative"
    }
  },
  "#intro": {
    "current": {
      "number": "1",
      "spec": "Cookie Store API",
      "text": "Introduction",
      "url": "https://wicg.github.io/cookie-store/#intro"
    }
  },
  "#intro-modify": {
    "current": {
      "number": "1.4",
      "spec": "Cookie Store API",
      "text": "Modifying Cookies",
      "url": "https://wicg.github.io/cookie-store/#intro-modify"
    }
  },
  "#intro-monitor": {
    "current": {
      "number": "1.5",
      "spec": "Cookie Store API",
      "text": "Monitoring Cookies",
      "url": "https://wicg.github.io/cookie-store/#intro-monitor"
    }
  },
  "#intro-proposed-change": {
    "current": {
      "number": "1.1",
      "spec": "Cookie Store API",
      "text": "A Taste of the Proposed Change",
      "url": "https://wicg.github.io/cookie-store/#intro-proposed-change"
    }
  },
  "#intro-query": {
    "current": {
      "number": "1.3",
      "spec": "Cookie Store API",
      "text": "Querying Cookies",
      "url": "https://wicg.github.io/cookie-store/#intro-query"
    }
  },
  "#intro-summary": {
    "current": {
      "number": "1.2",
      "spec": "Cookie Store API",
      "text": "Summary",
      "url": "https://wicg.github.io/cookie-store/#intro-summary"
    }
  },
  "#issues-index": {
    "current": {
      "number": "",
      "spec": "Cookie Store API",
      "text": "Issues Index",
      "url": "https://wicg.github.io/cookie-store/#issues-index"
    }
  },
  "#normative": {
    "current": {
      "number": "",
      "spec": "Cookie Store API",
      "text": "Normative References",
      "url": "https://wicg.github.io/cookie-store/#normative"
    }
  },
  "#prefixes": {
    "current": {
      "number": "8.5",
      "spec": "Cookie Store API",
      "text": "Prefixes",
      "url": "https://wicg.github.io/cookie-store/#prefixes"
    }
  },
  "#privacy": {
    "current": {
      "number": "9",
      "spec": "Cookie Store API",
      "text": "Privacy Considerations",
      "url": "https://wicg.github.io/cookie-store/#privacy"
    }
  },
  "#process-changes": {
    "current": {
      "number": "7.4",
      "spec": "Cookie Store API",
      "text": "Process Changes",
      "url": "https://wicg.github.io/cookie-store/#process-changes"
    }
  },
  "#query-cookies-algorithm": {
    "current": {
      "number": "7.1",
      "spec": "Cookie Store API",
      "text": "Query Cookies",
      "url": "https://wicg.github.io/cookie-store/#query-cookies-algorithm"
    }
  },
  "#references": {
    "current": {
      "number": "",
      "spec": "Cookie Store API",
      "text": "References",
      "url": "https://wicg.github.io/cookie-store/#references"
    }
  },
  "#restrict": {
    "current": {
      "number": "8.2",
      "spec": "Cookie Store API",
      "text": "Restrict?",
      "url": "https://wicg.github.io/cookie-store/#restrict"
    }
  },
  "#secure-cookies": {
    "current": {
      "number": "8.3",
      "spec": "Cookie Store API",
      "text": "Secure cookies",
      "url": "https://wicg.github.io/cookie-store/#secure-cookies"
    }
  },
  "#security": {
    "current": {
      "number": "8",
      "spec": "Cookie Store API",
      "text": "Security Considerations",
      "url": "https://wicg.github.io/cookie-store/#security"
    }
  },
  "#service-worker-extensions": {
    "current": {
      "number": "2.3",
      "spec": "Cookie Store API",
      "text": "Extensions to Service Worker",
      "url": "https://wicg.github.io/cookie-store/#service-worker-extensions"
    }
  },
  "#set-cookie-algorithm": {
    "current": {
      "number": "7.2",
      "spec": "Cookie Store API",
      "text": "Set a Cookie",
      "url": "https://wicg.github.io/cookie-store/#set-cookie-algorithm"
    }
  },
  "#status": {
    "current": {
      "number": "",
      "spec": "Cookie Store API",
      "text": "Status of this document",
      "url": "https://wicg.github.io/cookie-store/#status"
    }
  },
  "#surprises": {
    "current": {
      "number": "8.4",
      "spec": "Cookie Store API",
      "text": "Surprises",
      "url": "https://wicg.github.io/cookie-store/#surprises"
    }
  },
  "#title": {
    "current": {
      "number": "",
      "spec": "Cookie Store API",
      "text": "Cookie Store API",
      "url": "https://wicg.github.io/cookie-store/#title"
    }
  },
  "#toc": {
    "current": {
      "number": "",
      "spec": "Cookie Store API",
      "text": "Table of Contents",
      "url": "https://wicg.github.io/cookie-store/#toc"
    }
  },
  "#url-scoping": {
    "current": {
      "number": "8.6",
      "spec": "Cookie Store API",
      "text": "URL scoping",
      "url": "https://wicg.github.io/cookie-store/#url-scoping"
    }
  },
  "#w3c-conformance": {
    "current": {
      "number": "",
      "spec": "Cookie Store API",
      "text": "Conformance",
      "url": "https://wicg.github.io/cookie-store/#w3c-conformance"
    }
  },
  "#w3c-conventions": {
    "current": {
      "number": "",
      "spec": "Cookie Store API",
      "text": "Document conventions",
      "url": "https://wicg.github.io/cookie-store/#w3c-conventions"
    }
  }
}