{
  "#20140403": {
    "current": {
      "number": "",
      "spec": "CSS Line Grid 1",
      "text": "Since April 3rd 2014",
      "url": "https://drafts.csswg.org/css-line-grid-1/#20140403"
    },
    "snapshot": {
      "number": "",
      "spec": "CSS Line Grid 1",
      "text": "Since April 3rd 2014",
      "url": "https://www.w3.org/TR/css-line-grid-1/#20140403"
    }
  },
  "#20140916": {
    "current": {
      "number": "",
      "spec": "CSS Line Grid 1",
      "text": "Since September 16th 2014",
      "url": "https://drafts.csswg.org/css-line-grid-1/#20140916"
    }
  },
  "#abstract": {
    "current": {
      "number": "",
      "spec": "CSS Line Grid 1",
      "text": "Abstract",
      "url": "https://drafts.csswg.org/css-line-grid-1/#abstract"
    },
    "snapshot": {
      "number": "",
      "spec": "CSS Line Grid 1",
      "text": "Abstract",
      "url": "https://www.w3.org/TR/css-line-grid-1/#abstract"
    }
  },
  "#acknowledgments": {
    "current": {
      "number": "",
      "spec": "CSS Line Grid 1",
      "text": "Acknowledgments",
      "url": "https://drafts.csswg.org/css-line-grid-1/#acknowledgments"
    },
    "snapshot": {
      "number": "",
      "spec": "CSS Line Grid 1",
      "text": "Acknowledgments",
      "url": "https://www.w3.org/TR/css-line-grid-1/#acknowledgments"
    }
  },
  "#alignment-interactions": {
    "current": {
      "number": "4.1",
      "spec": "CSS Line Grid 1",
      "text": "Interacting with other alignments",
      "url": "https://drafts.csswg.org/css-line-grid-1/#alignment-interactions"
    }
  },
  "#box-snap": {
    "current": {
      "number": "3.2",
      "spec": "CSS Line Grid 1",
      "text": "Snapping Block Boxes: the box-snap property",
      "url": "https://drafts.csswg.org/css-line-grid-1/#box-snap"
    },
    "snapshot": {
      "number": "3.2",
      "spec": "CSS Line Grid 1",
      "text": "Snapping Block Boxes: the box-snap property",
      "url": "https://www.w3.org/TR/css-line-grid-1/#box-snap"
    }
  },
  "#change-log": {
    "current": {
      "number": "",
      "spec": "CSS Line Grid 1",
      "text": "Change Log",
      "url": "https://drafts.csswg.org/css-line-grid-1/#change-log"
    },
    "snapshot": {
      "number": "",
      "spec": "CSS Line Grid 1",
      "text": "Change Log",
      "url": "https://www.w3.org/TR/css-line-grid-1/#change-log"
    }
  },
  "#conformance": {
    "snapshot": {
      "number": "",
      "spec": "CSS Line Grid 1",
      "text": "Conformance",
      "url": "https://www.w3.org/TR/css-line-grid-1/#conformance"
    }
  },
  "#conformance-classes": {
    "snapshot": {
      "number": "",
      "spec": "CSS Line Grid 1",
      "text": "Conformance classes",
      "url": "https://www.w3.org/TR/css-line-grid-1/#conformance-classes"
    }
  },
  "#contents": {
    "snapshot": {
      "number": "",
      "spec": "CSS Line Grid 1",
      "text": "Table of Contents",
      "url": "https://www.w3.org/TR/css-line-grid-1/#contents"
    }
  },
  "#context": {
    "current": {
      "number": "1.1",
      "spec": "CSS Line Grid 1",
      "text": "Background",
      "url": "https://drafts.csswg.org/css-line-grid-1/#context"
    },
    "snapshot": {
      "number": "1.1",
      "spec": "CSS Line Grid 1",
      "text": "Background",
      "url": "https://www.w3.org/TR/css-line-grid-1/#context"
    }
  },
  "#conventions": {
    "snapshot": {
      "number": "",
      "spec": "CSS Line Grid 1",
      "text": "Document conventions",
      "url": "https://www.w3.org/TR/css-line-grid-1/#conventions"
    }
  },
  "#experimental": {
    "snapshot": {
      "number": "",
      "spec": "CSS Line Grid 1",
      "text": "Experimental implementations",
      "url": "https://www.w3.org/TR/css-line-grid-1/#experimental"
    }
  },
  "#grid-snapping": {
    "current": {
      "number": "3",
      "spec": "CSS Line Grid 1",
      "text": "Snapping to a Grid",
      "url": "https://drafts.csswg.org/css-line-grid-1/#grid-snapping"
    },
    "snapshot": {
      "number": "3",
      "spec": "CSS Line Grid 1",
      "text": "Snapping to a Grid",
      "url": "https://www.w3.org/TR/css-line-grid-1/#grid-snapping"
    }
  },
  "#index": {
    "current": {
      "number": "",
      "spec": "CSS Line Grid 1",
      "text": "Index",
      "url": "https://drafts.csswg.org/css-line-grid-1/#index"
    },
    "snapshot": {
      "number": "",
      "spec": "CSS Line Grid 1",
      "text": "Index",
      "url": "https://www.w3.org/TR/css-line-grid-1/#index"
    }
  },
  "#index-defined-elsewhere": {
    "current": {
      "number": "",
      "spec": "CSS Line Grid 1",
      "text": "Terms defined by reference",
      "url": "https://drafts.csswg.org/css-line-grid-1/#index-defined-elsewhere"
    }
  },
  "#index-defined-here": {
    "current": {
      "number": "",
      "spec": "CSS Line Grid 1",
      "text": "Terms defined by this specification",
      "url": "https://drafts.csswg.org/css-line-grid-1/#index-defined-here"
    }
  },
  "#informative": {
    "current": {
      "number": "",
      "spec": "CSS Line Grid 1",
      "text": "Informative References",
      "url": "https://drafts.csswg.org/css-line-grid-1/#informative"
    },
    "snapshot": {
      "number": "",
      "spec": "CSS Line Grid 1",
      "text": "Informative References",
      "url": "https://www.w3.org/TR/css-line-grid-1/#informative"
    }
  },
  "#intro": {
    "current": {
      "number": "1",
      "spec": "CSS Line Grid 1",
      "text": "Introduction",
      "url": "https://drafts.csswg.org/css-line-grid-1/#intro"
    },
    "snapshot": {
      "number": "1",
      "spec": "CSS Line Grid 1",
      "text": "Introduction",
      "url": "https://www.w3.org/TR/css-line-grid-1/#intro"
    }
  },
  "#issues-index": {
    "current": {
      "number": "",
      "spec": "CSS Line Grid 1",
      "text": "Issues Index",
      "url": "https://drafts.csswg.org/css-line-grid-1/#issues-index"
    },
    "snapshot": {
      "number": "",
      "spec": "CSS Line Grid 1",
      "text": "Issues Index",
      "url": "https://www.w3.org/TR/css-line-grid-1/#issues-index"
    }
  },
  "#leading-adjustments": {
    "current": {
      "number": "4.2",
      "spec": "CSS Line Grid 1",
      "text": "Leading adjustments",
      "url": "https://drafts.csswg.org/css-line-grid-1/#leading-adjustments"
    }
  },
  "#line-grid": {
    "snapshot": {
      "number": "2",
      "spec": "CSS Line Grid 1",
      "text": "Defining a Line Grid: the line-grid property",
      "url": "https://www.w3.org/TR/css-line-grid-1/#line-grid"
    }
  },
  "#line-grid-property": {
    "current": {
      "number": "2",
      "spec": "CSS Line Grid 1",
      "text": "Defining a Line Grid: the line-grid property",
      "url": "https://drafts.csswg.org/css-line-grid-1/#line-grid-property"
    }
  },
  "#line-snap": {
    "current": {
      "number": "3.1",
      "spec": "CSS Line Grid 1",
      "text": "Snapping Line Boxes: the line-snap property",
      "url": "https://drafts.csswg.org/css-line-grid-1/#line-snap"
    },
    "snapshot": {
      "number": "3.1",
      "spec": "CSS Line Grid 1",
      "text": "Snapping Line Boxes: the line-snap property",
      "url": "https://www.w3.org/TR/css-line-grid-1/#line-snap"
    }
  },
  "#normative": {
    "current": {
      "number": "",
      "spec": "CSS Line Grid 1",
      "text": "Normative References",
      "url": "https://drafts.csswg.org/css-line-grid-1/#normative"
    },
    "snapshot": {
      "number": "",
      "spec": "CSS Line Grid 1",
      "text": "Normative References",
      "url": "https://www.w3.org/TR/css-line-grid-1/#normative"
    }
  },
  "#partial": {
    "snapshot": {
      "number": "",
      "spec": "CSS Line Grid 1",
      "text": "Partial implementations",
      "url": "https://www.w3.org/TR/css-line-grid-1/#partial"
    }
  },
  "#placement": {
    "current": {
      "number": "1.2",
      "spec": "CSS Line Grid 1",
      "text": "Module Interactions",
      "url": "https://drafts.csswg.org/css-line-grid-1/#placement"
    },
    "snapshot": {
      "number": "1.2",
      "spec": "CSS Line Grid 1",
      "text": "Module Interactions",
      "url": "https://www.w3.org/TR/css-line-grid-1/#placement"
    }
  },
  "#privacy": {
    "current": {
      "number": "",
      "spec": "CSS Line Grid 1",
      "text": "Privacy Considerations",
      "url": "https://drafts.csswg.org/css-line-grid-1/#privacy"
    }
  },
  "#property-index": {
    "current": {
      "number": "",
      "spec": "CSS Line Grid 1",
      "text": "Property Index",
      "url": "https://drafts.csswg.org/css-line-grid-1/#property-index"
    },
    "snapshot": {
      "number": "",
      "spec": "CSS Line Grid 1",
      "text": "Property index",
      "url": "https://www.w3.org/TR/css-line-grid-1/#property-index"
    }
  },
  "#references": {
    "current": {
      "number": "",
      "spec": "CSS Line Grid 1",
      "text": "References",
      "url": "https://drafts.csswg.org/css-line-grid-1/#references"
    },
    "snapshot": {
      "number": "",
      "spec": "CSS Line Grid 1",
      "text": "References",
      "url": "https://www.w3.org/TR/css-line-grid-1/#references"
    }
  },
  "#security": {
    "current": {
      "number": "",
      "spec": "CSS Line Grid 1",
      "text": "Security Considerations",
      "url": "https://drafts.csswg.org/css-line-grid-1/#security"
    }
  },
  "#snap-details": {
    "current": {
      "number": "4",
      "spec": "CSS Line Grid 1",
      "text": "Snapping Details",
      "url": "https://drafts.csswg.org/css-line-grid-1/#snap-details"
    }
  },
  "#sotd": {
    "current": {
      "number": "",
      "spec": "CSS Line Grid 1",
      "text": "Status of this document",
      "url": "https://drafts.csswg.org/css-line-grid-1/#sotd"
    }
  },
  "#status": {
    "snapshot": {
      "number": "",
      "spec": "CSS Line Grid 1",
      "text": "Status of this document",
      "url": "https://www.w3.org/TR/css-line-grid-1/#status"
    }
  },
  "#subtitle": {
    "snapshot": {
      "number": "",
      "spec": "CSS Line Grid 1",
      "text": "W3C Working Draft, 16 September 2014",
      "url": "https://www.w3.org/TR/css-line-grid-1/#subtitle"
    }
  },
  "#testing": {
    "snapshot": {
      "number": "",
      "spec": "CSS Line Grid 1",
      "text": "Non-experimental implementations",
      "url": "https://www.w3.org/TR/css-line-grid-1/#testing"
    }
  },
  "#title": {
    "current": {
      "number": "",
      "spec": "CSS Line Grid 1",
      "text": "CSS Line Grid Module Level 1",
      "url": "https://drafts.csswg.org/css-line-grid-1/#title"
    },
    "snapshot": {
      "number": "",
      "spec": "CSS Line Grid 1",
      "text": "CSS Line Grid Module Level 1",
      "url": "https://www.w3.org/TR/css-line-grid-1/#title"
    }
  },
  "#toc": {
    "current": {
      "number": "",
      "spec": "CSS Line Grid 1",
      "text": "Table of Contents",
      "url": "https://drafts.csswg.org/css-line-grid-1/#toc"
    }
  },
  "#values": {
    "current": {
      "number": "1.3",
      "spec": "CSS Line Grid 1",
      "text": "Value Definitions",
      "url": "https://drafts.csswg.org/css-line-grid-1/#values"
    },
    "snapshot": {
      "number": "1.3",
      "spec": "CSS Line Grid 1",
      "text": "Values",
      "url": "https://www.w3.org/TR/css-line-grid-1/#values"
    }
  },
  "#w3c-conform-future-proofing": {
    "current": {
      "number": "",
      "spec": "CSS Line Grid 1",
      "text": "Implementations of Unstable and Proprietary Features",
      "url": "https://drafts.csswg.org/css-line-grid-1/#w3c-conform-future-proofing"
    }
  },
  "#w3c-conformance": {
    "current": {
      "number": "",
      "spec": "CSS Line Grid 1",
      "text": "Conformance",
      "url": "https://drafts.csswg.org/css-line-grid-1/#w3c-conformance"
    }
  },
  "#w3c-conformance-classes": {
    "current": {
      "number": "",
      "spec": "CSS Line Grid 1",
      "text": "Conformance classes",
      "url": "https://drafts.csswg.org/css-line-grid-1/#w3c-conformance-classes"
    }
  },
  "#w3c-conventions": {
    "current": {
      "number": "",
      "spec": "CSS Line Grid 1",
      "text": "Document conventions",
      "url": "https://drafts.csswg.org/css-line-grid-1/#w3c-conventions"
    }
  },
  "#w3c-partial": {
    "current": {
      "number": "",
      "spec": "CSS Line Grid 1",
      "text": "Partial implementations",
      "url": "https://drafts.csswg.org/css-line-grid-1/#w3c-partial"
    }
  },
  "#w3c-testing": {
    "current": {
      "number": "",
      "spec": "CSS Line Grid 1",
      "text": "Non-experimental implementations",
      "url": "https://drafts.csswg.org/css-line-grid-1/#w3c-testing"
    }
  }
}