{
  "#appendix-A": {
    "current": {
      "number": "A",
      "spec": "Cookies: HTTP State Management Mechanism",
      "text": "Changes",
      "url": "https://httpwg.org/http-extensions/draft-ietf-httpbis-rfc6265bis.html#appendix-A"
    }
  },
  "#appendix-A.1": {
    "current": {
      "number": "A.1",
      "spec": "Cookies: HTTP State Management Mechanism",
      "text": "draft-ietf-httpbis-rfc6265bis-00",
      "url": "https://httpwg.org/http-extensions/draft-ietf-httpbis-rfc6265bis.html#appendix-A.1"
    }
  },
  "#appendix-A.10": {
    "current": {
      "number": "A.10",
      "spec": "Cookies: HTTP State Management Mechanism",
      "text": "draft-ietf-httpbis-rfc6265bis-09",
      "url": "https://httpwg.org/http-extensions/draft-ietf-httpbis-rfc6265bis.html#appendix-A.10"
    }
  },
  "#appendix-A.11": {
    "current": {
      "number": "A.11",
      "spec": "Cookies: HTTP State Management Mechanism",
      "text": "draft-ietf-httpbis-rfc6265bis-10",
      "url": "https://httpwg.org/http-extensions/draft-ietf-httpbis-rfc6265bis.html#appendix-A.11"
    }
  },
  "#appendix-A.12": {
    "current": {
      "number": "A.12",
      "spec": "Cookies: HTTP State Management Mechanism",
      "text": "draft-ietf-httpbis-rfc6265bis-11",
      "url": "https://httpwg.org/http-extensions/draft-ietf-httpbis-rfc6265bis.html#appendix-A.12"
    }
  },
  "#appendix-A.13": {
    "current": {
      "number": "A.13",
      "spec": "Cookies: HTTP State Management Mechanism",
      "text": "draft-ietf-httpbis-rfc6265bis-12",
      "url": "https://httpwg.org/http-extensions/draft-ietf-httpbis-rfc6265bis.html#appendix-A.13"
    }
  },
  "#appendix-A.2": {
    "current": {
      "number": "A.2",
      "spec": "Cookies: HTTP State Management Mechanism",
      "text": "draft-ietf-httpbis-rfc6265bis-01",
      "url": "https://httpwg.org/http-extensions/draft-ietf-httpbis-rfc6265bis.html#appendix-A.2"
    }
  },
  "#appendix-A.3": {
    "current": {
      "number": "A.3",
      "spec": "Cookies: HTTP State Management Mechanism",
      "text": "draft-ietf-httpbis-rfc6265bis-02",
      "url": "https://httpwg.org/http-extensions/draft-ietf-httpbis-rfc6265bis.html#appendix-A.3"
    }
  },
  "#appendix-A.4": {
    "current": {
      "number": "A.4",
      "spec": "Cookies: HTTP State Management Mechanism",
      "text": "draft-ietf-httpbis-rfc6265bis-03",
      "url": "https://httpwg.org/http-extensions/draft-ietf-httpbis-rfc6265bis.html#appendix-A.4"
    }
  },
  "#appendix-A.5": {
    "current": {
      "number": "A.5",
      "spec": "Cookies: HTTP State Management Mechanism",
      "text": "draft-ietf-httpbis-rfc6265bis-04",
      "url": "https://httpwg.org/http-extensions/draft-ietf-httpbis-rfc6265bis.html#appendix-A.5"
    }
  },
  "#appendix-A.6": {
    "current": {
      "number": "A.6",
      "spec": "Cookies: HTTP State Management Mechanism",
      "text": "draft-ietf-httpbis-rfc6265bis-05",
      "url": "https://httpwg.org/http-extensions/draft-ietf-httpbis-rfc6265bis.html#appendix-A.6"
    }
  },
  "#appendix-A.7": {
    "current": {
      "number": "A.7",
      "spec": "Cookies: HTTP State Management Mechanism",
      "text": "draft-ietf-httpbis-rfc6265bis-06",
      "url": "https://httpwg.org/http-extensions/draft-ietf-httpbis-rfc6265bis.html#appendix-A.7"
    }
  },
  "#appendix-A.8": {
    "current": {
      "number": "A.8",
      "spec": "Cookies: HTTP State Management Mechanism",
      "text": "draft-ietf-httpbis-rfc6265bis-07",
      "url": "https://httpwg.org/http-extensions/draft-ietf-httpbis-rfc6265bis.html#appendix-A.8"
    }
  },
  "#appendix-A.9": {
    "current": {
      "number": "A.9",
      "spec": "Cookies: HTTP State Management Mechanism",
      "text": "draft-ietf-httpbis-rfc6265bis-08",
      "url": "https://httpwg.org/http-extensions/draft-ietf-httpbis-rfc6265bis.html#appendix-A.9"
    }
  },
  "#appendix-B": {
    "current": {
      "number": "",
      "spec": "Cookies: HTTP State Management Mechanism",
      "text": "Acknowledgements",
      "url": "https://httpwg.org/http-extensions/draft-ietf-httpbis-rfc6265bis.html#appendix-B"
    }
  },
  "#appendix-C": {
    "current": {
      "number": "",
      "spec": "Cookies: HTTP State Management Mechanism",
      "text": "Authors' Addresses",
      "url": "https://httpwg.org/http-extensions/draft-ietf-httpbis-rfc6265bis.html#appendix-C"
    }
  },
  "#section-1": {
    "current": {
      "number": "1",
      "spec": "Cookies: HTTP State Management Mechanism",
      "text": "Introduction",
      "url": "https://httpwg.org/http-extensions/draft-ietf-httpbis-rfc6265bis.html#section-1"
    }
  },
  "#section-10": {
    "current": {
      "number": "",
      "spec": "Cookies: HTTP State Management Mechanism",
      "text": "10. References",
      "url": "https://httpwg.org/http-extensions/draft-ietf-httpbis-rfc6265bis.html#section-10"
    }
  },
  "#section-10.1": {
    "current": {
      "number": "10.1",
      "spec": "Cookies: HTTP State Management Mechanism",
      "text": "Normative References",
      "url": "https://httpwg.org/http-extensions/draft-ietf-httpbis-rfc6265bis.html#section-10.1"
    }
  },
  "#section-10.2": {
    "current": {
      "number": "10.2",
      "spec": "Cookies: HTTP State Management Mechanism",
      "text": "Informative References",
      "url": "https://httpwg.org/http-extensions/draft-ietf-httpbis-rfc6265bis.html#section-10.2"
    }
  },
  "#section-2": {
    "current": {
      "number": "2",
      "spec": "Cookies: HTTP State Management Mechanism",
      "text": "Conventions",
      "url": "https://httpwg.org/http-extensions/draft-ietf-httpbis-rfc6265bis.html#section-2"
    }
  },
  "#section-2.1": {
    "current": {
      "number": "2.1",
      "spec": "Cookies: HTTP State Management Mechanism",
      "text": "Conformance Criteria",
      "url": "https://httpwg.org/http-extensions/draft-ietf-httpbis-rfc6265bis.html#section-2.1"
    }
  },
  "#section-2.2": {
    "current": {
      "number": "2.2",
      "spec": "Cookies: HTTP State Management Mechanism",
      "text": "Syntax Notation",
      "url": "https://httpwg.org/http-extensions/draft-ietf-httpbis-rfc6265bis.html#section-2.2"
    }
  },
  "#section-2.3": {
    "current": {
      "number": "2.3",
      "spec": "Cookies: HTTP State Management Mechanism",
      "text": "Terminology",
      "url": "https://httpwg.org/http-extensions/draft-ietf-httpbis-rfc6265bis.html#section-2.3"
    }
  },
  "#section-3": {
    "current": {
      "number": "3",
      "spec": "Cookies: HTTP State Management Mechanism",
      "text": "Overview",
      "url": "https://httpwg.org/http-extensions/draft-ietf-httpbis-rfc6265bis.html#section-3"
    }
  },
  "#section-3.1": {
    "current": {
      "number": "3.1",
      "spec": "Cookies: HTTP State Management Mechanism",
      "text": "Examples",
      "url": "https://httpwg.org/http-extensions/draft-ietf-httpbis-rfc6265bis.html#section-3.1"
    }
  },
  "#section-3.2": {
    "current": {
      "number": "3.2",
      "spec": "Cookies: HTTP State Management Mechanism",
      "text": "Which Requirements to Implement",
      "url": "https://httpwg.org/http-extensions/draft-ietf-httpbis-rfc6265bis.html#section-3.2"
    }
  },
  "#section-3.2.1": {
    "current": {
      "number": "3.2.1",
      "spec": "Cookies: HTTP State Management Mechanism",
      "text": "Cookie Producing Implementations",
      "url": "https://httpwg.org/http-extensions/draft-ietf-httpbis-rfc6265bis.html#section-3.2.1"
    }
  },
  "#section-3.2.2": {
    "current": {
      "number": "3.2.2",
      "spec": "Cookies: HTTP State Management Mechanism",
      "text": "Cookie Consuming Implementations",
      "url": "https://httpwg.org/http-extensions/draft-ietf-httpbis-rfc6265bis.html#section-3.2.2"
    }
  },
  "#section-3.2.2.1": {
    "current": {
      "number": "3.2.2.1",
      "spec": "Cookies: HTTP State Management Mechanism",
      "text": "Programming Languages & Software Frameworks",
      "url": "https://httpwg.org/http-extensions/draft-ietf-httpbis-rfc6265bis.html#section-3.2.2.1"
    }
  },
  "#section-4": {
    "current": {
      "number": "4",
      "spec": "Cookies: HTTP State Management Mechanism",
      "text": "Server Requirements",
      "url": "https://httpwg.org/http-extensions/draft-ietf-httpbis-rfc6265bis.html#section-4"
    }
  },
  "#section-4.1": {
    "current": {
      "number": "4.1",
      "spec": "Cookies: HTTP State Management Mechanism",
      "text": "Set-Cookie",
      "url": "https://httpwg.org/http-extensions/draft-ietf-httpbis-rfc6265bis.html#section-4.1"
    }
  },
  "#section-4.1.1": {
    "current": {
      "number": "4.1.1",
      "spec": "Cookies: HTTP State Management Mechanism",
      "text": "Syntax",
      "url": "https://httpwg.org/http-extensions/draft-ietf-httpbis-rfc6265bis.html#section-4.1.1"
    }
  },
  "#section-4.1.2": {
    "current": {
      "number": "4.1.2",
      "spec": "Cookies: HTTP State Management Mechanism",
      "text": "Semantics (Non-Normative)",
      "url": "https://httpwg.org/http-extensions/draft-ietf-httpbis-rfc6265bis.html#section-4.1.2"
    }
  },
  "#section-4.1.2.1": {
    "current": {
      "number": "4.1.2.1",
      "spec": "Cookies: HTTP State Management Mechanism",
      "text": "The Expires Attribute",
      "url": "https://httpwg.org/http-extensions/draft-ietf-httpbis-rfc6265bis.html#section-4.1.2.1"
    }
  },
  "#section-4.1.2.2": {
    "current": {
      "number": "4.1.2.2",
      "spec": "Cookies: HTTP State Management Mechanism",
      "text": "The Max-Age Attribute",
      "url": "https://httpwg.org/http-extensions/draft-ietf-httpbis-rfc6265bis.html#section-4.1.2.2"
    }
  },
  "#section-4.1.2.3": {
    "current": {
      "number": "4.1.2.3",
      "spec": "Cookies: HTTP State Management Mechanism",
      "text": "The Domain Attribute",
      "url": "https://httpwg.org/http-extensions/draft-ietf-httpbis-rfc6265bis.html#section-4.1.2.3"
    }
  },
  "#section-4.1.2.4": {
    "current": {
      "number": "4.1.2.4",
      "spec": "Cookies: HTTP State Management Mechanism",
      "text": "The Path Attribute",
      "url": "https://httpwg.org/http-extensions/draft-ietf-httpbis-rfc6265bis.html#section-4.1.2.4"
    }
  },
  "#section-4.1.2.5": {
    "current": {
      "number": "4.1.2.5",
      "spec": "Cookies: HTTP State Management Mechanism",
      "text": "The Secure Attribute",
      "url": "https://httpwg.org/http-extensions/draft-ietf-httpbis-rfc6265bis.html#section-4.1.2.5"
    }
  },
  "#section-4.1.2.6": {
    "current": {
      "number": "4.1.2.6",
      "spec": "Cookies: HTTP State Management Mechanism",
      "text": "The HttpOnly Attribute",
      "url": "https://httpwg.org/http-extensions/draft-ietf-httpbis-rfc6265bis.html#section-4.1.2.6"
    }
  },
  "#section-4.1.2.7": {
    "current": {
      "number": "4.1.2.7",
      "spec": "Cookies: HTTP State Management Mechanism",
      "text": "The SameSite Attribute",
      "url": "https://httpwg.org/http-extensions/draft-ietf-httpbis-rfc6265bis.html#section-4.1.2.7"
    }
  },
  "#section-4.1.3": {
    "current": {
      "number": "4.1.3",
      "spec": "Cookies: HTTP State Management Mechanism",
      "text": "Cookie Name Prefixes",
      "url": "https://httpwg.org/http-extensions/draft-ietf-httpbis-rfc6265bis.html#section-4.1.3"
    }
  },
  "#section-4.1.3.1": {
    "current": {
      "number": "4.1.3.1",
      "spec": "Cookies: HTTP State Management Mechanism",
      "text": "The \"__Secure-\" Prefix",
      "url": "https://httpwg.org/http-extensions/draft-ietf-httpbis-rfc6265bis.html#section-4.1.3.1"
    }
  },
  "#section-4.1.3.2": {
    "current": {
      "number": "4.1.3.2",
      "spec": "Cookies: HTTP State Management Mechanism",
      "text": "The \"__Host-\" Prefix",
      "url": "https://httpwg.org/http-extensions/draft-ietf-httpbis-rfc6265bis.html#section-4.1.3.2"
    }
  },
  "#section-4.2": {
    "current": {
      "number": "4.2",
      "spec": "Cookies: HTTP State Management Mechanism",
      "text": "Cookie",
      "url": "https://httpwg.org/http-extensions/draft-ietf-httpbis-rfc6265bis.html#section-4.2"
    }
  },
  "#section-4.2.1": {
    "current": {
      "number": "4.2.1",
      "spec": "Cookies: HTTP State Management Mechanism",
      "text": "Syntax",
      "url": "https://httpwg.org/http-extensions/draft-ietf-httpbis-rfc6265bis.html#section-4.2.1"
    }
  },
  "#section-4.2.2": {
    "current": {
      "number": "4.2.2",
      "spec": "Cookies: HTTP State Management Mechanism",
      "text": "Semantics",
      "url": "https://httpwg.org/http-extensions/draft-ietf-httpbis-rfc6265bis.html#section-4.2.2"
    }
  },
  "#section-5": {
    "current": {
      "number": "5",
      "spec": "Cookies: HTTP State Management Mechanism",
      "text": "User Agent Requirements",
      "url": "https://httpwg.org/http-extensions/draft-ietf-httpbis-rfc6265bis.html#section-5"
    }
  },
  "#section-5.1": {
    "current": {
      "number": "5.1",
      "spec": "Cookies: HTTP State Management Mechanism",
      "text": "Subcomponent Algorithms",
      "url": "https://httpwg.org/http-extensions/draft-ietf-httpbis-rfc6265bis.html#section-5.1"
    }
  },
  "#section-5.1.1": {
    "current": {
      "number": "5.1.1",
      "spec": "Cookies: HTTP State Management Mechanism",
      "text": "Dates",
      "url": "https://httpwg.org/http-extensions/draft-ietf-httpbis-rfc6265bis.html#section-5.1.1"
    }
  },
  "#section-5.1.2": {
    "current": {
      "number": "5.1.2",
      "spec": "Cookies: HTTP State Management Mechanism",
      "text": "Canonicalized Host Names",
      "url": "https://httpwg.org/http-extensions/draft-ietf-httpbis-rfc6265bis.html#section-5.1.2"
    }
  },
  "#section-5.1.3": {
    "current": {
      "number": "5.1.3",
      "spec": "Cookies: HTTP State Management Mechanism",
      "text": "Domain Matching",
      "url": "https://httpwg.org/http-extensions/draft-ietf-httpbis-rfc6265bis.html#section-5.1.3"
    }
  },
  "#section-5.1.4": {
    "current": {
      "number": "5.1.4",
      "spec": "Cookies: HTTP State Management Mechanism",
      "text": "Paths and Path-Match",
      "url": "https://httpwg.org/http-extensions/draft-ietf-httpbis-rfc6265bis.html#section-5.1.4"
    }
  },
  "#section-5.2": {
    "current": {
      "number": "5.2",
      "spec": "Cookies: HTTP State Management Mechanism",
      "text": "\"Same-site\" and \"cross-site\" Requests",
      "url": "https://httpwg.org/http-extensions/draft-ietf-httpbis-rfc6265bis.html#section-5.2"
    }
  },
  "#section-5.2.1": {
    "current": {
      "number": "5.2.1",
      "spec": "Cookies: HTTP State Management Mechanism",
      "text": "Document-based requests",
      "url": "https://httpwg.org/http-extensions/draft-ietf-httpbis-rfc6265bis.html#section-5.2.1"
    }
  },
  "#section-5.2.2": {
    "current": {
      "number": "5.2.2",
      "spec": "Cookies: HTTP State Management Mechanism",
      "text": "Worker-based requests",
      "url": "https://httpwg.org/http-extensions/draft-ietf-httpbis-rfc6265bis.html#section-5.2.2"
    }
  },
  "#section-5.2.2.1": {
    "current": {
      "number": "5.2.2.1",
      "spec": "Cookies: HTTP State Management Mechanism",
      "text": "Dedicated and Shared Workers",
      "url": "https://httpwg.org/http-extensions/draft-ietf-httpbis-rfc6265bis.html#section-5.2.2.1"
    }
  },
  "#section-5.2.2.2": {
    "current": {
      "number": "5.2.2.2",
      "spec": "Cookies: HTTP State Management Mechanism",
      "text": "Service Workers",
      "url": "https://httpwg.org/http-extensions/draft-ietf-httpbis-rfc6265bis.html#section-5.2.2.2"
    }
  },
  "#section-5.3": {
    "current": {
      "number": "5.3",
      "spec": "Cookies: HTTP State Management Mechanism",
      "text": "Ignoring Set-Cookie Header Fields",
      "url": "https://httpwg.org/http-extensions/draft-ietf-httpbis-rfc6265bis.html#section-5.3"
    }
  },
  "#section-5.4": {
    "current": {
      "number": "5.4",
      "spec": "Cookies: HTTP State Management Mechanism",
      "text": "Cookie Name Prefixes",
      "url": "https://httpwg.org/http-extensions/draft-ietf-httpbis-rfc6265bis.html#section-5.4"
    }
  },
  "#section-5.5": {
    "current": {
      "number": "5.5",
      "spec": "Cookies: HTTP State Management Mechanism",
      "text": "The Set-Cookie Header Field",
      "url": "https://httpwg.org/http-extensions/draft-ietf-httpbis-rfc6265bis.html#section-5.5"
    }
  },
  "#section-5.5.1": {
    "current": {
      "number": "5.5.1",
      "spec": "Cookies: HTTP State Management Mechanism",
      "text": "The Expires Attribute",
      "url": "https://httpwg.org/http-extensions/draft-ietf-httpbis-rfc6265bis.html#section-5.5.1"
    }
  },
  "#section-5.5.2": {
    "current": {
      "number": "5.5.2",
      "spec": "Cookies: HTTP State Management Mechanism",
      "text": "The Max-Age Attribute",
      "url": "https://httpwg.org/http-extensions/draft-ietf-httpbis-rfc6265bis.html#section-5.5.2"
    }
  },
  "#section-5.5.3": {
    "current": {
      "number": "5.5.3",
      "spec": "Cookies: HTTP State Management Mechanism",
      "text": "The Domain Attribute",
      "url": "https://httpwg.org/http-extensions/draft-ietf-httpbis-rfc6265bis.html#section-5.5.3"
    }
  },
  "#section-5.5.4": {
    "current": {
      "number": "5.5.4",
      "spec": "Cookies: HTTP State Management Mechanism",
      "text": "The Path Attribute",
      "url": "https://httpwg.org/http-extensions/draft-ietf-httpbis-rfc6265bis.html#section-5.5.4"
    }
  },
  "#section-5.5.5": {
    "current": {
      "number": "5.5.5",
      "spec": "Cookies: HTTP State Management Mechanism",
      "text": "The Secure Attribute",
      "url": "https://httpwg.org/http-extensions/draft-ietf-httpbis-rfc6265bis.html#section-5.5.5"
    }
  },
  "#section-5.5.6": {
    "current": {
      "number": "5.5.6",
      "spec": "Cookies: HTTP State Management Mechanism",
      "text": "The HttpOnly Attribute",
      "url": "https://httpwg.org/http-extensions/draft-ietf-httpbis-rfc6265bis.html#section-5.5.6"
    }
  },
  "#section-5.5.7": {
    "current": {
      "number": "5.5.7",
      "spec": "Cookies: HTTP State Management Mechanism",
      "text": "The SameSite Attribute",
      "url": "https://httpwg.org/http-extensions/draft-ietf-httpbis-rfc6265bis.html#section-5.5.7"
    }
  },
  "#section-5.5.7.1": {
    "current": {
      "number": "5.5.7.1",
      "spec": "Cookies: HTTP State Management Mechanism",
      "text": "\"Strict\" and \"Lax\" enforcement",
      "url": "https://httpwg.org/http-extensions/draft-ietf-httpbis-rfc6265bis.html#section-5.5.7.1"
    }
  },
  "#section-5.5.7.2": {
    "current": {
      "number": "5.5.7.2",
      "spec": "Cookies: HTTP State Management Mechanism",
      "text": "\"Lax-Allowing-Unsafe\" enforcement",
      "url": "https://httpwg.org/http-extensions/draft-ietf-httpbis-rfc6265bis.html#section-5.5.7.2"
    }
  },
  "#section-5.6": {
    "current": {
      "number": "5.6",
      "spec": "Cookies: HTTP State Management Mechanism",
      "text": "Storage Model",
      "url": "https://httpwg.org/http-extensions/draft-ietf-httpbis-rfc6265bis.html#section-5.6"
    }
  },
  "#section-5.7": {
    "current": {
      "number": "5.7",
      "spec": "Cookies: HTTP State Management Mechanism",
      "text": "Retrieval Model",
      "url": "https://httpwg.org/http-extensions/draft-ietf-httpbis-rfc6265bis.html#section-5.7"
    }
  },
  "#section-5.7.1": {
    "current": {
      "number": "5.7.1",
      "spec": "Cookies: HTTP State Management Mechanism",
      "text": "The Cookie Header Field",
      "url": "https://httpwg.org/http-extensions/draft-ietf-httpbis-rfc6265bis.html#section-5.7.1"
    }
  },
  "#section-5.7.2": {
    "current": {
      "number": "5.7.2",
      "spec": "Cookies: HTTP State Management Mechanism",
      "text": "Non-HTTP APIs",
      "url": "https://httpwg.org/http-extensions/draft-ietf-httpbis-rfc6265bis.html#section-5.7.2"
    }
  },
  "#section-5.7.3": {
    "current": {
      "number": "5.7.3",
      "spec": "Cookies: HTTP State Management Mechanism",
      "text": "Retrieval Algorithm",
      "url": "https://httpwg.org/http-extensions/draft-ietf-httpbis-rfc6265bis.html#section-5.7.3"
    }
  },
  "#section-6": {
    "current": {
      "number": "6",
      "spec": "Cookies: HTTP State Management Mechanism",
      "text": "Implementation Considerations",
      "url": "https://httpwg.org/http-extensions/draft-ietf-httpbis-rfc6265bis.html#section-6"
    }
  },
  "#section-6.1": {
    "current": {
      "number": "6.1",
      "spec": "Cookies: HTTP State Management Mechanism",
      "text": "Limits",
      "url": "https://httpwg.org/http-extensions/draft-ietf-httpbis-rfc6265bis.html#section-6.1"
    }
  },
  "#section-6.2": {
    "current": {
      "number": "6.2",
      "spec": "Cookies: HTTP State Management Mechanism",
      "text": "Application Programming Interfaces",
      "url": "https://httpwg.org/http-extensions/draft-ietf-httpbis-rfc6265bis.html#section-6.2"
    }
  },
  "#section-6.3": {
    "current": {
      "number": "6.3",
      "spec": "Cookies: HTTP State Management Mechanism",
      "text": "IDNA Dependency and Migration",
      "url": "https://httpwg.org/http-extensions/draft-ietf-httpbis-rfc6265bis.html#section-6.3"
    }
  },
  "#section-7": {
    "current": {
      "number": "7",
      "spec": "Cookies: HTTP State Management Mechanism",
      "text": "Privacy Considerations",
      "url": "https://httpwg.org/http-extensions/draft-ietf-httpbis-rfc6265bis.html#section-7"
    }
  },
  "#section-7.1": {
    "current": {
      "number": "7.1",
      "spec": "Cookies: HTTP State Management Mechanism",
      "text": "Third-Party Cookies",
      "url": "https://httpwg.org/http-extensions/draft-ietf-httpbis-rfc6265bis.html#section-7.1"
    }
  },
  "#section-7.2": {
    "current": {
      "number": "7.2",
      "spec": "Cookies: HTTP State Management Mechanism",
      "text": "Cookie Policy",
      "url": "https://httpwg.org/http-extensions/draft-ietf-httpbis-rfc6265bis.html#section-7.2"
    }
  },
  "#section-7.3": {
    "current": {
      "number": "7.3",
      "spec": "Cookies: HTTP State Management Mechanism",
      "text": "User Controls",
      "url": "https://httpwg.org/http-extensions/draft-ietf-httpbis-rfc6265bis.html#section-7.3"
    }
  },
  "#section-7.4": {
    "current": {
      "number": "7.4",
      "spec": "Cookies: HTTP State Management Mechanism",
      "text": "Expiration Dates",
      "url": "https://httpwg.org/http-extensions/draft-ietf-httpbis-rfc6265bis.html#section-7.4"
    }
  },
  "#section-8": {
    "current": {
      "number": "8",
      "spec": "Cookies: HTTP State Management Mechanism",
      "text": "Security Considerations",
      "url": "https://httpwg.org/http-extensions/draft-ietf-httpbis-rfc6265bis.html#section-8"
    }
  },
  "#section-8.1": {
    "current": {
      "number": "8.1",
      "spec": "Cookies: HTTP State Management Mechanism",
      "text": "Overview",
      "url": "https://httpwg.org/http-extensions/draft-ietf-httpbis-rfc6265bis.html#section-8.1"
    }
  },
  "#section-8.2": {
    "current": {
      "number": "8.2",
      "spec": "Cookies: HTTP State Management Mechanism",
      "text": "Ambient Authority",
      "url": "https://httpwg.org/http-extensions/draft-ietf-httpbis-rfc6265bis.html#section-8.2"
    }
  },
  "#section-8.3": {
    "current": {
      "number": "8.3",
      "spec": "Cookies: HTTP State Management Mechanism",
      "text": "Clear Text",
      "url": "https://httpwg.org/http-extensions/draft-ietf-httpbis-rfc6265bis.html#section-8.3"
    }
  },
  "#section-8.4": {
    "current": {
      "number": "8.4",
      "spec": "Cookies: HTTP State Management Mechanism",
      "text": "Session Identifiers",
      "url": "https://httpwg.org/http-extensions/draft-ietf-httpbis-rfc6265bis.html#section-8.4"
    }
  },
  "#section-8.5": {
    "current": {
      "number": "8.5",
      "spec": "Cookies: HTTP State Management Mechanism",
      "text": "Weak Confidentiality",
      "url": "https://httpwg.org/http-extensions/draft-ietf-httpbis-rfc6265bis.html#section-8.5"
    }
  },
  "#section-8.6": {
    "current": {
      "number": "8.6",
      "spec": "Cookies: HTTP State Management Mechanism",
      "text": "Weak Integrity",
      "url": "https://httpwg.org/http-extensions/draft-ietf-httpbis-rfc6265bis.html#section-8.6"
    }
  },
  "#section-8.7": {
    "current": {
      "number": "8.7",
      "spec": "Cookies: HTTP State Management Mechanism",
      "text": "Reliance on DNS",
      "url": "https://httpwg.org/http-extensions/draft-ietf-httpbis-rfc6265bis.html#section-8.7"
    }
  },
  "#section-8.8": {
    "current": {
      "number": "8.8",
      "spec": "Cookies: HTTP State Management Mechanism",
      "text": "SameSite Cookies",
      "url": "https://httpwg.org/http-extensions/draft-ietf-httpbis-rfc6265bis.html#section-8.8"
    }
  },
  "#section-8.8.1": {
    "current": {
      "number": "8.8.1",
      "spec": "Cookies: HTTP State Management Mechanism",
      "text": "Defense in depth",
      "url": "https://httpwg.org/http-extensions/draft-ietf-httpbis-rfc6265bis.html#section-8.8.1"
    }
  },
  "#section-8.8.2": {
    "current": {
      "number": "8.8.2",
      "spec": "Cookies: HTTP State Management Mechanism",
      "text": "Top-level Navigations",
      "url": "https://httpwg.org/http-extensions/draft-ietf-httpbis-rfc6265bis.html#section-8.8.2"
    }
  },
  "#section-8.8.3": {
    "current": {
      "number": "8.8.3",
      "spec": "Cookies: HTTP State Management Mechanism",
      "text": "Mashups and Widgets",
      "url": "https://httpwg.org/http-extensions/draft-ietf-httpbis-rfc6265bis.html#section-8.8.3"
    }
  },
  "#section-8.8.4": {
    "current": {
      "number": "8.8.4",
      "spec": "Cookies: HTTP State Management Mechanism",
      "text": "Server-controlled",
      "url": "https://httpwg.org/http-extensions/draft-ietf-httpbis-rfc6265bis.html#section-8.8.4"
    }
  },
  "#section-8.8.5": {
    "current": {
      "number": "8.8.5",
      "spec": "Cookies: HTTP State Management Mechanism",
      "text": "Reload navigations",
      "url": "https://httpwg.org/http-extensions/draft-ietf-httpbis-rfc6265bis.html#section-8.8.5"
    }
  },
  "#section-8.8.6": {
    "current": {
      "number": "8.8.6",
      "spec": "Cookies: HTTP State Management Mechanism",
      "text": "Top-level requests with \"unsafe\" methods",
      "url": "https://httpwg.org/http-extensions/draft-ietf-httpbis-rfc6265bis.html#section-8.8.6"
    }
  },
  "#section-9": {
    "current": {
      "number": "9",
      "spec": "Cookies: HTTP State Management Mechanism",
      "text": "IANA Considerations",
      "url": "https://httpwg.org/http-extensions/draft-ietf-httpbis-rfc6265bis.html#section-9"
    }
  },
  "#section-9.1": {
    "current": {
      "number": "9.1",
      "spec": "Cookies: HTTP State Management Mechanism",
      "text": "Cookie",
      "url": "https://httpwg.org/http-extensions/draft-ietf-httpbis-rfc6265bis.html#section-9.1"
    }
  },
  "#section-9.2": {
    "current": {
      "number": "9.2",
      "spec": "Cookies: HTTP State Management Mechanism",
      "text": "Set-Cookie",
      "url": "https://httpwg.org/http-extensions/draft-ietf-httpbis-rfc6265bis.html#section-9.2"
    }
  },
  "#section-9.3": {
    "current": {
      "number": "9.3",
      "spec": "Cookies: HTTP State Management Mechanism",
      "text": "Cookie Attribute Registry",
      "url": "https://httpwg.org/http-extensions/draft-ietf-httpbis-rfc6265bis.html#section-9.3"
    }
  },
  "#section-9.3.1": {
    "current": {
      "number": "9.3.1",
      "spec": "Cookies: HTTP State Management Mechanism",
      "text": "Procedure",
      "url": "https://httpwg.org/http-extensions/draft-ietf-httpbis-rfc6265bis.html#section-9.3.1"
    }
  },
  "#section-9.3.2": {
    "current": {
      "number": "9.3.2",
      "spec": "Cookies: HTTP State Management Mechanism",
      "text": "Registration",
      "url": "https://httpwg.org/http-extensions/draft-ietf-httpbis-rfc6265bis.html#section-9.3.2"
    }
  },
  "#section-abstract": {
    "current": {
      "number": "",
      "spec": "Cookies: HTTP State Management Mechanism",
      "text": "Abstract",
      "url": "https://httpwg.org/http-extensions/draft-ietf-httpbis-rfc6265bis.html#section-abstract"
    }
  },
  "#section-boilerplate.1": {
    "current": {
      "number": "",
      "spec": "Cookies: HTTP State Management Mechanism",
      "text": "Status of This Memo",
      "url": "https://httpwg.org/http-extensions/draft-ietf-httpbis-rfc6265bis.html#section-boilerplate.1"
    }
  },
  "#section-boilerplate.2": {
    "current": {
      "number": "",
      "spec": "Cookies: HTTP State Management Mechanism",
      "text": "Copyright Notice",
      "url": "https://httpwg.org/http-extensions/draft-ietf-httpbis-rfc6265bis.html#section-boilerplate.2"
    }
  },
  "#section-note.1": {
    "current": {
      "number": "",
      "spec": "Cookies: HTTP State Management Mechanism",
      "text": "About This Document",
      "url": "https://httpwg.org/http-extensions/draft-ietf-httpbis-rfc6265bis.html#section-note.1"
    }
  },
  "#section-toc.1": {
    "current": {
      "number": "",
      "spec": "Cookies: HTTP State Management Mechanism",
      "text": "Table of Contents",
      "url": "https://httpwg.org/http-extensions/draft-ietf-httpbis-rfc6265bis.html#section-toc.1"
    }
  },
  "#title": {
    "current": {
      "number": "",
      "spec": "Cookies: HTTP State Management Mechanism",
      "text": "Cookies: HTTP State Management Mechanism",
      "url": "https://httpwg.org/http-extensions/draft-ietf-httpbis-rfc6265bis.html#title"
    }
  }
}