{
  "#abstract": {
    "current": {
      "number": "",
      "spec": "CSS Fill and Stroke 3",
      "text": "Abstract",
      "url": "https://drafts.fxtf.org/fill-stroke-3/#abstract"
    },
    "snapshot": {
      "number": "",
      "spec": "CSS Fill and Stroke 3",
      "text": "Abstract",
      "url": "https://www.w3.org/TR/fill-stroke-3/#abstract"
    }
  },
  "#algo-arcs-linejoin": {
    "current": {
      "number": "4.6.6",
      "spec": "CSS Fill and Stroke 3",
      "text": "Arcs Linejoin",
      "url": "https://drafts.fxtf.org/fill-stroke-3/#algo-arcs-linejoin"
    },
    "snapshot": {
      "number": "4.6.6",
      "spec": "CSS Fill and Stroke 3",
      "text": "Arcs Linejoin",
      "url": "https://www.w3.org/TR/fill-stroke-3/#algo-arcs-linejoin"
    }
  },
  "#algo-cap-shapes": {
    "current": {
      "number": "4.6.4",
      "spec": "CSS Fill and Stroke 3",
      "text": "Cap Shapes",
      "url": "https://drafts.fxtf.org/fill-stroke-3/#algo-cap-shapes"
    },
    "snapshot": {
      "number": "4.6.4",
      "spec": "CSS Fill and Stroke 3",
      "text": "Cap Shapes",
      "url": "https://www.w3.org/TR/fill-stroke-3/#algo-cap-shapes"
    }
  },
  "#algo-dash-positions": {
    "current": {
      "number": "4.6.3",
      "spec": "CSS Fill and Stroke 3",
      "text": "Dash Positions",
      "url": "https://drafts.fxtf.org/fill-stroke-3/#algo-dash-positions"
    },
    "snapshot": {
      "number": "4.6.3",
      "spec": "CSS Fill and Stroke 3",
      "text": "Dash Positions",
      "url": "https://www.w3.org/TR/fill-stroke-3/#algo-dash-positions"
    }
  },
  "#algo-line-join-shape": {
    "current": {
      "number": "4.6.5",
      "spec": "CSS Fill and Stroke 3",
      "text": "Line Join Shape",
      "url": "https://drafts.fxtf.org/fill-stroke-3/#algo-line-join-shape"
    },
    "snapshot": {
      "number": "4.6.5",
      "spec": "CSS Fill and Stroke 3",
      "text": "Line Join Shape",
      "url": "https://www.w3.org/TR/fill-stroke-3/#algo-line-join-shape"
    }
  },
  "#algo-stroke-shape": {
    "current": {
      "number": "4.6.2",
      "spec": "CSS Fill and Stroke 3",
      "text": "Stroke Shape",
      "url": "https://drafts.fxtf.org/fill-stroke-3/#algo-stroke-shape"
    },
    "snapshot": {
      "number": "4.6.2",
      "spec": "CSS Fill and Stroke 3",
      "text": "Stroke Shape",
      "url": "https://www.w3.org/TR/fill-stroke-3/#algo-stroke-shape"
    }
  },
  "#conform-future-proofing": {
    "snapshot": {
      "number": "",
      "spec": "CSS Fill and Stroke 3",
      "text": "Implementations of Unstable and Proprietary Features",
      "url": "https://www.w3.org/TR/fill-stroke-3/#conform-future-proofing"
    }
  },
  "#conformance": {
    "snapshot": {
      "number": "",
      "spec": "CSS Fill and Stroke 3",
      "text": "Conformance",
      "url": "https://www.w3.org/TR/fill-stroke-3/#conformance"
    }
  },
  "#conformance-classes": {
    "snapshot": {
      "number": "",
      "spec": "CSS Fill and Stroke 3",
      "text": "Conformance classes",
      "url": "https://www.w3.org/TR/fill-stroke-3/#conformance-classes"
    }
  },
  "#conventions": {
    "snapshot": {
      "number": "",
      "spec": "CSS Fill and Stroke 3",
      "text": "Document conventions",
      "url": "https://www.w3.org/TR/fill-stroke-3/#conventions"
    }
  },
  "#corner-control": {
    "current": {
      "number": "4.3.3",
      "spec": "CSS Fill and Stroke 3",
      "text": "Corner Control: the stroke-dash-corner and stroke-dash-justify properties",
      "url": "https://drafts.fxtf.org/fill-stroke-3/#corner-control"
    },
    "snapshot": {
      "number": "4.3.3",
      "spec": "CSS Fill and Stroke 3",
      "text": "Corner Control: the stroke-dash-corner and stroke-dash-justify properties",
      "url": "https://www.w3.org/TR/fill-stroke-3/#corner-control"
    }
  },
  "#fill-break": {
    "current": {
      "number": "3.2.2",
      "spec": "CSS Fill and Stroke 3",
      "text": "Fragmented Fills: the fill-break property",
      "url": "https://drafts.fxtf.org/fill-stroke-3/#fill-break"
    },
    "snapshot": {
      "number": "3.2.2",
      "spec": "CSS Fill and Stroke 3",
      "text": "Fragmented Fills: the fill-break property",
      "url": "https://www.w3.org/TR/fill-stroke-3/#fill-break"
    }
  },
  "#fill-color": {
    "current": {
      "number": "3.3.1",
      "spec": "CSS Fill and Stroke 3",
      "text": "Fill Color: the fill-color property",
      "url": "https://drafts.fxtf.org/fill-stroke-3/#fill-color"
    },
    "snapshot": {
      "number": "3.3.1",
      "spec": "CSS Fill and Stroke 3",
      "text": "Fill Color: the fill-color property",
      "url": "https://www.w3.org/TR/fill-stroke-3/#fill-color"
    }
  },
  "#fill-filter": {
    "current": {
      "number": "3.4",
      "spec": "CSS Fill and Stroke 3",
      "text": "Fill Transparency",
      "url": "https://drafts.fxtf.org/fill-stroke-3/#fill-filter"
    },
    "snapshot": {
      "number": "3.4",
      "spec": "CSS Fill and Stroke 3",
      "text": "Fill Transparency",
      "url": "https://www.w3.org/TR/fill-stroke-3/#fill-filter"
    }
  },
  "#fill-geometry": {
    "current": {
      "number": "3.2",
      "spec": "CSS Fill and Stroke 3",
      "text": "Fill Geometry",
      "url": "https://drafts.fxtf.org/fill-stroke-3/#fill-geometry"
    },
    "snapshot": {
      "number": "3.2",
      "spec": "CSS Fill and Stroke 3",
      "text": "Fill Geometry",
      "url": "https://www.w3.org/TR/fill-stroke-3/#fill-geometry"
    }
  },
  "#fill-image": {
    "current": {
      "number": "3.3.2",
      "spec": "CSS Fill and Stroke 3",
      "text": "Fill Image Sources: the fill-image property",
      "url": "https://drafts.fxtf.org/fill-stroke-3/#fill-image"
    },
    "snapshot": {
      "number": "3.3.2",
      "spec": "CSS Fill and Stroke 3",
      "text": "Fill Image Sources: the fill-image property",
      "url": "https://www.w3.org/TR/fill-stroke-3/#fill-image"
    }
  },
  "#fill-layering": {
    "current": {
      "number": "3.1",
      "spec": "CSS Fill and Stroke 3",
      "text": "Layering Multiple Fills",
      "url": "https://drafts.fxtf.org/fill-stroke-3/#fill-layering"
    },
    "snapshot": {
      "number": "3.1",
      "spec": "CSS Fill and Stroke 3",
      "text": "Layering Multiple Fills",
      "url": "https://www.w3.org/TR/fill-stroke-3/#fill-layering"
    }
  },
  "#fill-opacity": {
    "current": {
      "number": "3.4.1",
      "spec": "CSS Fill and Stroke 3",
      "text": "Fill Opacity: the fill-opacity property",
      "url": "https://drafts.fxtf.org/fill-stroke-3/#fill-opacity"
    },
    "snapshot": {
      "number": "3.4.1",
      "spec": "CSS Fill and Stroke 3",
      "text": "Fill Opacity: the fill-opacity property",
      "url": "https://www.w3.org/TR/fill-stroke-3/#fill-opacity"
    }
  },
  "#fill-origin": {
    "current": {
      "number": "3.3.3",
      "spec": "CSS Fill and Stroke 3",
      "text": "Fill Positioning Area: the fill-origin property",
      "url": "https://drafts.fxtf.org/fill-stroke-3/#fill-origin"
    },
    "snapshot": {
      "number": "3.3.3",
      "spec": "CSS Fill and Stroke 3",
      "text": "Fill Positioning Area: the fill-origin property",
      "url": "https://www.w3.org/TR/fill-stroke-3/#fill-origin"
    }
  },
  "#fill-paint": {
    "current": {
      "number": "3.3",
      "spec": "CSS Fill and Stroke 3",
      "text": "Fill Paint",
      "url": "https://drafts.fxtf.org/fill-stroke-3/#fill-paint"
    },
    "snapshot": {
      "number": "3.3",
      "spec": "CSS Fill and Stroke 3",
      "text": "Fill Paint",
      "url": "https://www.w3.org/TR/fill-stroke-3/#fill-paint"
    }
  },
  "#fill-position": {
    "current": {
      "number": "3.3.4",
      "spec": "CSS Fill and Stroke 3",
      "text": "Positioning Fill Images: the fill-position property",
      "url": "https://drafts.fxtf.org/fill-stroke-3/#fill-position"
    },
    "snapshot": {
      "number": "3.3.4",
      "spec": "CSS Fill and Stroke 3",
      "text": "Positioning Fill Images: the fill-position property",
      "url": "https://www.w3.org/TR/fill-stroke-3/#fill-position"
    }
  },
  "#fill-repeat": {
    "current": {
      "number": "3.3.6",
      "spec": "CSS Fill and Stroke 3",
      "text": "Tiling Fill Images: the fill-repeat property",
      "url": "https://drafts.fxtf.org/fill-stroke-3/#fill-repeat"
    },
    "snapshot": {
      "number": "3.3.6",
      "spec": "CSS Fill and Stroke 3",
      "text": "Tiling Fill Images: the fill-repeat property",
      "url": "https://www.w3.org/TR/fill-stroke-3/#fill-repeat"
    }
  },
  "#fill-rule": {
    "current": {
      "number": "3.2.1",
      "spec": "CSS Fill and Stroke 3",
      "text": "Winding Rule for SVG shapes: the fill-rule property",
      "url": "https://drafts.fxtf.org/fill-stroke-3/#fill-rule"
    },
    "snapshot": {
      "number": "3.2.1",
      "spec": "CSS Fill and Stroke 3",
      "text": "Winding Rule for SVG shapes: the fill-rule property",
      "url": "https://www.w3.org/TR/fill-stroke-3/#fill-rule"
    }
  },
  "#fill-shorthand": {
    "current": {
      "number": "3.3.7",
      "spec": "CSS Fill and Stroke 3",
      "text": "Fill Shorthand: the fill property",
      "url": "https://drafts.fxtf.org/fill-stroke-3/#fill-shorthand"
    },
    "snapshot": {
      "number": "3.3.7",
      "spec": "CSS Fill and Stroke 3",
      "text": "Fill Shorthand: the fill property",
      "url": "https://www.w3.org/TR/fill-stroke-3/#fill-shorthand"
    }
  },
  "#fill-size": {
    "current": {
      "number": "3.3.5",
      "spec": "CSS Fill and Stroke 3",
      "text": "Sizing Fill Images: the fill-size property",
      "url": "https://drafts.fxtf.org/fill-stroke-3/#fill-size"
    },
    "snapshot": {
      "number": "3.3.5",
      "spec": "CSS Fill and Stroke 3",
      "text": "Sizing Fill Images: the fill-size property",
      "url": "https://www.w3.org/TR/fill-stroke-3/#fill-size"
    }
  },
  "#fills": {
    "current": {
      "number": "3",
      "spec": "CSS Fill and Stroke 3",
      "text": "Fills",
      "url": "https://drafts.fxtf.org/fill-stroke-3/#fills"
    },
    "snapshot": {
      "number": "3",
      "spec": "CSS Fill and Stroke 3",
      "text": "Fills",
      "url": "https://www.w3.org/TR/fill-stroke-3/#fills"
    }
  },
  "#index": {
    "current": {
      "number": "",
      "spec": "CSS Fill and Stroke 3",
      "text": "Index",
      "url": "https://drafts.fxtf.org/fill-stroke-3/#index"
    },
    "snapshot": {
      "number": "",
      "spec": "CSS Fill and Stroke 3",
      "text": "Index",
      "url": "https://www.w3.org/TR/fill-stroke-3/#index"
    }
  },
  "#index-defined-elsewhere": {
    "current": {
      "number": "",
      "spec": "CSS Fill and Stroke 3",
      "text": "Terms defined by reference",
      "url": "https://drafts.fxtf.org/fill-stroke-3/#index-defined-elsewhere"
    },
    "snapshot": {
      "number": "",
      "spec": "CSS Fill and Stroke 3",
      "text": "Terms defined by reference",
      "url": "https://www.w3.org/TR/fill-stroke-3/#index-defined-elsewhere"
    }
  },
  "#index-defined-here": {
    "current": {
      "number": "",
      "spec": "CSS Fill and Stroke 3",
      "text": "Terms defined by this specification",
      "url": "https://drafts.fxtf.org/fill-stroke-3/#index-defined-here"
    },
    "snapshot": {
      "number": "",
      "spec": "CSS Fill and Stroke 3",
      "text": "Terms defined by this specification",
      "url": "https://www.w3.org/TR/fill-stroke-3/#index-defined-here"
    }
  },
  "#informative": {
    "snapshot": {
      "number": "",
      "spec": "CSS Fill and Stroke 3",
      "text": "Informative References",
      "url": "https://www.w3.org/TR/fill-stroke-3/#informative"
    }
  },
  "#intro": {
    "current": {
      "number": "1",
      "spec": "CSS Fill and Stroke 3",
      "text": "Introduction",
      "url": "https://drafts.fxtf.org/fill-stroke-3/#intro"
    },
    "snapshot": {
      "number": "1",
      "spec": "CSS Fill and Stroke 3",
      "text": "Introduction",
      "url": "https://www.w3.org/TR/fill-stroke-3/#intro"
    }
  },
  "#issues-index": {
    "current": {
      "number": "",
      "spec": "CSS Fill and Stroke 3",
      "text": "Issues Index",
      "url": "https://drafts.fxtf.org/fill-stroke-3/#issues-index"
    },
    "snapshot": {
      "number": "",
      "spec": "CSS Fill and Stroke 3",
      "text": "Issues Index",
      "url": "https://www.w3.org/TR/fill-stroke-3/#issues-index"
    }
  },
  "#normative": {
    "current": {
      "number": "",
      "spec": "CSS Fill and Stroke 3",
      "text": "Normative References",
      "url": "https://drafts.fxtf.org/fill-stroke-3/#normative"
    },
    "snapshot": {
      "number": "",
      "spec": "CSS Fill and Stroke 3",
      "text": "Normative References",
      "url": "https://www.w3.org/TR/fill-stroke-3/#normative"
    }
  },
  "#paint": {
    "current": {
      "number": "2",
      "spec": "CSS Fill and Stroke 3",
      "text": "Paint",
      "url": "https://drafts.fxtf.org/fill-stroke-3/#paint"
    },
    "snapshot": {
      "number": "2",
      "spec": "CSS Fill and Stroke 3",
      "text": "Paint",
      "url": "https://www.w3.org/TR/fill-stroke-3/#paint"
    }
  },
  "#partial": {
    "snapshot": {
      "number": "",
      "spec": "CSS Fill and Stroke 3",
      "text": "Partial implementations",
      "url": "https://www.w3.org/TR/fill-stroke-3/#partial"
    }
  },
  "#path-notes": {
    "current": {
      "number": "4.6",
      "spec": "CSS Fill and Stroke 3",
      "text": "Computing the Shape of the Stroke",
      "url": "https://drafts.fxtf.org/fill-stroke-3/#path-notes"
    },
    "snapshot": {
      "number": "4.6",
      "spec": "CSS Fill and Stroke 3",
      "text": "Computing the Shape of the Stroke",
      "url": "https://www.w3.org/TR/fill-stroke-3/#path-notes"
    }
  },
  "#perfect-world": {
    "current": {
      "number": "4.7",
      "spec": "CSS Fill and Stroke 3",
      "text": "Perfect-World Syntax",
      "url": "https://drafts.fxtf.org/fill-stroke-3/#perfect-world"
    },
    "snapshot": {
      "number": "4.7",
      "spec": "CSS Fill and Stroke 3",
      "text": "Perfect-World Syntax",
      "url": "https://www.w3.org/TR/fill-stroke-3/#perfect-world"
    }
  },
  "#priv-sec": {
    "current": {
      "number": "6",
      "spec": "CSS Fill and Stroke 3",
      "text": "Privacy and Security Considerations",
      "url": "https://drafts.fxtf.org/fill-stroke-3/#priv-sec"
    },
    "snapshot": {
      "number": "6",
      "spec": "CSS Fill and Stroke 3",
      "text": "Privacy and Security Considerations",
      "url": "https://www.w3.org/TR/fill-stroke-3/#priv-sec"
    }
  },
  "#property-index": {
    "current": {
      "number": "",
      "spec": "CSS Fill and Stroke 3",
      "text": "Property Index",
      "url": "https://drafts.fxtf.org/fill-stroke-3/#property-index"
    },
    "snapshot": {
      "number": "",
      "spec": "CSS Fill and Stroke 3",
      "text": "Property Index",
      "url": "https://www.w3.org/TR/fill-stroke-3/#property-index"
    }
  },
  "#references": {
    "current": {
      "number": "",
      "spec": "CSS Fill and Stroke 3",
      "text": "References",
      "url": "https://drafts.fxtf.org/fill-stroke-3/#references"
    },
    "snapshot": {
      "number": "",
      "spec": "CSS Fill and Stroke 3",
      "text": "References",
      "url": "https://www.w3.org/TR/fill-stroke-3/#references"
    }
  },
  "#sotd": {
    "current": {
      "number": "",
      "spec": "CSS Fill and Stroke 3",
      "text": "Status of this document",
      "url": "https://drafts.fxtf.org/fill-stroke-3/#sotd"
    }
  },
  "#status": {
    "snapshot": {
      "number": "",
      "spec": "CSS Fill and Stroke 3",
      "text": "Status of this document",
      "url": "https://www.w3.org/TR/fill-stroke-3/#status"
    }
  },
  "#stroke-align": {
    "current": {
      "number": "4.2.2",
      "spec": "CSS Fill and Stroke 3",
      "text": "Stroke Positioning: the stroke-align property",
      "url": "https://drafts.fxtf.org/fill-stroke-3/#stroke-align"
    },
    "snapshot": {
      "number": "4.2.2",
      "spec": "CSS Fill and Stroke 3",
      "text": "Stroke Positioning: the stroke-align property",
      "url": "https://www.w3.org/TR/fill-stroke-3/#stroke-align"
    }
  },
  "#stroke-break": {
    "current": {
      "number": "4.2.6",
      "spec": "CSS Fill and Stroke 3",
      "text": "Fragmented Strokes: the stroke-break property",
      "url": "https://drafts.fxtf.org/fill-stroke-3/#stroke-break"
    },
    "snapshot": {
      "number": "4.2.6",
      "spec": "CSS Fill and Stroke 3",
      "text": "Fragmented Strokes: the stroke-break property",
      "url": "https://www.w3.org/TR/fill-stroke-3/#stroke-break"
    }
  },
  "#stroke-color": {
    "current": {
      "number": "4.4.1",
      "spec": "CSS Fill and Stroke 3",
      "text": "Stroke Color: the stroke-color property",
      "url": "https://drafts.fxtf.org/fill-stroke-3/#stroke-color"
    },
    "snapshot": {
      "number": "4.4.1",
      "spec": "CSS Fill and Stroke 3",
      "text": "Stroke Color: the stroke-color property",
      "url": "https://www.w3.org/TR/fill-stroke-3/#stroke-color"
    }
  },
  "#stroke-dasharray": {
    "current": {
      "number": "4.3.1",
      "spec": "CSS Fill and Stroke 3",
      "text": "Stroke Dash Patterns: the stroke-dasharray property",
      "url": "https://drafts.fxtf.org/fill-stroke-3/#stroke-dasharray"
    },
    "snapshot": {
      "number": "4.3.1",
      "spec": "CSS Fill and Stroke 3",
      "text": "Stroke Dash Patterns: the stroke-dasharray property",
      "url": "https://www.w3.org/TR/fill-stroke-3/#stroke-dasharray"
    }
  },
  "#stroke-dashes": {
    "current": {
      "number": "4.3",
      "spec": "CSS Fill and Stroke 3",
      "text": "Stroke Dashing",
      "url": "https://drafts.fxtf.org/fill-stroke-3/#stroke-dashes"
    },
    "snapshot": {
      "number": "4.3",
      "spec": "CSS Fill and Stroke 3",
      "text": "Stroke Dashing",
      "url": "https://www.w3.org/TR/fill-stroke-3/#stroke-dashes"
    }
  },
  "#stroke-dashoffset": {
    "current": {
      "number": "4.3.2",
      "spec": "CSS Fill and Stroke 3",
      "text": "Stroke Dash Start Position: the stroke-dashoffset property",
      "url": "https://drafts.fxtf.org/fill-stroke-3/#stroke-dashoffset"
    },
    "snapshot": {
      "number": "4.3.2",
      "spec": "CSS Fill and Stroke 3",
      "text": "Stroke Dash Start Position: the stroke-dashoffset property",
      "url": "https://www.w3.org/TR/fill-stroke-3/#stroke-dashoffset"
    }
  },
  "#stroke-filter": {
    "current": {
      "number": "4.5",
      "spec": "CSS Fill and Stroke 3",
      "text": "Stroke Transparency",
      "url": "https://drafts.fxtf.org/fill-stroke-3/#stroke-filter"
    },
    "snapshot": {
      "number": "4.5",
      "spec": "CSS Fill and Stroke 3",
      "text": "Stroke Transparency",
      "url": "https://www.w3.org/TR/fill-stroke-3/#stroke-filter"
    }
  },
  "#stroke-geometry": {
    "current": {
      "number": "4.2",
      "spec": "CSS Fill and Stroke 3",
      "text": "Stroke Geometry",
      "url": "https://drafts.fxtf.org/fill-stroke-3/#stroke-geometry"
    },
    "snapshot": {
      "number": "4.2",
      "spec": "CSS Fill and Stroke 3",
      "text": "Stroke Geometry",
      "url": "https://www.w3.org/TR/fill-stroke-3/#stroke-geometry"
    }
  },
  "#stroke-image": {
    "current": {
      "number": "4.4.2",
      "spec": "CSS Fill and Stroke 3",
      "text": "Stroke Image Sources: the stroke-image property",
      "url": "https://drafts.fxtf.org/fill-stroke-3/#stroke-image"
    },
    "snapshot": {
      "number": "4.4.2",
      "spec": "CSS Fill and Stroke 3",
      "text": "Stroke Image Sources: the stroke-image property",
      "url": "https://www.w3.org/TR/fill-stroke-3/#stroke-image"
    }
  },
  "#stroke-layering": {
    "current": {
      "number": "4.1",
      "spec": "CSS Fill and Stroke 3",
      "text": "Layering Multiple Strokes",
      "url": "https://drafts.fxtf.org/fill-stroke-3/#stroke-layering"
    },
    "snapshot": {
      "number": "4.1",
      "spec": "CSS Fill and Stroke 3",
      "text": "Layering Multiple Strokes",
      "url": "https://www.w3.org/TR/fill-stroke-3/#stroke-layering"
    }
  },
  "#stroke-linecap": {
    "current": {
      "number": "4.2.3",
      "spec": "CSS Fill and Stroke 3",
      "text": "Stroke End Shapes: the stroke-linecap property",
      "url": "https://drafts.fxtf.org/fill-stroke-3/#stroke-linecap"
    },
    "snapshot": {
      "number": "4.2.3",
      "spec": "CSS Fill and Stroke 3",
      "text": "Stroke End Shapes: the stroke-linecap property",
      "url": "https://www.w3.org/TR/fill-stroke-3/#stroke-linecap"
    }
  },
  "#stroke-linejoin": {
    "current": {
      "number": "4.2.4",
      "spec": "CSS Fill and Stroke 3",
      "text": "Stroke Corner Shapes: the stroke-linejoin property",
      "url": "https://drafts.fxtf.org/fill-stroke-3/#stroke-linejoin"
    },
    "snapshot": {
      "number": "4.2.4",
      "spec": "CSS Fill and Stroke 3",
      "text": "Stroke Corner Shapes: the stroke-linejoin property",
      "url": "https://www.w3.org/TR/fill-stroke-3/#stroke-linejoin"
    }
  },
  "#stroke-miterlimit": {
    "current": {
      "number": "4.2.5",
      "spec": "CSS Fill and Stroke 3",
      "text": "Stroke Corner Limits: the stroke-miterlimit property",
      "url": "https://drafts.fxtf.org/fill-stroke-3/#stroke-miterlimit"
    },
    "snapshot": {
      "number": "4.2.5",
      "spec": "CSS Fill and Stroke 3",
      "text": "Stroke Corner Limits: the stroke-miterlimit property",
      "url": "https://www.w3.org/TR/fill-stroke-3/#stroke-miterlimit"
    }
  },
  "#stroke-opacity": {
    "current": {
      "number": "4.5.1",
      "spec": "CSS Fill and Stroke 3",
      "text": "Stroke Opacity: the stroke-opacity property",
      "url": "https://drafts.fxtf.org/fill-stroke-3/#stroke-opacity"
    },
    "snapshot": {
      "number": "4.5.1",
      "spec": "CSS Fill and Stroke 3",
      "text": "Stroke Opacity: the stroke-opacity property",
      "url": "https://www.w3.org/TR/fill-stroke-3/#stroke-opacity"
    }
  },
  "#stroke-origin": {
    "current": {
      "number": "4.4.3",
      "spec": "CSS Fill and Stroke 3",
      "text": "Stroke Positioning Area: the stroke-origin property",
      "url": "https://drafts.fxtf.org/fill-stroke-3/#stroke-origin"
    },
    "snapshot": {
      "number": "4.4.3",
      "spec": "CSS Fill and Stroke 3",
      "text": "Stroke Positioning Area: the stroke-origin property",
      "url": "https://www.w3.org/TR/fill-stroke-3/#stroke-origin"
    }
  },
  "#stroke-paint": {
    "current": {
      "number": "4.4",
      "spec": "CSS Fill and Stroke 3",
      "text": "Stroke Paint",
      "url": "https://drafts.fxtf.org/fill-stroke-3/#stroke-paint"
    },
    "snapshot": {
      "number": "4.4",
      "spec": "CSS Fill and Stroke 3",
      "text": "Stroke Paint",
      "url": "https://www.w3.org/TR/fill-stroke-3/#stroke-paint"
    }
  },
  "#stroke-paths": {
    "current": {
      "number": "4.6.1",
      "spec": "CSS Fill and Stroke 3",
      "text": "Stroke Paths",
      "url": "https://drafts.fxtf.org/fill-stroke-3/#stroke-paths"
    },
    "snapshot": {
      "number": "4.6.1",
      "spec": "CSS Fill and Stroke 3",
      "text": "Stroke Paths",
      "url": "https://www.w3.org/TR/fill-stroke-3/#stroke-paths"
    }
  },
  "#stroke-position": {
    "current": {
      "number": "4.4.4",
      "spec": "CSS Fill and Stroke 3",
      "text": "Positioning Stroke Images: the stroke-position property",
      "url": "https://drafts.fxtf.org/fill-stroke-3/#stroke-position"
    },
    "snapshot": {
      "number": "4.4.4",
      "spec": "CSS Fill and Stroke 3",
      "text": "Positioning Stroke Images: the stroke-position property",
      "url": "https://www.w3.org/TR/fill-stroke-3/#stroke-position"
    }
  },
  "#stroke-repeat": {
    "current": {
      "number": "4.4.6",
      "spec": "CSS Fill and Stroke 3",
      "text": "Tiling Stroke Images: the stroke-repeat property",
      "url": "https://drafts.fxtf.org/fill-stroke-3/#stroke-repeat"
    },
    "snapshot": {
      "number": "4.4.6",
      "spec": "CSS Fill and Stroke 3",
      "text": "Tiling Stroke Images: the stroke-repeat property",
      "url": "https://www.w3.org/TR/fill-stroke-3/#stroke-repeat"
    }
  },
  "#stroke-shorthand": {
    "current": {
      "number": "4.4.7",
      "spec": "CSS Fill and Stroke 3",
      "text": "Stroke Shorthand: the stroke property",
      "url": "https://drafts.fxtf.org/fill-stroke-3/#stroke-shorthand"
    },
    "snapshot": {
      "number": "4.4.7",
      "spec": "CSS Fill and Stroke 3",
      "text": "Stroke Shorthand: the stroke property",
      "url": "https://www.w3.org/TR/fill-stroke-3/#stroke-shorthand"
    }
  },
  "#stroke-size": {
    "current": {
      "number": "4.4.5",
      "spec": "CSS Fill and Stroke 3",
      "text": "Sizing Stroke Images: the stroke-size property",
      "url": "https://drafts.fxtf.org/fill-stroke-3/#stroke-size"
    },
    "snapshot": {
      "number": "4.4.5",
      "spec": "CSS Fill and Stroke 3",
      "text": "Sizing Stroke Images: the stroke-size property",
      "url": "https://www.w3.org/TR/fill-stroke-3/#stroke-size"
    }
  },
  "#stroke-width": {
    "current": {
      "number": "4.2.1",
      "spec": "CSS Fill and Stroke 3",
      "text": "Stroke Thickness: the stroke-width property",
      "url": "https://drafts.fxtf.org/fill-stroke-3/#stroke-width"
    },
    "snapshot": {
      "number": "4.2.1",
      "spec": "CSS Fill and Stroke 3",
      "text": "Stroke Thickness: the stroke-width property",
      "url": "https://www.w3.org/TR/fill-stroke-3/#stroke-width"
    }
  },
  "#strokes": {
    "current": {
      "number": "4",
      "spec": "CSS Fill and Stroke 3",
      "text": "Strokes (Outlines)",
      "url": "https://drafts.fxtf.org/fill-stroke-3/#strokes"
    },
    "snapshot": {
      "number": "4",
      "spec": "CSS Fill and Stroke 3",
      "text": "Strokes (Outlines)",
      "url": "https://www.w3.org/TR/fill-stroke-3/#strokes"
    }
  },
  "#subtitle": {
    "snapshot": {
      "number": "",
      "spec": "CSS Fill and Stroke 3",
      "text": "W3C First Public Working Draft, 13 April 2017",
      "url": "https://www.w3.org/TR/fill-stroke-3/#subtitle"
    }
  },
  "#svg-paint": {
    "current": {
      "number": "2.1",
      "spec": "CSS Fill and Stroke 3",
      "text": "SVG-Specific Paints",
      "url": "https://drafts.fxtf.org/fill-stroke-3/#svg-paint"
    },
    "snapshot": {
      "number": "2.1",
      "spec": "CSS Fill and Stroke 3",
      "text": "SVG-Specific Paints",
      "url": "https://www.w3.org/TR/fill-stroke-3/#svg-paint"
    }
  },
  "#testing": {
    "snapshot": {
      "number": "",
      "spec": "CSS Fill and Stroke 3",
      "text": "Non-experimental implementations",
      "url": "https://www.w3.org/TR/fill-stroke-3/#testing"
    }
  },
  "#text-decor": {
    "current": {
      "number": "5",
      "spec": "CSS Fill and Stroke 3",
      "text": "Text Decoration Fills and Strokes",
      "url": "https://drafts.fxtf.org/fill-stroke-3/#text-decor"
    },
    "snapshot": {
      "number": "5",
      "spec": "CSS Fill and Stroke 3",
      "text": "Text Decoration Fills and Strokes",
      "url": "https://www.w3.org/TR/fill-stroke-3/#text-decor"
    }
  },
  "#title": {
    "current": {
      "number": "",
      "spec": "CSS Fill and Stroke 3",
      "text": "CSS Fill and Stroke Module Level 3",
      "url": "https://drafts.fxtf.org/fill-stroke-3/#title"
    },
    "snapshot": {
      "number": "",
      "spec": "CSS Fill and Stroke 3",
      "text": "CSS Fill and Stroke Module Level 3",
      "url": "https://www.w3.org/TR/fill-stroke-3/#title"
    }
  },
  "#toc": {
    "current": {
      "number": "",
      "spec": "CSS Fill and Stroke 3",
      "text": "Table of Contents",
      "url": "https://drafts.fxtf.org/fill-stroke-3/#toc"
    },
    "snapshot": {
      "number": "",
      "spec": "CSS Fill and Stroke 3",
      "text": "Table of Contents",
      "url": "https://www.w3.org/TR/fill-stroke-3/#toc"
    }
  },
  "#w3c-conform-future-proofing": {
    "current": {
      "number": "",
      "spec": "CSS Fill and Stroke 3",
      "text": "Implementations of Unstable and Proprietary Features",
      "url": "https://drafts.fxtf.org/fill-stroke-3/#w3c-conform-future-proofing"
    }
  },
  "#w3c-conformance": {
    "current": {
      "number": "",
      "spec": "CSS Fill and Stroke 3",
      "text": "Conformance",
      "url": "https://drafts.fxtf.org/fill-stroke-3/#w3c-conformance"
    }
  },
  "#w3c-conformance-classes": {
    "current": {
      "number": "",
      "spec": "CSS Fill and Stroke 3",
      "text": "Conformance classes",
      "url": "https://drafts.fxtf.org/fill-stroke-3/#w3c-conformance-classes"
    }
  },
  "#w3c-conventions": {
    "current": {
      "number": "",
      "spec": "CSS Fill and Stroke 3",
      "text": "Document conventions",
      "url": "https://drafts.fxtf.org/fill-stroke-3/#w3c-conventions"
    }
  },
  "#w3c-partial": {
    "current": {
      "number": "",
      "spec": "CSS Fill and Stroke 3",
      "text": "Partial implementations",
      "url": "https://drafts.fxtf.org/fill-stroke-3/#w3c-partial"
    }
  },
  "#w3c-testing": {
    "current": {
      "number": "",
      "spec": "CSS Fill and Stroke 3",
      "text": "Non-experimental implementations",
      "url": "https://drafts.fxtf.org/fill-stroke-3/#w3c-testing"
    }
  }
}