{
    "background_color-member": [
        {
            "engines": [
                "blink"
            ],
            "filename": "html/manifest/background_color.json",
            "name": "background_color",
            "slug": "Manifest/background_color",
            "mdn_url": "https://developer.mozilla.org/en-US/docs/Web/Manifest/background_color",
            "summary": "The background_color member defines a placeholder background color for the application page to display before its stylesheet is loaded. This value is used by the user agent to draw the background color of a shortcut when the manifest is available before the stylesheet has loaded.",
            "support": {
                "chrome": {
                    "version_added": null
                },
                "chrome_android": {
                    "version_added": "46",
                    "notes": "Does not support <code>lang</code> or <code>scope</code>."
                },
                "edge": {
                    "version_added": false
                },
                "firefox": {
                    "version_added": null
                },
                "firefox_android": "mirror",
                "ie": {
                    "version_added": false
                },
                "oculus": "mirror",
                "opera": "mirror",
                "opera_android": {
                    "version_added": true
                },
                "safari": {
                    "version_added": null
                },
                "safari_ios": {
                    "version_added": false
                },
                "samsunginternet_android": "mirror",
                "webview_android": "mirror",
                "edge_blink": {
                    "version_added": null
                }
            },
            "title": "background_color"
        }
    ],
    "display-member": [
        {
            "engines": [
                "blink",
                "gecko"
            ],
            "partial": [
                "webkit"
            ],
            "filename": "html/manifest/display.json",
            "name": "display",
            "slug": "Manifest/display",
            "mdn_url": "https://developer.mozilla.org/en-US/docs/Web/Manifest/display",
            "summary": "The display member is a string that determines the developers' preferred display mode for the website. The display mode changes how much of browser UI is shown to the user and can range from browser (when the full browser window is shown) to fullscreen (when the app is fullscreened).",
            "support": {
                "chrome": {
                    "version_added": "39"
                },
                "chrome_android": "mirror",
                "edge": "mirror",
                "firefox": {
                    "version_added": null
                },
                "firefox_android": {
                    "version_added": "47"
                },
                "ie": {
                    "version_added": false
                },
                "oculus": "mirror",
                "opera": {
                    "version_added": null
                },
                "opera_android": {
                    "version_added": null
                },
                "safari": {
                    "version_added": null
                },
                "safari_ios": {
                    "version_added": "11.3",
                    "partial_implementation": true,
                    "notes": "Does not support <code>fullscreen</code> or <code>minimal-ui</code>."
                },
                "samsunginternet_android": "mirror",
                "webview_android": {
                    "version_added": true
                },
                "edge_blink": {
                    "version_added": "79"
                }
            },
            "title": "display"
        }
    ],
    "icons-member": [
        {
            "engines": [
                "blink",
                "webkit"
            ],
            "filename": "html/manifest/icons.json",
            "name": "icons",
            "slug": "Manifest/icons",
            "mdn_url": "https://developer.mozilla.org/en-US/docs/Web/Manifest/icons",
            "summary": "The icons member specifies an array of objects representing image files that can serve as application icons for different contexts. For example, they can be used to represent the web application amongst a list of other applications, or to integrate the web application with an OS's task switcher and/or system preferences.",
            "support": {
                "chrome": {
                    "version_added": "39"
                },
                "chrome_android": "mirror",
                "edge": "mirror",
                "firefox": {
                    "version_added": null
                },
                "firefox_android": {
                    "version_added": false
                },
                "ie": {
                    "version_added": false
                },
                "oculus": "mirror",
                "opera": {
                    "version_added": null
                },
                "opera_android": {
                    "version_added": null
                },
                "safari": {
                    "version_added": null
                },
                "safari_ios": {
                    "version_added": "15.4",
                    "notes": "Only used when no <code>apple-touch-icon</code> is present with <code>\"purpose\": \"any\"</code> or no <code>\"purpose\"</code> key."
                },
                "samsunginternet_android": "mirror",
                "webview_android": {
                    "version_added": true
                },
                "edge_blink": {
                    "version_added": "79"
                }
            },
            "title": "icons"
        }
    ],
    "id-member": [
        {
            "engines": [
                "blink",
                "gecko"
            ],
            "filename": "html/manifest/id.json",
            "name": "id",
            "slug": "Manifest/id",
            "mdn_url": "https://developer.mozilla.org/en-US/docs/Web/Manifest/id",
            "summary": "The id member is a string that represents the identity of the web application — the unique identifier for the web application. If the web application ID does not match an existing ID, the application will be treated as a unique identity even if it is from the same URL.",
            "support": {
                "chrome": {
                    "version_added": "96"
                },
                "chrome_android": "mirror",
                "edge": "mirror",
                "firefox": {
                    "version_added": "95"
                },
                "firefox_android": "mirror",
                "ie": {
                    "version_added": false
                },
                "oculus": "mirror",
                "opera": "mirror",
                "opera_android": "mirror",
                "safari": {
                    "version_added": null
                },
                "safari_ios": "mirror",
                "samsunginternet_android": "mirror",
                "webview_android": "mirror",
                "edge_blink": {
                    "version_added": "96"
                }
            },
            "title": "id"
        }
    ],
    "name-member": [
        {
            "engines": [
                "blink",
                "webkit"
            ],
            "filename": "html/manifest/name.json",
            "name": "name",
            "slug": "Manifest/name",
            "mdn_url": "https://developer.mozilla.org/en-US/docs/Web/Manifest/name",
            "summary": "The name member is a string that represents the name of the web application as it is usually displayed to the user (e.g., amongst a list of other applications, or as a label for an icon). name is directionality-capable, which means it can be displayed left-to-right or right-to-left based on the values of the dir and lang manifest members.",
            "support": {
                "chrome": {
                    "version_added": "39"
                },
                "chrome_android": "mirror",
                "edge": "mirror",
                "firefox": {
                    "version_added": null
                },
                "firefox_android": {
                    "version_added": false
                },
                "ie": {
                    "version_added": false
                },
                "oculus": "mirror",
                "opera": {
                    "version_added": null
                },
                "opera_android": {
                    "version_added": null
                },
                "safari": {
                    "version_added": null
                },
                "safari_ios": {
                    "version_added": "11.3"
                },
                "samsunginternet_android": "mirror",
                "webview_android": {
                    "version_added": true
                },
                "edge_blink": {
                    "version_added": "79"
                }
            },
            "title": "name"
        }
    ],
    "orientation-member": [
        {
            "engines": [
                "blink"
            ],
            "filename": "html/manifest/orientation.json",
            "name": "orientation",
            "slug": "Manifest/orientation",
            "mdn_url": "https://developer.mozilla.org/en-US/docs/Web/Manifest/orientation",
            "summary": "The orientation member defines the default orientation for all the website's top-level browsing contexts.",
            "support": {
                "chrome": {
                    "version_added": "39"
                },
                "chrome_android": "mirror",
                "edge": "mirror",
                "firefox": {
                    "version_added": null
                },
                "firefox_android": "mirror",
                "ie": {
                    "version_added": false
                },
                "oculus": "mirror",
                "opera": {
                    "version_added": null
                },
                "opera_android": {
                    "version_added": null
                },
                "safari": {
                    "version_added": null
                },
                "safari_ios": {
                    "version_added": false
                },
                "samsunginternet_android": "mirror",
                "webview_android": {
                    "version_added": null
                },
                "edge_blink": {
                    "version_added": "79"
                }
            },
            "title": "orientation"
        }
    ],
    "prefer_related_applications-member": [
        {
            "engines": [
                "blink"
            ],
            "filename": "html/manifest/prefer_related_applications.json",
            "name": "prefer_related_applications",
            "slug": "Manifest/prefer_related_applications",
            "mdn_url": "https://developer.mozilla.org/en-US/docs/Web/Manifest/prefer_related_applications",
            "summary": "The prefer_related_applications member is a boolean value that specifies that applications listed in related_applications should be preferred over the web application. If the prefer_related_applications member is set to true, the user agent might suggest installing one of the related applications instead of this web app.",
            "support": {
                "chrome": {
                    "version_added": null
                },
                "chrome_android": {
                    "version_added": "44"
                },
                "edge": {
                    "version_added": false
                },
                "firefox": {
                    "version_added": null
                },
                "firefox_android": "mirror",
                "ie": {
                    "version_added": false
                },
                "oculus": "mirror",
                "opera": "mirror",
                "opera_android": {
                    "version_added": null
                },
                "safari": {
                    "version_added": null
                },
                "safari_ios": "mirror",
                "samsunginternet_android": {
                    "version_added": null
                },
                "webview_android": {
                    "version_added": null
                },
                "edge_blink": {
                    "version_added": null
                }
            },
            "title": "prefer_related_applications"
        }
    ],
    "related_applications-member": [
        {
            "engines": [
                "blink"
            ],
            "filename": "html/manifest/related_applications.json",
            "name": "related_applications",
            "slug": "Manifest/related_applications",
            "mdn_url": "https://developer.mozilla.org/en-US/docs/Web/Manifest/related_applications",
            "summary": "The related_applications field is an array of objects specifying native applications that are installable by, or accessible to, the underlying platform — for example, a native Android application obtainable through the Google Play Store. Such applications are intended to be alternatives to the manifest's website that provides similar/equivalent functionality — like the native app equivalent.",
            "support": {
                "chrome": {
                    "version_added": null
                },
                "chrome_android": {
                    "version_added": "44"
                },
                "edge": {
                    "version_added": false
                },
                "firefox": {
                    "version_added": null
                },
                "firefox_android": "mirror",
                "ie": {
                    "version_added": false
                },
                "oculus": "mirror",
                "opera": "mirror",
                "opera_android": {
                    "version_added": null
                },
                "safari": {
                    "version_added": null
                },
                "safari_ios": {
                    "version_added": false
                },
                "samsunginternet_android": {
                    "version_added": null
                },
                "webview_android": {
                    "version_added": null
                },
                "edge_blink": {
                    "version_added": null
                }
            },
            "title": "related_applications"
        }
    ],
    "scope-member": [
        {
            "engines": [
                "blink",
                "webkit"
            ],
            "filename": "html/manifest/scope.json",
            "name": "scope",
            "slug": "Manifest/scope",
            "mdn_url": "https://developer.mozilla.org/en-US/docs/Web/Manifest/scope",
            "summary": "The scope member is a string that defines the navigation scope of this web application's application context. It restricts what web pages can be viewed while the manifest is applied. If the user navigates outside the scope, it reverts to a normal web page inside a browser tab or window.",
            "support": {
                "chrome": {
                    "version_added": "53"
                },
                "chrome_android": "mirror",
                "edge": "mirror",
                "firefox": {
                    "version_added": null
                },
                "firefox_android": "mirror",
                "ie": {
                    "version_added": false
                },
                "oculus": "mirror",
                "opera": {
                    "version_added": null
                },
                "opera_android": {
                    "version_added": null
                },
                "safari": {
                    "version_added": null
                },
                "safari_ios": {
                    "version_added": "11.3"
                },
                "samsunginternet_android": "mirror",
                "webview_android": {
                    "version_added": null
                },
                "edge_blink": {
                    "version_added": "79"
                }
            },
            "title": "scope"
        }
    ],
    "short_name-member": [
        {
            "engines": [
                "blink",
                "webkit"
            ],
            "filename": "html/manifest/short_name.json",
            "name": "short_name",
            "slug": "Manifest/short_name",
            "mdn_url": "https://developer.mozilla.org/en-US/docs/Web/Manifest/short_name",
            "summary": "The short_name member is a string that represents the name of the web application displayed to the user if there is not enough space to display name (e.g., as a label for an icon on the phone home screen). short_name is directionality-capable, which means it can be displayed left-to-right or right-to-left based on the value of the dir and lang manifest members.",
            "support": {
                "chrome": {
                    "version_added": "39"
                },
                "chrome_android": "mirror",
                "edge": "mirror",
                "firefox": {
                    "version_added": null
                },
                "firefox_android": {
                    "version_added": false
                },
                "ie": {
                    "version_added": false
                },
                "oculus": "mirror",
                "opera": {
                    "version_added": null
                },
                "opera_android": {
                    "version_added": null
                },
                "safari": {
                    "version_added": null
                },
                "safari_ios": {
                    "version_added": "11.3"
                },
                "samsunginternet_android": "mirror",
                "webview_android": {
                    "version_added": true
                },
                "edge_blink": {
                    "version_added": "79"
                }
            },
            "title": "short_name"
        }
    ],
    "shortcuts-member": [
        {
            "engines": [
                "blink"
            ],
            "filename": "html/manifest/shortcuts.json",
            "name": "shortcuts",
            "slug": "Manifest/shortcuts",
            "mdn_url": "https://developer.mozilla.org/en-US/docs/Web/Manifest/shortcuts",
            "summary": "The shortcuts member defines an array of shortcuts or links to key tasks or pages within a web app. A user agent can use these values to assemble a context menu to be displayed by the operating system when a user engages with the web app's icon. When user invokes a shortcut, the user agent will navigate to the address given by shortcut's url member.",
            "support": {
                "chrome": [
                    {
                        "version_added": "96"
                    },
                    {
                        "version_added": "85",
                        "version_removed": "96",
                        "partial_implementation": true,
                        "notes": "Supported on Windows only."
                    }
                ],
                "chrome_android": {
                    "version_added": "84"
                },
                "edge": "mirror",
                "firefox": {
                    "version_added": false,
                    "notes": "See <a href='https://bugzil.la/1582341'>bug 1582341</a>."
                },
                "firefox_android": "mirror",
                "ie": {
                    "version_added": false
                },
                "oculus": "mirror",
                "opera": "mirror",
                "opera_android": "mirror",
                "safari": {
                    "version_added": false,
                    "notes": "See <a href='https://webkit.org/b/201964'>bug 201964</a>."
                },
                "safari_ios": "mirror",
                "samsunginternet_android": "mirror",
                "webview_android": "mirror",
                "edge_blink": [
                    {
                        "version_added": "96"
                    },
                    {
                        "version_added": false,
                        "version_removed": "96",
                        "partial_implementation": true,
                        "notes": "Supported on Windows only."
                    }
                ]
            },
            "title": "shortcuts"
        }
    ],
    "start_url-member": [
        {
            "engines": [
                "blink",
                "webkit"
            ],
            "filename": "html/manifest/start_url.json",
            "name": "start_url",
            "slug": "Manifest/start_url",
            "mdn_url": "https://developer.mozilla.org/en-US/docs/Web/Manifest/start_url",
            "summary": "The start_url member is a string that represents the start URL of the web application — the preferred URL that should be loaded when the user launches the web application (e.g., when the user taps on the web application's icon from a device's application menu or homescreen).",
            "support": {
                "chrome": {
                    "version_added": "39"
                },
                "chrome_android": "mirror",
                "edge": "mirror",
                "firefox": {
                    "version_added": null
                },
                "firefox_android": "mirror",
                "ie": {
                    "version_added": false
                },
                "oculus": "mirror",
                "opera": {
                    "version_added": null
                },
                "opera_android": {
                    "version_added": null
                },
                "safari": {
                    "version_added": null
                },
                "safari_ios": {
                    "version_added": "11.3"
                },
                "samsunginternet_android": "mirror",
                "webview_android": {
                    "version_added": null
                },
                "edge_blink": {
                    "version_added": "79"
                }
            },
            "title": "start_url"
        }
    ],
    "theme_color-member": [
        {
            "engines": [
                "blink",
                "webkit"
            ],
            "filename": "html/manifest/theme_color.json",
            "name": "theme_color",
            "slug": "Manifest/theme_color",
            "mdn_url": "https://developer.mozilla.org/en-US/docs/Web/Manifest/theme_color",
            "summary": "The theme_color member is a string that defines the default theme color for the application. This sometimes affects how the OS displays the site (e.g., on Android's task switcher, the theme color surrounds the site).",
            "support": {
                "chrome": {
                    "version_added": "46"
                },
                "chrome_android": "mirror",
                "edge": "mirror",
                "firefox": {
                    "version_added": null
                },
                "firefox_android": {
                    "version_added": false
                },
                "ie": {
                    "version_added": false
                },
                "oculus": "mirror",
                "opera": {
                    "version_added": null
                },
                "opera_android": {
                    "version_added": null
                },
                "safari": {
                    "version_added": null
                },
                "safari_ios": {
                    "version_added": "15"
                },
                "samsunginternet_android": "mirror",
                "webview_android": {
                    "version_added": true
                },
                "edge_blink": {
                    "version_added": "79"
                }
            },
            "title": "theme_color"
        }
    ]
}
