{
    "dom-navigator-getautoplaypolicy": [
        {
            "engines": [
                "gecko"
            ],
            "filename": "api/Navigator.json",
            "name": "getAutoplayPolicy",
            "slug": "API/Navigator/getAutoplayPolicy",
            "mdn_url": "https://developer.mozilla.org/en-US/docs/Web/API/Navigator/getAutoplayPolicy",
            "summary": "The getAutoplayPolicy() method of the Autoplay Policy Detection API provides information about whether autoplay of media elements and audio contexts is allowed, disallowed, or only allowed if the audio is muted.",
            "support": {
                "chrome": {
                    "version_added": false
                },
                "chrome_android": "mirror",
                "edge": "mirror",
                "firefox": {
                    "version_added": "112"
                },
                "firefox_android": "mirror",
                "ie": {
                    "version_added": false
                },
                "oculus": "mirror",
                "opera": "mirror",
                "opera_android": "mirror",
                "safari": {
                    "version_added": false
                },
                "safari_ios": "mirror",
                "samsunginternet_android": "mirror",
                "webview_android": "mirror",
                "edge_blink": {
                    "version_added": false
                }
            },
            "title": "Navigator: getAutoplayPolicy() method"
        }
    ]
}
