{
    "header": [
        {
            "engines": [
                "blink",
                "gecko"
            ],
            "filename": "http/headers/Clear-Site-Data.json",
            "name": "Clear-Site-Data",
            "slug": "HTTP/Headers/Clear-Site-Data",
            "mdn_url": "https://developer.mozilla.org/en-US/docs/Web/HTTP/Headers/Clear-Site-Data",
            "summary": "The Clear-Site-Data header clears browsing data (cookies, storage, cache) associated with the requesting website. It allows web developers to have more control over the data stored by a client browser for their origins.",
            "support": {
                "chrome": {
                    "version_added": "61"
                },
                "chrome_android": "mirror",
                "edge": {
                    "version_added": false
                },
                "firefox": {
                    "version_added": "63"
                },
                "firefox_android": "mirror",
                "ie": {
                    "version_added": false
                },
                "oculus": "mirror",
                "opera": "mirror",
                "opera_android": "mirror",
                "safari": {
                    "version_added": false
                },
                "safari_ios": "mirror",
                "samsunginternet_android": "mirror",
                "webview_android": "mirror",
                "edge_blink": {
                    "version_added": "79"
                }
            },
            "title": "Clear-Site-Data"
        }
    ]
}
