{
    "dom-clipboard-read": [
        {
            "engines": [
                "gecko",
                "webkit"
            ],
            "partial": [
                "blink"
            ],
            "needsflag": [
                "gecko"
            ],
            "filename": "api/Clipboard.json",
            "name": "read",
            "slug": "API/Clipboard/read",
            "mdn_url": "https://developer.mozilla.org/en-US/docs/Web/API/Clipboard/read",
            "summary": "The read() method of the Clipboard interface requests a copy of the clipboard's contents, delivering the data to the returned Promise when the promise is resolved. Unlike readText(), the read() method can return arbitrary data, such as images. This method can also return text.",
            "support": {
                "chrome": [
                    {
                        "version_added": "86",
                        "partial_implementation": true,
                        "notes": "From version 86, the <code>text/html</code> MIME type is supported."
                    },
                    {
                        "version_added": "76",
                        "partial_implementation": true,
                        "notes": "From version 76, the <code>image/png</code> MIME type is supported."
                    },
                    {
                        "version_added": "66",
                        "partial_implementation": true,
                        "notes": "Images are not supported."
                    }
                ],
                "chrome_android": [
                    {
                        "version_added": "86",
                        "partial_implementation": true,
                        "notes": "From version 86, the <code>text/html</code> MIME type is supported."
                    },
                    {
                        "version_added": "84",
                        "partial_implementation": true,
                        "notes": "From version 84, the <code>image/png</code> MIME type is supported."
                    },
                    {
                        "version_added": "66",
                        "partial_implementation": true,
                        "notes": "Images are not supported."
                    }
                ],
                "edge": {
                    "version_added": false
                },
                "firefox": {
                    "version_added": "90",
                    "flags": [
                        {
                            "type": "preference",
                            "name": "dom.events.asyncClipboard.read",
                            "value_to_set": "true"
                        }
                    ],
                    "notes": "Firefox only supports reading the clipboard in browser extensions, using the <code>\"clipboardRead\"</code> extension permission."
                },
                "firefox_android": "mirror",
                "ie": {
                    "version_added": false
                },
                "oculus": "mirror",
                "opera": {
                    "version_added": "63"
                },
                "opera_android": {
                    "version_added": "54"
                },
                "safari": {
                    "version_added": "13.1"
                },
                "safari_ios": "mirror",
                "samsunginternet_android": {
                    "version_added": "12.0"
                },
                "webview_android": [
                    {
                        "version_added": "84",
                        "partial_implementation": true,
                        "notes": "From version 84, the <code>image/png</code> MIME type is supported."
                    },
                    {
                        "version_added": "66",
                        "partial_implementation": true,
                        "notes": "Images are not supported."
                    }
                ],
                "edge_blink": [
                    {
                        "version_added": "86",
                        "partial_implementation": true,
                        "notes": "From version 86, the <code>text/html</code> MIME type is supported."
                    },
                    {
                        "version_added": "79",
                        "partial_implementation": true,
                        "notes": "From version 76, the <code>image/png</code> MIME type is supported."
                    },
                    {
                        "version_added": "79",
                        "partial_implementation": true,
                        "notes": "Images are not supported."
                    }
                ]
            },
            "title": "Clipboard: read() method"
        }
    ],
    "dom-clipboard-readtext": [
        {
            "engines": [
                "blink",
                "webkit"
            ],
            "filename": "api/Clipboard.json",
            "name": "readText",
            "slug": "API/Clipboard/readText",
            "mdn_url": "https://developer.mozilla.org/en-US/docs/Web/API/Clipboard/readText",
            "summary": "The Clipboard interface's readText() method returns a Promise which resolves with a copy of the textual contents of the system clipboard.",
            "support": {
                "chrome": {
                    "version_added": "66"
                },
                "chrome_android": "mirror",
                "edge": "mirror",
                "firefox": {
                    "version_added": false,
                    "notes": "Firefox only supports reading the clipboard in browser extensions, using the <code>\"clipboardRead\"</code> extension permission."
                },
                "firefox_android": "mirror",
                "ie": {
                    "version_added": false
                },
                "oculus": "mirror",
                "opera": "mirror",
                "opera_android": "mirror",
                "safari": {
                    "version_added": "13.1"
                },
                "safari_ios": "mirror",
                "samsunginternet_android": "mirror",
                "webview_android": "mirror",
                "edge_blink": {
                    "version_added": "79"
                }
            },
            "title": "Clipboard: readText() method"
        }
    ],
    "dom-clipboard-write": [
        {
            "engines": [
                "blink",
                "gecko",
                "webkit"
            ],
            "needsflag": [
                "gecko"
            ],
            "filename": "api/Clipboard.json",
            "name": "write",
            "slug": "API/Clipboard/write",
            "mdn_url": "https://developer.mozilla.org/en-US/docs/Web/API/Clipboard/write",
            "summary": "The Clipboard method write() writes arbitrary data, such as images, to the clipboard. This can be used to implement cut and copy functionality.",
            "support": {
                "chrome": {
                    "version_added": "66",
                    "notes": "From version 76, the <code>image/png</code> MIME type is supported."
                },
                "chrome_android": {
                    "version_added": "66",
                    "notes": "From version 84, the <code>image/png</code> MIME type is supported."
                },
                "edge": {
                    "version_added": false
                },
                "firefox": [
                    {
                        "version_added": "87",
                        "flags": [
                            {
                                "type": "preference",
                                "name": "dom.events.asyncClipboard.clipboardItem",
                                "value_to_set": "true"
                            }
                        ],
                        "notes": "Writing to the clipboard is available without permission in secure contexts and browser extensions, but only from user-initiated event callbacks. Browser extensions with the <code>\"clipboardWrite\"</code> permission can write to the clipboard at any time."
                    },
                    {
                        "version_added": "63",
                        "partial_implementation": true,
                        "flags": [
                            {
                                "type": "preference",
                                "name": "dom.events.asyncClipboard.dataTransfer",
                                "value_to_set": "true"
                            }
                        ],
                        "notes": [
                            "This method accepts a <code>DataTransfer</code> object instead of an array of <code>ClipboardItem</code> objects.",
                            "Writing to the clipboard is available without permission in secure contexts and browser extensions, but only from user-initiated event callbacks. Browser extensions with the <code>\"clipboardWrite\"</code> permission can write to the clipboard at any time."
                        ]
                    }
                ],
                "firefox_android": "mirror",
                "ie": {
                    "version_added": false
                },
                "oculus": "mirror",
                "opera": {
                    "version_added": "63"
                },
                "opera_android": {
                    "version_added": "54"
                },
                "safari": {
                    "version_added": "13.1"
                },
                "safari_ios": "mirror",
                "samsunginternet_android": {
                    "version_added": "12.0"
                },
                "webview_android": "mirror",
                "edge_blink": {
                    "version_added": "79",
                    "notes": "From version 76, the <code>image/png</code> MIME type is supported."
                }
            },
            "title": "Clipboard: write() method"
        }
    ],
    "dom-clipboard-writetext": [
        {
            "engines": [
                "blink",
                "gecko",
                "webkit"
            ],
            "filename": "api/Clipboard.json",
            "name": "writeText",
            "slug": "API/Clipboard/writeText",
            "mdn_url": "https://developer.mozilla.org/en-US/docs/Web/API/Clipboard/writeText",
            "summary": "The Clipboard interface's writeText() property writes the specified text string to the system clipboard. Text may be read back using either read() or readText().",
            "support": {
                "chrome": {
                    "version_added": "66"
                },
                "chrome_android": "mirror",
                "edge": "mirror",
                "firefox": {
                    "version_added": "63",
                    "notes": "Writing to the clipboard is available without permission in secure contexts and browser extensions, but only from user-initiated event callbacks. Browser extensions with the <code>\"clipboardWrite\"</code> permission can write to the clipboard at any time."
                },
                "firefox_android": "mirror",
                "ie": {
                    "version_added": false
                },
                "oculus": "mirror",
                "opera": "mirror",
                "opera_android": "mirror",
                "safari": {
                    "version_added": "13.1",
                    "notes": "Must be called within user gesture event handlers such as <code>pointerdown</code> or <code>pointerup</code>."
                },
                "safari_ios": "mirror",
                "samsunginternet_android": "mirror",
                "webview_android": "mirror",
                "edge_blink": {
                    "version_added": "79"
                }
            },
            "title": "Clipboard: writeText() method"
        }
    ],
    "clipboard-interface": [
        {
            "engines": [
                "blink",
                "gecko",
                "webkit"
            ],
            "filename": "api/Clipboard.json",
            "name": "Clipboard",
            "slug": "API/Clipboard",
            "mdn_url": "https://developer.mozilla.org/en-US/docs/Web/API/Clipboard",
            "summary": "The Clipboard interface implements the Clipboard API, providing—if the user grants permission—both read and write access to the contents of the system clipboard. The Clipboard API can be used to implement cut, copy, and paste features within a web application.",
            "support": {
                "chrome": {
                    "version_added": "66"
                },
                "chrome_android": "mirror",
                "edge": "mirror",
                "firefox": {
                    "version_added": "63"
                },
                "firefox_android": "mirror",
                "ie": {
                    "version_added": false
                },
                "oculus": "mirror",
                "opera": "mirror",
                "opera_android": "mirror",
                "safari": {
                    "version_added": "13.1"
                },
                "safari_ios": "mirror",
                "samsunginternet_android": "mirror",
                "webview_android": "mirror",
                "edge_blink": {
                    "version_added": "79"
                }
            },
            "title": "Clipboard"
        }
    ],
    "dom-clipboardevent-clipboardevent": [
        {
            "engines": [
                "blink",
                "gecko",
                "webkit"
            ],
            "filename": "api/ClipboardEvent.json",
            "name": "ClipboardEvent",
            "slug": "API/ClipboardEvent/ClipboardEvent",
            "mdn_url": "https://developer.mozilla.org/en-US/docs/Web/API/ClipboardEvent/ClipboardEvent",
            "summary": "The ClipboardEvent() constructor returns a new ClipboardEvent, representing an event providing information related to modification of the clipboard, that is cut, copy, and paste events.",
            "support": {
                "chrome": {
                    "version_added": "58"
                },
                "chrome_android": "mirror",
                "edge": {
                    "version_added": "17"
                },
                "firefox": {
                    "version_added": "22"
                },
                "firefox_android": "mirror",
                "ie": {
                    "version_added": false
                },
                "oculus": "mirror",
                "opera": "mirror",
                "opera_android": "mirror",
                "safari": {
                    "version_added": "10.1"
                },
                "safari_ios": "mirror",
                "samsunginternet_android": "mirror",
                "webview_android": "mirror",
                "edge_blink": {
                    "version_added": "79"
                }
            },
            "title": "ClipboardEvent: ClipboardEvent() constructor"
        }
    ],
    "clipboardevent-clipboarddata": [
        {
            "engines": [
                "blink",
                "gecko",
                "webkit"
            ],
            "filename": "api/ClipboardEvent.json",
            "name": "clipboardData",
            "slug": "API/ClipboardEvent/clipboardData",
            "mdn_url": "https://developer.mozilla.org/en-US/docs/Web/API/ClipboardEvent/clipboardData",
            "summary": "The ClipboardEvent.clipboardData property holds a DataTransfer object, which can be used:",
            "support": {
                "chrome": {
                    "version_added": "41"
                },
                "chrome_android": "mirror",
                "edge": {
                    "version_added": "12"
                },
                "firefox": {
                    "version_added": "22"
                },
                "firefox_android": "mirror",
                "ie": {
                    "version_added": "5"
                },
                "oculus": "mirror",
                "opera": "mirror",
                "opera_android": "mirror",
                "safari": {
                    "version_added": "10.1"
                },
                "safari_ios": "mirror",
                "samsunginternet_android": "mirror",
                "webview_android": "mirror",
                "edge_blink": {
                    "version_added": "79"
                }
            },
            "title": "ClipboardEvent: clipboardData property"
        }
    ],
    "clipboard-event-interfaces": [
        {
            "engines": [
                "blink",
                "gecko",
                "webkit"
            ],
            "filename": "api/ClipboardEvent.json",
            "name": "ClipboardEvent",
            "slug": "API/ClipboardEvent",
            "mdn_url": "https://developer.mozilla.org/en-US/docs/Web/API/ClipboardEvent",
            "summary": "The ClipboardEvent interface represents events providing information related to modification of the clipboard, that is cut, copy, and paste events.",
            "support": {
                "chrome": {
                    "version_added": "41"
                },
                "chrome_android": "mirror",
                "edge": {
                    "version_added": "12"
                },
                "firefox": {
                    "version_added": "22"
                },
                "firefox_android": "mirror",
                "ie": {
                    "version_added": "4"
                },
                "oculus": "mirror",
                "opera": "mirror",
                "opera_android": "mirror",
                "safari": {
                    "version_added": "10.1"
                },
                "safari_ios": "mirror",
                "samsunginternet_android": "mirror",
                "webview_android": "mirror",
                "edge_blink": {
                    "version_added": "79"
                }
            },
            "title": "ClipboardEvent"
        }
    ],
    "dom-clipboarditem-clipboarditem": [
        {
            "engines": [
                "blink",
                "gecko",
                "webkit"
            ],
            "needsflag": [
                "gecko"
            ],
            "filename": "api/ClipboardItem.json",
            "name": "ClipboardItem",
            "slug": "API/ClipboardItem/ClipboardItem",
            "mdn_url": "https://developer.mozilla.org/en-US/docs/Web/API/ClipboardItem/ClipboardItem",
            "summary": "The ClipboardItem() constructor of the Clipboard API creates a new ClipboardItem object which represents data to be stored or retrieved via the Clipboard API, that is clipboard.write() and clipboard.read() respectively.",
            "support": {
                "chrome": [
                    {
                        "version_added": "98"
                    },
                    {
                        "version_added": "76",
                        "version_removed": "98",
                        "partial_implementation": true,
                        "notes": "The <code>ClipboardItem</code> constructor only accepts a blob as the item data, but not strings or Promises that resolve to strings or blobs. See <a href='https://crbug.com/1014310'>bug 1014310</a>."
                    }
                ],
                "chrome_android": [
                    {
                        "version_added": "98"
                    },
                    {
                        "version_added": "84",
                        "version_removed": "98",
                        "partial_implementation": true,
                        "notes": "The <code>ClipboardItem</code> constructor only accepts a blob as the item data, but not strings or Promises that resolve to strings or blobs. See <a href='https://crbug.com/1014310'>bug 1014310</a>."
                    }
                ],
                "edge": "mirror",
                "firefox": {
                    "version_added": "87",
                    "flags": [
                        {
                            "type": "preference",
                            "name": "dom.events.asyncClipboard.clipboardItem",
                            "value_to_set": "true"
                        }
                    ]
                },
                "firefox_android": "mirror",
                "ie": {
                    "version_added": false
                },
                "oculus": "mirror",
                "opera": "mirror",
                "opera_android": "mirror",
                "safari": {
                    "version_added": "13.1"
                },
                "safari_ios": "mirror",
                "samsunginternet_android": "mirror",
                "webview_android": "mirror",
                "edge_blink": [
                    {
                        "version_added": "98"
                    },
                    {
                        "version_added": false,
                        "version_removed": "98",
                        "partial_implementation": true,
                        "notes": "The <code>ClipboardItem</code> constructor only accepts a blob as the item data, but not strings or Promises that resolve to strings or blobs. See <a href='https://crbug.com/1014310'>bug 1014310</a>."
                    }
                ]
            },
            "title": "ClipboardItem: ClipboardItem() constructor"
        }
    ],
    "dom-clipboarditem-gettype": [
        {
            "engines": [
                "blink",
                "gecko",
                "webkit"
            ],
            "needsflag": [
                "gecko"
            ],
            "filename": "api/ClipboardItem.json",
            "name": "getType",
            "slug": "API/ClipboardItem/getType",
            "mdn_url": "https://developer.mozilla.org/en-US/docs/Web/API/ClipboardItem/getType",
            "summary": "The getType() method of the ClipboardItem interface returns a Promise that resolves with a Blob of the requested MIME type or an error if the MIME type is not found.",
            "support": {
                "chrome": {
                    "version_added": "76"
                },
                "chrome_android": {
                    "version_added": "84"
                },
                "edge": "mirror",
                "firefox": {
                    "version_added": "87",
                    "flags": [
                        {
                            "type": "preference",
                            "name": "dom.events.asyncClipboard.clipboardItem",
                            "value_to_set": "true"
                        }
                    ]
                },
                "firefox_android": "mirror",
                "ie": {
                    "version_added": false
                },
                "oculus": "mirror",
                "opera": "mirror",
                "opera_android": "mirror",
                "safari": {
                    "version_added": "13.1"
                },
                "safari_ios": "mirror",
                "samsunginternet_android": "mirror",
                "webview_android": "mirror",
                "edge_blink": {
                    "version_added": "79"
                }
            },
            "title": "ClipboardItem: getType() method"
        }
    ],
    "dom-clipboarditem-presentationstyle": [
        {
            "engines": [
                "gecko",
                "webkit"
            ],
            "needsflag": [
                "gecko"
            ],
            "filename": "api/ClipboardItem.json",
            "name": "presentationStyle",
            "slug": "API/ClipboardItem/presentationStyle",
            "mdn_url": "https://developer.mozilla.org/en-US/docs/Web/API/ClipboardItem/presentationStyle",
            "summary": "The read-only presentationStyle property of the ClipboardItem interface returns a string indicating how an item should be presented.",
            "support": {
                "chrome": {
                    "version_added": false
                },
                "chrome_android": "mirror",
                "edge": "mirror",
                "firefox": {
                    "version_added": "87",
                    "flags": [
                        {
                            "type": "preference",
                            "name": "dom.events.asyncClipboard.clipboardItem",
                            "value_to_set": "true"
                        }
                    ]
                },
                "firefox_android": "mirror",
                "ie": {
                    "version_added": false
                },
                "oculus": "mirror",
                "opera": "mirror",
                "opera_android": "mirror",
                "safari": {
                    "version_added": "13.1"
                },
                "safari_ios": "mirror",
                "samsunginternet_android": "mirror",
                "webview_android": "mirror",
                "edge_blink": {
                    "version_added": false
                }
            },
            "title": "ClipboardItem: presentationStyle property"
        }
    ],
    "dom-clipboarditem-types": [
        {
            "engines": [
                "blink",
                "gecko",
                "webkit"
            ],
            "needsflag": [
                "gecko"
            ],
            "filename": "api/ClipboardItem.json",
            "name": "types",
            "slug": "API/ClipboardItem/types",
            "mdn_url": "https://developer.mozilla.org/en-US/docs/Web/API/ClipboardItem/types",
            "summary": "The read-only types property of the ClipboardItem interface returns an Array of MIME types available within the ClipboardItem",
            "support": {
                "chrome": {
                    "version_added": "76"
                },
                "chrome_android": {
                    "version_added": "84"
                },
                "edge": "mirror",
                "firefox": {
                    "version_added": "87",
                    "flags": [
                        {
                            "type": "preference",
                            "name": "dom.events.asyncClipboard.clipboardItem",
                            "value_to_set": "true"
                        }
                    ]
                },
                "firefox_android": "mirror",
                "ie": {
                    "version_added": false
                },
                "oculus": "mirror",
                "opera": "mirror",
                "opera_android": "mirror",
                "safari": {
                    "version_added": "13.1"
                },
                "safari_ios": "mirror",
                "samsunginternet_android": "mirror",
                "webview_android": "mirror",
                "edge_blink": {
                    "version_added": "79"
                }
            },
            "title": "ClipboardItem: types property"
        }
    ],
    "clipboarditem": [
        {
            "engines": [
                "blink",
                "gecko",
                "webkit"
            ],
            "needsflag": [
                "gecko"
            ],
            "filename": "api/ClipboardItem.json",
            "name": "ClipboardItem",
            "slug": "API/ClipboardItem",
            "mdn_url": "https://developer.mozilla.org/en-US/docs/Web/API/ClipboardItem",
            "summary": "The ClipboardItem interface of the Clipboard API represents a single item format, used when reading or writing data via the Clipboard API. That is clipboard.read() and clipboard.write() respectively.",
            "support": {
                "chrome": {
                    "version_added": "76"
                },
                "chrome_android": {
                    "version_added": "84"
                },
                "edge": "mirror",
                "firefox": {
                    "version_added": "87",
                    "flags": [
                        {
                            "type": "preference",
                            "name": "dom.events.asyncClipboard.clipboardItem",
                            "value_to_set": "true"
                        }
                    ]
                },
                "firefox_android": "mirror",
                "ie": {
                    "version_added": false
                },
                "oculus": "mirror",
                "opera": "mirror",
                "opera_android": "mirror",
                "safari": {
                    "version_added": "13.1"
                },
                "safari_ios": "mirror",
                "samsunginternet_android": "mirror",
                "webview_android": "mirror",
                "edge_blink": {
                    "version_added": "79"
                }
            },
            "title": "ClipboardItem"
        }
    ],
    "clipboard-event-copy": [
        {
            "engines": [
                "blink",
                "gecko",
                "webkit"
            ],
            "filename": "api/Element.json",
            "name": "copy_event",
            "slug": "API/Element/copy_event",
            "mdn_url": "https://developer.mozilla.org/en-US/docs/Web/API/Element/copy_event",
            "summary": "The copy event fires when the user initiates a copy action through the browser's user interface.",
            "support": {
                "chrome": {
                    "version_added": "1"
                },
                "chrome_android": "mirror",
                "edge": {
                    "version_added": "12"
                },
                "firefox": {
                    "version_added": "22"
                },
                "firefox_android": "mirror",
                "ie": {
                    "version_added": "9",
                    "notes": "Before Internet Explorer 9, this event is not supported via <code>addEventListener</code>; however, the event handler is supported since IE 5.5. The event can be listened to via <code>element.oncopy</code>."
                },
                "oculus": "mirror",
                "opera": {
                    "version_added": "12.1"
                },
                "opera_android": {
                    "version_added": "12.1"
                },
                "safari": {
                    "version_added": "3"
                },
                "safari_ios": {
                    "version_added": "3"
                },
                "samsunginternet_android": "mirror",
                "webview_android": "mirror",
                "edge_blink": {
                    "version_added": "79"
                }
            },
            "title": "Element: copy event"
        }
    ],
    "clipboard-event-cut": [
        {
            "engines": [
                "blink",
                "gecko",
                "webkit"
            ],
            "filename": "api/Element.json",
            "name": "cut_event",
            "slug": "API/Element/cut_event",
            "mdn_url": "https://developer.mozilla.org/en-US/docs/Web/API/Element/cut_event",
            "summary": "The cut event is fired when the user has initiated a \"cut\" action through the browser's user interface.",
            "support": {
                "chrome": {
                    "version_added": "1"
                },
                "chrome_android": "mirror",
                "edge": {
                    "version_added": "12"
                },
                "firefox": {
                    "version_added": "22"
                },
                "firefox_android": "mirror",
                "ie": {
                    "version_added": "9",
                    "notes": "Before Internet Explorer 9, this event is not supported via <code>addEventListener</code>; however, the event handler is supported since IE 5.5. The event can be listened to via <code>element.oncopy</code>."
                },
                "oculus": "mirror",
                "opera": {
                    "version_added": "12.1"
                },
                "opera_android": {
                    "version_added": "12.1"
                },
                "safari": {
                    "version_added": "3"
                },
                "safari_ios": {
                    "version_added": "3"
                },
                "samsunginternet_android": "mirror",
                "webview_android": "mirror",
                "edge_blink": {
                    "version_added": "79"
                }
            },
            "title": "Element: cut event"
        }
    ],
    "clipboard-event-paste": [
        {
            "engines": [
                "blink",
                "gecko",
                "webkit"
            ],
            "filename": "api/Element.json",
            "name": "paste_event",
            "slug": "API/Element/paste_event",
            "mdn_url": "https://developer.mozilla.org/en-US/docs/Web/API/Element/paste_event",
            "summary": "The paste event is fired when the user has initiated a \"paste\" action through the browser's user interface.",
            "support": {
                "chrome": {
                    "version_added": "1"
                },
                "chrome_android": "mirror",
                "edge": {
                    "version_added": "12"
                },
                "firefox": {
                    "version_added": "22"
                },
                "firefox_android": "mirror",
                "ie": {
                    "version_added": "9",
                    "notes": [
                        "Before Internet Explorer 11, copying files does not trigger the <code>paste</code> event.",
                        "Before Internet Explorer 9, this event is not supported via <code>addEventListener</code>; however, the event handler is supported since IE 5.5. The event can be listened to via <code>element.oncopy</code>."
                    ]
                },
                "oculus": "mirror",
                "opera": {
                    "version_added": "12.1"
                },
                "opera_android": {
                    "version_added": "12.1"
                },
                "safari": {
                    "version_added": "3"
                },
                "safari_ios": {
                    "version_added": "3"
                },
                "samsunginternet_android": "mirror",
                "webview_android": {
                    "version_added": "37"
                },
                "edge_blink": {
                    "version_added": "79"
                }
            },
            "title": "Element: paste event"
        }
    ],
    "navigator-clipboard": [
        {
            "engines": [
                "blink",
                "gecko",
                "webkit"
            ],
            "filename": "api/Navigator.json",
            "name": "clipboard",
            "slug": "API/Navigator/clipboard",
            "mdn_url": "https://developer.mozilla.org/en-US/docs/Web/API/Navigator/clipboard",
            "summary": "The Clipboard API adds to the Navigator interface the read-only clipboard property, which returns the Clipboard object used to read and write the clipboard's contents.",
            "support": {
                "chrome": {
                    "version_added": "66"
                },
                "chrome_android": "mirror",
                "edge": "mirror",
                "firefox": {
                    "version_added": "63"
                },
                "firefox_android": "mirror",
                "ie": {
                    "version_added": false
                },
                "oculus": "mirror",
                "opera": "mirror",
                "opera_android": "mirror",
                "safari": {
                    "version_added": "13.1"
                },
                "safari_ios": "mirror",
                "samsunginternet_android": "mirror",
                "webview_android": "mirror",
                "edge_blink": {
                    "version_added": "79"
                }
            },
            "title": "Navigator: clipboard property"
        }
    ]
}
