{
    "css-media-queries-webkit-device-pixel-ratio": [
        {
            "engines": [
                "blink",
                "gecko",
                "webkit"
            ],
            "filename": "css/at-rules/media.json",
            "name": "-webkit-device-pixel-ratio",
            "slug": "CSS/@media/-webkit-device-pixel-ratio",
            "mdn_url": "https://developer.mozilla.org/en-US/docs/Web/CSS/@media/-webkit-device-pixel-ratio",
            "summary": "The -webkit-device-pixel-ratio is a non-standard Boolean CSS media feature which is an alternative to the standard resolution media feature.",
            "support": {
                "chrome": {
                    "version_added": "1"
                },
                "chrome_android": "mirror",
                "edge": {
                    "version_added": "12"
                },
                "firefox": {
                    "version_added": "63",
                    "notes": "Implemented as an alias for <code>-moz-device-pixel-ratio</code>."
                },
                "firefox_android": "mirror",
                "ie": {
                    "version_added": false
                },
                "oculus": "mirror",
                "opera": "mirror",
                "opera_android": "mirror",
                "safari": {
                    "version_added": "3"
                },
                "safari_ios": {
                    "version_added": "1"
                },
                "samsunginternet_android": "mirror",
                "webview_android": {
                    "version_added": "37"
                },
                "edge_blink": {
                    "version_added": "79"
                }
            },
            "title": "-webkit-device-pixel-ratio"
        },
        {
            "engines": [
                "blink",
                "gecko",
                "webkit"
            ],
            "filename": "css/at-rules/media.json",
            "name": "-webkit-max-device-pixel-ratio",
            "slug": "CSS/@media/-webkit-device-pixel-ratio",
            "mdn_url": "https://developer.mozilla.org/en-US/docs/Web/CSS/@media/-webkit-device-pixel-ratio",
            "summary": "The -webkit-device-pixel-ratio is a non-standard Boolean CSS media feature which is an alternative to the standard resolution media feature.",
            "support": {
                "chrome": {
                    "version_added": "1"
                },
                "chrome_android": "mirror",
                "edge": {
                    "version_added": "12"
                },
                "firefox": {
                    "version_added": "63",
                    "notes": "Implemented as an alias for <code>max--moz-device-pixel-ratio</code>."
                },
                "firefox_android": "mirror",
                "ie": {
                    "version_added": false
                },
                "oculus": "mirror",
                "opera": "mirror",
                "opera_android": "mirror",
                "safari": {
                    "version_added": "3"
                },
                "safari_ios": {
                    "version_added": "1"
                },
                "samsunginternet_android": "mirror",
                "webview_android": {
                    "version_added": "37"
                },
                "edge_blink": {
                    "version_added": "79"
                }
            },
            "title": "-webkit-device-pixel-ratio"
        },
        {
            "engines": [
                "blink",
                "gecko",
                "webkit"
            ],
            "filename": "css/at-rules/media.json",
            "name": "-webkit-min-device-pixel-ratio",
            "slug": "CSS/@media/-webkit-device-pixel-ratio",
            "mdn_url": "https://developer.mozilla.org/en-US/docs/Web/CSS/@media/-webkit-device-pixel-ratio",
            "summary": "The -webkit-device-pixel-ratio is a non-standard Boolean CSS media feature which is an alternative to the standard resolution media feature.",
            "support": {
                "chrome": {
                    "version_added": "1"
                },
                "chrome_android": "mirror",
                "edge": {
                    "version_added": "12"
                },
                "firefox": {
                    "version_added": "63",
                    "notes": "Implemented as an alias for <code>min--moz-device-pixel-ratio</code>."
                },
                "firefox_android": "mirror",
                "ie": {
                    "version_added": false
                },
                "oculus": "mirror",
                "opera": "mirror",
                "opera_android": "mirror",
                "safari": {
                    "version_added": "3"
                },
                "safari_ios": {
                    "version_added": "1"
                },
                "samsunginternet_android": "mirror",
                "webview_android": {
                    "version_added": "37"
                },
                "edge_blink": {
                    "version_added": "79"
                }
            },
            "title": "-webkit-device-pixel-ratio"
        }
    ],
    "css-media-queries-webkit-transform-3d": [
        {
            "engines": [
                "blink",
                "gecko",
                "webkit"
            ],
            "filename": "css/at-rules/media.json",
            "name": "-webkit-transform-3d",
            "slug": "CSS/@media/-webkit-transform-3d",
            "mdn_url": "https://developer.mozilla.org/en-US/docs/Web/CSS/@media/-webkit-transform-3d",
            "summary": "The -webkit-transform-3d Boolean CSS media feature is a WebKit extension whose value is true if vendor-prefixed CSS 3D transforms are supported.",
            "support": {
                "chrome": {
                    "version_added": "2"
                },
                "chrome_android": "mirror",
                "edge": {
                    "version_added": "12"
                },
                "firefox": {
                    "version_added": "49"
                },
                "firefox_android": "mirror",
                "ie": {
                    "version_added": false
                },
                "oculus": "mirror",
                "opera": "mirror",
                "opera_android": "mirror",
                "safari": {
                    "version_added": "4"
                },
                "safari_ios": "mirror",
                "samsunginternet_android": "mirror",
                "webview_android": "mirror",
                "edge_blink": {
                    "version_added": "79"
                }
            },
            "title": "-webkit-transform-3d"
        }
    ],
    "the-webkit-text-fill-color": [
        {
            "engines": [
                "blink",
                "gecko",
                "webkit"
            ],
            "filename": "css/properties/-webkit-text-fill-color.json",
            "name": "-webkit-text-fill-color",
            "slug": "CSS/-webkit-text-fill-color",
            "mdn_url": "https://developer.mozilla.org/en-US/docs/Web/CSS/-webkit-text-fill-color",
            "summary": "The -webkit-text-fill-color CSS property specifies the fill color of characters of text. If this property is not set, the value of the color property is used.",
            "support": {
                "chrome": {
                    "version_added": "1"
                },
                "chrome_android": "mirror",
                "edge": {
                    "version_added": "12"
                },
                "firefox": {
                    "version_added": "49"
                },
                "firefox_android": "mirror",
                "ie": {
                    "version_added": false
                },
                "oculus": "mirror",
                "opera": "mirror",
                "opera_android": {
                    "version_added": "15"
                },
                "safari": {
                    "version_added": "3"
                },
                "safari_ios": "mirror",
                "samsunginternet_android": "mirror",
                "webview_android": {
                    "version_added": "37"
                },
                "edge_blink": {
                    "version_added": "79"
                }
            },
            "title": "-webkit-text-fill-color"
        }
    ],
    "the-webkit-text-stroke-color": [
        {
            "engines": [
                "blink",
                "gecko",
                "webkit"
            ],
            "filename": "css/properties/-webkit-text-stroke-color.json",
            "name": "-webkit-text-stroke-color",
            "slug": "CSS/-webkit-text-stroke-color",
            "mdn_url": "https://developer.mozilla.org/en-US/docs/Web/CSS/-webkit-text-stroke-color",
            "summary": "The -webkit-text-stroke-color CSS property specifies the stroke color of characters of text. If this property is not set, the value of the color property is used.",
            "support": {
                "chrome": {
                    "version_added": "1"
                },
                "chrome_android": "mirror",
                "edge": {
                    "version_added": "15"
                },
                "firefox": {
                    "version_added": "49"
                },
                "firefox_android": "mirror",
                "ie": {
                    "version_added": false
                },
                "oculus": "mirror",
                "opera": "mirror",
                "opera_android": {
                    "version_added": "15"
                },
                "safari": {
                    "version_added": "3"
                },
                "safari_ios": "mirror",
                "samsunginternet_android": "mirror",
                "webview_android": {
                    "version_added": "37"
                },
                "edge_blink": {
                    "version_added": "79"
                }
            },
            "title": "-webkit-text-stroke-color"
        }
    ],
    "the-webkit-text-stroke-width": [
        {
            "engines": [
                "blink",
                "gecko",
                "webkit"
            ],
            "filename": "css/properties/-webkit-text-stroke-width.json",
            "name": "-webkit-text-stroke-width",
            "slug": "CSS/-webkit-text-stroke-width",
            "mdn_url": "https://developer.mozilla.org/en-US/docs/Web/CSS/-webkit-text-stroke-width",
            "summary": "The -webkit-text-stroke-width CSS property specifies the width of the stroke for text.",
            "support": {
                "chrome": {
                    "version_added": "1"
                },
                "chrome_android": "mirror",
                "edge": {
                    "version_added": "15"
                },
                "firefox": {
                    "version_added": "49"
                },
                "firefox_android": "mirror",
                "ie": {
                    "version_added": false
                },
                "oculus": "mirror",
                "opera": "mirror",
                "opera_android": {
                    "version_added": "15"
                },
                "safari": {
                    "version_added": "3"
                },
                "safari_ios": "mirror",
                "samsunginternet_android": "mirror",
                "webview_android": {
                    "version_added": "38"
                },
                "edge_blink": {
                    "version_added": "79"
                }
            },
            "title": "-webkit-text-stroke-width"
        }
    ],
    "the-webkit-text-stroke": [
        {
            "engines": [
                "blink",
                "gecko",
                "webkit"
            ],
            "filename": "css/properties/-webkit-text-stroke.json",
            "name": "-webkit-text-stroke",
            "slug": "CSS/-webkit-text-stroke",
            "mdn_url": "https://developer.mozilla.org/en-US/docs/Web/CSS/-webkit-text-stroke",
            "summary": "The -webkit-text-stroke CSS property specifies the width and color of strokes for text characters. This is a shorthand property for the longhand properties -webkit-text-stroke-width and -webkit-text-stroke-color.",
            "support": {
                "chrome": {
                    "version_added": "4"
                },
                "chrome_android": "mirror",
                "edge": {
                    "version_added": "15"
                },
                "firefox": {
                    "version_added": "49"
                },
                "firefox_android": "mirror",
                "ie": {
                    "version_added": false
                },
                "oculus": "mirror",
                "opera": "mirror",
                "opera_android": "mirror",
                "safari": {
                    "version_added": "3"
                },
                "safari_ios": "mirror",
                "samsunginternet_android": "mirror",
                "webview_android": {
                    "version_added": "4"
                },
                "edge_blink": {
                    "version_added": "79"
                }
            },
            "title": "-webkit-text-stroke"
        }
    ],
    "touch-action": [
        {
            "engines": [
                "blink",
                "gecko",
                "webkit"
            ],
            "filename": "css/properties/touch-action.json",
            "name": "touch-action",
            "slug": "CSS/touch-action",
            "mdn_url": "https://developer.mozilla.org/en-US/docs/Web/CSS/touch-action",
            "summary": "The touch-action CSS property sets how an element's region can be manipulated by a touchscreen user (for example, by zooming features built into the browser).",
            "support": {
                "chrome": {
                    "version_added": "36"
                },
                "chrome_android": "mirror",
                "edge": {
                    "version_added": "12"
                },
                "firefox": {
                    "version_added": "52",
                    "notes": "Not applicable to Firefox platforms that support neither pointer nor touch events."
                },
                "firefox_android": {
                    "version_added": "52"
                },
                "ie": [
                    {
                        "version_added": "11"
                    },
                    {
                        "version_added": "10",
                        "prefix": "-ms-"
                    }
                ],
                "oculus": "mirror",
                "opera": "mirror",
                "opera_android": "mirror",
                "safari": {
                    "version_added": "13"
                },
                "safari_ios": {
                    "version_added": "9.3"
                },
                "samsunginternet_android": "mirror",
                "webview_android": "mirror",
                "edge_blink": {
                    "version_added": "79"
                }
            },
            "title": "touch-action"
        }
    ]
}
