{
    "dom-compressionstream-compressionstream": [
        {
            "engines": [
                "blink",
                "gecko",
                "webkit"
            ],
            "filename": "api/CompressionStream.json",
            "name": "CompressionStream",
            "slug": "API/CompressionStream/CompressionStream",
            "mdn_url": "https://developer.mozilla.org/en-US/docs/Web/API/CompressionStream/CompressionStream",
            "summary": "The CompressionStream() constructor creates a new CompressionStream object which compresses a stream of data.",
            "support": {
                "chrome": {
                    "version_added": "80"
                },
                "chrome_android": "mirror",
                "deno": {
                    "version_added": "1.19"
                },
                "edge": "mirror",
                "firefox": {
                    "version_added": "113"
                },
                "firefox_android": "mirror",
                "ie": {
                    "version_added": false
                },
                "nodejs": {
                    "version_added": "17.0.0"
                },
                "oculus": "mirror",
                "opera": "mirror",
                "opera_android": "mirror",
                "safari": {
                    "version_added": "16.4"
                },
                "safari_ios": "mirror",
                "samsunginternet_android": "mirror",
                "webview_android": "mirror",
                "edge_blink": {
                    "version_added": "80"
                }
            },
            "title": "CompressionStream: CompressionStream() constructor"
        }
    ],
    "compression-stream": [
        {
            "engines": [
                "blink",
                "gecko",
                "webkit"
            ],
            "filename": "api/CompressionStream.json",
            "name": "CompressionStream",
            "slug": "API/CompressionStream",
            "mdn_url": "https://developer.mozilla.org/en-US/docs/Web/API/CompressionStream",
            "summary": "The CompressionStream interface of the Compression Streams API is an API for compressing a stream of data.",
            "support": {
                "chrome": {
                    "version_added": "80"
                },
                "chrome_android": "mirror",
                "deno": {
                    "version_added": "1.19"
                },
                "edge": "mirror",
                "firefox": {
                    "version_added": "113"
                },
                "firefox_android": "mirror",
                "ie": {
                    "version_added": false
                },
                "nodejs": [
                    {
                        "version_added": "18.0.0"
                    },
                    {
                        "version_added": "17.0.0",
                        "version_removed": "18.0.0",
                        "notes": [
                            "Must be imported using either <code>require('stream/web')</code> or <code>import * from 'stream/web'</code>.",
                            "Experimental implementation."
                        ]
                    }
                ],
                "oculus": "mirror",
                "opera": "mirror",
                "opera_android": "mirror",
                "safari": {
                    "version_added": "16.4"
                },
                "safari_ios": "mirror",
                "samsunginternet_android": "mirror",
                "webview_android": "mirror",
                "edge_blink": {
                    "version_added": "80"
                }
            },
            "title": "CompressionStream"
        }
    ],
    "dom-decompressionstream-decompressionstream": [
        {
            "engines": [
                "blink",
                "gecko",
                "webkit"
            ],
            "filename": "api/DecompressionStream.json",
            "name": "DecompressionStream",
            "slug": "API/DecompressionStream/DecompressionStream",
            "mdn_url": "https://developer.mozilla.org/en-US/docs/Web/API/DecompressionStream/DecompressionStream",
            "summary": "The DecompressionStream() constructor creates a new DecompressionStream object which decompresses a stream of data.",
            "support": {
                "chrome": {
                    "version_added": "80"
                },
                "chrome_android": "mirror",
                "deno": {
                    "version_added": "1.19"
                },
                "edge": "mirror",
                "firefox": {
                    "version_added": "113"
                },
                "firefox_android": "mirror",
                "ie": {
                    "version_added": false
                },
                "nodejs": {
                    "version_added": "17.0.0"
                },
                "oculus": "mirror",
                "opera": "mirror",
                "opera_android": "mirror",
                "safari": {
                    "version_added": "16.4"
                },
                "safari_ios": "mirror",
                "samsunginternet_android": "mirror",
                "webview_android": "mirror",
                "edge_blink": {
                    "version_added": "80"
                }
            },
            "title": "DecompressionStream: DecompressionStream() constructor"
        }
    ],
    "decompression-stream": [
        {
            "engines": [
                "blink",
                "gecko",
                "webkit"
            ],
            "filename": "api/DecompressionStream.json",
            "name": "DecompressionStream",
            "slug": "API/DecompressionStream",
            "mdn_url": "https://developer.mozilla.org/en-US/docs/Web/API/DecompressionStream",
            "summary": "The DecompressionStream interface of the Compression Streams API is an API for decompressing a stream of data.",
            "support": {
                "chrome": {
                    "version_added": "80"
                },
                "chrome_android": "mirror",
                "deno": {
                    "version_added": "1.19"
                },
                "edge": "mirror",
                "firefox": {
                    "version_added": "113"
                },
                "firefox_android": "mirror",
                "ie": {
                    "version_added": false
                },
                "nodejs": [
                    {
                        "version_added": "18.0.0"
                    },
                    {
                        "version_added": "17.0.0",
                        "version_removed": "18.0.0",
                        "notes": [
                            "Must be imported using either <code>require('stream/web')</code> or <code>import * from 'stream/web'</code>.",
                            "Experimental implementation."
                        ]
                    }
                ],
                "oculus": "mirror",
                "opera": "mirror",
                "opera_android": "mirror",
                "safari": {
                    "version_added": "16.4"
                },
                "safari_ios": "mirror",
                "samsunginternet_android": "mirror",
                "webview_android": "mirror",
                "edge_blink": {
                    "version_added": "80"
                }
            },
            "title": "DecompressionStream"
        }
    ]
}
