{
    "content-index-add": [
        {
            "engines": [
                "blink"
            ],
            "filename": "api/ContentIndex.json",
            "name": "add",
            "slug": "API/ContentIndex/add",
            "mdn_url": "https://developer.mozilla.org/en-US/docs/Web/API/ContentIndex/add",
            "summary": "The add() method of the ContentIndex interface registers an item with the content index.",
            "support": {
                "chrome": {
                    "version_added": false
                },
                "chrome_android": {
                    "version_added": "84"
                },
                "edge": "mirror",
                "firefox": {
                    "version_added": false
                },
                "firefox_android": "mirror",
                "ie": {
                    "version_added": false
                },
                "oculus": "mirror",
                "opera": "mirror",
                "opera_android": "mirror",
                "safari": {
                    "version_added": false
                },
                "safari_ios": "mirror",
                "samsunginternet_android": "mirror",
                "webview_android": "mirror",
                "edge_blink": {
                    "version_added": false
                }
            },
            "title": "ContentIndex: add() method"
        }
    ],
    "content-index-delete": [
        {
            "engines": [
                "blink"
            ],
            "filename": "api/ContentIndex.json",
            "name": "delete",
            "slug": "API/ContentIndex/delete",
            "mdn_url": "https://developer.mozilla.org/en-US/docs/Web/API/ContentIndex/delete",
            "summary": "The delete() method of the ContentIndex interface unregisters an item from the currently indexed content.",
            "support": {
                "chrome": {
                    "version_added": false
                },
                "chrome_android": {
                    "version_added": "84"
                },
                "edge": "mirror",
                "firefox": {
                    "version_added": false
                },
                "firefox_android": "mirror",
                "ie": {
                    "version_added": false
                },
                "oculus": "mirror",
                "opera": "mirror",
                "opera_android": "mirror",
                "safari": {
                    "version_added": false
                },
                "safari_ios": "mirror",
                "samsunginternet_android": "mirror",
                "webview_android": "mirror",
                "edge_blink": {
                    "version_added": false
                }
            },
            "title": "ContentIndex: delete() method"
        }
    ],
    "content-index-getall": [
        {
            "engines": [
                "blink"
            ],
            "filename": "api/ContentIndex.json",
            "name": "getAll",
            "slug": "API/ContentIndex/getAll",
            "mdn_url": "https://developer.mozilla.org/en-US/docs/Web/API/ContentIndex/getAll",
            "summary": "The getAll() method of the ContentIndex interface returns a Promise that resolves with an iterable list of content index entries.",
            "support": {
                "chrome": {
                    "version_added": false
                },
                "chrome_android": {
                    "version_added": "84"
                },
                "edge": "mirror",
                "firefox": {
                    "version_added": false
                },
                "firefox_android": "mirror",
                "ie": {
                    "version_added": false
                },
                "oculus": "mirror",
                "opera": "mirror",
                "opera_android": "mirror",
                "safari": {
                    "version_added": false
                },
                "safari_ios": "mirror",
                "samsunginternet_android": "mirror",
                "webview_android": "mirror",
                "edge_blink": {
                    "version_added": false
                }
            },
            "title": "ContentIndex: getAll() method"
        }
    ],
    "content-index": [
        {
            "engines": [
                "blink"
            ],
            "filename": "api/ContentIndex.json",
            "name": "ContentIndex",
            "slug": "API/ContentIndex",
            "mdn_url": "https://developer.mozilla.org/en-US/docs/Web/API/ContentIndex",
            "summary": "The ContentIndex interface of the Content Index API allows developers to register their offline enabled content with the browser.",
            "support": {
                "chrome": {
                    "version_added": false
                },
                "chrome_android": {
                    "version_added": "84"
                },
                "edge": "mirror",
                "firefox": {
                    "version_added": false
                },
                "firefox_android": "mirror",
                "ie": {
                    "version_added": false
                },
                "oculus": "mirror",
                "opera": "mirror",
                "opera_android": "mirror",
                "safari": {
                    "version_added": false
                },
                "safari_ios": "mirror",
                "samsunginternet_android": "mirror",
                "webview_android": "mirror",
                "edge_blink": {
                    "version_added": false
                }
            },
            "title": "ContentIndex"
        }
    ],
    "content-index-event": [
        {
            "engines": [
                "blink"
            ],
            "filename": "api/ContentIndexEvent.json",
            "name": "ContentIndexEvent",
            "slug": "API/ContentIndexEvent/ContentIndexEvent",
            "mdn_url": "https://developer.mozilla.org/en-US/docs/Web/API/ContentIndexEvent/ContentIndexEvent",
            "summary": "The ContentIndexEvent() constructor creates a new ContentIndexEvent object whose type and other options are configured as specified.",
            "support": {
                "chrome": {
                    "version_added": false
                },
                "chrome_android": {
                    "version_added": "84"
                },
                "edge": "mirror",
                "firefox": {
                    "version_added": false
                },
                "firefox_android": "mirror",
                "ie": {
                    "version_added": false
                },
                "oculus": "mirror",
                "opera": "mirror",
                "opera_android": "mirror",
                "safari": {
                    "version_added": false
                },
                "safari_ios": "mirror",
                "samsunginternet_android": "mirror",
                "webview_android": "mirror",
                "edge_blink": {
                    "version_added": false
                }
            },
            "title": "ContentIndexEvent: ContentIndexEvent() constructor"
        },
        {
            "engines": [
                "blink"
            ],
            "filename": "api/ContentIndexEvent.json",
            "name": "ContentIndexEvent",
            "slug": "API/ContentIndexEvent",
            "mdn_url": "https://developer.mozilla.org/en-US/docs/Web/API/ContentIndexEvent",
            "summary": "The ContentIndexEvent interface of the content index defines the object used to represent the contentdelete event.",
            "support": {
                "chrome": {
                    "version_added": false
                },
                "chrome_android": {
                    "version_added": "84"
                },
                "edge": "mirror",
                "firefox": {
                    "version_added": false
                },
                "firefox_android": "mirror",
                "ie": {
                    "version_added": false
                },
                "oculus": "mirror",
                "opera": "mirror",
                "opera_android": "mirror",
                "safari": {
                    "version_added": false
                },
                "safari_ios": "mirror",
                "samsunginternet_android": "mirror",
                "webview_android": "mirror",
                "edge_blink": {
                    "version_added": false
                }
            },
            "title": "ContentIndexEvent"
        }
    ],
    "dom-contentindexevent-id": [
        {
            "engines": [
                "blink"
            ],
            "filename": "api/ContentIndexEvent.json",
            "name": "id",
            "slug": "API/ContentIndexEvent/id",
            "mdn_url": "https://developer.mozilla.org/en-US/docs/Web/API/ContentIndexEvent/id",
            "summary": "The read-only id property of the ContentIndexEvent interface is a String which identifies the deleted content index via its id.",
            "support": {
                "chrome": {
                    "version_added": false
                },
                "chrome_android": {
                    "version_added": "84"
                },
                "edge": "mirror",
                "firefox": {
                    "version_added": false
                },
                "firefox_android": "mirror",
                "ie": {
                    "version_added": false
                },
                "oculus": "mirror",
                "opera": "mirror",
                "opera_android": "mirror",
                "safari": {
                    "version_added": false
                },
                "safari_ios": "mirror",
                "samsunginternet_android": "mirror",
                "webview_android": "mirror",
                "edge_blink": {
                    "version_added": false
                }
            },
            "title": "ContentIndexEvent: id property"
        }
    ],
    "dom-serviceworkerglobalscope-oncontentdelete": [
        {
            "engines": [
                "blink"
            ],
            "filename": "api/ServiceWorkerGlobalScope.json",
            "name": "contentdelete_event",
            "slug": "API/ServiceWorkerGlobalScope/contentdelete_event",
            "mdn_url": "https://developer.mozilla.org/en-US/docs/Web/API/ServiceWorkerGlobalScope/contentdelete_event",
            "summary": "The contentdelete event of the ServiceWorkerGlobalScope interface is fired when an item is removed from the indexed content via the user agent.",
            "support": {
                "chrome": {
                    "version_added": false
                },
                "chrome_android": {
                    "version_added": "84"
                },
                "edge": "mirror",
                "firefox": {
                    "version_added": false
                },
                "firefox_android": "mirror",
                "ie": {
                    "version_added": false
                },
                "oculus": "mirror",
                "opera": "mirror",
                "opera_android": "mirror",
                "safari": {
                    "version_added": false
                },
                "safari_ios": "mirror",
                "samsunginternet_android": "mirror",
                "webview_android": "mirror",
                "edge_blink": {
                    "version_added": false
                }
            },
            "title": "ServiceWorkerGlobalScope: contentdelete event"
        }
    ],
    "dom-serviceworkerregistration-index": [
        {
            "engines": [
                "blink"
            ],
            "filename": "api/ServiceWorkerRegistration.json",
            "name": "index",
            "slug": "API/ServiceWorkerRegistration/index",
            "mdn_url": "https://developer.mozilla.org/en-US/docs/Web/API/ServiceWorkerRegistration/index",
            "summary": "The index read-only property of the ServiceWorkerRegistration interface returns a reference to the ContentIndex interface, which allows for indexing of offline content.",
            "support": {
                "chrome": {
                    "version_added": false
                },
                "chrome_android": {
                    "version_added": "84"
                },
                "edge": "mirror",
                "firefox": {
                    "version_added": false
                },
                "firefox_android": "mirror",
                "ie": {
                    "version_added": false
                },
                "oculus": "mirror",
                "opera": "mirror",
                "opera_android": "mirror",
                "safari": {
                    "version_added": false
                },
                "safari_ios": "mirror",
                "samsunginternet_android": "mirror",
                "webview_android": "mirror",
                "edge_blink": {
                    "version_added": false
                }
            },
            "title": "ServiceWorkerRegistration: index property"
        }
    ]
}
