{
    "insets": [
        {
            "engines": [
                "blink",
                "gecko",
                "webkit"
            ],
            "filename": "css/properties/bottom.json",
            "name": "bottom",
            "slug": "CSS/bottom",
            "mdn_url": "https://developer.mozilla.org/en-US/docs/Web/CSS/bottom",
            "summary": "The bottom CSS property participates in setting the vertical position of a positioned element. It has no effect on non-positioned elements.",
            "support": {
                "chrome": {
                    "version_added": "1"
                },
                "chrome_android": "mirror",
                "edge": {
                    "version_added": "12"
                },
                "firefox": {
                    "version_added": "1"
                },
                "firefox_android": "mirror",
                "ie": {
                    "version_added": "5",
                    "notes": "In Internet Explorer versions before 7, when both <code>top</code> and <code>bottom</code> are specified, the element position is overconstrained and the <code>top</code> property has precedence; the computed value of <code>bottom</code> is set to <code>-top</code>, while its specified value is ignored."
                },
                "oculus": "mirror",
                "opera": {
                    "version_added": "6"
                },
                "opera_android": "mirror",
                "safari": {
                    "version_added": "1"
                },
                "safari_ios": "mirror",
                "samsunginternet_android": "mirror",
                "webview_android": {
                    "version_added": "37"
                },
                "edge_blink": {
                    "version_added": "79"
                }
            },
            "title": "bottom"
        },
        {
            "engines": [
                "blink",
                "gecko",
                "webkit"
            ],
            "filename": "css/properties/left.json",
            "name": "left",
            "slug": "CSS/left",
            "mdn_url": "https://developer.mozilla.org/en-US/docs/Web/CSS/left",
            "summary": "The left CSS property participates in specifying the horizontal position of a positioned element. It has no effect on non-positioned elements.",
            "support": {
                "chrome": {
                    "version_added": "1"
                },
                "chrome_android": "mirror",
                "edge": {
                    "version_added": "12"
                },
                "firefox": {
                    "version_added": "1"
                },
                "firefox_android": "mirror",
                "ie": {
                    "version_added": "5.5"
                },
                "oculus": "mirror",
                "opera": {
                    "version_added": "5"
                },
                "opera_android": "mirror",
                "safari": {
                    "version_added": "1"
                },
                "safari_ios": "mirror",
                "samsunginternet_android": "mirror",
                "webview_android": "mirror",
                "edge_blink": {
                    "version_added": "79"
                }
            },
            "title": "left"
        },
        {
            "engines": [
                "blink",
                "gecko",
                "webkit"
            ],
            "filename": "css/properties/right.json",
            "name": "right",
            "slug": "CSS/right",
            "mdn_url": "https://developer.mozilla.org/en-US/docs/Web/CSS/right",
            "summary": "The right CSS property participates in specifying the horizontal position of a positioned element. It has no effect on non-positioned elements.",
            "support": {
                "chrome": {
                    "version_added": "1"
                },
                "chrome_android": "mirror",
                "edge": {
                    "version_added": "12"
                },
                "firefox": {
                    "version_added": "1"
                },
                "firefox_android": "mirror",
                "ie": {
                    "version_added": "5.5"
                },
                "oculus": "mirror",
                "opera": {
                    "version_added": "5"
                },
                "opera_android": "mirror",
                "safari": {
                    "version_added": "1"
                },
                "safari_ios": "mirror",
                "samsunginternet_android": "mirror",
                "webview_android": "mirror",
                "edge_blink": {
                    "version_added": "79"
                }
            },
            "title": "right"
        },
        {
            "engines": [
                "blink",
                "gecko",
                "webkit"
            ],
            "filename": "css/properties/top.json",
            "name": "top",
            "slug": "CSS/top",
            "mdn_url": "https://developer.mozilla.org/en-US/docs/Web/CSS/top",
            "summary": "The top CSS property participates in specifying the vertical position of a positioned element. It has no effect on non-positioned elements.",
            "support": {
                "chrome": {
                    "version_added": "1"
                },
                "chrome_android": "mirror",
                "edge": {
                    "version_added": "12"
                },
                "firefox": {
                    "version_added": "1"
                },
                "firefox_android": "mirror",
                "ie": {
                    "version_added": "5",
                    "notes": "In Internet Explorer versions before 7, when both <code>top</code> and <code>bottom</code> are specified, the element position is overconstrained and the <code>top</code> property has precedence; the computed value of <code>bottom</code> is set to <code>-top</code>, while its specified value is ignored."
                },
                "oculus": "mirror",
                "opera": {
                    "version_added": "6"
                },
                "opera_android": "mirror",
                "safari": {
                    "version_added": "1"
                },
                "safari_ios": "mirror",
                "samsunginternet_android": "mirror",
                "webview_android": {
                    "version_added": "37"
                },
                "edge_blink": {
                    "version_added": "79"
                }
            },
            "title": "top"
        }
    ],
    "position-property": [
        {
            "engines": [
                "blink",
                "gecko",
                "webkit"
            ],
            "filename": "css/properties/position.json",
            "name": "position",
            "slug": "CSS/position",
            "mdn_url": "https://developer.mozilla.org/en-US/docs/Web/CSS/position",
            "summary": "The position CSS property sets how an element is positioned in a document. The top, right, bottom, and left properties determine the final location of positioned elements.",
            "support": {
                "chrome": {
                    "version_added": "1"
                },
                "chrome_android": "mirror",
                "edge": {
                    "version_added": "12"
                },
                "firefox": {
                    "version_added": "1",
                    "notes": [
                        "Before Firefox 57, absolute positioning did not work correctly when applied to elements inside tables that have <a href='https://developer.mozilla.org/docs/Web/CSS/border-collapse'><code>border-collapse</code></a> applied to them (<a href='https://bugzil.la/1379306'>bug 1379306</a>).",
                        "Before Firefox 30, absolute positioning of table rows and row groups was not supported (<a href='https://bugzil.la/63895'>bug 63895</a>)."
                    ]
                },
                "firefox_android": "mirror",
                "ie": {
                    "version_added": "4"
                },
                "oculus": "mirror",
                "opera": {
                    "version_added": "4"
                },
                "opera_android": "mirror",
                "safari": {
                    "version_added": "1"
                },
                "safari_ios": "mirror",
                "samsunginternet_android": "mirror",
                "webview_android": {
                    "version_added": "37"
                },
                "edge_blink": {
                    "version_added": "79"
                }
            },
            "title": "position"
        }
    ]
}
