{
    "element-notation": [
        {
            "engines": [],
            "prefixed": [
                "gecko"
            ],
            "filename": "css/properties/background-image.json",
            "name": "element",
            "slug": "CSS/element()",
            "mdn_url": "https://developer.mozilla.org/en-US/docs/Web/CSS/element()",
            "summary": "The element() CSS function defines an <image> value generated from an arbitrary HTML element. This image is live, meaning that if the HTML element is changed, the CSS properties using the resulting value are automatically updated.",
            "support": {
                "chrome": {
                    "version_added": false
                },
                "chrome_android": "mirror",
                "edge": "mirror",
                "firefox": {
                    "version_added": "4",
                    "prefix": "-moz-"
                },
                "firefox_android": "mirror",
                "ie": {
                    "version_added": false
                },
                "oculus": "mirror",
                "opera": "mirror",
                "opera_android": "mirror",
                "safari": {
                    "version_added": false
                },
                "safari_ios": "mirror",
                "samsunginternet_android": "mirror",
                "webview_android": "mirror",
                "edge_blink": {
                    "version_added": false
                }
            },
            "caniuse": {
                "feature": "css-element-function",
                "title": "CSS element() function"
            },
            "title": "element()"
        },
        {
            "engines": [],
            "prefixed": [
                "gecko"
            ],
            "filename": "css/types/image.json",
            "name": "element",
            "slug": "CSS/element",
            "mdn_url": "https://developer.mozilla.org/en-US/docs/Web/CSS/element",
            "summary": "The element() CSS function defines an <image> value generated from an arbitrary HTML element. This image is live, meaning that if the HTML element is changed, the CSS properties using the resulting value are automatically updated.",
            "support": {
                "chrome": {
                    "version_added": false
                },
                "chrome_android": "mirror",
                "edge": "mirror",
                "firefox": [
                    {
                        "prefix": "-moz-",
                        "version_added": "57"
                    },
                    {
                        "prefix": "-moz-",
                        "partial_implementation": true,
                        "version_added": "29",
                        "version_removed": "57",
                        "notes": "<code>-moz-element()</code> is limited to <a href='https://developer.mozilla.org/docs/Web/CSS/background-image'><code>background-image</code></a>, <a href='https://developer.mozilla.org/docs/Web/CSS/background'><code>background</code></a>, <a href='https://developer.mozilla.org/docs/Web/CSS/border-image'><code>border-image</code></a> and <a href='https://developer.mozilla.org/docs/Web/CSS/border-image-source'><code>border-image-source</code></a>."
                    },
                    {
                        "prefix": "-moz-",
                        "partial_implementation": true,
                        "version_added": "4",
                        "version_removed": "29",
                        "notes": "<code>-moz-element()</code> is limited to <a href='https://developer.mozilla.org/docs/Web/CSS/background-image'><code>background-image</code></a> and <a href='https://developer.mozilla.org/docs/Web/CSS/background'><code>background</code></a>."
                    }
                ],
                "firefox_android": [
                    {
                        "prefix": "-moz-",
                        "version_added": "60"
                    },
                    {
                        "prefix": "-moz-",
                        "partial_implementation": true,
                        "version_added": "29",
                        "version_removed": "60",
                        "notes": "<code>-moz-element()</code> is limited to <a href='https://developer.mozilla.org/docs/Web/CSS/background-image'><code>background-image</code></a>, <a href='https://developer.mozilla.org/docs/Web/CSS/background'><code>background</code></a>, <a href='https://developer.mozilla.org/docs/Web/CSS/border-image'><code>border-image</code></a> and <a href='https://developer.mozilla.org/docs/Web/CSS/border-image-source'><code>border-image-source</code></a>."
                    },
                    {
                        "prefix": "-moz-",
                        "partial_implementation": true,
                        "version_added": "4",
                        "version_removed": "29",
                        "notes": "<code>-moz-element()</code> is limited to <a href='https://developer.mozilla.org/docs/Web/CSS/background-image'><code>background-image</code></a> and <a href='https://developer.mozilla.org/docs/Web/CSS/background'><code>background</code></a>."
                    }
                ],
                "ie": {
                    "version_added": false
                },
                "oculus": "mirror",
                "opera": "mirror",
                "opera_android": "mirror",
                "safari": {
                    "version_added": false
                },
                "safari_ios": "mirror",
                "samsunginternet_android": "mirror",
                "webview_android": "mirror",
                "edge_blink": {
                    "version_added": false
                }
            },
            "caniuse": {
                "feature": "css-element-function",
                "title": "CSS element() function"
            },
            "title": "element()"
        }
    ],
    "gradients": [
        {
            "engines": [
                "blink",
                "gecko",
                "webkit"
            ],
            "filename": "css/properties/background-image.json",
            "name": "gradients",
            "slug": "CSS/gradient",
            "mdn_url": "https://developer.mozilla.org/en-US/docs/Web/CSS/gradient",
            "summary": "The <gradient> CSS data type is a special type of <image> that consists of a progressive transition between two or more colors.",
            "support": {
                "chrome": {
                    "version_added": "1",
                    "notes": "Some versions support only experimental gradients prefixed with <code>-webkit</code>."
                },
                "chrome_android": "mirror",
                "edge": {
                    "version_added": "12"
                },
                "firefox": {
                    "version_added": "3.6",
                    "notes": "Some versions support only experimental gradients prefixed with <code>-moz</code>."
                },
                "firefox_android": "mirror",
                "ie": {
                    "version_added": "10"
                },
                "oculus": "mirror",
                "opera": {
                    "version_added": "11",
                    "notes": "Some versions support only experimental gradients prefixed with <code>-o</code>."
                },
                "opera_android": "mirror",
                "safari": {
                    "version_added": "4",
                    "notes": "Some versions support only experimental gradients prefixed with <code>-webkit</code>."
                },
                "safari_ios": "mirror",
                "samsunginternet_android": "mirror",
                "webview_android": {
                    "version_added": "37",
                    "notes": "Some versions support only experimental gradients prefixed with <code>-webkit</code>."
                },
                "edge_blink": {
                    "version_added": "79",
                    "notes": "Some versions support only experimental gradients prefixed with <code>-webkit</code>."
                }
            },
            "title": "<gradient>"
        },
        {
            "engines": [
                "blink"
            ],
            "partial": [
                "gecko"
            ],
            "filename": "css/properties/content.json",
            "name": "gradient",
            "slug": "CSS/gradient",
            "mdn_url": "https://developer.mozilla.org/en-US/docs/Web/CSS/gradient",
            "summary": "The <gradient> CSS data type is a special type of <image> that consists of a progressive transition between two or more colors.",
            "support": {
                "chrome": {
                    "version_added": "26"
                },
                "chrome_android": "mirror",
                "edge": {
                    "version_added": "12"
                },
                "firefox": {
                    "version_added": "113",
                    "notes": "<code>content: &lt;gradient&gt;</code>` doesn't paint on ::before/::after pseudo elements. See <a href='https://bugzil.la/1832901'>bug 1832901</a>.",
                    "partial_implementation": true
                },
                "firefox_android": "mirror",
                "ie": {
                    "version_added": false
                },
                "oculus": "mirror",
                "opera": "mirror",
                "opera_android": "mirror",
                "safari": {
                    "version_added": false
                },
                "safari_ios": "mirror",
                "samsunginternet_android": "mirror",
                "webview_android": "mirror",
                "edge_blink": {
                    "version_added": "79"
                }
            },
            "title": "<gradient>"
        },
        {
            "engines": [
                "blink",
                "gecko",
                "webkit"
            ],
            "filename": "css/types/image.json",
            "name": "gradient",
            "slug": "CSS/gradient",
            "mdn_url": "https://developer.mozilla.org/en-US/docs/Web/CSS/gradient",
            "summary": "The <gradient> CSS data type is a special type of <image> that consists of a progressive transition between two or more colors.",
            "support": {
                "chrome": [
                    {
                        "version_added": "26"
                    },
                    {
                        "prefix": "-webkit-",
                        "version_added": "10"
                    }
                ],
                "chrome_android": "mirror",
                "edge": {
                    "version_added": "12"
                },
                "firefox": {
                    "version_added": "3.6",
                    "notes": "Gradients are limited to <a href='https://developer.mozilla.org/docs/Web/CSS/background-image'><code>background-image</code></a>, <a href='https://developer.mozilla.org/docs/Web/CSS/border-image'><code>border-image</code></a>, and <a href='https://developer.mozilla.org/docs/Web/CSS/mask-image'><code>mask-image</code></a>."
                },
                "firefox_android": "mirror",
                "ie": {
                    "prefix": "-ms-",
                    "version_added": "10"
                },
                "oculus": "mirror",
                "opera": [
                    {
                        "version_added": "12.1"
                    },
                    {
                        "prefix": "-webkit-",
                        "version_added": "15"
                    },
                    {
                        "prefix": "-o-",
                        "version_added": "11",
                        "version_removed": "15"
                    }
                ],
                "opera_android": [
                    {
                        "version_added": "12.1"
                    },
                    {
                        "prefix": "-webkit-",
                        "version_added": "14"
                    },
                    {
                        "prefix": "-o-",
                        "version_added": "11",
                        "version_removed": "14"
                    }
                ],
                "safari": [
                    {
                        "version_added": "7"
                    },
                    {
                        "prefix": "-webkit-",
                        "version_added": "5.1"
                    }
                ],
                "safari_ios": "mirror",
                "samsunginternet_android": "mirror",
                "webview_android": [
                    {
                        "version_added": "37"
                    },
                    {
                        "prefix": "-webkit-",
                        "version_added": "37"
                    }
                ],
                "edge_blink": [
                    {
                        "version_added": "79"
                    },
                    {
                        "prefix": "-webkit-",
                        "version_added": "79"
                    }
                ]
            },
            "title": "<gradient>"
        }
    ],
    "image-set-notation": [
        {
            "engines": [
                "blink",
                "gecko",
                "webkit"
            ],
            "filename": "css/properties/background-image.json",
            "name": "image-set",
            "slug": "CSS/image-set()",
            "mdn_url": "https://developer.mozilla.org/en-US/docs/Web/CSS/image-set()",
            "summary": "The image-set() CSS functional notation is a method of letting the browser pick the most appropriate CSS image from a given set, primarily for high pixel density screens.",
            "support": {
                "chrome": [
                    {
                        "version_added": "113"
                    },
                    {
                        "prefix": "-webkit-",
                        "version_added": "21"
                    }
                ],
                "chrome_android": "mirror",
                "edge": "mirror",
                "firefox": [
                    {
                        "version_added": "88",
                        "notes": "Before Firefox 89, the <code>type()</code> function is not supported as an argument to <code>image-set()</code>."
                    },
                    {
                        "prefix": "-webkit-",
                        "version_added": "90"
                    }
                ],
                "firefox_android": "mirror",
                "ie": {
                    "version_added": false
                },
                "oculus": "mirror",
                "opera": "mirror",
                "opera_android": "mirror",
                "safari": [
                    {
                        "version_added": "14"
                    },
                    {
                        "prefix": "-webkit-",
                        "version_added": "6",
                        "partial_implementation": true,
                        "notes": "Support for <code>url</code> images only and <code>x</code> is the only supported resolution unit."
                    }
                ],
                "safari_ios": "mirror",
                "samsunginternet_android": "mirror",
                "webview_android": "mirror",
                "edge_blink": [
                    {
                        "version_added": "113"
                    },
                    {
                        "prefix": "-webkit-",
                        "version_added": "79"
                    }
                ]
            },
            "caniuse": {
                "feature": "css-image-set",
                "title": "CSS image-set"
            },
            "title": "image-set()"
        },
        {
            "engines": [
                "blink"
            ],
            "partial": [
                "gecko"
            ],
            "filename": "css/properties/content.json",
            "name": "image-set",
            "slug": "CSS/image/image-set",
            "mdn_url": "https://developer.mozilla.org/en-US/docs/Web/CSS/image/image-set",
            "summary": "The image-set() CSS functional notation is a method of letting the browser pick the most appropriate CSS image from a given set, primarily for high pixel density screens.",
            "support": {
                "chrome": {
                    "version_added": "113"
                },
                "chrome_android": "mirror",
                "edge": "mirror",
                "firefox": {
                    "version_added": "113",
                    "notes": "<code>content: image-set(…);</code>` doesn't paint on ::before/::after pseudo elements. See <a href='https://bugzil.la/1832901'>bug 1832901</a>.",
                    "partial_implementation": true
                },
                "firefox_android": "mirror",
                "ie": {
                    "version_added": false
                },
                "oculus": "mirror",
                "opera": "mirror",
                "opera_android": "mirror",
                "safari": {
                    "version_added": false
                },
                "safari_ios": "mirror",
                "samsunginternet_android": "mirror",
                "webview_android": "mirror",
                "edge_blink": {
                    "version_added": "113"
                }
            },
            "caniuse": {
                "feature": "css-image-set",
                "title": "CSS image-set"
            },
            "title": "image-set()"
        },
        {
            "engines": [
                "blink",
                "gecko",
                "webkit"
            ],
            "filename": "css/types/image.json",
            "name": "image-set",
            "slug": "CSS/image/image-set",
            "mdn_url": "https://developer.mozilla.org/en-US/docs/Web/CSS/image/image-set",
            "summary": "The image-set() CSS functional notation is a method of letting the browser pick the most appropriate CSS image from a given set, primarily for high pixel density screens.",
            "support": {
                "chrome": [
                    {
                        "version_added": "113"
                    },
                    {
                        "prefix": "-webkit-",
                        "version_added": "21"
                    }
                ],
                "chrome_android": "mirror",
                "edge": "mirror",
                "firefox": [
                    {
                        "version_added": "88",
                        "notes": [
                            "In <code>cursor</code> and <code>content</code> properties, gradients are not supported as arguments to <code>image-set()</code>. See <a href='https://bugzil.la/1696314'>bug 1696314</a>.",
                            "Before Firefox 89, the <code>type()</code> function is not supported as an argument to <code>image-set()</code>."
                        ]
                    },
                    {
                        "prefix": "-webkit-",
                        "version_added": "90"
                    }
                ],
                "firefox_android": "mirror",
                "ie": {
                    "version_added": false
                },
                "oculus": "mirror",
                "opera": "mirror",
                "opera_android": "mirror",
                "safari": [
                    {
                        "version_added": "14"
                    },
                    {
                        "prefix": "-webkit-",
                        "version_added": "6",
                        "partial_implementation": true,
                        "notes": "Support for <code>url</code> images only and <code>x</code> is the only supported resolution unit."
                    }
                ],
                "safari_ios": "mirror",
                "samsunginternet_android": "mirror",
                "webview_android": "mirror",
                "edge_blink": [
                    {
                        "version_added": "113"
                    },
                    {
                        "prefix": "-webkit-",
                        "version_added": "79"
                    }
                ]
            },
            "caniuse": {
                "feature": "css-image-set",
                "title": "CSS image-set"
            },
            "title": "image-set()"
        }
    ],
    "cross-fade-function": [
        {
            "engines": [
                "webkit"
            ],
            "prefixed": [
                "blink"
            ],
            "filename": "css/types/image.json",
            "name": "cross-fade",
            "slug": "CSS/cross-fade",
            "mdn_url": "https://developer.mozilla.org/en-US/docs/Web/CSS/cross-fade",
            "summary": "The cross-fade() CSS function can be used to blend two or more images at a defined transparency. It can be used for many simple image manipulations, such as tinting an image with a solid color or highlighting a particular area of the page by combining an image with a radial gradient.",
            "support": {
                "chrome": {
                    "prefix": "-webkit-",
                    "version_added": "17",
                    "notes": [
                        "Supports the original dual-image with percentage implementation only.",
                        "See <a href='https://crbug.com/614906'>bug 614906</a> for supporting the unprefixed <code>cross-fade()</code> function."
                    ]
                },
                "chrome_android": "mirror",
                "edge": "mirror",
                "firefox": {
                    "version_added": false,
                    "notes": "See <a href='https://bugzil.la/1657516'>bug 1657516</a>."
                },
                "firefox_android": "mirror",
                "ie": {
                    "version_added": false
                },
                "oculus": "mirror",
                "opera": "mirror",
                "opera_android": "mirror",
                "safari": [
                    {
                        "version_added": "10",
                        "notes": "Supports the original dual-image with percentage implementation only."
                    },
                    {
                        "prefix": "-webkit-",
                        "version_added": "5.1",
                        "notes": "Supports the original dual-image with percentage implementation only."
                    }
                ],
                "safari_ios": [
                    {
                        "version_added": "9.3",
                        "notes": "Support for the original dual-image with percentage implementation only."
                    },
                    {
                        "prefix": "-webkit-",
                        "version_added": "5",
                        "notes": "Supports the original dual-image with percentage implementation only."
                    }
                ],
                "samsunginternet_android": "mirror",
                "webview_android": "mirror",
                "edge_blink": {
                    "prefix": "-webkit-",
                    "version_added": "79",
                    "notes": [
                        "Supports the original dual-image with percentage implementation only.",
                        "See <a href='https://crbug.com/614906'>bug 614906</a> for supporting the unprefixed <code>cross-fade()</code> function."
                    ]
                }
            },
            "caniuse": {
                "feature": "css-cross-fade",
                "title": "CSS Cross-Fade Function"
            },
            "title": "cross-fade()"
        }
    ],
    "conic-gradients": [
        {
            "engines": [
                "blink",
                "gecko",
                "webkit"
            ],
            "filename": "css/types/image.json",
            "name": "conic-gradient",
            "slug": "CSS/gradient/conic-gradient",
            "mdn_url": "https://developer.mozilla.org/en-US/docs/Web/CSS/gradient/conic-gradient",
            "summary": "The conic-gradient() CSS function creates an image consisting of a gradient with color transitions rotated around a center point (rather than radiating from the center). Example conic gradients include pie charts and color wheels. The result of the conic-gradient() function is an object of the <gradient> data type, which is a special kind of <image>.",
            "support": {
                "chrome": {
                    "version_added": "69"
                },
                "chrome_android": "mirror",
                "edge": "mirror",
                "firefox": {
                    "version_added": "83"
                },
                "firefox_android": "mirror",
                "ie": {
                    "version_added": false
                },
                "oculus": "mirror",
                "opera": "mirror",
                "opera_android": "mirror",
                "safari": {
                    "version_added": "12.1"
                },
                "safari_ios": "mirror",
                "samsunginternet_android": "mirror",
                "webview_android": "mirror",
                "edge_blink": {
                    "version_added": "79"
                }
            },
            "caniuse": {
                "feature": "css-conic-gradients",
                "title": "CSS Conical Gradients"
            },
            "title": "conic-gradient()"
        }
    ],
    "linear-gradients": [
        {
            "engines": [
                "blink",
                "gecko",
                "webkit"
            ],
            "filename": "css/types/image.json",
            "name": "linear-gradient",
            "slug": "CSS/gradient/linear-gradient",
            "mdn_url": "https://developer.mozilla.org/en-US/docs/Web/CSS/gradient/linear-gradient",
            "summary": "The linear-gradient() CSS function creates an image consisting of a progressive transition between two or more colors along a straight line. Its result is an object of the <gradient> data type, which is a special kind of <image>.",
            "support": {
                "chrome": [
                    {
                        "version_added": "26"
                    },
                    {
                        "prefix": "-webkit-",
                        "version_added": "10"
                    }
                ],
                "chrome_android": "mirror",
                "edge": {
                    "version_added": "12"
                },
                "firefox": [
                    {
                        "version_added": "16",
                        "notes": "Before Firefox 36, gradients weren't applied on the pre-multiplied color space, leading to shades of grey unexpectedly appearing when used with transparency."
                    },
                    {
                        "prefix": "-webkit-",
                        "version_added": "49"
                    },
                    {
                        "prefix": "-moz-",
                        "version_added": "3.6",
                        "notes": [
                            "Since Firefox 42, the prefixed version of gradients can be disabled by setting <code>layout.css.prefixes.gradients</code> to <code>false</code>.",
                            "Considers <code>&lt;angle&gt;</code> to start to the right, instead of the top. I.e. it considered an angle of <code>0deg</code> as a direction indicator pointing to the right."
                        ]
                    }
                ],
                "firefox_android": "mirror",
                "ie": {
                    "version_added": "10",
                    "notes": "Internet Explorer 5.5 through 9.0 supported gradients via a proprietary filter: <code><a href='https://developer.mozilla.org/docs/Web/CSS/-ms-filter#Gradient'>-ms-filter: progid:DXImageTransform.Microsoft.Gradient()</a></code>."
                },
                "oculus": "mirror",
                "opera": [
                    {
                        "version_added": "12.1"
                    },
                    {
                        "prefix": "-webkit-",
                        "version_added": "15",
                        "notes": "Considers <code>&lt;angle&gt;</code> to start to the right, instead of the top. I.e. it considered an angle of <code>0deg</code> as a direction indicator pointing to the right."
                    },
                    {
                        "prefix": "-o-",
                        "version_added": "11",
                        "version_removed": "15",
                        "notes": "Considers <code>&lt;angle&gt;</code> to start to the right, instead of the top. I.e. it considered an angle of <code>0deg</code> as a direction indicator pointing to the right."
                    }
                ],
                "opera_android": [
                    {
                        "version_added": "12.1"
                    },
                    {
                        "prefix": "-webkit-",
                        "version_added": "14",
                        "notes": "Considers <code>&lt;angle&gt;</code> to start to the right, instead of the top. I.e. it considered an angle of <code>0deg</code> as a direction indicator pointing to the right."
                    },
                    {
                        "prefix": "-o-",
                        "version_added": "11",
                        "version_removed": "14",
                        "notes": "Considers <code>&lt;angle&gt;</code> to start to the right, instead of the top. I.e. it considered an angle of <code>0deg</code> as a direction indicator pointing to the right."
                    }
                ],
                "safari": [
                    {
                        "version_added": "7"
                    },
                    {
                        "prefix": "-webkit-",
                        "version_added": "5.1",
                        "notes": [
                            "Safari 4 was supporting an experimental <code><a href='https://developer.apple.com/library/archive/documentation/InternetWeb/Conceptual/SafariVisualEffectsProgGuide/Gradients/Gradient.html'>-webkit-gradient(linear,…)</a></code> function. It is more limited than the later standard version: you cannot specify both a position and an angle like in <code>linear-gradient()</code>. This old outdated syntax is still supported for compatibility purposes.",
                            "Considers <code>&lt;angle&gt;</code> to start to the right, instead of the top. I.e. it considered an angle of <code>0deg</code> as a direction indicator pointing to the right."
                        ]
                    }
                ],
                "safari_ios": "mirror",
                "samsunginternet_android": "mirror",
                "webview_android": [
                    {
                        "version_added": "37"
                    },
                    {
                        "prefix": "-webkit-",
                        "version_added": "37"
                    }
                ],
                "edge_blink": [
                    {
                        "version_added": "79"
                    },
                    {
                        "prefix": "-webkit-",
                        "version_added": "79"
                    }
                ]
            },
            "title": "linear-gradient()"
        }
    ],
    "repeating-gradients": [
        {
            "engines": [
                "blink",
                "gecko",
                "webkit"
            ],
            "filename": "css/types/image.json",
            "name": "repeating-conic-gradient",
            "slug": "CSS/gradient/repeating-conic-gradient",
            "mdn_url": "https://developer.mozilla.org/en-US/docs/Web/CSS/gradient/repeating-conic-gradient",
            "summary": "The repeating-conic-gradient() CSS function creates an image consisting of a repeating gradient (rather than a single gradient) with color transitions rotated around a center point (rather than radiating from the center).",
            "support": {
                "chrome": {
                    "version_added": "69"
                },
                "chrome_android": "mirror",
                "edge": "mirror",
                "firefox": {
                    "version_added": "83"
                },
                "firefox_android": "mirror",
                "ie": {
                    "version_added": false
                },
                "oculus": "mirror",
                "opera": "mirror",
                "opera_android": "mirror",
                "safari": {
                    "version_added": "12.1"
                },
                "safari_ios": "mirror",
                "samsunginternet_android": "mirror",
                "webview_android": "mirror",
                "edge_blink": {
                    "version_added": "79"
                }
            },
            "title": "repeating-conic-gradient()"
        }
    ],
    "image-notation": [
        {
            "engines": [],
            "filename": "css/types/image.json",
            "name": "image",
            "slug": "CSS/image/image",
            "mdn_url": "https://developer.mozilla.org/en-US/docs/Web/CSS/image/image",
            "summary": "The image() CSS function defines an <image> in a similar fashion to the url() function, but with added functionality including specifying the image's directionality, displaying just a part of that image defined by a media fragment, and specifying a solid color as a fallback in case none of the specified images are able to be rendered.",
            "support": {
                "chrome": {
                    "version_added": false
                },
                "chrome_android": "mirror",
                "edge": "mirror",
                "firefox": {
                    "version_added": false,
                    "notes": [
                        "See <a href='https://bugzil.la/703217'>bug 703217</a>.",
                        "The <a href='https://developer.mozilla.org/docs/Web/CSS/-moz-image-rect'><code>-moz-image-rect()</code></a> function supports fragments as of Firefox 4."
                    ]
                },
                "firefox_android": {
                    "version_added": false,
                    "notes": "The <a href='https://developer.mozilla.org/docs/Web/CSS/-moz-image-rect'><code>-moz-image-rect()</code></a> function supports fragments as of Firefox 4."
                },
                "ie": {
                    "version_added": false
                },
                "oculus": "mirror",
                "opera": "mirror",
                "opera_android": "mirror",
                "safari": {
                    "version_added": false
                },
                "safari_ios": "mirror",
                "samsunginternet_android": "mirror",
                "webview_android": "mirror",
                "edge_blink": {
                    "version_added": false
                }
            },
            "title": "image()"
        }
    ]
}
