{
    "margin-physical": [
        {
            "engines": [
                "blink",
                "gecko",
                "webkit"
            ],
            "filename": "css/properties/margin-bottom.json",
            "name": "margin-bottom",
            "slug": "CSS/margin-bottom",
            "mdn_url": "https://developer.mozilla.org/en-US/docs/Web/CSS/margin-bottom",
            "summary": "The margin-bottom CSS property sets the margin area on the bottom of an element. A positive value places it farther from its neighbors, while a negative value places it closer.",
            "support": {
                "chrome": {
                    "version_added": "1"
                },
                "chrome_android": "mirror",
                "edge": {
                    "version_added": "12"
                },
                "firefox": {
                    "version_added": "1"
                },
                "firefox_android": "mirror",
                "ie": {
                    "version_added": "3"
                },
                "oculus": "mirror",
                "opera": {
                    "version_added": "3.5"
                },
                "opera_android": {
                    "version_added": "10.1"
                },
                "safari": {
                    "version_added": "1"
                },
                "safari_ios": "mirror",
                "samsunginternet_android": "mirror",
                "webview_android": "mirror",
                "edge_blink": {
                    "version_added": "79"
                }
            },
            "title": "margin-bottom"
        },
        {
            "engines": [
                "blink",
                "gecko",
                "webkit"
            ],
            "filename": "css/properties/margin-left.json",
            "name": "margin-left",
            "slug": "CSS/margin-left",
            "mdn_url": "https://developer.mozilla.org/en-US/docs/Web/CSS/margin-left",
            "summary": "The margin-left CSS property sets the margin area on the left side of an element. A positive value places it farther from its neighbors, while a negative value places it closer.",
            "support": {
                "chrome": {
                    "version_added": "1"
                },
                "chrome_android": "mirror",
                "edge": {
                    "version_added": "12"
                },
                "firefox": {
                    "version_added": "1"
                },
                "firefox_android": "mirror",
                "ie": {
                    "version_added": "3"
                },
                "oculus": "mirror",
                "opera": {
                    "version_added": "3.5"
                },
                "opera_android": {
                    "version_added": "10.1"
                },
                "safari": {
                    "version_added": "1"
                },
                "safari_ios": "mirror",
                "samsunginternet_android": "mirror",
                "webview_android": "mirror",
                "edge_blink": {
                    "version_added": "79"
                }
            },
            "title": "margin-left"
        },
        {
            "engines": [
                "blink",
                "gecko",
                "webkit"
            ],
            "filename": "css/properties/margin-right.json",
            "name": "margin-right",
            "slug": "CSS/margin-right",
            "mdn_url": "https://developer.mozilla.org/en-US/docs/Web/CSS/margin-right",
            "summary": "The margin-right CSS property sets the margin area on the right side of an element. A positive value places it farther from its neighbors, while a negative value places it closer.",
            "support": {
                "chrome": {
                    "version_added": "1"
                },
                "chrome_android": "mirror",
                "edge": {
                    "version_added": "12"
                },
                "firefox": {
                    "version_added": "1"
                },
                "firefox_android": "mirror",
                "ie": {
                    "version_added": "3"
                },
                "oculus": "mirror",
                "opera": {
                    "version_added": "3.5"
                },
                "opera_android": {
                    "version_added": "10.1"
                },
                "safari": {
                    "version_added": "1"
                },
                "safari_ios": "mirror",
                "samsunginternet_android": "mirror",
                "webview_android": "mirror",
                "edge_blink": {
                    "version_added": "79"
                }
            },
            "title": "margin-right"
        },
        {
            "engines": [
                "blink",
                "gecko",
                "webkit"
            ],
            "filename": "css/properties/margin-top.json",
            "name": "margin-top",
            "slug": "CSS/margin-top",
            "mdn_url": "https://developer.mozilla.org/en-US/docs/Web/CSS/margin-top",
            "summary": "The margin-top CSS property sets the margin area on the top of an element. A positive value places it farther from its neighbors, while a negative value places it closer.",
            "support": {
                "chrome": {
                    "version_added": "1"
                },
                "chrome_android": "mirror",
                "edge": {
                    "version_added": "12"
                },
                "firefox": {
                    "version_added": "1"
                },
                "firefox_android": "mirror",
                "ie": {
                    "version_added": "3"
                },
                "oculus": "mirror",
                "opera": {
                    "version_added": "3.5"
                },
                "opera_android": {
                    "version_added": "10.1"
                },
                "safari": {
                    "version_added": "1"
                },
                "safari_ios": "mirror",
                "samsunginternet_android": "mirror",
                "webview_android": "mirror",
                "edge_blink": {
                    "version_added": "79"
                }
            },
            "title": "margin-top"
        }
    ],
    "margin": [
        {
            "engines": [
                "blink",
                "gecko",
                "webkit"
            ],
            "filename": "css/properties/margin.json",
            "name": "margin",
            "slug": "CSS/margin",
            "mdn_url": "https://developer.mozilla.org/en-US/docs/Web/CSS/margin",
            "summary": "The margin CSS shorthand property sets the margin area on all four sides of an element.",
            "support": {
                "chrome": {
                    "version_added": "1"
                },
                "chrome_android": "mirror",
                "edge": {
                    "version_added": "12"
                },
                "firefox": {
                    "version_added": "1"
                },
                "firefox_android": "mirror",
                "ie": {
                    "version_added": "3"
                },
                "oculus": "mirror",
                "opera": {
                    "version_added": "3.5"
                },
                "opera_android": {
                    "version_added": "10.1"
                },
                "safari": {
                    "version_added": "1"
                },
                "safari_ios": "mirror",
                "samsunginternet_android": "mirror",
                "webview_android": "mirror",
                "edge_blink": {
                    "version_added": "79"
                }
            },
            "title": "margin"
        }
    ],
    "padding-physical": [
        {
            "engines": [
                "blink",
                "gecko",
                "webkit"
            ],
            "filename": "css/properties/padding-bottom.json",
            "name": "padding-bottom",
            "slug": "CSS/padding-bottom",
            "mdn_url": "https://developer.mozilla.org/en-US/docs/Web/CSS/padding-bottom",
            "summary": "The padding-bottom CSS property sets the height of the padding area on the bottom of an element.",
            "support": {
                "chrome": {
                    "version_added": "1"
                },
                "chrome_android": "mirror",
                "edge": {
                    "version_added": "12"
                },
                "firefox": {
                    "version_added": "1"
                },
                "firefox_android": "mirror",
                "ie": {
                    "version_added": "4"
                },
                "oculus": "mirror",
                "opera": {
                    "version_added": "3.5"
                },
                "opera_android": "mirror",
                "safari": {
                    "version_added": "1"
                },
                "safari_ios": "mirror",
                "samsunginternet_android": "mirror",
                "webview_android": {
                    "version_added": "37"
                },
                "edge_blink": {
                    "version_added": "79"
                }
            },
            "title": "padding-bottom"
        },
        {
            "engines": [
                "blink",
                "gecko",
                "webkit"
            ],
            "filename": "css/properties/padding-left.json",
            "name": "padding-left",
            "slug": "CSS/padding-left",
            "mdn_url": "https://developer.mozilla.org/en-US/docs/Web/CSS/padding-left",
            "summary": "The padding-left CSS property sets the width of the padding area to the left of an element.",
            "support": {
                "chrome": {
                    "version_added": "1"
                },
                "chrome_android": "mirror",
                "edge": {
                    "version_added": "12"
                },
                "firefox": {
                    "version_added": "1"
                },
                "firefox_android": "mirror",
                "ie": {
                    "version_added": "4"
                },
                "oculus": "mirror",
                "opera": {
                    "version_added": "3.5"
                },
                "opera_android": "mirror",
                "safari": {
                    "version_added": "1"
                },
                "safari_ios": "mirror",
                "samsunginternet_android": "mirror",
                "webview_android": {
                    "version_added": "37"
                },
                "edge_blink": {
                    "version_added": "79"
                }
            },
            "title": "padding-left"
        },
        {
            "engines": [
                "blink",
                "gecko",
                "webkit"
            ],
            "filename": "css/properties/padding-right.json",
            "name": "padding-right",
            "slug": "CSS/padding-right",
            "mdn_url": "https://developer.mozilla.org/en-US/docs/Web/CSS/padding-right",
            "summary": "The padding-right CSS property sets the width of the padding area on the right of an element.",
            "support": {
                "chrome": {
                    "version_added": "1"
                },
                "chrome_android": "mirror",
                "edge": {
                    "version_added": "12"
                },
                "firefox": {
                    "version_added": "1"
                },
                "firefox_android": "mirror",
                "ie": {
                    "version_added": "4"
                },
                "oculus": "mirror",
                "opera": {
                    "version_added": "3.5"
                },
                "opera_android": "mirror",
                "safari": {
                    "version_added": "1"
                },
                "safari_ios": "mirror",
                "samsunginternet_android": "mirror",
                "webview_android": {
                    "version_added": "37"
                },
                "edge_blink": {
                    "version_added": "79"
                }
            },
            "title": "padding-right"
        },
        {
            "engines": [
                "blink",
                "gecko",
                "webkit"
            ],
            "filename": "css/properties/padding-top.json",
            "name": "padding-top",
            "slug": "CSS/padding-top",
            "mdn_url": "https://developer.mozilla.org/en-US/docs/Web/CSS/padding-top",
            "summary": "The padding-top CSS property sets the height of the padding area on the top of an element.",
            "support": {
                "chrome": {
                    "version_added": "1"
                },
                "chrome_android": "mirror",
                "edge": {
                    "version_added": "12"
                },
                "firefox": {
                    "version_added": "1"
                },
                "firefox_android": "mirror",
                "ie": {
                    "version_added": "4"
                },
                "oculus": "mirror",
                "opera": {
                    "version_added": "3.5"
                },
                "opera_android": "mirror",
                "safari": {
                    "version_added": "1"
                },
                "safari_ios": "mirror",
                "samsunginternet_android": "mirror",
                "webview_android": {
                    "version_added": "37"
                },
                "edge_blink": {
                    "version_added": "79"
                }
            },
            "title": "padding-top"
        }
    ],
    "padding-shorthand": [
        {
            "engines": [
                "blink",
                "gecko",
                "webkit"
            ],
            "filename": "css/properties/padding.json",
            "name": "padding",
            "slug": "CSS/padding",
            "mdn_url": "https://developer.mozilla.org/en-US/docs/Web/CSS/padding",
            "summary": "The padding CSS shorthand property sets the padding area on all four sides of an element at once.",
            "support": {
                "chrome": {
                    "version_added": "1"
                },
                "chrome_android": "mirror",
                "edge": {
                    "version_added": "12"
                },
                "firefox": {
                    "version_added": "1"
                },
                "firefox_android": "mirror",
                "ie": {
                    "version_added": "4"
                },
                "oculus": "mirror",
                "opera": {
                    "version_added": "3.5"
                },
                "opera_android": "mirror",
                "safari": {
                    "version_added": "1"
                },
                "safari_ios": "mirror",
                "samsunginternet_android": "mirror",
                "webview_android": {
                    "version_added": "37"
                },
                "edge_blink": {
                    "version_added": "79"
                }
            },
            "title": "padding"
        }
    ]
}
