{
    "text-decoration-skip-ink-property": [
        {
            "engines": [
                "blink",
                "gecko",
                "webkit"
            ],
            "filename": "css/properties/text-decoration-skip-ink.json",
            "name": "text-decoration-skip-ink",
            "slug": "CSS/text-decoration-skip-ink",
            "mdn_url": "https://developer.mozilla.org/en-US/docs/Web/CSS/text-decoration-skip-ink",
            "summary": "The text-decoration-skip-ink CSS property specifies how overlines and underlines are drawn when they pass over glyph ascenders and descenders.",
            "support": {
                "chrome": {
                    "version_added": "64"
                },
                "chrome_android": "mirror",
                "edge": "mirror",
                "firefox": {
                    "version_added": "70"
                },
                "firefox_android": "mirror",
                "ie": {
                    "version_added": false
                },
                "oculus": "mirror",
                "opera": {
                    "version_added": "50"
                },
                "opera_android": {
                    "version_added": "46"
                },
                "safari": {
                    "version_added": "15.4"
                },
                "safari_ios": "mirror",
                "samsunginternet_android": "mirror",
                "webview_android": "mirror",
                "edge_blink": {
                    "version_added": "79"
                }
            },
            "title": "text-decoration-skip-ink"
        }
    ],
    "text-decoration-skipping": [
        {
            "engines": [
                "webkit"
            ],
            "filename": "css/properties/text-decoration-skip.json",
            "name": "text-decoration-skip",
            "slug": "CSS/text-decoration-skip",
            "mdn_url": "https://developer.mozilla.org/en-US/docs/Web/CSS/text-decoration-skip",
            "summary": "The text-decoration-skip CSS property sets what parts of an element's content any text decoration affecting the element must skip over. It controls all text decoration lines drawn by the element and also any text decoration lines drawn by its ancestors.",
            "support": {
                "chrome": {
                    "version_added": "57",
                    "version_removed": "64",
                    "notes": "Only supports the deprecated <code>ink</code> value."
                },
                "chrome_android": "mirror",
                "edge": "mirror",
                "firefox": {
                    "version_added": false
                },
                "firefox_android": "mirror",
                "ie": {
                    "version_added": false
                },
                "oculus": "mirror",
                "opera": {
                    "version_added": "44",
                    "version_removed": "50",
                    "notes": "Only supports the deprecated <code>ink</code> value."
                },
                "opera_android": {
                    "version_added": "43",
                    "version_removed": "46",
                    "notes": "Only supports the deprecated <code>ink</code> value."
                },
                "safari": [
                    {
                        "version_added": "12.1",
                        "notes": "Supports only <code>none</code>, <code>auto</code>, and <code>objects</code> values."
                    },
                    {
                        "version_added": "7",
                        "prefix": "-webkit-",
                        "notes": "Supports only <code>none</code>, <code>auto</code>, and <code>objects</code> values."
                    }
                ],
                "safari_ios": "mirror",
                "samsunginternet_android": "mirror",
                "webview_android": "mirror",
                "edge_blink": {
                    "version_added": false,
                    "version_removed": "64",
                    "notes": "Only supports the deprecated <code>ink</code> value."
                }
            },
            "title": "text-decoration-skip"
        }
    ],
    "text-decoration-width-property": [
        {
            "engines": [
                "blink",
                "gecko",
                "webkit"
            ],
            "filename": "css/properties/text-decoration-thickness.json",
            "name": "text-decoration-thickness",
            "slug": "CSS/text-decoration-thickness",
            "mdn_url": "https://developer.mozilla.org/en-US/docs/Web/CSS/text-decoration-thickness",
            "summary": "The text-decoration-thickness CSS property sets the stroke thickness of the decoration line that is used on text in an element, such as a line-through, underline, or overline.",
            "support": {
                "chrome": [
                    {
                        "version_added": "89"
                    },
                    {
                        "version_added": "87",
                        "version_removed": "89",
                        "partial_implementation": true,
                        "notes": "The <code>text-decoration-thickness</code> property does not work unless either <code>text-underline-offset</code> is set to something other than <code>auto</code> or <code>text-decoration-color</code> is set to something other than <code>currentColor</code>. See <a href='https://crbug.com/1154537'>Chromium bug 1154537</a>."
                    }
                ],
                "chrome_android": "mirror",
                "edge": "mirror",
                "firefox": {
                    "version_added": "70"
                },
                "firefox_android": "mirror",
                "ie": {
                    "version_added": false
                },
                "oculus": "mirror",
                "opera": "mirror",
                "opera_android": "mirror",
                "safari": {
                    "version_added": "12.1"
                },
                "safari_ios": "mirror",
                "samsunginternet_android": "mirror",
                "webview_android": "mirror",
                "edge_blink": [
                    {
                        "version_added": "89"
                    },
                    {
                        "version_added": false,
                        "version_removed": "89",
                        "partial_implementation": true,
                        "notes": "The <code>text-decoration-thickness</code> property does not work unless either <code>text-underline-offset</code> is set to something other than <code>auto</code> or <code>text-decoration-color</code> is set to something other than <code>currentColor</code>. See <a href='https://crbug.com/1154537'>Chromium bug 1154537</a>."
                    }
                ]
            },
            "title": "text-decoration-thickness"
        }
    ],
    "underline-offset": [
        {
            "engines": [
                "blink",
                "gecko",
                "webkit"
            ],
            "filename": "css/properties/text-underline-offset.json",
            "name": "text-underline-offset",
            "slug": "CSS/text-underline-offset",
            "mdn_url": "https://developer.mozilla.org/en-US/docs/Web/CSS/text-underline-offset",
            "summary": "The text-underline-offset CSS property sets the offset distance of an underline text decoration line (applied using text-decoration) from its original position.",
            "support": {
                "chrome": {
                    "version_added": "87"
                },
                "chrome_android": "mirror",
                "edge": "mirror",
                "firefox": {
                    "version_added": "70"
                },
                "firefox_android": "mirror",
                "ie": {
                    "version_added": false
                },
                "oculus": "mirror",
                "opera": "mirror",
                "opera_android": "mirror",
                "safari": {
                    "version_added": "12.1"
                },
                "safari_ios": "mirror",
                "samsunginternet_android": "mirror",
                "webview_android": "mirror",
                "edge_blink": {
                    "version_added": "87"
                }
            },
            "title": "text-underline-offset"
        }
    ]
}
