{
    "increment-set": [
        {
            "engines": [
                "blink",
                "gecko",
                "webkit"
            ],
            "filename": "css/properties/counter-increment.json",
            "name": "counter-increment",
            "slug": "CSS/counter-increment",
            "mdn_url": "https://developer.mozilla.org/en-US/docs/Web/CSS/counter-increment",
            "summary": "The counter-increment CSS property increases or decreases the value of a CSS counter by a given value.",
            "support": {
                "chrome": {
                    "version_added": "2"
                },
                "chrome_android": "mirror",
                "edge": {
                    "version_added": "12"
                },
                "firefox": {
                    "version_added": "1"
                },
                "firefox_android": {
                    "version_added": "25"
                },
                "ie": {
                    "version_added": "8"
                },
                "oculus": "mirror",
                "opera": {
                    "version_added": "9.2"
                },
                "opera_android": {
                    "version_added": "10.1"
                },
                "safari": {
                    "version_added": "3"
                },
                "safari_ios": {
                    "version_added": "1"
                },
                "samsunginternet_android": "mirror",
                "webview_android": "mirror",
                "edge_blink": {
                    "version_added": "79"
                }
            },
            "title": "counter-increment"
        }
    ],
    "counter-reset": [
        {
            "engines": [
                "blink",
                "gecko",
                "webkit"
            ],
            "filename": "css/properties/counter-reset.json",
            "name": "counter-reset",
            "slug": "CSS/counter-reset",
            "mdn_url": "https://developer.mozilla.org/en-US/docs/Web/CSS/counter-reset",
            "summary": "The counter-reset CSS property resets a CSS counter to a given value. This property will create a new counter or reversed counter with the given name on the specified element.",
            "support": {
                "chrome": {
                    "version_added": "2"
                },
                "chrome_android": "mirror",
                "edge": {
                    "version_added": "12"
                },
                "firefox": {
                    "version_added": "1"
                },
                "firefox_android": {
                    "version_added": "25"
                },
                "ie": {
                    "version_added": "8"
                },
                "oculus": "mirror",
                "opera": {
                    "version_added": "9.2"
                },
                "opera_android": {
                    "version_added": "10.1"
                },
                "safari": {
                    "version_added": "3"
                },
                "safari_ios": {
                    "version_added": "1"
                },
                "samsunginternet_android": "mirror",
                "webview_android": "mirror",
                "edge_blink": {
                    "version_added": "79"
                }
            },
            "title": "counter-reset"
        }
    ],
    "propdef-counter-set": [
        {
            "engines": [
                "blink",
                "gecko"
            ],
            "filename": "css/properties/counter-set.json",
            "name": "counter-set",
            "slug": "CSS/counter-set",
            "mdn_url": "https://developer.mozilla.org/en-US/docs/Web/CSS/counter-set",
            "summary": "The counter-set CSS property sets a CSS counter to a given value. It manipulates the value of existing counters, and will only create new counters if there isn't already a counter of the given name on the element.",
            "support": {
                "chrome": {
                    "version_added": "85"
                },
                "chrome_android": "mirror",
                "edge": "mirror",
                "firefox": {
                    "version_added": "68"
                },
                "firefox_android": "mirror",
                "ie": {
                    "version_added": false
                },
                "oculus": "mirror",
                "opera": "mirror",
                "opera_android": "mirror",
                "safari": {
                    "version_added": false
                },
                "safari_ios": "mirror",
                "samsunginternet_android": "mirror",
                "webview_android": "mirror",
                "edge_blink": {
                    "version_added": "85"
                }
            },
            "title": "counter-set"
        }
    ],
    "image-markers": [
        {
            "engines": [
                "blink",
                "gecko",
                "webkit"
            ],
            "filename": "css/properties/list-style-image.json",
            "name": "list-style-image",
            "slug": "CSS/list-style-image",
            "mdn_url": "https://developer.mozilla.org/en-US/docs/Web/CSS/list-style-image",
            "summary": "The list-style-image CSS property sets an image to be used as the list item marker.",
            "support": {
                "chrome": {
                    "version_added": "1"
                },
                "chrome_android": "mirror",
                "edge": {
                    "version_added": "12"
                },
                "firefox": {
                    "version_added": "1",
                    "notes": "Before Firefox 86, this property did not accept an <code>&lt;image&gt;</code> type, and required the URL of an image."
                },
                "firefox_android": "mirror",
                "ie": {
                    "version_added": "4"
                },
                "oculus": "mirror",
                "opera": {
                    "version_added": "7"
                },
                "opera_android": {
                    "version_added": "10.1"
                },
                "safari": {
                    "version_added": "1"
                },
                "safari_ios": "mirror",
                "samsunginternet_android": "mirror",
                "webview_android": "mirror",
                "edge_blink": {
                    "version_added": "79"
                }
            },
            "title": "list-style-image"
        }
    ],
    "list-style-position-property": [
        {
            "engines": [
                "blink",
                "gecko",
                "webkit"
            ],
            "filename": "css/properties/list-style-position.json",
            "name": "list-style-position",
            "slug": "CSS/list-style-position",
            "mdn_url": "https://developer.mozilla.org/en-US/docs/Web/CSS/list-style-position",
            "summary": "The list-style-position CSS property sets the position of the ::marker relative to a list item.",
            "support": {
                "chrome": {
                    "version_added": "1"
                },
                "chrome_android": "mirror",
                "edge": {
                    "version_added": "12"
                },
                "firefox": {
                    "version_added": "1"
                },
                "firefox_android": "mirror",
                "ie": {
                    "version_added": "4"
                },
                "oculus": "mirror",
                "opera": {
                    "version_added": "3.5"
                },
                "opera_android": "mirror",
                "safari": {
                    "version_added": "1"
                },
                "safari_ios": "mirror",
                "samsunginternet_android": "mirror",
                "webview_android": {
                    "version_added": "37"
                },
                "edge_blink": {
                    "version_added": "79"
                }
            },
            "title": "list-style-position"
        }
    ],
    "text-markers": [
        {
            "engines": [
                "blink",
                "gecko",
                "webkit"
            ],
            "filename": "css/properties/list-style-type.json",
            "name": "list-style-type",
            "slug": "CSS/list-style-type",
            "mdn_url": "https://developer.mozilla.org/en-US/docs/Web/CSS/list-style-type",
            "summary": "The list-style-type CSS property sets the marker (such as a disc, character, or custom counter style) of a list item element.",
            "support": {
                "chrome": {
                    "version_added": "1"
                },
                "chrome_android": "mirror",
                "edge": {
                    "version_added": "12"
                },
                "firefox": {
                    "version_added": "1"
                },
                "firefox_android": "mirror",
                "ie": {
                    "version_added": "4"
                },
                "oculus": "mirror",
                "opera": {
                    "version_added": "3.5"
                },
                "opera_android": {
                    "version_added": "10.1"
                },
                "safari": {
                    "version_added": "1"
                },
                "safari_ios": "mirror",
                "samsunginternet_android": "mirror",
                "webview_android": {
                    "version_added": "37"
                },
                "edge_blink": {
                    "version_added": "79"
                }
            },
            "title": "list-style-type"
        }
    ],
    "list-style-property": [
        {
            "engines": [
                "blink",
                "gecko",
                "webkit"
            ],
            "filename": "css/properties/list-style.json",
            "name": "list-style",
            "slug": "CSS/list-style",
            "mdn_url": "https://developer.mozilla.org/en-US/docs/Web/CSS/list-style",
            "summary": "The list-style CSS shorthand property allows you to set all the list style properties at once.",
            "support": {
                "chrome": {
                    "version_added": "1"
                },
                "chrome_android": "mirror",
                "edge": {
                    "version_added": "12"
                },
                "firefox": {
                    "version_added": "1"
                },
                "firefox_android": "mirror",
                "ie": {
                    "version_added": "4"
                },
                "oculus": "mirror",
                "opera": {
                    "version_added": "7"
                },
                "opera_android": {
                    "version_added": "10.1"
                },
                "safari": {
                    "version_added": "1"
                },
                "safari_ios": "mirror",
                "samsunginternet_android": "mirror",
                "webview_android": "mirror",
                "edge_blink": {
                    "version_added": "79"
                }
            },
            "title": "list-style"
        }
    ],
    "counter-functions": [
        {
            "engines": [
                "blink",
                "gecko",
                "webkit"
            ],
            "filename": "css/types/counter.json",
            "name": "counter",
            "slug": "CSS/counter",
            "mdn_url": "https://developer.mozilla.org/en-US/docs/Web/CSS/counter",
            "summary": "The counter() CSS function returns a string representing the current value of the named counter, if there is one. It is generally used in the content property of pseudo-elements, but can theoretically be used anywhere a <string> value is supported.",
            "support": {
                "chrome": {
                    "version_added": "1"
                },
                "chrome_android": "mirror",
                "edge": {
                    "version_added": "12"
                },
                "firefox": {
                    "version_added": "1"
                },
                "firefox_android": "mirror",
                "ie": {
                    "version_added": "8"
                },
                "oculus": "mirror",
                "opera": {
                    "version_added": "9.2"
                },
                "opera_android": {
                    "version_added": "10.1"
                },
                "safari": {
                    "version_added": "3"
                },
                "safari_ios": {
                    "version_added": "1"
                },
                "samsunginternet_android": "mirror",
                "webview_android": "mirror",
                "edge_blink": {
                    "version_added": "79"
                }
            },
            "title": "counter()"
        },
        {
            "engines": [
                "blink",
                "gecko",
                "webkit"
            ],
            "filename": "css/types/counters.json",
            "name": "counters",
            "slug": "CSS/counters",
            "mdn_url": "https://developer.mozilla.org/en-US/docs/Web/CSS/counters",
            "summary": "The counters() CSS function enables nested counters, returning a concatenated string representing the current values of the named counters, if there are any. The counters() function has two forms: counters(name, string) or counters(name, string, style). It is generally used with pseudo-elements, but can be used, theoretically, anywhere a <string> value is supported. The generated text is the value of all counters with the given name, from outermost to innermost, separated by the specified string. The counters are rendered in the style indicated, defaulting to decimal if no style is specified.",
            "support": {
                "chrome": {
                    "version_added": "1"
                },
                "chrome_android": "mirror",
                "edge": {
                    "version_added": "12"
                },
                "firefox": {
                    "version_added": "1.5"
                },
                "firefox_android": "mirror",
                "ie": {
                    "version_added": "8"
                },
                "oculus": "mirror",
                "opera": {
                    "version_added": "10"
                },
                "opera_android": {
                    "version_added": "10.1"
                },
                "safari": {
                    "version_added": "3"
                },
                "safari_ios": {
                    "version_added": "1"
                },
                "samsunginternet_android": "mirror",
                "webview_android": "mirror",
                "edge_blink": {
                    "version_added": "79"
                }
            },
            "title": "counters()"
        }
    ]
}
