{
    "exclusion-api": [
        {
            "engines": [
                "blink",
                "gecko"
            ],
            "filename": "css/properties/overflow-anchor.json",
            "name": "overflow-anchor",
            "slug": "CSS/overflow-anchor",
            "mdn_url": "https://developer.mozilla.org/en-US/docs/Web/CSS/overflow-anchor",
            "summary": "The overflow-anchor CSS property provides a way to opt out of the browser's scroll anchoring behavior, which adjusts scroll position to minimize content shifts.",
            "support": {
                "chrome": {
                    "version_added": "56"
                },
                "chrome_android": "mirror",
                "edge": "mirror",
                "firefox": {
                    "version_added": "66"
                },
                "firefox_android": "mirror",
                "ie": {
                    "version_added": false
                },
                "oculus": "mirror",
                "opera": "mirror",
                "opera_android": "mirror",
                "safari": {
                    "version_added": false
                },
                "safari_ios": "mirror",
                "samsunginternet_android": "mirror",
                "webview_android": "mirror",
                "edge_blink": {
                    "version_added": "79"
                }
            },
            "title": "overflow-anchor"
        }
    ]
}
