{
    "attr-notation": [
        {
            "engines": [
                "blink",
                "gecko",
                "webkit"
            ],
            "filename": "css/types/attr.json",
            "name": "attr",
            "slug": "CSS/attr",
            "mdn_url": "https://developer.mozilla.org/en-US/docs/Web/CSS/attr",
            "summary": "The attr() CSS function is used to retrieve the value of an attribute of the selected element and use it in the stylesheet. It can also be used on pseudo-elements, in which case the value of the attribute on the pseudo-element's originating element is returned.",
            "support": {
                "chrome": {
                    "version_added": "2"
                },
                "chrome_android": "mirror",
                "edge": {
                    "version_added": "12"
                },
                "firefox": {
                    "version_added": "1"
                },
                "firefox_android": "mirror",
                "ie": {
                    "version_added": "8"
                },
                "oculus": "mirror",
                "opera": {
                    "version_added": "9"
                },
                "opera_android": {
                    "version_added": "10.1"
                },
                "safari": {
                    "version_added": "3.1"
                },
                "safari_ios": "mirror",
                "samsunginternet_android": "mirror",
                "webview_android": {
                    "version_added": "37"
                },
                "edge_blink": {
                    "version_added": "79"
                }
            },
            "caniuse": {
                "feature": "css3-attr",
                "title": "CSS3 attr() function for all properties"
            },
            "title": "attr()"
        }
    ]
}
