{
    "color-scheme-prop": [
        {
            "engines": [
                "blink",
                "gecko",
                "webkit"
            ],
            "filename": "css/properties/color-scheme.json",
            "name": "color-scheme",
            "slug": "CSS/color-scheme",
            "mdn_url": "https://developer.mozilla.org/en-US/docs/Web/CSS/color-scheme",
            "summary": "The color-scheme CSS property allows an element to indicate which color schemes it can comfortably be rendered in.",
            "support": {
                "chrome": {
                    "version_added": "81"
                },
                "chrome_android": "mirror",
                "edge": "mirror",
                "firefox": {
                    "version_added": "96"
                },
                "firefox_android": "mirror",
                "ie": {
                    "version_added": false
                },
                "oculus": "mirror",
                "opera": "mirror",
                "opera_android": "mirror",
                "safari": {
                    "version_added": "13"
                },
                "safari_ios": "mirror",
                "samsunginternet_android": "mirror",
                "webview_android": "mirror",
                "edge_blink": {
                    "version_added": "81"
                }
            },
            "title": "color-scheme"
        }
    ],
    "forced-color-adjust-prop": [
        {
            "engines": [
                "blink",
                "gecko"
            ],
            "filename": "css/properties/forced-color-adjust.json",
            "name": "forced-color-adjust",
            "slug": "CSS/forced-color-adjust",
            "mdn_url": "https://developer.mozilla.org/en-US/docs/Web/CSS/forced-color-adjust",
            "summary": "The forced-color-adjust CSS property allows authors to opt certain elements out of forced colors mode. This then restores the control of those values to CSS.",
            "support": {
                "chrome": {
                    "version_added": "89"
                },
                "chrome_android": "mirror",
                "edge": {
                    "version_added": false
                },
                "firefox": {
                    "version_added": "113"
                },
                "firefox_android": "mirror",
                "ie": {
                    "version_added": "10",
                    "alternative_name": "-ms-high-contrast-adjust"
                },
                "oculus": "mirror",
                "opera": "mirror",
                "opera_android": "mirror",
                "safari": {
                    "version_added": false
                },
                "safari_ios": "mirror",
                "samsunginternet_android": "mirror",
                "webview_android": "mirror",
                "edge_blink": {
                    "version_added": "89"
                }
            },
            "title": "forced-color-adjust"
        }
    ],
    "propdef-print-color-adjust": [
        {
            "engines": [
                "gecko",
                "webkit"
            ],
            "prefixed": [
                "blink"
            ],
            "filename": "css/properties/print-color-adjust.json",
            "name": "print-color-adjust",
            "slug": "CSS/print-color-adjust",
            "mdn_url": "https://developer.mozilla.org/en-US/docs/Web/CSS/print-color-adjust",
            "summary": "The print-color-adjust CSS property sets what, if anything, the user agent may do to optimize the appearance of the element on the output device. By default, the browser is allowed to make any adjustments to the element's appearance it determines to be necessary and prudent given the type and capabilities of the output device.",
            "support": {
                "chrome": {
                    "version_added": "17",
                    "prefix": "-webkit-",
                    "notes": [
                        "Chrome does not print backgrounds of the <a href='https://developer.mozilla.org/docs/Web/HTML/Element/body'><code>&lt;body&gt;</code></a> element. If this property is set to <code>exact</code> for the <code>&lt;body&gt;</code> element, it will apply only to its descendants.",
                        "Before version 26, if background images are clipped (for example, when using <code>background-image</code> sprites) and <code>-webkit-print-color-adjust</code> is set to <code>exact</code>, then backgrounds will appear distorted when printed. Solid backgrounds and background images that are not clipped (i.e., backgrounds that have narrower and shorter than the element to which they are applied) are printed correctly. See <a href='https://crbug.com/131054'>Chromium bug 131054</a>."
                    ]
                },
                "chrome_android": "mirror",
                "edge": {
                    "version_added": false
                },
                "firefox": [
                    {
                        "version_added": "97"
                    },
                    {
                        "version_added": "48",
                        "alternative_name": "color-adjust"
                    }
                ],
                "firefox_android": "mirror",
                "ie": {
                    "version_added": false
                },
                "oculus": "mirror",
                "opera": {
                    "version_added": "15",
                    "prefix": "-webkit-",
                    "notes": "Opera does not print backgrounds of the <a href='https://developer.mozilla.org/docs/Web/HTML/Element/body'><code>&lt;body&gt;</code></a> element. If this property is set to <code>exact</code> for the <code>&lt;body&gt;</code> element, it will apply only to its descendants."
                },
                "opera_android": {
                    "version_added": "15",
                    "prefix": "-webkit-",
                    "notes": "Opera does not print backgrounds of the <a href='https://developer.mozilla.org/docs/Web/HTML/Element/body'><code>&lt;body&gt;</code></a> element. If this property is set to <code>exact</code> for the <code>&lt;body&gt;</code> element, it will apply only to its descendants."
                },
                "safari": [
                    {
                        "version_added": "15.4"
                    },
                    {
                        "version_added": "6",
                        "prefix": "-webkit-",
                        "notes": "Safari does not print backgrounds of the <a href='https://developer.mozilla.org/docs/Web/HTML/Element/body'><code>&lt;body&gt;</code></a> element. If this property is set to <code>exact</code> for the <code>&lt;body&gt;</code> element, it will apply only to its descendants."
                    }
                ],
                "safari_ios": "mirror",
                "samsunginternet_android": {
                    "version_added": "1.0",
                    "prefix": "-webkit-",
                    "notes": [
                        "Samsung Internet does not print backgrounds of the <a href='https://developer.mozilla.org/docs/Web/HTML/Element/body'><code>&lt;body&gt;</code></a> element. If this property is set to <code>exact</code> for the <code>&lt;body&gt;</code> element, it will apply only to its descendants.",
                        "In version 1, if background images are clipped (for example, when using <code>background-image</code> sprites) and <code>-webkit-print-color-adjust</code> is set to <code>exact</code>, then backgrounds will appear distorted when printed. Solid backgrounds and background images that are not clipped (i.e., backgrounds that have narrower and shorter than the element to which they are applied) are printed correctly. See <a href='https://crbug.com/131054'>Chromium bug 131054</a>."
                    ]
                },
                "webview_android": {
                    "version_added": "4.4",
                    "prefix": "-webkit-",
                    "notes": "WebView does not print backgrounds of the <a href='https://developer.mozilla.org/docs/Web/HTML/Element/body'><code>&lt;body&gt;</code></a> element. If this property is set to <code>exact</code> for the <code>&lt;body&gt;</code> element, it will apply only to its descendants."
                },
                "edge_blink": {
                    "version_added": "79",
                    "prefix": "-webkit-",
                    "notes": [
                        "Chrome does not print backgrounds of the <a href='https://developer.mozilla.org/docs/Web/HTML/Element/body'><code>&lt;body&gt;</code></a> element. If this property is set to <code>exact</code> for the <code>&lt;body&gt;</code> element, it will apply only to its descendants.",
                        "Before version 26, if background images are clipped (for example, when using <code>background-image</code> sprites) and <code>-webkit-print-color-adjust</code> is set to <code>exact</code>, then backgrounds will appear distorted when printed. Solid backgrounds and background images that are not clipped (i.e., backgrounds that have narrower and shorter than the element to which they are applied) are printed correctly. See <a href='https://crbug.com/131054'>Chromium bug 131054</a>."
                    ]
                }
            },
            "caniuse": {
                "feature": "css-color-adjust",
                "title": "CSS print-color-adjust"
            },
            "title": "print-color-adjust"
        }
    ]
}
