{
    "dom-csstransition-transitionproperty": [
        {
            "engines": [
                "blink",
                "gecko",
                "webkit"
            ],
            "filename": "api/CSSTransition.json",
            "name": "transitionProperty",
            "slug": "API/CSSTransition/transitionProperty",
            "mdn_url": "https://developer.mozilla.org/en-US/docs/Web/API/CSSTransition/transitionProperty",
            "summary": "The transitionProperty property of the CSSTransition interface returns the expanded transition property name of the transition. This is the longhand CSS property for which the transition was generated.",
            "support": {
                "chrome": {
                    "version_added": "84"
                },
                "chrome_android": "mirror",
                "edge": "mirror",
                "firefox": {
                    "version_added": "75"
                },
                "firefox_android": "mirror",
                "ie": {
                    "version_added": false
                },
                "oculus": "mirror",
                "opera": "mirror",
                "opera_android": "mirror",
                "safari": {
                    "version_added": "13.1"
                },
                "safari_ios": "mirror",
                "samsunginternet_android": "mirror",
                "webview_android": "mirror",
                "edge_blink": {
                    "version_added": "84"
                }
            },
            "title": "CSSTransition: transitionProperty property"
        }
    ],
    "the-CSSTransition-interface": [
        {
            "engines": [
                "blink",
                "gecko",
                "webkit"
            ],
            "filename": "api/CSSTransition.json",
            "name": "CSSTransition",
            "slug": "API/CSSTransition",
            "mdn_url": "https://developer.mozilla.org/en-US/docs/Web/API/CSSTransition",
            "summary": "The CSSTransition interface of the Web Animations API represents an Animation object used for a CSS Transition.",
            "support": {
                "chrome": {
                    "version_added": "84"
                },
                "chrome_android": "mirror",
                "edge": "mirror",
                "firefox": {
                    "version_added": "75"
                },
                "firefox_android": "mirror",
                "ie": {
                    "version_added": false
                },
                "oculus": "mirror",
                "opera": "mirror",
                "opera_android": "mirror",
                "safari": {
                    "version_added": "13.1"
                },
                "safari_ios": "mirror",
                "samsunginternet_android": "mirror",
                "webview_android": "mirror",
                "edge_blink": {
                    "version_added": "84"
                }
            },
            "title": "CSSTransition"
        }
    ]
}
