{
    "safe-area-insets": [
        {
            "engines": [
                "blink",
                "gecko",
                "webkit"
            ],
            "filename": "css/properties/custom-property.json",
            "name": "safe-area-inset-bottom",
            "slug": "CSS/env()",
            "mdn_url": "https://developer.mozilla.org/en-US/docs/Web/CSS/env()",
            "summary": "The env() CSS function can be used to insert the value of a user-agent defined environment variable into your CSS, in a similar fashion to the var() function and custom properties. The difference is that, as well as being user-agent defined rather than author-defined, environment variables are globally scoped to a document, whereas custom properties are scoped to the element(s) on which they are declared.",
            "support": {
                "chrome": {
                    "version_added": "69"
                },
                "chrome_android": "mirror",
                "edge": "mirror",
                "firefox": {
                    "version_added": "65"
                },
                "firefox_android": "mirror",
                "ie": {
                    "version_added": false
                },
                "oculus": "mirror",
                "opera": "mirror",
                "opera_android": "mirror",
                "safari": {
                    "version_added": "11"
                },
                "safari_ios": "mirror",
                "samsunginternet_android": "mirror",
                "webview_android": "mirror",
                "edge_blink": {
                    "version_added": "79"
                }
            },
            "title": "env()"
        },
        {
            "engines": [
                "blink",
                "gecko",
                "webkit"
            ],
            "filename": "css/properties/custom-property.json",
            "name": "safe-area-inset-left",
            "slug": "CSS/env()",
            "mdn_url": "https://developer.mozilla.org/en-US/docs/Web/CSS/env()",
            "summary": "The env() CSS function can be used to insert the value of a user-agent defined environment variable into your CSS, in a similar fashion to the var() function and custom properties. The difference is that, as well as being user-agent defined rather than author-defined, environment variables are globally scoped to a document, whereas custom properties are scoped to the element(s) on which they are declared.",
            "support": {
                "chrome": {
                    "version_added": "69"
                },
                "chrome_android": "mirror",
                "edge": "mirror",
                "firefox": {
                    "version_added": "65"
                },
                "firefox_android": "mirror",
                "ie": {
                    "version_added": false
                },
                "oculus": "mirror",
                "opera": "mirror",
                "opera_android": "mirror",
                "safari": {
                    "version_added": "11"
                },
                "safari_ios": "mirror",
                "samsunginternet_android": "mirror",
                "webview_android": "mirror",
                "edge_blink": {
                    "version_added": "79"
                }
            },
            "title": "env()"
        },
        {
            "engines": [
                "blink",
                "gecko",
                "webkit"
            ],
            "filename": "css/properties/custom-property.json",
            "name": "safe-area-inset-right",
            "slug": "CSS/env()",
            "mdn_url": "https://developer.mozilla.org/en-US/docs/Web/CSS/env()",
            "summary": "The env() CSS function can be used to insert the value of a user-agent defined environment variable into your CSS, in a similar fashion to the var() function and custom properties. The difference is that, as well as being user-agent defined rather than author-defined, environment variables are globally scoped to a document, whereas custom properties are scoped to the element(s) on which they are declared.",
            "support": {
                "chrome": {
                    "version_added": "69"
                },
                "chrome_android": "mirror",
                "edge": "mirror",
                "firefox": {
                    "version_added": "65"
                },
                "firefox_android": "mirror",
                "ie": {
                    "version_added": false
                },
                "oculus": "mirror",
                "opera": "mirror",
                "opera_android": "mirror",
                "safari": {
                    "version_added": "11"
                },
                "safari_ios": "mirror",
                "samsunginternet_android": "mirror",
                "webview_android": "mirror",
                "edge_blink": {
                    "version_added": "79"
                }
            },
            "title": "env()"
        },
        {
            "engines": [
                "blink",
                "gecko",
                "webkit"
            ],
            "filename": "css/properties/custom-property.json",
            "name": "safe-area-inset-top",
            "slug": "CSS/env()",
            "mdn_url": "https://developer.mozilla.org/en-US/docs/Web/CSS/env()",
            "summary": "The env() CSS function can be used to insert the value of a user-agent defined environment variable into your CSS, in a similar fashion to the var() function and custom properties. The difference is that, as well as being user-agent defined rather than author-defined, environment variables are globally scoped to a document, whereas custom properties are scoped to the element(s) on which they are declared.",
            "support": {
                "chrome": {
                    "version_added": "69"
                },
                "chrome_android": "mirror",
                "edge": "mirror",
                "firefox": {
                    "version_added": "65"
                },
                "firefox_android": "mirror",
                "ie": {
                    "version_added": false
                },
                "oculus": "mirror",
                "opera": "mirror",
                "opera_android": "mirror",
                "safari": {
                    "version_added": "11"
                },
                "safari_ios": "mirror",
                "samsunginternet_android": "mirror",
                "webview_android": "mirror",
                "edge_blink": {
                    "version_added": "79"
                }
            },
            "title": "env()"
        }
    ],
    "env-function": [
        {
            "engines": [
                "blink",
                "gecko",
                "webkit"
            ],
            "filename": "css/properties/custom-property.json",
            "name": "env",
            "slug": "CSS/env()",
            "mdn_url": "https://developer.mozilla.org/en-US/docs/Web/CSS/env()",
            "summary": "The env() CSS function can be used to insert the value of a user-agent defined environment variable into your CSS, in a similar fashion to the var() function and custom properties. The difference is that, as well as being user-agent defined rather than author-defined, environment variables are globally scoped to a document, whereas custom properties are scoped to the element(s) on which they are declared.",
            "support": {
                "chrome": {
                    "version_added": "69"
                },
                "chrome_android": "mirror",
                "edge": "mirror",
                "firefox": {
                    "version_added": "65"
                },
                "firefox_android": "mirror",
                "ie": {
                    "version_added": false
                },
                "oculus": "mirror",
                "opera": "mirror",
                "opera_android": "mirror",
                "safari": [
                    {
                        "version_added": "11.1"
                    },
                    {
                        "version_added": "11",
                        "version_removed": "11.1",
                        "alternative_name": "constant"
                    }
                ],
                "safari_ios": "mirror",
                "samsunginternet_android": "mirror",
                "webview_android": "mirror",
                "edge_blink": {
                    "version_added": "79"
                }
            },
            "caniuse": {
                "feature": "css-env-function",
                "title": "CSS Environment Variables env()"
            },
            "title": "env()"
        }
    ]
}
