{
    "ruby-align-property": [
        {
            "engines": [
                "gecko"
            ],
            "filename": "css/properties/ruby-align.json",
            "name": "ruby-align",
            "slug": "CSS/ruby-align",
            "mdn_url": "https://developer.mozilla.org/en-US/docs/Web/CSS/ruby-align",
            "summary": "The ruby-align CSS property defines the distribution of the different ruby elements over the base.",
            "support": {
                "chrome": {
                    "version_added": false
                },
                "chrome_android": "mirror",
                "edge": "mirror",
                "firefox": {
                    "version_added": "38"
                },
                "firefox_android": "mirror",
                "ie": {
                    "version_added": false,
                    "notes": "Internet Explorer 9 and later supports an earlier draft of CSS Ruby with non-standard values for this property: <code>auto</code>, <code>left</code>, <code>center</code>, <code>right</code>, <code>distribute-letter</code>, <code>distribute-space</code>, and <code>line-edge</code>."
                },
                "oculus": "mirror",
                "opera": "mirror",
                "opera_android": "mirror",
                "safari": {
                    "version_added": false
                },
                "safari_ios": "mirror",
                "samsunginternet_android": "mirror",
                "webview_android": "mirror",
                "edge_blink": {
                    "version_added": false
                }
            },
            "title": "ruby-align"
        }
    ],
    "rubypos": [
        {
            "engines": [
                "blink",
                "gecko"
            ],
            "prefixed": [
                "webkit"
            ],
            "filename": "css/properties/ruby-position.json",
            "name": "ruby-position",
            "slug": "CSS/ruby-position",
            "mdn_url": "https://developer.mozilla.org/en-US/docs/Web/CSS/ruby-position",
            "summary": "The ruby-position CSS property defines the position of a ruby element relatives to its base element. It can be positioned over the element (over), under it (under), or between the characters on their right side (inter-character).",
            "support": {
                "chrome": [
                    {
                        "version_added": "84"
                    },
                    {
                        "version_added": "1",
                        "prefix": "-webkit-",
                        "notes": "Implemented as a non-standard, prefixed, version of <code>ruby-position</code>, <code>-webkit-ruby-position</code>: it has two properties: <code>before</code> and <code>after</code> (both equivalent, for ltr and rtl scripts to the standard <code>over</code> value used with <code>ruby-align: start</code>)."
                    }
                ],
                "chrome_android": "mirror",
                "edge": {
                    "version_added": false
                },
                "firefox": {
                    "version_added": "38"
                },
                "firefox_android": "mirror",
                "ie": {
                    "version_added": false,
                    "notes": "Internet Explorer 9 and later support an old draft values: <code>inline</code> (equivalent of having <code>display: inline</code> on the ruby), and <code>above</code> (synonym of the modern <code>over</code>)."
                },
                "oculus": "mirror",
                "opera": "mirror",
                "opera_android": "mirror",
                "safari": {
                    "version_added": "7",
                    "prefix": "-webkit-",
                    "notes": "Implemented as a non-standard, prefixed, version of <code>ruby-position</code>, <code>-webkit-ruby-position</code>: it has two properties: <code>before</code> and <code>after</code> (both equivalent, for ltr and rtl scripts to the standard <code>over</code> value used with <code>ruby-align: start</code>)."
                },
                "safari_ios": "mirror",
                "samsunginternet_android": {
                    "version_added": "14.0"
                },
                "webview_android": "mirror",
                "edge_blink": [
                    {
                        "version_added": "84"
                    },
                    {
                        "version_added": "79",
                        "prefix": "-webkit-",
                        "notes": "Implemented as a non-standard, prefixed, version of <code>ruby-position</code>, <code>-webkit-ruby-position</code>: it has two properties: <code>before</code> and <code>after</code> (both equivalent, for ltr and rtl scripts to the standard <code>over</code> value used with <code>ruby-align: start</code>)."
                    }
                ]
            },
            "title": "ruby-position"
        }
    ]
}
