{
    "ref-for-dom-css-paintworklet": [
        {
            "engines": [
                "blink"
            ],
            "filename": "api/CSS.json",
            "name": "paintWorklet_static",
            "slug": "API/CSS/paintWorklet_static",
            "mdn_url": "https://developer.mozilla.org/en-US/docs/Web/API/CSS/paintWorklet_static",
            "summary": "The static, read-only paintWorklet property of the CSS interface provides access to the paint worklet, which programmatically generates an image where a CSS property expects a file.",
            "support": {
                "chrome": {
                    "version_added": "65"
                },
                "chrome_android": "mirror",
                "edge": "mirror",
                "firefox": {
                    "version_added": false
                },
                "firefox_android": "mirror",
                "ie": {
                    "version_added": false
                },
                "oculus": "mirror",
                "opera": "mirror",
                "opera_android": "mirror",
                "safari": {
                    "version_added": false
                },
                "safari_ios": "mirror",
                "samsunginternet_android": "mirror",
                "webview_android": "mirror",
                "edge_blink": {
                    "version_added": "79"
                }
            },
            "title": "CSS: paintWorklet static property"
        }
    ],
    "ref-for-dom-paintworkletglobalscope-devicepixelratio": [
        {
            "engines": [
                "blink"
            ],
            "filename": "api/PaintWorkletGlobalScope.json",
            "name": "devicePixelRatio",
            "slug": "API/PaintWorkletGlobalScope/devicePixelRatio",
            "mdn_url": "https://developer.mozilla.org/en-US/docs/Web/API/PaintWorkletGlobalScope/devicePixelRatio",
            "summary": "The read-only devicePixelRatio read-only property of the PaintWorkletGlobalScope interface returns the current device's ratio of physical pixels to logical pixels.",
            "support": {
                "chrome": {
                    "version_added": "65"
                },
                "chrome_android": "mirror",
                "edge": "mirror",
                "firefox": {
                    "version_added": false
                },
                "firefox_android": "mirror",
                "ie": {
                    "version_added": false
                },
                "oculus": "mirror",
                "opera": "mirror",
                "opera_android": "mirror",
                "safari": {
                    "version_added": false
                },
                "safari_ios": "mirror",
                "samsunginternet_android": "mirror",
                "webview_android": "mirror",
                "edge_blink": {
                    "version_added": "79"
                }
            },
            "title": "PaintWorkletGlobalScope: devicePixelRatio property"
        }
    ],
    "dom-paintworkletglobalscope-registerpaint": [
        {
            "engines": [
                "blink"
            ],
            "filename": "api/PaintWorkletGlobalScope.json",
            "name": "registerPaint",
            "slug": "API/PaintWorkletGlobalScope/registerPaint",
            "mdn_url": "https://developer.mozilla.org/en-US/docs/Web/API/PaintWorkletGlobalScope/registerPaint",
            "summary": "The registerPaint() method of the PaintWorkletGlobalScope interface registers a class to programmatically generate an image where a CSS property expects a file.",
            "support": {
                "chrome": {
                    "version_added": "65"
                },
                "chrome_android": "mirror",
                "edge": "mirror",
                "firefox": {
                    "version_added": false
                },
                "firefox_android": "mirror",
                "ie": {
                    "version_added": false
                },
                "oculus": "mirror",
                "opera": "mirror",
                "opera_android": "mirror",
                "safari": {
                    "version_added": false
                },
                "safari_ios": "mirror",
                "samsunginternet_android": "mirror",
                "webview_android": "mirror",
                "edge_blink": {
                    "version_added": "79"
                }
            },
            "title": "PaintWorkletGlobalScope: registerPaint() method"
        }
    ],
    "paintworkletglobalscope": [
        {
            "engines": [
                "blink"
            ],
            "filename": "api/PaintWorkletGlobalScope.json",
            "name": "PaintWorkletGlobalScope",
            "slug": "API/PaintWorkletGlobalScope",
            "mdn_url": "https://developer.mozilla.org/en-US/docs/Web/API/PaintWorkletGlobalScope",
            "summary": "The PaintWorkletGlobalScope interface of the CSS Painting API represents the global object available inside a paint Worklet.",
            "support": {
                "chrome": {
                    "version_added": "65"
                },
                "chrome_android": "mirror",
                "edge": "mirror",
                "firefox": {
                    "version_added": false
                },
                "firefox_android": "mirror",
                "ie": {
                    "version_added": false
                },
                "oculus": "mirror",
                "opera": "mirror",
                "opera_android": "mirror",
                "safari": {
                    "version_added": false
                },
                "safari_ios": "mirror",
                "samsunginternet_android": "mirror",
                "webview_android": "mirror",
                "edge_blink": {
                    "version_added": "79"
                }
            },
            "title": "PaintWorkletGlobalScope"
        }
    ],
    "paint-notation": [
        {
            "engines": [
                "blink"
            ],
            "filename": "css/types/image.json",
            "name": "paint",
            "slug": "CSS/image/paint",
            "mdn_url": "https://developer.mozilla.org/en-US/docs/Web/CSS/image/paint",
            "summary": "The paint() CSS function defines an <image> value generated with a PaintWorklet.",
            "support": {
                "chrome": {
                    "version_added": "65"
                },
                "chrome_android": "mirror",
                "edge": "mirror",
                "firefox": {
                    "version_added": false
                },
                "firefox_android": "mirror",
                "ie": {
                    "version_added": false
                },
                "oculus": "mirror",
                "opera": "mirror",
                "opera_android": "mirror",
                "safari": {
                    "version_added": false
                },
                "safari_ios": "mirror",
                "samsunginternet_android": {
                    "version_added": "9.2"
                },
                "webview_android": "mirror",
                "edge_blink": {
                    "version_added": "79"
                }
            },
            "title": "paint()"
        }
    ]
}
