{
    "overscroll-behavior-longhands-logical": [
        {
            "engines": [
                "blink",
                "gecko",
                "webkit"
            ],
            "filename": "css/properties/overscroll-behavior-block.json",
            "name": "overscroll-behavior-block",
            "slug": "CSS/overscroll-behavior-block",
            "mdn_url": "https://developer.mozilla.org/en-US/docs/Web/CSS/overscroll-behavior-block",
            "summary": "The overscroll-behavior-block CSS property sets the browser's behavior when the block direction boundary of a scrolling area is reached.",
            "support": {
                "chrome": {
                    "version_added": "77"
                },
                "chrome_android": "mirror",
                "edge": "mirror",
                "firefox": {
                    "version_added": "73"
                },
                "firefox_android": "mirror",
                "ie": {
                    "version_added": false
                },
                "oculus": "mirror",
                "opera": "mirror",
                "opera_android": "mirror",
                "safari": {
                    "version_added": "16"
                },
                "safari_ios": "mirror",
                "samsunginternet_android": "mirror",
                "webview_android": "mirror",
                "edge_blink": {
                    "version_added": "79"
                }
            },
            "title": "overscroll-behavior-block"
        },
        {
            "engines": [
                "blink",
                "gecko",
                "webkit"
            ],
            "filename": "css/properties/overscroll-behavior-inline.json",
            "name": "overscroll-behavior-inline",
            "slug": "CSS/overscroll-behavior-inline",
            "mdn_url": "https://developer.mozilla.org/en-US/docs/Web/CSS/overscroll-behavior-inline",
            "summary": "The overscroll-behavior-inline CSS property sets the browser's behavior when the inline direction boundary of a scrolling area is reached.",
            "support": {
                "chrome": {
                    "version_added": "77"
                },
                "chrome_android": "mirror",
                "edge": "mirror",
                "firefox": {
                    "version_added": "73"
                },
                "firefox_android": "mirror",
                "ie": {
                    "version_added": false
                },
                "oculus": "mirror",
                "opera": "mirror",
                "opera_android": "mirror",
                "safari": {
                    "version_added": "16"
                },
                "safari_ios": "mirror",
                "samsunginternet_android": "mirror",
                "webview_android": "mirror",
                "edge_blink": {
                    "version_added": "79"
                }
            },
            "title": "overscroll-behavior-inline"
        }
    ],
    "overscroll-behavior-longhands-physical": [
        {
            "engines": [
                "blink",
                "gecko",
                "webkit"
            ],
            "filename": "css/properties/overscroll-behavior-x.json",
            "name": "overscroll-behavior-x",
            "slug": "CSS/overscroll-behavior-x",
            "mdn_url": "https://developer.mozilla.org/en-US/docs/Web/CSS/overscroll-behavior-x",
            "summary": "The overscroll-behavior-x CSS property sets the browser's behavior when the horizontal boundary of a scrolling area is reached.",
            "support": {
                "chrome": {
                    "version_added": "63"
                },
                "chrome_android": "mirror",
                "edge": {
                    "version_added": "18"
                },
                "firefox": {
                    "version_added": "59"
                },
                "firefox_android": "mirror",
                "ie": {
                    "version_added": false
                },
                "oculus": "mirror",
                "opera": "mirror",
                "opera_android": "mirror",
                "safari": {
                    "version_added": "16"
                },
                "safari_ios": "mirror",
                "samsunginternet_android": "mirror",
                "webview_android": "mirror",
                "edge_blink": {
                    "version_added": "79"
                }
            },
            "title": "overscroll-behavior-x"
        },
        {
            "engines": [
                "blink",
                "gecko",
                "webkit"
            ],
            "filename": "css/properties/overscroll-behavior-y.json",
            "name": "overscroll-behavior-y",
            "slug": "CSS/overscroll-behavior-y",
            "mdn_url": "https://developer.mozilla.org/en-US/docs/Web/CSS/overscroll-behavior-y",
            "summary": "The overscroll-behavior-y CSS property sets the browser's behavior when the vertical boundary of a scrolling area is reached.",
            "support": {
                "chrome": {
                    "version_added": "63"
                },
                "chrome_android": "mirror",
                "edge": {
                    "version_added": "18"
                },
                "firefox": {
                    "version_added": "59"
                },
                "firefox_android": "mirror",
                "ie": {
                    "version_added": false
                },
                "oculus": "mirror",
                "opera": "mirror",
                "opera_android": "mirror",
                "safari": {
                    "version_added": "16"
                },
                "safari_ios": "mirror",
                "samsunginternet_android": "mirror",
                "webview_android": "mirror",
                "edge_blink": {
                    "version_added": "79"
                }
            },
            "title": "overscroll-behavior-y"
        }
    ],
    "overscroll-behavior-properties": [
        {
            "engines": [
                "blink",
                "gecko",
                "webkit"
            ],
            "filename": "css/properties/overscroll-behavior.json",
            "name": "overscroll-behavior",
            "slug": "CSS/overscroll-behavior",
            "mdn_url": "https://developer.mozilla.org/en-US/docs/Web/CSS/overscroll-behavior",
            "summary": "The overscroll-behavior CSS property sets what a browser does when reaching the boundary of a scrolling area.",
            "support": {
                "chrome": {
                    "version_added": "63"
                },
                "chrome_android": "mirror",
                "edge": {
                    "version_added": "18"
                },
                "firefox": {
                    "version_added": "59"
                },
                "firefox_android": "mirror",
                "ie": {
                    "version_added": false
                },
                "oculus": "mirror",
                "opera": "mirror",
                "opera_android": "mirror",
                "safari": {
                    "version_added": "16"
                },
                "safari_ios": "mirror",
                "samsunginternet_android": "mirror",
                "webview_android": "mirror",
                "edge_blink": {
                    "version_added": "79"
                }
            },
            "title": "overscroll-behavior"
        }
    ]
}
