{
    "dom-css-highlights": [
        {
            "engines": [
                "blink"
            ],
            "filename": "api/CSS.json",
            "name": "highlights_static",
            "slug": "API/CSS/highlights_static",
            "mdn_url": "https://developer.mozilla.org/en-US/docs/Web/API/CSS/highlights_static",
            "summary": "The static, read-only highlights property of the CSS interface provides access to the HighlightRegistry used to style arbitrary text ranges using the CSS Custom Highlight API.",
            "support": {
                "chrome": {
                    "version_added": "105"
                },
                "chrome_android": "mirror",
                "edge": "mirror",
                "firefox": {
                    "version_added": false
                },
                "firefox_android": "mirror",
                "ie": {
                    "version_added": false
                },
                "oculus": "mirror",
                "opera": "mirror",
                "opera_android": "mirror",
                "safari": {
                    "version_added": false
                },
                "safari_ios": "mirror",
                "samsunginternet_android": "mirror",
                "webview_android": "mirror",
                "edge_blink": {
                    "version_added": "105"
                }
            },
            "title": "CSS: highlights static property"
        }
    ],
    "custom-highlight-pseudo": [
        {
            "engines": [
                "blink"
            ],
            "filename": "css/selectors/highlight.json",
            "name": "highlight",
            "slug": "CSS/::highlight",
            "mdn_url": "https://developer.mozilla.org/en-US/docs/Web/CSS/::highlight",
            "summary": "The ::highlight() CSS pseudo-element applies styles to a custom highlight.",
            "support": {
                "chrome": {
                    "version_added": "105"
                },
                "chrome_android": "mirror",
                "edge": "mirror",
                "firefox": {
                    "version_added": false
                },
                "firefox_android": "mirror",
                "ie": {
                    "version_added": false
                },
                "oculus": "mirror",
                "opera": "mirror",
                "opera_android": "mirror",
                "safari": {
                    "version_added": false
                },
                "safari_ios": "mirror",
                "samsunginternet_android": "mirror",
                "webview_android": "mirror",
                "edge_blink": {
                    "version_added": "105"
                }
            },
            "title": "::highlight()"
        }
    ]
}
