{
    "text-decoration-color-property": [
        {
            "engines": [
                "blink",
                "gecko",
                "webkit"
            ],
            "filename": "css/properties/text-decoration-color.json",
            "name": "text-decoration-color",
            "slug": "CSS/text-decoration-color",
            "mdn_url": "https://developer.mozilla.org/en-US/docs/Web/CSS/text-decoration-color",
            "summary": "The text-decoration-color CSS property sets the color of decorations added to text by text-decoration-line.",
            "support": {
                "chrome": {
                    "version_added": "57"
                },
                "chrome_android": "mirror",
                "edge": "mirror",
                "firefox": [
                    {
                        "version_added": "36"
                    },
                    {
                        "prefix": "-moz-",
                        "version_added": "6",
                        "version_removed": "39"
                    }
                ],
                "firefox_android": "mirror",
                "ie": {
                    "version_added": false
                },
                "oculus": "mirror",
                "opera": "mirror",
                "opera_android": "mirror",
                "safari": [
                    {
                        "version_added": "12.1"
                    },
                    {
                        "prefix": "-webkit-",
                        "version_added": "8"
                    }
                ],
                "safari_ios": "mirror",
                "samsunginternet_android": "mirror",
                "webview_android": "mirror",
                "edge_blink": {
                    "version_added": "79"
                }
            },
            "title": "text-decoration-color"
        }
    ],
    "text-decoration-line-property": [
        {
            "engines": [
                "blink",
                "gecko",
                "webkit"
            ],
            "filename": "css/properties/text-decoration-line.json",
            "name": "text-decoration-line",
            "slug": "CSS/text-decoration-line",
            "mdn_url": "https://developer.mozilla.org/en-US/docs/Web/CSS/text-decoration-line",
            "summary": "The text-decoration-line CSS property sets the kind of decoration that is used on text in an element, such as an underline or overline.",
            "support": {
                "chrome": {
                    "version_added": "57"
                },
                "chrome_android": "mirror",
                "edge": "mirror",
                "firefox": [
                    {
                        "version_added": "36"
                    },
                    {
                        "prefix": "-moz-",
                        "version_added": "6",
                        "version_removed": "39"
                    }
                ],
                "firefox_android": "mirror",
                "ie": {
                    "version_added": false
                },
                "oculus": "mirror",
                "opera": "mirror",
                "opera_android": "mirror",
                "safari": [
                    {
                        "version_added": "12.1"
                    },
                    {
                        "prefix": "-webkit-",
                        "version_added": "8"
                    }
                ],
                "safari_ios": "mirror",
                "samsunginternet_android": "mirror",
                "webview_android": "mirror",
                "edge_blink": {
                    "version_added": "79"
                }
            },
            "title": "text-decoration-line"
        }
    ],
    "text-decoration-style-property": [
        {
            "engines": [
                "blink",
                "gecko",
                "webkit"
            ],
            "filename": "css/properties/text-decoration-style.json",
            "name": "text-decoration-style",
            "slug": "CSS/text-decoration-style",
            "mdn_url": "https://developer.mozilla.org/en-US/docs/Web/CSS/text-decoration-style",
            "summary": "The text-decoration-style CSS property sets the style of the lines specified by text-decoration-line. The style applies to all lines that are set with text-decoration-line.",
            "support": {
                "chrome": {
                    "version_added": "57"
                },
                "chrome_android": "mirror",
                "edge": "mirror",
                "firefox": [
                    {
                        "version_added": "36"
                    },
                    {
                        "prefix": "-moz-",
                        "version_added": "6",
                        "version_removed": "39"
                    }
                ],
                "firefox_android": "mirror",
                "ie": {
                    "version_added": false
                },
                "oculus": "mirror",
                "opera": "mirror",
                "opera_android": "mirror",
                "safari": [
                    {
                        "version_added": "12.1"
                    },
                    {
                        "prefix": "-webkit-",
                        "version_added": "8"
                    }
                ],
                "safari_ios": "mirror",
                "samsunginternet_android": "mirror",
                "webview_android": "mirror",
                "edge_blink": {
                    "version_added": "79"
                }
            },
            "title": "text-decoration-style"
        }
    ],
    "text-decoration-property": [
        {
            "engines": [
                "blink",
                "gecko",
                "webkit"
            ],
            "filename": "css/properties/text-decoration.json",
            "name": "text-decoration",
            "slug": "CSS/text-decoration",
            "mdn_url": "https://developer.mozilla.org/en-US/docs/Web/CSS/text-decoration",
            "summary": "The text-decoration shorthand CSS property sets the appearance of decorative lines on text. It is a shorthand for text-decoration-line, text-decoration-color, text-decoration-style, and the newer text-decoration-thickness property.",
            "support": {
                "chrome": {
                    "version_added": "1"
                },
                "chrome_android": "mirror",
                "edge": {
                    "version_added": "12"
                },
                "firefox": {
                    "version_added": "1"
                },
                "firefox_android": "mirror",
                "ie": {
                    "version_added": "3"
                },
                "oculus": "mirror",
                "opera": {
                    "version_added": "3.5"
                },
                "opera_android": {
                    "version_added": "10.1"
                },
                "safari": {
                    "version_added": "1"
                },
                "safari_ios": "mirror",
                "samsunginternet_android": "mirror",
                "webview_android": {
                    "version_added": "37"
                },
                "edge_blink": {
                    "version_added": "79"
                }
            },
            "title": "text-decoration"
        },
        {
            "engines": [],
            "filename": "svg/attributes/presentation.json",
            "name": "text-decoration",
            "slug": "SVG/Attribute/text-decoration",
            "mdn_url": "https://developer.mozilla.org/en-US/docs/Web/SVG/Attribute/text-decoration",
            "summary": "The text-decoration attribute defines whether text is decorated with an underline, overline and/or strike-through. It is a shorthand for the text-decoration-line and text-decoration-style properties.",
            "support": {
                "chrome": {
                    "version_added": null
                },
                "chrome_android": "mirror",
                "edge": "mirror",
                "firefox": {
                    "version_added": null
                },
                "firefox_android": "mirror",
                "ie": {
                    "version_added": null
                },
                "oculus": "mirror",
                "opera": "mirror",
                "opera_android": "mirror",
                "safari": {
                    "version_added": null
                },
                "safari_ios": "mirror",
                "samsunginternet_android": "mirror",
                "webview_android": "mirror",
                "edge_blink": {
                    "version_added": null
                }
            },
            "title": "text-decoration"
        }
    ],
    "text-emphasis-color-property": [
        {
            "engines": [
                "blink",
                "gecko",
                "webkit"
            ],
            "filename": "css/properties/text-emphasis-color.json",
            "name": "text-emphasis-color",
            "slug": "CSS/text-emphasis-color",
            "mdn_url": "https://developer.mozilla.org/en-US/docs/Web/CSS/text-emphasis-color",
            "summary": "The text-emphasis-color CSS property sets the color of emphasis marks. This value can also be set using the text-emphasis shorthand.",
            "support": {
                "chrome": [
                    {
                        "version_added": "99"
                    },
                    {
                        "prefix": "-webkit-",
                        "version_added": "25"
                    }
                ],
                "chrome_android": "mirror",
                "edge": "mirror",
                "firefox": {
                    "version_added": "46"
                },
                "firefox_android": "mirror",
                "ie": {
                    "version_added": false
                },
                "oculus": "mirror",
                "opera": "mirror",
                "opera_android": "mirror",
                "safari": [
                    {
                        "version_added": "7"
                    },
                    {
                        "prefix": "-webkit-",
                        "version_added": "7"
                    }
                ],
                "safari_ios": "mirror",
                "samsunginternet_android": "mirror",
                "webview_android": "mirror",
                "edge_blink": [
                    {
                        "version_added": "99"
                    },
                    {
                        "prefix": "-webkit-",
                        "version_added": "79"
                    }
                ]
            },
            "title": "text-emphasis-color"
        }
    ],
    "text-emphasis-position-property": [
        {
            "engines": [
                "blink",
                "gecko",
                "webkit"
            ],
            "filename": "css/properties/text-emphasis-position.json",
            "name": "text-emphasis-position",
            "slug": "CSS/text-emphasis-position",
            "mdn_url": "https://developer.mozilla.org/en-US/docs/Web/CSS/text-emphasis-position",
            "summary": "The text-emphasis-position CSS property sets where emphasis marks are drawn. Like ruby text, if there isn't enough room for emphasis marks, the line height is increased.",
            "support": {
                "chrome": [
                    {
                        "version_added": "99"
                    },
                    {
                        "prefix": "-webkit-",
                        "version_added": "25"
                    }
                ],
                "chrome_android": "mirror",
                "edge": "mirror",
                "firefox": {
                    "version_added": "46"
                },
                "firefox_android": "mirror",
                "ie": {
                    "version_added": false
                },
                "oculus": "mirror",
                "opera": "mirror",
                "opera_android": "mirror",
                "safari": [
                    {
                        "version_added": "7"
                    },
                    {
                        "prefix": "-webkit-",
                        "version_added": "7"
                    }
                ],
                "safari_ios": "mirror",
                "samsunginternet_android": "mirror",
                "webview_android": "mirror",
                "edge_blink": [
                    {
                        "version_added": "99"
                    },
                    {
                        "prefix": "-webkit-",
                        "version_added": "79"
                    }
                ]
            },
            "title": "text-emphasis-position"
        }
    ],
    "text-emphasis-style-property": [
        {
            "engines": [
                "blink",
                "gecko",
                "webkit"
            ],
            "filename": "css/properties/text-emphasis-style.json",
            "name": "text-emphasis-style",
            "slug": "CSS/text-emphasis-style",
            "mdn_url": "https://developer.mozilla.org/en-US/docs/Web/CSS/text-emphasis-style",
            "summary": "The text-emphasis-style CSS property sets the appearance of emphasis marks. It can also be set, and reset, using the text-emphasis shorthand.",
            "support": {
                "chrome": [
                    {
                        "version_added": "99"
                    },
                    {
                        "prefix": "-webkit-",
                        "version_added": "25"
                    }
                ],
                "chrome_android": "mirror",
                "edge": "mirror",
                "firefox": {
                    "version_added": "46"
                },
                "firefox_android": "mirror",
                "ie": {
                    "version_added": false
                },
                "oculus": "mirror",
                "opera": "mirror",
                "opera_android": "mirror",
                "safari": [
                    {
                        "version_added": "7"
                    },
                    {
                        "prefix": "-webkit-",
                        "version_added": "7"
                    }
                ],
                "safari_ios": "mirror",
                "samsunginternet_android": "mirror",
                "webview_android": "mirror",
                "edge_blink": [
                    {
                        "version_added": "99"
                    },
                    {
                        "prefix": "-webkit-",
                        "version_added": "79"
                    }
                ]
            },
            "title": "text-emphasis-style"
        }
    ],
    "text-emphasis-property": [
        {
            "engines": [
                "blink",
                "gecko",
                "webkit"
            ],
            "filename": "css/properties/text-emphasis.json",
            "name": "text-emphasis",
            "slug": "CSS/text-emphasis",
            "mdn_url": "https://developer.mozilla.org/en-US/docs/Web/CSS/text-emphasis",
            "summary": "The text-emphasis CSS property applies emphasis marks to text (except spaces and control characters). It is a shorthand for text-emphasis-style and text-emphasis-color.",
            "support": {
                "chrome": [
                    {
                        "version_added": "99"
                    },
                    {
                        "prefix": "-webkit-",
                        "version_added": "25"
                    }
                ],
                "chrome_android": "mirror",
                "edge": "mirror",
                "firefox": {
                    "version_added": "46"
                },
                "firefox_android": "mirror",
                "ie": {
                    "version_added": false
                },
                "oculus": "mirror",
                "opera": "mirror",
                "opera_android": "mirror",
                "safari": [
                    {
                        "version_added": "7"
                    },
                    {
                        "prefix": "-webkit-",
                        "version_added": "7"
                    }
                ],
                "safari_ios": "mirror",
                "samsunginternet_android": "mirror",
                "webview_android": "mirror",
                "edge_blink": [
                    {
                        "version_added": "99"
                    },
                    {
                        "prefix": "-webkit-",
                        "version_added": "79"
                    }
                ]
            },
            "caniuse": {
                "feature": "text-emphasis",
                "title": "text-emphasis styling"
            },
            "title": "text-emphasis"
        }
    ],
    "text-shadow-property": [
        {
            "engines": [
                "blink",
                "gecko",
                "webkit"
            ],
            "filename": "css/properties/text-shadow.json",
            "name": "text-shadow",
            "slug": "CSS/text-shadow",
            "mdn_url": "https://developer.mozilla.org/en-US/docs/Web/CSS/text-shadow",
            "summary": "The text-shadow CSS property adds shadows to text. It accepts a comma-separated list of shadows to be applied to the text and any of its decorations. Each shadow is described by some combination of X and Y offsets from the element, blur radius, and color.",
            "support": {
                "chrome": {
                    "version_added": "2"
                },
                "chrome_android": "mirror",
                "edge": {
                    "version_added": "12"
                },
                "firefox": {
                    "version_added": "3.5",
                    "notes": [
                        "Firefox versions before 57 have a bug whereby <a href='https://developer.mozilla.org/docs/Web/CSS/transition'><code>transition</code></a>s will not work when transitioning from a <code>text-shadow</code> with a color specified to a <code>text-shadow</code> without a color specified (<a href='https://bugzil.la/726550'>bug 726550</a>).",
                        "From Firefox 4, the blur radius is capped at 300 for performance reasons.",
                        "Firefox theoretically supports infinite text-shadows (don't try it).",
                        "If the <code>&lt;color&gt;</code> value is unspecified, then Firefox uses the value of the element's <a href='https://developer.mozilla.org/docs/Web/CSS/color'><code>color</code></a> property."
                    ]
                },
                "firefox_android": "mirror",
                "ie": {
                    "version_added": "10"
                },
                "oculus": "mirror",
                "opera": {
                    "version_added": "9.5",
                    "notes": [
                        "Opera supports a maximum of 6-9 text-shadows for performance reasons. The blur radius is limited to 100px.",
                        "Opera 9.5 to 10.1 adheres to the old, reverse painting order (in CSS2, the first specified shadow is on the bottom)."
                    ]
                },
                "opera_android": "mirror",
                "safari": {
                    "version_added": "1.1",
                    "notes": [
                        "In Safari, any shadows that do not explicitly specify a color are transparent.",
                        "Safari 1.1 to 3.2 only supports one text-shadow (displays the first shadow of a comma-separated list and ignores the rest). Safari 4.0 (WebKit 528) and later support multiple text-shadows."
                    ]
                },
                "safari_ios": {
                    "version_added": "1",
                    "notes": [
                        "In Safari, any shadows that do not explicitly specify a color are transparent.",
                        "Safari iOS 1 and 2 only support one text-shadow (displays the first shadow of a comma-separated list and ignores the rest). Safari iOS 3 (WebKit 528) and later support multiple text-shadows."
                    ]
                },
                "samsunginternet_android": "mirror",
                "webview_android": {
                    "version_added": "37"
                },
                "edge_blink": {
                    "version_added": "79"
                }
            },
            "caniuse": {
                "feature": "css-textshadow",
                "title": "CSS3 Text-shadow"
            },
            "title": "text-shadow"
        }
    ],
    "text-underline-position-property": [
        {
            "engines": [
                "blink",
                "gecko",
                "webkit"
            ],
            "filename": "css/properties/text-underline-position.json",
            "name": "text-underline-position",
            "slug": "CSS/text-underline-position",
            "mdn_url": "https://developer.mozilla.org/en-US/docs/Web/CSS/text-underline-position",
            "summary": "The text-underline-position CSS property specifies the position of the underline which is set using the text-decoration property's underline value.",
            "support": {
                "chrome": {
                    "version_added": "33"
                },
                "chrome_android": "mirror",
                "edge": {
                    "version_added": "12"
                },
                "firefox": {
                    "version_added": "74"
                },
                "firefox_android": "mirror",
                "ie": {
                    "version_added": "6"
                },
                "oculus": "mirror",
                "opera": "mirror",
                "opera_android": "mirror",
                "safari": [
                    {
                        "version_added": "12.1"
                    },
                    {
                        "prefix": "-webkit-",
                        "version_added": "9"
                    }
                ],
                "safari_ios": "mirror",
                "samsunginternet_android": "mirror",
                "webview_android": "mirror",
                "edge_blink": {
                    "version_added": "79"
                }
            },
            "title": "text-underline-position"
        }
    ]
}
