{
    "content-property": [
        {
            "engines": [
                "blink",
                "gecko",
                "webkit"
            ],
            "filename": "css/properties/content.json",
            "name": "content",
            "slug": "CSS/content",
            "mdn_url": "https://developer.mozilla.org/en-US/docs/Web/CSS/content",
            "summary": "The content CSS property replaces an element with a generated value. Objects inserted using the content property are anonymous replaced elements.",
            "support": {
                "chrome": {
                    "version_added": "1"
                },
                "chrome_android": "mirror",
                "edge": {
                    "version_added": "12"
                },
                "firefox": {
                    "version_added": "1"
                },
                "firefox_android": "mirror",
                "ie": {
                    "version_added": "8"
                },
                "oculus": "mirror",
                "opera": {
                    "version_added": "4"
                },
                "opera_android": {
                    "version_added": "10.1"
                },
                "safari": {
                    "version_added": "1"
                },
                "safari_ios": "mirror",
                "samsunginternet_android": "mirror",
                "webview_android": "mirror",
                "edge_blink": {
                    "version_added": "79"
                }
            },
            "title": "content"
        }
    ],
    "quotes": [
        {
            "engines": [
                "blink",
                "gecko",
                "webkit"
            ],
            "filename": "css/properties/quotes.json",
            "name": "quotes",
            "slug": "CSS/quotes",
            "mdn_url": "https://developer.mozilla.org/en-US/docs/Web/CSS/quotes",
            "summary": "The quotes CSS property sets how the browser should render quotation marks that are added using the open-quotes or close-quotes values of the CSS content property.",
            "support": {
                "chrome": {
                    "version_added": "11"
                },
                "chrome_android": "mirror",
                "edge": {
                    "version_added": "12"
                },
                "firefox": {
                    "version_added": "1.5"
                },
                "firefox_android": "mirror",
                "ie": {
                    "version_added": "8"
                },
                "oculus": "mirror",
                "opera": {
                    "version_added": "4"
                },
                "opera_android": "mirror",
                "safari": {
                    "version_added": "9"
                },
                "safari_ios": "mirror",
                "samsunginternet_android": "mirror",
                "webview_android": {
                    "version_added": "37"
                },
                "edge_blink": {
                    "version_added": "79"
                }
            },
            "title": "quotes"
        }
    ]
}
