{
    "will-change": [
        {
            "engines": [
                "blink",
                "gecko",
                "webkit"
            ],
            "filename": "css/properties/will-change.json",
            "name": "will-change",
            "slug": "CSS/will-change",
            "mdn_url": "https://developer.mozilla.org/en-US/docs/Web/CSS/will-change",
            "summary": "The will-change CSS property hints to browsers how an element is expected to change. Browsers may set up optimizations before an element is actually changed. These kinds of optimizations can increase the responsiveness of a page by doing potentially expensive work before they are actually required.",
            "support": {
                "chrome": {
                    "version_added": "36"
                },
                "chrome_android": "mirror",
                "edge": "mirror",
                "firefox": {
                    "version_added": "36"
                },
                "firefox_android": "mirror",
                "ie": {
                    "version_added": false
                },
                "oculus": "mirror",
                "opera": {
                    "version_added": "24"
                },
                "opera_android": "mirror",
                "safari": {
                    "version_added": "9.1"
                },
                "safari_ios": "mirror",
                "samsunginternet_android": "mirror",
                "webview_android": "mirror",
                "edge_blink": {
                    "version_added": "79"
                }
            },
            "title": "will-change"
        }
    ]
}
