{
    "size-adjust-desc": [
        {
            "engines": [
                "blink",
                "gecko"
            ],
            "filename": "css/at-rules/font-face.json",
            "name": "size-adjust",
            "slug": "CSS/@font-face/size-adjust",
            "mdn_url": "https://developer.mozilla.org/en-US/docs/Web/CSS/@font-face/size-adjust",
            "summary": "The size-adjust CSS descriptor for the @font-face at-rule defines a multiplier for glyph outlines and metrics associated with this font. This makes it easier to harmonize the designs of various fonts when rendered at the same font size.",
            "support": {
                "chrome": {
                    "version_added": "92"
                },
                "chrome_android": "mirror",
                "edge": "mirror",
                "firefox": {
                    "version_added": "92"
                },
                "firefox_android": "mirror",
                "ie": {
                    "version_added": false
                },
                "oculus": "mirror",
                "opera": "mirror",
                "opera_android": {
                    "version_added": false
                },
                "safari": {
                    "version_added": false
                },
                "safari_ios": "mirror",
                "samsunginternet_android": "mirror",
                "webview_android": "mirror",
                "edge_blink": {
                    "version_added": "92"
                }
            },
            "title": "size-adjust"
        }
    ],
    "font-size-adjust-prop": [
        {
            "engines": [
                "gecko",
                "webkit"
            ],
            "filename": "css/properties/font-size-adjust.json",
            "name": "two-values",
            "slug": "CSS/font-size-adjust",
            "mdn_url": "https://developer.mozilla.org/en-US/docs/Web/CSS/font-size-adjust",
            "summary": "The font-size-adjust CSS property sets the size of lower-case letters relative to the current font size (which defines the size of upper-case letters).",
            "support": {
                "chrome": {
                    "version_added": false
                },
                "chrome_android": "mirror",
                "edge": "mirror",
                "firefox": {
                    "version_added": "92"
                },
                "firefox_android": "mirror",
                "ie": {
                    "version_added": false
                },
                "oculus": "mirror",
                "opera": "mirror",
                "opera_android": "mirror",
                "safari": {
                    "version_added": "17"
                },
                "safari_ios": "mirror",
                "samsunginternet_android": "mirror",
                "webview_android": "mirror",
                "edge_blink": {
                    "version_added": false
                }
            },
            "title": "font-size-adjust"
        },
        {
            "engines": [
                "gecko",
                "webkit"
            ],
            "filename": "css/properties/font-size-adjust.json",
            "name": "font-size-adjust",
            "slug": "CSS/font-size-adjust",
            "mdn_url": "https://developer.mozilla.org/en-US/docs/Web/CSS/font-size-adjust",
            "summary": "The font-size-adjust CSS property sets the size of lower-case letters relative to the current font size (which defines the size of upper-case letters).",
            "support": {
                "chrome": {
                    "version_added": false
                },
                "chrome_android": "mirror",
                "edge": "mirror",
                "firefox": [
                    {
                        "version_added": "3",
                        "notes": "Before Firefox 40, <code>font-size-adjust: 0</code> was incorrectly interpreted as <code>font-size-adjust: none</code> (<a href='https://bugzil.la/1144885'>bug 1144885</a>)."
                    },
                    {
                        "version_added": "1",
                        "version_removed": "3",
                        "partial_implementation": true,
                        "notes": "Only supported on Windows."
                    }
                ],
                "firefox_android": "mirror",
                "ie": {
                    "version_added": false
                },
                "oculus": "mirror",
                "opera": "mirror",
                "opera_android": "mirror",
                "safari": {
                    "version_added": "16.4"
                },
                "safari_ios": "mirror",
                "samsunginternet_android": "mirror",
                "webview_android": "mirror",
                "edge_blink": {
                    "version_added": false
                }
            },
            "title": "font-size-adjust"
        }
    ]
}
