{
    "break-decoration": [
        {
            "engines": [
                "gecko"
            ],
            "prefixed": [
                "blink",
                "webkit"
            ],
            "filename": "css/properties/box-decoration-break.json",
            "name": "box-decoration-break",
            "slug": "CSS/box-decoration-break",
            "mdn_url": "https://developer.mozilla.org/en-US/docs/Web/CSS/box-decoration-break",
            "summary": "The box-decoration-break CSS property specifies how an element's fragments should be rendered when broken across multiple lines, columns, or pages.",
            "support": {
                "chrome": {
                    "prefix": "-webkit-",
                    "version_added": "22",
                    "notes": "This property is only supported for inline elements."
                },
                "chrome_android": {
                    "prefix": "-webkit-",
                    "version_added": "18",
                    "notes": "This property is only supported for inline elements."
                },
                "edge": "mirror",
                "firefox": [
                    {
                        "version_added": "32"
                    },
                    {
                        "alternative_name": "-moz-background-inline-policy",
                        "version_added": "1",
                        "version_removed": "32"
                    }
                ],
                "firefox_android": "mirror",
                "ie": {
                    "version_added": false
                },
                "oculus": "mirror",
                "opera": [
                    {
                        "prefix": "-webkit-",
                        "version_added": "15"
                    },
                    {
                        "version_added": "11.5",
                        "version_removed": "15"
                    }
                ],
                "opera_android": [
                    {
                        "prefix": "-webkit-",
                        "version_added": "14"
                    },
                    {
                        "version_added": "11.5",
                        "version_removed": "14"
                    }
                ],
                "safari": {
                    "version_added": "7",
                    "prefix": "-webkit-",
                    "notes": "This property is only supported for inline elements."
                },
                "safari_ios": "mirror",
                "samsunginternet_android": "mirror",
                "webview_android": {
                    "prefix": "-webkit-",
                    "version_added": "37",
                    "notes": "This property is only supported for inline elements."
                },
                "edge_blink": {
                    "prefix": "-webkit-",
                    "version_added": "79",
                    "notes": "This property is only supported for inline elements."
                }
            },
            "caniuse": {
                "feature": "css-boxdecorationbreak",
                "title": "CSS box-decoration-break"
            },
            "title": "box-decoration-break"
        }
    ],
    "break-between": [
        {
            "engines": [
                "blink",
                "gecko",
                "webkit"
            ],
            "filename": "css/properties/break-after.json",
            "name": "break-after",
            "slug": "CSS/break-after",
            "mdn_url": "https://developer.mozilla.org/en-US/docs/Web/CSS/break-after",
            "summary": "The break-after CSS property sets how page, column, or region breaks should behave after a generated box. If there is no generated box, the property is ignored.",
            "support": {
                "chrome": {
                    "version_added": "50"
                },
                "chrome_android": "mirror",
                "edge": {
                    "version_added": "12"
                },
                "firefox": {
                    "version_added": "65"
                },
                "firefox_android": "mirror",
                "ie": {
                    "version_added": "10"
                },
                "oculus": "mirror",
                "opera": [
                    {
                        "version_added": "37"
                    },
                    {
                        "version_added": "11.1",
                        "version_removed": "12.1"
                    }
                ],
                "opera_android": [
                    {
                        "version_added": "37"
                    },
                    {
                        "version_added": "11.1",
                        "version_removed": "12.1"
                    }
                ],
                "safari": {
                    "version_added": "10"
                },
                "safari_ios": "mirror",
                "samsunginternet_android": "mirror",
                "webview_android": "mirror",
                "edge_blink": {
                    "version_added": "79"
                }
            },
            "title": "break-after"
        },
        {
            "engines": [
                "blink",
                "gecko",
                "webkit"
            ],
            "filename": "css/properties/break-before.json",
            "name": "break-before",
            "slug": "CSS/break-before",
            "mdn_url": "https://developer.mozilla.org/en-US/docs/Web/CSS/break-before",
            "summary": "The break-before CSS property sets how page, column, or region breaks should behave before a generated box. If there is no generated box, the property is ignored.",
            "support": {
                "chrome": {
                    "version_added": "50"
                },
                "chrome_android": "mirror",
                "edge": {
                    "version_added": "12"
                },
                "firefox": {
                    "version_added": "65"
                },
                "firefox_android": "mirror",
                "ie": {
                    "version_added": "10"
                },
                "oculus": "mirror",
                "opera": [
                    {
                        "version_added": "37"
                    },
                    {
                        "version_added": "11.1",
                        "version_removed": "12.1"
                    }
                ],
                "opera_android": [
                    {
                        "version_added": "37"
                    },
                    {
                        "version_added": "11.1",
                        "version_removed": "12.1"
                    }
                ],
                "safari": {
                    "version_added": "10"
                },
                "safari_ios": "mirror",
                "samsunginternet_android": "mirror",
                "webview_android": "mirror",
                "edge_blink": {
                    "version_added": "79"
                }
            },
            "title": "break-before"
        }
    ],
    "break-within": [
        {
            "engines": [
                "blink",
                "gecko",
                "webkit"
            ],
            "filename": "css/properties/break-inside.json",
            "name": "break-inside",
            "slug": "CSS/break-inside",
            "mdn_url": "https://developer.mozilla.org/en-US/docs/Web/CSS/break-inside",
            "summary": "The break-inside CSS property sets how page, column, or region breaks should behave inside a generated box. If there is no generated box, the property is ignored.",
            "support": {
                "chrome": {
                    "version_added": "50"
                },
                "chrome_android": "mirror",
                "edge": {
                    "version_added": "12"
                },
                "firefox": {
                    "version_added": "65"
                },
                "firefox_android": "mirror",
                "ie": {
                    "version_added": "10"
                },
                "oculus": "mirror",
                "opera": [
                    {
                        "version_added": "37"
                    },
                    {
                        "version_added": "11.1",
                        "version_removed": "12.1"
                    }
                ],
                "opera_android": [
                    {
                        "version_added": "37"
                    },
                    {
                        "version_added": "11.1",
                        "version_removed": "12.1"
                    }
                ],
                "safari": {
                    "version_added": "10"
                },
                "safari_ios": "mirror",
                "samsunginternet_android": "mirror",
                "webview_android": "mirror",
                "edge_blink": {
                    "version_added": "79"
                }
            },
            "title": "break-inside"
        }
    ],
    "widows-orphans": [
        {
            "engines": [
                "blink",
                "webkit"
            ],
            "filename": "css/properties/orphans.json",
            "name": "orphans",
            "slug": "CSS/orphans",
            "mdn_url": "https://developer.mozilla.org/en-US/docs/Web/CSS/orphans",
            "summary": "The orphans CSS property sets the minimum number of lines in a block container that must be shown at the bottom of a page, region, or column.",
            "support": {
                "chrome": {
                    "version_added": "25"
                },
                "chrome_android": "mirror",
                "edge": {
                    "version_added": "12"
                },
                "firefox": {
                    "version_added": false
                },
                "firefox_android": "mirror",
                "ie": {
                    "version_added": "8"
                },
                "oculus": "mirror",
                "opera": {
                    "version_added": "9.2"
                },
                "opera_android": "mirror",
                "safari": {
                    "version_added": "1.3"
                },
                "safari_ios": "mirror",
                "samsunginternet_android": "mirror",
                "webview_android": "mirror",
                "edge_blink": {
                    "version_added": "79"
                }
            },
            "caniuse": {
                "feature": "css-widows-orphans",
                "title": "CSS widows & orphans"
            },
            "title": "orphans"
        },
        {
            "engines": [
                "blink",
                "webkit"
            ],
            "filename": "css/properties/widows.json",
            "name": "widows",
            "slug": "CSS/widows",
            "mdn_url": "https://developer.mozilla.org/en-US/docs/Web/CSS/widows",
            "summary": "The widows CSS property sets the minimum number of lines in a block container that must be shown at the top of a page, region, or column.",
            "support": {
                "chrome": {
                    "version_added": "25"
                },
                "chrome_android": "mirror",
                "edge": {
                    "version_added": "12"
                },
                "firefox": {
                    "version_added": false
                },
                "firefox_android": "mirror",
                "ie": {
                    "version_added": "8"
                },
                "oculus": "mirror",
                "opera": {
                    "version_added": "9.2"
                },
                "opera_android": "mirror",
                "safari": {
                    "version_added": "1.3"
                },
                "safari_ios": "mirror",
                "samsunginternet_android": "mirror",
                "webview_android": "mirror",
                "edge_blink": {
                    "version_added": "79"
                }
            },
            "caniuse": {
                "feature": "css-widows-orphans",
                "title": "CSS widows & orphans"
            },
            "title": "widows"
        }
    ]
}
