{
    "charset①": [
        {
            "engines": [
                "blink",
                "gecko",
                "webkit"
            ],
            "filename": "css/at-rules/charset.json",
            "name": "charset",
            "slug": "CSS/@charset",
            "mdn_url": "https://developer.mozilla.org/en-US/docs/Web/CSS/@charset",
            "summary": "The @charset CSS at-rule specifies the character encoding used in the style sheet. It must be the first element in the style sheet and not be preceded by any character; as it is not a nested statement, it cannot be used inside conditional group at-rules. If several @charset at-rules are defined, only the first one is used, and it cannot be used inside a style attribute on an HTML element or inside the <style> element where the character set of the HTML page is relevant.",
            "support": {
                "chrome": {
                    "version_added": "2"
                },
                "chrome_android": "mirror",
                "edge": {
                    "version_added": "12"
                },
                "firefox": {
                    "version_added": "1.5",
                    "notes": "Firefox 1 supported an invalid syntax where the character encoding is not between single or double quotes."
                },
                "firefox_android": {
                    "version_added": "4"
                },
                "ie": {
                    "version_added": "5.5",
                    "notes": "From Internet Explorer 5.5 to IE 7 (inclusive), Internet Explorer supported an invalid syntax where the character encoding is not between single or double quotes."
                },
                "oculus": "mirror",
                "opera": {
                    "version_added": "9"
                },
                "opera_android": {
                    "version_added": "10.1"
                },
                "safari": {
                    "version_added": "4"
                },
                "safari_ios": {
                    "version_added": "4"
                },
                "samsunginternet_android": "mirror",
                "webview_android": {
                    "version_added": "2"
                },
                "edge_blink": {
                    "version_added": "79"
                }
            },
            "title": "@charset"
        }
    ],
    "propdef-border-collapse": [
        {
            "engines": [
                "blink",
                "gecko",
                "webkit"
            ],
            "filename": "css/properties/border-collapse.json",
            "name": "border-collapse",
            "slug": "CSS/border-collapse",
            "mdn_url": "https://developer.mozilla.org/en-US/docs/Web/CSS/border-collapse",
            "summary": "The border-collapse CSS property sets whether cells inside a <table> have shared or separate borders.",
            "support": {
                "chrome": {
                    "version_added": "1"
                },
                "chrome_android": "mirror",
                "edge": {
                    "version_added": "12"
                },
                "firefox": {
                    "version_added": "1"
                },
                "firefox_android": "mirror",
                "ie": {
                    "version_added": "5"
                },
                "oculus": "mirror",
                "opera": {
                    "version_added": "4"
                },
                "opera_android": {
                    "version_added": "10.1"
                },
                "safari": {
                    "version_added": "1.2"
                },
                "safari_ios": {
                    "version_added": "3"
                },
                "samsunginternet_android": "mirror",
                "webview_android": {
                    "version_added": "2.2"
                },
                "edge_blink": {
                    "version_added": "79"
                }
            },
            "title": "border-collapse"
        }
    ],
    "separated-borders": [
        {
            "engines": [
                "blink",
                "gecko",
                "webkit"
            ],
            "filename": "css/properties/border-spacing.json",
            "name": "border-spacing",
            "slug": "CSS/border-spacing",
            "mdn_url": "https://developer.mozilla.org/en-US/docs/Web/CSS/border-spacing",
            "summary": "The border-spacing CSS property sets the distance between the borders of adjacent cells in a <table>. This property applies only when border-collapse is separate.",
            "support": {
                "chrome": {
                    "version_added": "1"
                },
                "chrome_android": "mirror",
                "edge": {
                    "version_added": "12"
                },
                "firefox": {
                    "version_added": "1"
                },
                "firefox_android": "mirror",
                "ie": {
                    "version_added": "8"
                },
                "oculus": "mirror",
                "opera": {
                    "version_added": "4"
                },
                "opera_android": "mirror",
                "safari": {
                    "version_added": "1"
                },
                "safari_ios": "mirror",
                "samsunginternet_android": "mirror",
                "webview_android": {
                    "version_added": "37"
                },
                "edge_blink": {
                    "version_added": "79"
                }
            },
            "title": "border-spacing"
        }
    ],
    "propdef-caption-side": [
        {
            "engines": [
                "blink",
                "gecko",
                "webkit"
            ],
            "filename": "css/properties/caption-side.json",
            "name": "caption-side",
            "slug": "CSS/caption-side",
            "mdn_url": "https://developer.mozilla.org/en-US/docs/Web/CSS/caption-side",
            "summary": "The caption-side CSS property puts the content of a table's <caption> on the specified side. The values are relative to the writing-mode of the table.",
            "support": {
                "chrome": {
                    "version_added": "1"
                },
                "chrome_android": "mirror",
                "edge": {
                    "version_added": "12"
                },
                "firefox": {
                    "version_added": "1"
                },
                "firefox_android": "mirror",
                "ie": {
                    "version_added": "8"
                },
                "oculus": "mirror",
                "opera": {
                    "version_added": "4"
                },
                "opera_android": "mirror",
                "safari": {
                    "version_added": "1"
                },
                "safari_ios": "mirror",
                "samsunginternet_android": "mirror",
                "webview_android": {
                    "version_added": "37"
                },
                "edge_blink": {
                    "version_added": "79"
                }
            },
            "title": "caption-side"
        }
    ],
    "propdef-clear": [
        {
            "engines": [
                "blink",
                "gecko",
                "webkit"
            ],
            "filename": "css/properties/clear.json",
            "name": "clear",
            "slug": "CSS/clear",
            "mdn_url": "https://developer.mozilla.org/en-US/docs/Web/CSS/clear",
            "summary": "The clear CSS property sets whether an element must be moved below (cleared) floating elements that precede it. The clear property applies to floating and non-floating elements.",
            "support": {
                "chrome": {
                    "version_added": "1"
                },
                "chrome_android": "mirror",
                "edge": {
                    "version_added": "12"
                },
                "firefox": {
                    "version_added": "1"
                },
                "firefox_android": "mirror",
                "ie": {
                    "version_added": "4"
                },
                "oculus": "mirror",
                "opera": {
                    "version_added": "3.5"
                },
                "opera_android": {
                    "version_added": "10.1"
                },
                "safari": {
                    "version_added": "1"
                },
                "safari_ios": "mirror",
                "samsunginternet_android": "mirror",
                "webview_android": "mirror",
                "edge_blink": {
                    "version_added": "79"
                }
            },
            "title": "clear"
        }
    ],
    "empty-cells": [
        {
            "engines": [
                "blink",
                "gecko",
                "webkit"
            ],
            "filename": "css/properties/empty-cells.json",
            "name": "empty-cells",
            "slug": "CSS/empty-cells",
            "mdn_url": "https://developer.mozilla.org/en-US/docs/Web/CSS/empty-cells",
            "summary": "The empty-cells CSS property sets whether borders and backgrounds appear around <table> cells that have no visible content.",
            "support": {
                "chrome": {
                    "version_added": "1"
                },
                "chrome_android": "mirror",
                "edge": {
                    "version_added": "12"
                },
                "firefox": {
                    "version_added": "1"
                },
                "firefox_android": "mirror",
                "ie": {
                    "version_added": "8"
                },
                "oculus": "mirror",
                "opera": {
                    "version_added": "4"
                },
                "opera_android": {
                    "version_added": "10.1"
                },
                "safari": {
                    "version_added": "1.2"
                },
                "safari_ios": "mirror",
                "samsunginternet_android": "mirror",
                "webview_android": "mirror",
                "edge_blink": {
                    "version_added": "79"
                }
            },
            "title": "empty-cells"
        }
    ],
    "propdef-float": [
        {
            "engines": [
                "blink",
                "gecko",
                "webkit"
            ],
            "filename": "css/properties/float.json",
            "name": "float",
            "slug": "CSS/float",
            "mdn_url": "https://developer.mozilla.org/en-US/docs/Web/CSS/float",
            "summary": "The float CSS property places an element on the left or right side of its container, allowing text and inline elements to wrap around it. The element is removed from the normal flow of the page, though still remaining a part of the flow (in contrast to absolute positioning).",
            "support": {
                "chrome": {
                    "version_added": "1"
                },
                "chrome_android": "mirror",
                "edge": {
                    "version_added": "12"
                },
                "firefox": {
                    "version_added": "1"
                },
                "firefox_android": "mirror",
                "ie": {
                    "version_added": "4"
                },
                "oculus": "mirror",
                "opera": {
                    "version_added": "7"
                },
                "opera_android": {
                    "version_added": "10.1"
                },
                "safari": {
                    "version_added": "1"
                },
                "safari_ios": "mirror",
                "samsunginternet_android": "mirror",
                "webview_android": "mirror",
                "edge_blink": {
                    "version_added": "79"
                }
            },
            "title": "float"
        }
    ],
    "width-layout": [
        {
            "engines": [
                "blink",
                "gecko",
                "webkit"
            ],
            "filename": "css/properties/table-layout.json",
            "name": "table-layout",
            "slug": "CSS/table-layout",
            "mdn_url": "https://developer.mozilla.org/en-US/docs/Web/CSS/table-layout",
            "summary": "The table-layout CSS property sets the algorithm used to lay out <table> cells, rows, and columns.",
            "support": {
                "chrome": {
                    "version_added": "14"
                },
                "chrome_android": "mirror",
                "edge": {
                    "version_added": "12"
                },
                "firefox": {
                    "version_added": "1"
                },
                "firefox_android": "mirror",
                "ie": {
                    "version_added": "5"
                },
                "oculus": "mirror",
                "opera": {
                    "version_added": "7"
                },
                "opera_android": {
                    "version_added": "10.1"
                },
                "safari": {
                    "version_added": "1"
                },
                "safari_ios": {
                    "version_added": "3"
                },
                "samsunginternet_android": "mirror",
                "webview_android": {
                    "version_added": "1.5"
                },
                "edge_blink": {
                    "version_added": "79"
                }
            },
            "title": "table-layout"
        }
    ],
    "propdef-vertical-align": [
        {
            "engines": [
                "blink",
                "gecko",
                "webkit"
            ],
            "filename": "css/properties/vertical-align.json",
            "name": "vertical-align",
            "slug": "CSS/vertical-align",
            "mdn_url": "https://developer.mozilla.org/en-US/docs/Web/CSS/vertical-align",
            "summary": "The vertical-align CSS property sets vertical alignment of an inline, inline-block or table-cell box.",
            "support": {
                "chrome": {
                    "version_added": "1"
                },
                "chrome_android": "mirror",
                "edge": {
                    "version_added": "12"
                },
                "firefox": {
                    "version_added": "1"
                },
                "firefox_android": "mirror",
                "ie": {
                    "version_added": "4"
                },
                "oculus": "mirror",
                "opera": {
                    "version_added": "4"
                },
                "opera_android": "mirror",
                "safari": {
                    "version_added": "1"
                },
                "safari_ios": "mirror",
                "samsunginternet_android": "mirror",
                "webview_android": "mirror",
                "edge_blink": {
                    "version_added": "79"
                }
            },
            "title": "vertical-align"
        }
    ],
    "z-index": [
        {
            "engines": [
                "blink",
                "gecko",
                "webkit"
            ],
            "filename": "css/properties/z-index.json",
            "name": "z-index",
            "slug": "CSS/z-index",
            "mdn_url": "https://developer.mozilla.org/en-US/docs/Web/CSS/z-index",
            "summary": "The z-index CSS property sets the z-order of a positioned element and its descendants or flex items. Overlapping elements with a larger z-index cover those with a smaller one.",
            "support": {
                "chrome": {
                    "version_added": "1"
                },
                "chrome_android": "mirror",
                "edge": {
                    "version_added": "12"
                },
                "firefox": {
                    "version_added": "1"
                },
                "firefox_android": "mirror",
                "ie": {
                    "version_added": "4"
                },
                "oculus": "mirror",
                "opera": {
                    "version_added": "4"
                },
                "opera_android": "mirror",
                "safari": {
                    "version_added": "1"
                },
                "safari_ios": "mirror",
                "samsunginternet_android": "mirror",
                "webview_android": {
                    "version_added": "37"
                },
                "edge_blink": {
                    "version_added": "79"
                }
            },
            "title": "z-index"
        }
    ]
}
