{
    "dom-elementinternals-states": [
        {
            "engines": [
                "blink"
            ],
            "filename": "api/ElementInternals.json",
            "name": "states",
            "slug": "API/ElementInternals/states",
            "mdn_url": "https://developer.mozilla.org/en-US/docs/Web/API/ElementInternals/states",
            "summary": "The states read-only property of the ElementInternals interface returns a CustomStateSet representing the possible states of the custom element.",
            "support": {
                "chrome": {
                    "version_added": "90"
                },
                "chrome_android": "mirror",
                "edge": "mirror",
                "firefox": {
                    "version_added": false
                },
                "firefox_android": "mirror",
                "ie": {
                    "version_added": false
                },
                "oculus": "mirror",
                "opera": "mirror",
                "opera_android": "mirror",
                "safari": {
                    "version_added": false
                },
                "safari_ios": "mirror",
                "samsunginternet_android": "mirror",
                "webview_android": "mirror",
                "edge_blink": {
                    "version_added": "90"
                }
            },
            "title": "ElementInternals: states property"
        }
    ]
}
