{
    "dom-deprecationreportbody-anticipatedremoval": [
        {
            "engines": [
                "blink"
            ],
            "filename": "api/DeprecationReportBody.json",
            "name": "anticipatedRemoval",
            "slug": "API/DeprecationReportBody/anticipatedRemoval",
            "mdn_url": "https://developer.mozilla.org/en-US/docs/Web/API/DeprecationReportBody/anticipatedRemoval",
            "summary": "The anticipatedRemoval read-only property of the DeprecationReportBody interface returns the date that the browser version which removes the feature will ship. This value can be used to prioritize warnings. If this property returns null because the date is unknown, then the deprecation should be considered low priority.",
            "support": {
                "chrome": {
                    "version_added": "69"
                },
                "chrome_android": "mirror",
                "edge": "mirror",
                "firefox": {
                    "version_added": false
                },
                "firefox_android": "mirror",
                "ie": {
                    "version_added": false
                },
                "oculus": "mirror",
                "opera": "mirror",
                "opera_android": "mirror",
                "safari": {
                    "version_added": false
                },
                "safari_ios": "mirror",
                "samsunginternet_android": "mirror",
                "webview_android": "mirror",
                "edge_blink": {
                    "version_added": "79"
                }
            },
            "title": "DeprecationReportBody: anticipatedRemoval property"
        }
    ],
    "dom-deprecationreportbody-columnnumber": [
        {
            "engines": [
                "blink"
            ],
            "filename": "api/DeprecationReportBody.json",
            "name": "columnNumber",
            "slug": "API/DeprecationReportBody/columnNumber",
            "mdn_url": "https://developer.mozilla.org/en-US/docs/Web/API/DeprecationReportBody/columnNumber",
            "summary": "The columnNumber read-only property of the DeprecationReportBody interface returns the line in the source file in which the deprecated feature was used.",
            "support": {
                "chrome": {
                    "version_added": "69"
                },
                "chrome_android": "mirror",
                "edge": "mirror",
                "firefox": {
                    "version_added": false
                },
                "firefox_android": "mirror",
                "ie": {
                    "version_added": false
                },
                "oculus": "mirror",
                "opera": "mirror",
                "opera_android": "mirror",
                "safari": {
                    "version_added": false
                },
                "safari_ios": "mirror",
                "samsunginternet_android": "mirror",
                "webview_android": "mirror",
                "edge_blink": {
                    "version_added": "79"
                }
            },
            "title": "DeprecationReportBody: columnNumber property"
        }
    ],
    "dom-deprecationreportbody-id": [
        {
            "engines": [
                "blink"
            ],
            "filename": "api/DeprecationReportBody.json",
            "name": "id",
            "slug": "API/DeprecationReportBody/id",
            "mdn_url": "https://developer.mozilla.org/en-US/docs/Web/API/DeprecationReportBody/id",
            "summary": "The id read-only property of the DeprecationReportBody interface returns a string representing the feature or API that is deprecated. This can be used to group or count related reports.",
            "support": {
                "chrome": {
                    "version_added": "69"
                },
                "chrome_android": "mirror",
                "edge": "mirror",
                "firefox": {
                    "version_added": false
                },
                "firefox_android": "mirror",
                "ie": {
                    "version_added": false
                },
                "oculus": "mirror",
                "opera": "mirror",
                "opera_android": "mirror",
                "safari": {
                    "version_added": false
                },
                "safari_ios": "mirror",
                "samsunginternet_android": "mirror",
                "webview_android": "mirror",
                "edge_blink": {
                    "version_added": "79"
                }
            },
            "title": "DeprecationReportBody: id property"
        }
    ],
    "dom-deprecationreportbody-linenumber": [
        {
            "engines": [
                "blink"
            ],
            "filename": "api/DeprecationReportBody.json",
            "name": "lineNumber",
            "slug": "API/DeprecationReportBody/lineNumber",
            "mdn_url": "https://developer.mozilla.org/en-US/docs/Web/API/DeprecationReportBody/lineNumber",
            "summary": "The lineNumber read-only property of the DeprecationReportBody interface returns the line in the source file in which the deprecated feature was used.",
            "support": {
                "chrome": {
                    "version_added": "69"
                },
                "chrome_android": "mirror",
                "edge": "mirror",
                "firefox": {
                    "version_added": false
                },
                "firefox_android": "mirror",
                "ie": {
                    "version_added": false
                },
                "oculus": "mirror",
                "opera": "mirror",
                "opera_android": "mirror",
                "safari": {
                    "version_added": false
                },
                "safari_ios": "mirror",
                "samsunginternet_android": "mirror",
                "webview_android": "mirror",
                "edge_blink": {
                    "version_added": "79"
                }
            },
            "title": "DeprecationReportBody: lineNumber property"
        }
    ],
    "dom-deprecationreportbody-message": [
        {
            "engines": [
                "blink"
            ],
            "filename": "api/DeprecationReportBody.json",
            "name": "message",
            "slug": "API/DeprecationReportBody/message",
            "mdn_url": "https://developer.mozilla.org/en-US/docs/Web/API/DeprecationReportBody/message",
            "summary": "The message read-only property of the DeprecationReportBody interface returns a human-readable description of the deprecation. This typically matches the message a browser will display in its DevTools console regarding a deprecated feature.",
            "support": {
                "chrome": {
                    "version_added": "69"
                },
                "chrome_android": "mirror",
                "edge": "mirror",
                "firefox": {
                    "version_added": false
                },
                "firefox_android": "mirror",
                "ie": {
                    "version_added": false
                },
                "oculus": "mirror",
                "opera": "mirror",
                "opera_android": "mirror",
                "safari": {
                    "version_added": false
                },
                "safari_ios": "mirror",
                "samsunginternet_android": "mirror",
                "webview_android": "mirror",
                "edge_blink": {
                    "version_added": "79"
                }
            },
            "title": "DeprecationReportBody: message property"
        }
    ],
    "dom-deprecationreportbody-sourcefile": [
        {
            "engines": [
                "blink"
            ],
            "filename": "api/DeprecationReportBody.json",
            "name": "sourceFile",
            "slug": "API/DeprecationReportBody/sourceFile",
            "mdn_url": "https://developer.mozilla.org/en-US/docs/Web/API/DeprecationReportBody/sourceFile",
            "summary": "The sourceFile read-only property of the DeprecationReportBody interface returns the path to the source file where the deprecated feature was used.",
            "support": {
                "chrome": {
                    "version_added": "69"
                },
                "chrome_android": "mirror",
                "edge": "mirror",
                "firefox": {
                    "version_added": false
                },
                "firefox_android": "mirror",
                "ie": {
                    "version_added": false
                },
                "oculus": "mirror",
                "opera": "mirror",
                "opera_android": "mirror",
                "safari": {
                    "version_added": false
                },
                "safari_ios": "mirror",
                "samsunginternet_android": "mirror",
                "webview_android": "mirror",
                "edge_blink": {
                    "version_added": "79"
                }
            },
            "title": "DeprecationReportBody: sourceFile property"
        }
    ],
    "dom-deprecationreportbody-tojson": [
        {
            "engines": [
                "blink"
            ],
            "filename": "api/DeprecationReportBody.json",
            "name": "toJSON",
            "slug": "API/DeprecationReportBody/toJSON",
            "mdn_url": "https://developer.mozilla.org/en-US/docs/Web/API/DeprecationReportBody/toJSON",
            "summary": "The toJSON() method of the DeprecationReportBody interface is a serializer, and returns a JSON representation of the InterventionReportBody object.",
            "support": {
                "chrome": {
                    "version_added": "69"
                },
                "chrome_android": "mirror",
                "edge": "mirror",
                "firefox": {
                    "version_added": false
                },
                "firefox_android": "mirror",
                "ie": {
                    "version_added": false
                },
                "oculus": "mirror",
                "opera": "mirror",
                "opera_android": "mirror",
                "safari": {
                    "version_added": false
                },
                "safari_ios": "mirror",
                "samsunginternet_android": "mirror",
                "webview_android": "mirror",
                "edge_blink": {
                    "version_added": "79"
                }
            },
            "title": "DeprecationReportBody: toJSON() method"
        }
    ],
    "deprecationreportbody": [
        {
            "engines": [
                "blink"
            ],
            "filename": "api/DeprecationReportBody.json",
            "name": "DeprecationReportBody",
            "slug": "API/DeprecationReportBody",
            "mdn_url": "https://developer.mozilla.org/en-US/docs/Web/API/DeprecationReportBody",
            "summary": "The DeprecationReportBody interface of the Reporting API represents the body of a deprecation report.",
            "support": {
                "chrome": {
                    "version_added": "69"
                },
                "chrome_android": "mirror",
                "edge": "mirror",
                "firefox": {
                    "version_added": false
                },
                "firefox_android": "mirror",
                "ie": {
                    "version_added": false
                },
                "oculus": "mirror",
                "opera": "mirror",
                "opera_android": "mirror",
                "safari": {
                    "version_added": false
                },
                "safari_ios": "mirror",
                "samsunginternet_android": "mirror",
                "webview_android": "mirror",
                "edge_blink": {
                    "version_added": "79"
                }
            },
            "title": "DeprecationReportBody"
        }
    ]
}
