{
    "dom-datatransferitem-webkitgetasentry": [
        {
            "engines": [
                "blink",
                "gecko",
                "webkit"
            ],
            "filename": "api/DataTransferItem.json",
            "name": "webkitGetAsEntry",
            "slug": "API/DataTransferItem/webkitGetAsEntry",
            "mdn_url": "https://developer.mozilla.org/en-US/docs/Web/API/DataTransferItem/webkitGetAsEntry",
            "summary": "If the item described by the DataTransferItem is a file, webkitGetAsEntry() returns a FileSystemFileEntry or FileSystemDirectoryEntry representing it. If the item isn't a file, null is returned.",
            "support": {
                "chrome": {
                    "version_added": "13"
                },
                "chrome_android": "mirror",
                "edge": {
                    "version_added": "14"
                },
                "firefox": {
                    "version_added": "50"
                },
                "firefox_android": {
                    "version_added": false
                },
                "ie": {
                    "version_added": false
                },
                "oculus": "mirror",
                "opera": "mirror",
                "opera_android": "mirror",
                "safari": {
                    "version_added": "11.1"
                },
                "safari_ios": "mirror",
                "samsunginternet_android": "mirror",
                "webview_android": "mirror",
                "edge_blink": {
                    "version_added": "79"
                }
            },
            "title": "DataTransferItem: webkitGetAsEntry() method"
        }
    ],
    "dom-file-webkitrelativepath": [
        {
            "engines": [
                "blink",
                "gecko",
                "webkit"
            ],
            "filename": "api/File.json",
            "name": "webkitRelativePath",
            "slug": "API/File/webkitRelativePath",
            "mdn_url": "https://developer.mozilla.org/en-US/docs/Web/API/File/webkitRelativePath",
            "summary": "The File.webkitRelativePath is a read-only property that contains a string which specifies the file's path relative to the directory selected by the user in an <input> element with its webkitdirectory attribute set.",
            "support": {
                "chrome": {
                    "version_added": "13"
                },
                "chrome_android": "mirror",
                "deno": {
                    "version_added": false
                },
                "edge": {
                    "version_added": "13"
                },
                "firefox": {
                    "version_added": "50"
                },
                "firefox_android": "mirror",
                "ie": {
                    "version_added": false
                },
                "oculus": "mirror",
                "opera": "mirror",
                "opera_android": "mirror",
                "safari": {
                    "version_added": "11.1"
                },
                "safari_ios": "mirror",
                "samsunginternet_android": "mirror",
                "webview_android": {
                    "version_added": "37"
                },
                "edge_blink": {
                    "version_added": "79"
                }
            },
            "title": "File: webkitRelativePath property"
        }
    ],
    "dom-filesystem-name": [
        {
            "engines": [
                "blink",
                "gecko",
                "webkit"
            ],
            "filename": "api/FileSystem.json",
            "name": "name",
            "slug": "API/FileSystem/name",
            "mdn_url": "https://developer.mozilla.org/en-US/docs/Web/API/FileSystem/name",
            "summary": "The read-only name property of the FileSystem interface indicates the file system's name. This string is unique among all file systems currently exposed by the File and Directory Entries API.",
            "support": {
                "chrome": {
                    "version_added": "7"
                },
                "chrome_android": "mirror",
                "edge": {
                    "version_added": "18"
                },
                "firefox": {
                    "version_added": "50"
                },
                "firefox_android": "mirror",
                "ie": {
                    "version_added": false
                },
                "oculus": "mirror",
                "opera": "mirror",
                "opera_android": "mirror",
                "safari": {
                    "version_added": "11.1"
                },
                "safari_ios": "mirror",
                "samsunginternet_android": "mirror",
                "webview_android": {
                    "version_added": "37"
                },
                "edge_blink": {
                    "version_added": "79"
                }
            },
            "title": "FileSystem: name property"
        }
    ],
    "dom-filesystem-root": [
        {
            "engines": [
                "blink",
                "gecko",
                "webkit"
            ],
            "filename": "api/FileSystem.json",
            "name": "root",
            "slug": "API/FileSystem/root",
            "mdn_url": "https://developer.mozilla.org/en-US/docs/Web/API/FileSystem/root",
            "summary": "The read-only root property of the FileSystem interface specifies a FileSystemDirectoryEntry object representing the root directory of the file system, for use with the File and Directory Entries API.",
            "support": {
                "chrome": {
                    "version_added": "7"
                },
                "chrome_android": "mirror",
                "edge": {
                    "version_added": "18"
                },
                "firefox": {
                    "version_added": "50"
                },
                "firefox_android": "mirror",
                "ie": {
                    "version_added": false
                },
                "oculus": "mirror",
                "opera": "mirror",
                "opera_android": "mirror",
                "safari": {
                    "version_added": "11.1"
                },
                "safari_ios": "mirror",
                "samsunginternet_android": "mirror",
                "webview_android": {
                    "version_added": "37"
                },
                "edge_blink": {
                    "version_added": "79"
                }
            },
            "title": "FileSystem: root property"
        }
    ],
    "api-domfilesystem": [
        {
            "engines": [
                "blink",
                "gecko",
                "webkit"
            ],
            "filename": "api/FileSystem.json",
            "name": "FileSystem",
            "slug": "API/FileSystem",
            "mdn_url": "https://developer.mozilla.org/en-US/docs/Web/API/FileSystem",
            "summary": "The File and Directory Entries API interface FileSystem is used to represent a file system. These objects can be obtained from the filesystem property on any file system entry. Some browsers offer additional APIs to create and manage file systems, such as Chrome's requestFileSystem() method.",
            "support": {
                "chrome": {
                    "version_added": "7"
                },
                "chrome_android": "mirror",
                "edge": {
                    "version_added": "18"
                },
                "firefox": {
                    "version_added": "50"
                },
                "firefox_android": "mirror",
                "ie": {
                    "version_added": false
                },
                "oculus": "mirror",
                "opera": "mirror",
                "opera_android": "mirror",
                "safari": {
                    "version_added": "11.1"
                },
                "safari_ios": "mirror",
                "samsunginternet_android": "mirror",
                "webview_android": {
                    "version_added": "37"
                },
                "edge_blink": {
                    "version_added": "79"
                }
            },
            "title": "FileSystem"
        }
    ],
    "dom-filesystemdirectoryentry-createreader": [
        {
            "engines": [
                "blink",
                "gecko",
                "webkit"
            ],
            "filename": "api/FileSystemDirectoryEntry.json",
            "name": "createReader",
            "slug": "API/FileSystemDirectoryEntry/createReader",
            "mdn_url": "https://developer.mozilla.org/en-US/docs/Web/API/FileSystemDirectoryEntry/createReader",
            "summary": "The FileSystemDirectoryEntry interface's method createReader() returns a FileSystemDirectoryReader object which can be used to read the entries in the directory.",
            "support": {
                "chrome": {
                    "version_added": "13"
                },
                "chrome_android": "mirror",
                "edge": "mirror",
                "firefox": {
                    "version_added": "50"
                },
                "firefox_android": "mirror",
                "ie": {
                    "version_added": false
                },
                "oculus": "mirror",
                "opera": {
                    "version_added": false
                },
                "opera_android": "mirror",
                "safari": {
                    "version_added": "11.1"
                },
                "safari_ios": "mirror",
                "samsunginternet_android": "mirror",
                "webview_android": {
                    "version_added": "37"
                },
                "edge_blink": {
                    "version_added": "79"
                }
            },
            "title": "FileSystemDirectoryEntry: createReader() method"
        }
    ],
    "dom-filesystemdirectoryentry-getdirectory": [
        {
            "engines": [
                "blink",
                "gecko",
                "webkit"
            ],
            "filename": "api/FileSystemDirectoryEntry.json",
            "name": "getDirectory",
            "slug": "API/FileSystemDirectoryEntry/getDirectory",
            "mdn_url": "https://developer.mozilla.org/en-US/docs/Web/API/FileSystemDirectoryEntry/getDirectory",
            "summary": "The FileSystemDirectoryEntry interface's method getDirectory() returns a FileSystemDirectoryEntry object corresponding to a directory contained somewhere within the directory subtree rooted at the directory on which it's called.",
            "support": {
                "chrome": {
                    "version_added": "8"
                },
                "chrome_android": "mirror",
                "edge": "mirror",
                "firefox": {
                    "version_added": "50",
                    "notes": "In Firefox, the <code>errorCallback</code>'s input parameter is a <code><a href='https://developer.mozilla.org/docs/Web/API/DOMException'>DOMException</a></code> rather than a <code><a href='https://developer.mozilla.org/docs/Web/API/FileError'>FileError</a></code> object."
                },
                "firefox_android": "mirror",
                "ie": {
                    "version_added": false
                },
                "oculus": "mirror",
                "opera": {
                    "version_added": false
                },
                "opera_android": "mirror",
                "safari": {
                    "version_added": "11.1"
                },
                "safari_ios": "mirror",
                "samsunginternet_android": "mirror",
                "webview_android": {
                    "version_added": "37"
                },
                "edge_blink": {
                    "version_added": "79"
                }
            },
            "title": "FileSystemDirectoryEntry: getDirectory() method"
        }
    ],
    "dom-filesystemdirectoryentry-getfile": [
        {
            "engines": [
                "blink",
                "gecko",
                "webkit"
            ],
            "filename": "api/FileSystemDirectoryEntry.json",
            "name": "getFile",
            "slug": "API/FileSystemDirectoryEntry/getFile",
            "mdn_url": "https://developer.mozilla.org/en-US/docs/Web/API/FileSystemDirectoryEntry/getFile",
            "summary": "The FileSystemDirectoryEntry interface's method getFile() returns a FileSystemFileEntry object corresponding to a file contained somewhere within the directory subtree rooted at the directory on which it's called.",
            "support": {
                "chrome": {
                    "version_added": "8"
                },
                "chrome_android": "mirror",
                "edge": "mirror",
                "firefox": {
                    "version_added": "50",
                    "notes": "In Firefox, the <code>errorCallback</code>'s input parameter is a <code><a href='https://developer.mozilla.org/docs/Web/API/DOMException'>DOMException</a></code> rather than a <code><a href='https://developer.mozilla.org/docs/Web/API/FileError'>FileError</a></code> object."
                },
                "firefox_android": "mirror",
                "ie": {
                    "version_added": false
                },
                "oculus": "mirror",
                "opera": {
                    "version_added": false
                },
                "opera_android": "mirror",
                "safari": {
                    "version_added": "11.1"
                },
                "safari_ios": "mirror",
                "samsunginternet_android": "mirror",
                "webview_android": {
                    "version_added": "37"
                },
                "edge_blink": {
                    "version_added": "79"
                }
            },
            "title": "FileSystemDirectoryEntry: getFile() method"
        }
    ],
    "api-directoryentry": [
        {
            "engines": [
                "blink",
                "gecko",
                "webkit"
            ],
            "filename": "api/FileSystemDirectoryEntry.json",
            "name": "FileSystemDirectoryEntry",
            "slug": "API/FileSystemDirectoryEntry",
            "mdn_url": "https://developer.mozilla.org/en-US/docs/Web/API/FileSystemDirectoryEntry",
            "summary": "The FileSystemDirectoryEntry interface of the File and Directory Entries API represents a directory in a file system. It provides methods which make it possible to access and manipulate the files in a directory, as well as to access the entries within the directory.",
            "support": {
                "chrome": {
                    "version_added": "8"
                },
                "chrome_android": "mirror",
                "edge": "mirror",
                "firefox": {
                    "version_added": "50"
                },
                "firefox_android": "mirror",
                "ie": {
                    "version_added": false
                },
                "oculus": "mirror",
                "opera": "mirror",
                "opera_android": "mirror",
                "safari": {
                    "version_added": "11.1"
                },
                "safari_ios": "mirror",
                "samsunginternet_android": "mirror",
                "webview_android": {
                    "version_added": "37"
                },
                "edge_blink": {
                    "version_added": "79"
                }
            },
            "title": "FileSystemDirectoryEntry"
        }
    ],
    "dom-filesystemdirectoryreader-readentries": [
        {
            "engines": [
                "blink",
                "gecko",
                "webkit"
            ],
            "filename": "api/FileSystemDirectoryReader.json",
            "name": "readEntries",
            "slug": "API/FileSystemDirectoryReader/readEntries",
            "mdn_url": "https://developer.mozilla.org/en-US/docs/Web/API/FileSystemDirectoryReader/readEntries",
            "summary": "The FileSystemDirectoryReader interface's readEntries() method retrieves the directory entries within the directory being read and delivers them in an array to a provided callback function.",
            "support": {
                "chrome": {
                    "version_added": "8"
                },
                "chrome_android": "mirror",
                "edge": "mirror",
                "firefox": {
                    "version_added": "50"
                },
                "firefox_android": "mirror",
                "ie": {
                    "version_added": false
                },
                "oculus": "mirror",
                "opera": "mirror",
                "opera_android": "mirror",
                "safari": {
                    "version_added": "11.1"
                },
                "safari_ios": "mirror",
                "samsunginternet_android": "mirror",
                "webview_android": {
                    "version_added": "37"
                },
                "edge_blink": {
                    "version_added": "79"
                }
            },
            "title": "FileSystemDirectoryReader: readEntries() method"
        }
    ],
    "api-directoryreader": [
        {
            "engines": [
                "blink",
                "gecko",
                "webkit"
            ],
            "filename": "api/FileSystemDirectoryReader.json",
            "name": "FileSystemDirectoryReader",
            "slug": "API/FileSystemDirectoryReader",
            "mdn_url": "https://developer.mozilla.org/en-US/docs/Web/API/FileSystemDirectoryReader",
            "summary": "The FileSystemDirectoryReader interface of the File and Directory Entries API lets you access the FileSystemFileEntry-based objects (generally FileSystemFileEntry or FileSystemDirectoryEntry) representing each entry in a directory.",
            "support": {
                "chrome": {
                    "version_added": "8"
                },
                "chrome_android": "mirror",
                "edge": {
                    "version_added": "18"
                },
                "firefox": {
                    "version_added": "50"
                },
                "firefox_android": "mirror",
                "ie": {
                    "version_added": false
                },
                "oculus": "mirror",
                "opera": "mirror",
                "opera_android": "mirror",
                "safari": {
                    "version_added": "11.1"
                },
                "safari_ios": "mirror",
                "samsunginternet_android": "mirror",
                "webview_android": {
                    "version_added": "37"
                },
                "edge_blink": {
                    "version_added": "79"
                }
            },
            "title": "FileSystemDirectoryReader"
        }
    ],
    "dom-filesystementry-filesystem": [
        {
            "engines": [
                "blink",
                "gecko",
                "webkit"
            ],
            "filename": "api/FileSystemEntry.json",
            "name": "filesystem",
            "slug": "API/FileSystemEntry/filesystem",
            "mdn_url": "https://developer.mozilla.org/en-US/docs/Web/API/FileSystemEntry/filesystem",
            "summary": "The read-only filesystem property of the FileSystemEntry interface contains a FileSystem object that represents the file system on which the entry resides.",
            "support": {
                "chrome": {
                    "version_added": "8"
                },
                "chrome_android": "mirror",
                "edge": "mirror",
                "firefox": {
                    "version_added": "50"
                },
                "firefox_android": "mirror",
                "ie": {
                    "version_added": false
                },
                "oculus": "mirror",
                "opera": {
                    "version_added": false
                },
                "opera_android": "mirror",
                "safari": {
                    "version_added": "11.1"
                },
                "safari_ios": "mirror",
                "samsunginternet_android": "mirror",
                "webview_android": {
                    "version_added": "37"
                },
                "edge_blink": {
                    "version_added": "79"
                }
            },
            "title": "FileSystemEntry: filesystem property"
        }
    ],
    "dom-filesystementry-fullpath": [
        {
            "engines": [
                "blink",
                "gecko",
                "webkit"
            ],
            "filename": "api/FileSystemEntry.json",
            "name": "fullPath",
            "slug": "API/FileSystemEntry/fullPath",
            "mdn_url": "https://developer.mozilla.org/en-US/docs/Web/API/FileSystemEntry/fullPath",
            "summary": "The read-only fullPath property of the FileSystemEntry interface returns a string specifying the full, absolute path from the file system's root to the file represented by the entry.",
            "support": {
                "chrome": {
                    "version_added": "8"
                },
                "chrome_android": "mirror",
                "edge": "mirror",
                "firefox": {
                    "version_added": "50"
                },
                "firefox_android": "mirror",
                "ie": {
                    "version_added": false
                },
                "oculus": "mirror",
                "opera": {
                    "version_added": false
                },
                "opera_android": "mirror",
                "safari": {
                    "version_added": "11.1"
                },
                "safari_ios": "mirror",
                "samsunginternet_android": "mirror",
                "webview_android": {
                    "version_added": "37"
                },
                "edge_blink": {
                    "version_added": "79"
                }
            },
            "title": "FileSystemEntry: fullPath property"
        }
    ],
    "dom-filesystementry-getparent": [
        {
            "engines": [
                "blink",
                "gecko",
                "webkit"
            ],
            "filename": "api/FileSystemEntry.json",
            "name": "getParent",
            "slug": "API/FileSystemEntry/getParent",
            "mdn_url": "https://developer.mozilla.org/en-US/docs/Web/API/FileSystemEntry/getParent",
            "summary": "The FileSystemEntry interface's method getParent() obtains a FileSystemDirectoryEntry.",
            "support": {
                "chrome": {
                    "version_added": "8"
                },
                "chrome_android": "mirror",
                "edge": "mirror",
                "firefox": {
                    "version_added": "52"
                },
                "firefox_android": "mirror",
                "ie": {
                    "version_added": false
                },
                "oculus": "mirror",
                "opera": {
                    "version_added": false
                },
                "opera_android": "mirror",
                "safari": {
                    "version_added": "11.1"
                },
                "safari_ios": "mirror",
                "samsunginternet_android": "mirror",
                "webview_android": {
                    "version_added": "37"
                },
                "edge_blink": {
                    "version_added": "79"
                }
            },
            "title": "FileSystemEntry: getParent() method"
        }
    ],
    "dom-filesystementry-isdirectory": [
        {
            "engines": [
                "blink",
                "gecko",
                "webkit"
            ],
            "filename": "api/FileSystemEntry.json",
            "name": "isDirectory",
            "slug": "API/FileSystemEntry/isDirectory",
            "mdn_url": "https://developer.mozilla.org/en-US/docs/Web/API/FileSystemEntry/isDirectory",
            "summary": "The read-only isDirectory property of the FileSystemEntry interface is true if the entry represents a directory (meaning it's a FileSystemDirectoryEntry) and false if it's not.",
            "support": {
                "chrome": {
                    "version_added": "8"
                },
                "chrome_android": "mirror",
                "edge": "mirror",
                "firefox": {
                    "version_added": "50"
                },
                "firefox_android": "mirror",
                "ie": {
                    "version_added": false
                },
                "oculus": "mirror",
                "opera": {
                    "version_added": false
                },
                "opera_android": "mirror",
                "safari": {
                    "version_added": "11.1"
                },
                "safari_ios": "mirror",
                "samsunginternet_android": "mirror",
                "webview_android": {
                    "version_added": "37"
                },
                "edge_blink": {
                    "version_added": "79"
                }
            },
            "title": "FileSystemEntry: isDirectory property"
        }
    ],
    "dom-filesystementry-isfile": [
        {
            "engines": [
                "blink",
                "gecko",
                "webkit"
            ],
            "filename": "api/FileSystemEntry.json",
            "name": "isFile",
            "slug": "API/FileSystemEntry/isFile",
            "mdn_url": "https://developer.mozilla.org/en-US/docs/Web/API/FileSystemEntry/isFile",
            "summary": "The read-only isFile property of the FileSystemEntry interface is true if the entry represents a file (meaning it's a FileSystemFileEntry) and false if it's not.",
            "support": {
                "chrome": {
                    "version_added": "8"
                },
                "chrome_android": "mirror",
                "edge": "mirror",
                "firefox": {
                    "version_added": "50"
                },
                "firefox_android": "mirror",
                "ie": {
                    "version_added": false
                },
                "oculus": "mirror",
                "opera": {
                    "version_added": false
                },
                "opera_android": "mirror",
                "safari": {
                    "version_added": "11.1"
                },
                "safari_ios": "mirror",
                "samsunginternet_android": "mirror",
                "webview_android": {
                    "version_added": "37"
                },
                "edge_blink": {
                    "version_added": "79"
                }
            },
            "title": "FileSystemEntry: isFile property"
        }
    ],
    "dom-filesystementry-name": [
        {
            "engines": [
                "blink",
                "gecko",
                "webkit"
            ],
            "filename": "api/FileSystemEntry.json",
            "name": "name",
            "slug": "API/FileSystemEntry/name",
            "mdn_url": "https://developer.mozilla.org/en-US/docs/Web/API/FileSystemEntry/name",
            "summary": "The read-only name property of the FileSystemEntry interface returns a string specifying the entry's name; this is the entry within its parent directory (the last component of the path as indicated by the fullPath property).",
            "support": {
                "chrome": {
                    "version_added": "8"
                },
                "chrome_android": "mirror",
                "edge": "mirror",
                "firefox": {
                    "version_added": "50"
                },
                "firefox_android": "mirror",
                "ie": {
                    "version_added": false
                },
                "oculus": "mirror",
                "opera": {
                    "version_added": false
                },
                "opera_android": "mirror",
                "safari": {
                    "version_added": "11.1"
                },
                "safari_ios": "mirror",
                "samsunginternet_android": "mirror",
                "webview_android": {
                    "version_added": "37"
                },
                "edge_blink": {
                    "version_added": "79"
                }
            },
            "title": "FileSystemEntry: name property"
        }
    ],
    "api-entry": [
        {
            "engines": [
                "blink",
                "gecko",
                "webkit"
            ],
            "filename": "api/FileSystemEntry.json",
            "name": "FileSystemEntry",
            "slug": "API/FileSystemEntry",
            "mdn_url": "https://developer.mozilla.org/en-US/docs/Web/API/FileSystemEntry",
            "summary": "The FileSystemEntry interface of the File and Directory Entries API represents a single entry in a file system. The entry can be a file or a directory (directories are represented by the FileSystemDirectoryEntry interface). It includes methods for working with files—including copying, moving, removing, and reading files—as well as information about a file it points to—including the file name and its path from the root to the entry.",
            "support": {
                "chrome": {
                    "version_added": "8"
                },
                "chrome_android": "mirror",
                "edge": "mirror",
                "firefox": {
                    "version_added": "50"
                },
                "firefox_android": "mirror",
                "ie": {
                    "version_added": false
                },
                "oculus": "mirror",
                "opera": {
                    "version_added": false
                },
                "opera_android": "mirror",
                "safari": {
                    "version_added": "11.1"
                },
                "safari_ios": "mirror",
                "samsunginternet_android": "mirror",
                "webview_android": {
                    "version_added": "37"
                },
                "edge_blink": {
                    "version_added": "79"
                }
            },
            "title": "FileSystemEntry"
        }
    ],
    "dom-filesystemfileentry-file": [
        {
            "engines": [
                "blink",
                "gecko",
                "webkit"
            ],
            "filename": "api/FileSystemFileEntry.json",
            "name": "file",
            "slug": "API/FileSystemFileEntry/file",
            "mdn_url": "https://developer.mozilla.org/en-US/docs/Web/API/FileSystemFileEntry/file",
            "summary": "The FileSystemFileEntry interface's method file() returns a File object which can be used to read data from the file represented by the directory entry.",
            "support": {
                "chrome": {
                    "version_added": "8"
                },
                "chrome_android": "mirror",
                "edge": "mirror",
                "firefox": {
                    "version_added": "50"
                },
                "firefox_android": "mirror",
                "ie": {
                    "version_added": false
                },
                "oculus": "mirror",
                "opera": {
                    "version_added": false
                },
                "opera_android": "mirror",
                "safari": {
                    "version_added": "11.1"
                },
                "safari_ios": "mirror",
                "samsunginternet_android": "mirror",
                "webview_android": {
                    "version_added": "37"
                },
                "edge_blink": {
                    "version_added": "79"
                }
            },
            "title": "FileSystemFileEntry: file() method"
        }
    ],
    "api-fileentry": [
        {
            "engines": [
                "blink",
                "gecko",
                "webkit"
            ],
            "filename": "api/FileSystemFileEntry.json",
            "name": "FileSystemFileEntry",
            "slug": "API/FileSystemFileEntry",
            "mdn_url": "https://developer.mozilla.org/en-US/docs/Web/API/FileSystemFileEntry",
            "summary": "The FileSystemFileEntry interface of the File and Directory Entries API represents a file in a file system. It offers properties describing the file's attributes, as well as the file() method, which creates a File object that can be used to read the file.",
            "support": {
                "chrome": {
                    "version_added": "8"
                },
                "chrome_android": "mirror",
                "edge": "mirror",
                "firefox": {
                    "version_added": "50"
                },
                "firefox_android": "mirror",
                "ie": {
                    "version_added": false
                },
                "oculus": "mirror",
                "opera": {
                    "version_added": false
                },
                "opera_android": "mirror",
                "safari": {
                    "version_added": "11.1"
                },
                "safari_ios": "mirror",
                "samsunginternet_android": "mirror",
                "webview_android": {
                    "version_added": "37"
                },
                "edge_blink": {
                    "version_added": "79"
                }
            },
            "title": "FileSystemFileEntry"
        }
    ],
    "dom-htmlinputelement-webkitdirectory": [
        {
            "engines": [
                "blink",
                "gecko",
                "webkit"
            ],
            "filename": "api/HTMLInputElement.json",
            "name": "webkitdirectory",
            "slug": "API/HTMLInputElement/webkitdirectory",
            "mdn_url": "https://developer.mozilla.org/en-US/docs/Web/API/HTMLInputElement/webkitdirectory",
            "summary": "The HTMLInputElement.webkitdirectory is a property that reflects the webkitdirectory HTML attribute and indicates that the <input> element should let the user select directories instead of files. When a directory is selected, the directory and its entire hierarchy of contents are included in the set of selected items. The selected file system entries can be obtained using the webkitEntries property.",
            "support": {
                "chrome": {
                    "version_added": "7"
                },
                "chrome_android": "mirror",
                "edge": {
                    "version_added": "13"
                },
                "firefox": {
                    "version_added": "50"
                },
                "firefox_android": {
                    "version_added": false
                },
                "ie": {
                    "version_added": false
                },
                "oculus": "mirror",
                "opera": "mirror",
                "opera_android": "mirror",
                "safari": {
                    "version_added": "11.1"
                },
                "safari_ios": "mirror",
                "samsunginternet_android": "mirror",
                "webview_android": "mirror",
                "edge_blink": {
                    "version_added": "79"
                }
            },
            "caniuse": {
                "feature": "input-file-directory",
                "title": "Directory selection from file input"
            },
            "title": "HTMLInputElement: webkitdirectory property"
        }
    ],
    "dom-htmlinputelement-webkitentries": [
        {
            "engines": [
                "blink",
                "gecko",
                "webkit"
            ],
            "filename": "api/HTMLInputElement.json",
            "name": "webkitEntries",
            "slug": "API/HTMLInputElement/webkitEntries",
            "mdn_url": "https://developer.mozilla.org/en-US/docs/Web/API/HTMLInputElement/webkitEntries",
            "summary": "The read-only webkitEntries property of the HTMLInputElement interface contains an array of file system entries (as objects based on FileSystemEntry) representing files and/or directories selected by the user using an <input> element of type file, but only if that selection was made using drag-and-drop: selecting a file in the dialog will leave the property empty.",
            "support": {
                "chrome": {
                    "version_added": "22"
                },
                "chrome_android": "mirror",
                "edge": "mirror",
                "firefox": {
                    "version_added": "50"
                },
                "firefox_android": {
                    "version_added": false
                },
                "ie": {
                    "version_added": false
                },
                "oculus": "mirror",
                "opera": "mirror",
                "opera_android": "mirror",
                "safari": {
                    "version_added": "11.1"
                },
                "safari_ios": "mirror",
                "samsunginternet_android": "mirror",
                "webview_android": {
                    "version_added": false
                },
                "edge_blink": {
                    "version_added": "79"
                }
            },
            "title": "HTMLInputElement: webkitEntries property"
        }
    ]
}
