{
    "eyedropper-interface": [
        {
            "engines": [
                "blink"
            ],
            "filename": "api/EyeDropper.json",
            "name": "EyeDropper",
            "slug": "API/EyeDropper/EyeDropper",
            "mdn_url": "https://developer.mozilla.org/en-US/docs/Web/API/EyeDropper/EyeDropper",
            "summary": "The EyeDropper() constructor returns a new EyeDropper object.",
            "support": {
                "chrome": {
                    "version_added": "95"
                },
                "chrome_android": {
                    "version_added": false
                },
                "edge": "mirror",
                "firefox": {
                    "version_added": false
                },
                "firefox_android": "mirror",
                "ie": {
                    "version_added": false
                },
                "oculus": "mirror",
                "opera": "mirror",
                "opera_android": "mirror",
                "safari": {
                    "version_added": false
                },
                "safari_ios": "mirror",
                "samsunginternet_android": "mirror",
                "webview_android": "mirror",
                "edge_blink": {
                    "version_added": "95"
                }
            },
            "title": "EyeDropper: EyeDropper() constructor"
        },
        {
            "engines": [
                "blink"
            ],
            "filename": "api/EyeDropper.json",
            "name": "EyeDropper",
            "slug": "API/EyeDropper",
            "mdn_url": "https://developer.mozilla.org/en-US/docs/Web/API/EyeDropper",
            "summary": "The EyeDropper interface represents an instance of an eyedropper tool that can be opened and used by the user to select colors from the screen.",
            "support": {
                "chrome": {
                    "version_added": "95"
                },
                "chrome_android": {
                    "version_added": false
                },
                "edge": "mirror",
                "firefox": {
                    "version_added": false
                },
                "firefox_android": "mirror",
                "ie": {
                    "version_added": false
                },
                "oculus": "mirror",
                "opera": "mirror",
                "opera_android": "mirror",
                "safari": {
                    "version_added": false
                },
                "safari_ios": "mirror",
                "samsunginternet_android": "mirror",
                "webview_android": "mirror",
                "edge_blink": {
                    "version_added": "95"
                }
            },
            "title": "EyeDropper"
        }
    ],
    "dom-eyedropper-open": [
        {
            "engines": [
                "blink"
            ],
            "filename": "api/EyeDropper.json",
            "name": "open",
            "slug": "API/EyeDropper/open",
            "mdn_url": "https://developer.mozilla.org/en-US/docs/Web/API/EyeDropper/open",
            "summary": "The EyeDropper.open() method starts the eyedropper mode, returning a promise which is fulfilled once the user has selected a color and exited the eyedropper mode.",
            "support": {
                "chrome": {
                    "version_added": "95"
                },
                "chrome_android": {
                    "version_added": false
                },
                "edge": "mirror",
                "firefox": {
                    "version_added": false
                },
                "firefox_android": "mirror",
                "ie": {
                    "version_added": false
                },
                "oculus": "mirror",
                "opera": "mirror",
                "opera_android": "mirror",
                "safari": {
                    "version_added": false
                },
                "safari_ios": "mirror",
                "samsunginternet_android": "mirror",
                "webview_android": "mirror",
                "edge_blink": {
                    "version_added": "95"
                }
            },
            "title": "EyeDropper: open() method"
        }
    ]
}
