{
    "clearwatch-method": [
        {
            "engines": [
                "blink",
                "gecko",
                "webkit"
            ],
            "filename": "api/Geolocation.json",
            "name": "clearWatch",
            "slug": "API/Geolocation/clearWatch",
            "mdn_url": "https://developer.mozilla.org/en-US/docs/Web/API/Geolocation/clearWatch",
            "summary": "The Geolocation.clearWatch() method is used to unregister location/error monitoring handlers previously installed using Geolocation.watchPosition().",
            "support": {
                "chrome": {
                    "version_added": "5"
                },
                "chrome_android": "mirror",
                "edge": {
                    "version_added": "12"
                },
                "firefox": {
                    "version_added": "3.5"
                },
                "firefox_android": "mirror",
                "ie": {
                    "version_added": "9"
                },
                "oculus": "mirror",
                "opera": {
                    "version_added": "10.6"
                },
                "opera_android": {
                    "version_added": "11"
                },
                "safari": {
                    "version_added": "5"
                },
                "safari_ios": {
                    "version_added": "3"
                },
                "samsunginternet_android": "mirror",
                "webview_android": {
                    "version_added": "37"
                },
                "edge_blink": {
                    "version_added": "79"
                }
            },
            "title": "Geolocation: clearWatch() method"
        }
    ],
    "getcurrentposition-method": [
        {
            "engines": [
                "blink",
                "gecko",
                "webkit"
            ],
            "filename": "api/Geolocation.json",
            "name": "getCurrentPosition",
            "slug": "API/Geolocation/getCurrentPosition",
            "mdn_url": "https://developer.mozilla.org/en-US/docs/Web/API/Geolocation/getCurrentPosition",
            "summary": "The Geolocation.getCurrentPosition() method is used to get the current position of the device.",
            "support": {
                "chrome": {
                    "version_added": "5"
                },
                "chrome_android": "mirror",
                "edge": {
                    "version_added": "12"
                },
                "firefox": {
                    "version_added": "3.5"
                },
                "firefox_android": "mirror",
                "ie": {
                    "version_added": "9"
                },
                "oculus": "mirror",
                "opera": {
                    "version_added": "10.6"
                },
                "opera_android": {
                    "version_added": "11"
                },
                "safari": {
                    "version_added": "5"
                },
                "safari_ios": {
                    "version_added": "3"
                },
                "samsunginternet_android": "mirror",
                "webview_android": {
                    "version_added": "37"
                },
                "edge_blink": {
                    "version_added": "79"
                }
            },
            "title": "Geolocation: getCurrentPosition() method"
        }
    ],
    "watchposition-method": [
        {
            "engines": [
                "blink",
                "gecko",
                "webkit"
            ],
            "filename": "api/Geolocation.json",
            "name": "watchPosition",
            "slug": "API/Geolocation/watchPosition",
            "mdn_url": "https://developer.mozilla.org/en-US/docs/Web/API/Geolocation/watchPosition",
            "summary": "The Geolocation method watchPosition() method is used to register a handler function that will be called automatically each time the position of the device changes. You can also, optionally, specify an error handling callback function.",
            "support": {
                "chrome": {
                    "version_added": "5"
                },
                "chrome_android": "mirror",
                "edge": {
                    "version_added": "12"
                },
                "firefox": {
                    "version_added": "3.5"
                },
                "firefox_android": "mirror",
                "ie": {
                    "version_added": "9"
                },
                "oculus": "mirror",
                "opera": {
                    "version_added": "10.6"
                },
                "opera_android": {
                    "version_added": "11"
                },
                "safari": {
                    "version_added": "5"
                },
                "safari_ios": {
                    "version_added": "3"
                },
                "samsunginternet_android": "mirror",
                "webview_android": {
                    "version_added": "37"
                },
                "edge_blink": {
                    "version_added": "79"
                }
            },
            "title": "Geolocation: watchPosition() method"
        }
    ],
    "geolocation_interface": [
        {
            "engines": [
                "blink",
                "gecko",
                "webkit"
            ],
            "filename": "api/Geolocation.json",
            "name": "Geolocation",
            "slug": "API/Geolocation",
            "mdn_url": "https://developer.mozilla.org/en-US/docs/Web/API/Geolocation",
            "summary": "The Geolocation interface represents an object able to obtain the position of the device programmatically. It gives Web content access to the location of the device. This allows a website or app to offer customized results based on the user's location.",
            "support": {
                "chrome": {
                    "version_added": "5"
                },
                "chrome_android": "mirror",
                "edge": {
                    "version_added": "12"
                },
                "firefox": {
                    "version_added": "3.5",
                    "notes": "<a href='https://gpsd.gitlab.io/gpsd/index.html'>GPSD</a> (GPS daemon) support added in Firefox 3.6. WiFi-based location is provided by Google (<a href='https://support.mozilla.org/en-US/kb/does-firefox-share-my-location-websites'>privacy</a>) or a custom provider (<a href='https://wiki.mozilla.org/CloudServices/Location/Software'>MLS instructions</a>)."
                },
                "firefox_android": {
                    "version_added": "4"
                },
                "ie": {
                    "version_added": "9"
                },
                "oculus": "mirror",
                "opera": {
                    "version_added": "10.6"
                },
                "opera_android": {
                    "version_added": "11"
                },
                "safari": {
                    "version_added": "5"
                },
                "safari_ios": {
                    "version_added": "3"
                },
                "samsunginternet_android": "mirror",
                "webview_android": {
                    "version_added": "37"
                },
                "edge_blink": {
                    "version_added": "79"
                }
            },
            "title": "Geolocation"
        }
    ],
    "latitude-longitude-and-accuracy-attributes": [
        {
            "engines": [
                "blink",
                "gecko",
                "webkit"
            ],
            "filename": "api/GeolocationCoordinates.json",
            "name": "accuracy",
            "slug": "API/GeolocationCoordinates/accuracy",
            "mdn_url": "https://developer.mozilla.org/en-US/docs/Web/API/GeolocationCoordinates/accuracy",
            "summary": "The GeolocationCoordinates.accuracy read-only property is a strictly positive double representing the accuracy, with a 95% confidence level, of the GeolocationCoordinates.latitude and GeolocationCoordinates.longitude properties expressed in meters.",
            "support": {
                "chrome": {
                    "version_added": "5"
                },
                "chrome_android": "mirror",
                "edge": {
                    "version_added": "12"
                },
                "firefox": {
                    "version_added": "3.5"
                },
                "firefox_android": "mirror",
                "ie": {
                    "version_added": "9"
                },
                "oculus": "mirror",
                "opera": [
                    {
                        "version_added": "16"
                    },
                    {
                        "version_added": "10.6",
                        "version_removed": "15"
                    }
                ],
                "opera_android": [
                    {
                        "version_added": "16"
                    },
                    {
                        "version_added": "11",
                        "version_removed": "14"
                    }
                ],
                "safari": {
                    "version_added": "5"
                },
                "safari_ios": {
                    "version_added": "3"
                },
                "samsunginternet_android": "mirror",
                "webview_android": {
                    "version_added": "37"
                },
                "edge_blink": {
                    "version_added": "79"
                }
            },
            "title": "GeolocationCoordinates: accuracy property"
        },
        {
            "engines": [
                "blink",
                "gecko",
                "webkit"
            ],
            "filename": "api/GeolocationCoordinates.json",
            "name": "latitude",
            "slug": "API/GeolocationCoordinates/latitude",
            "mdn_url": "https://developer.mozilla.org/en-US/docs/Web/API/GeolocationCoordinates/latitude",
            "summary": "The GeolocationCoordinates.latitude read-only property is a double representing the latitude of the position in decimal degrees.",
            "support": {
                "chrome": {
                    "version_added": "5"
                },
                "chrome_android": "mirror",
                "edge": {
                    "version_added": "12"
                },
                "firefox": {
                    "version_added": "3.5"
                },
                "firefox_android": "mirror",
                "ie": {
                    "version_added": "9"
                },
                "oculus": "mirror",
                "opera": [
                    {
                        "version_added": "16"
                    },
                    {
                        "version_added": "10.6",
                        "version_removed": "15"
                    }
                ],
                "opera_android": [
                    {
                        "version_added": "16"
                    },
                    {
                        "version_added": "11",
                        "version_removed": "14"
                    }
                ],
                "safari": {
                    "version_added": "5"
                },
                "safari_ios": {
                    "version_added": "3"
                },
                "samsunginternet_android": "mirror",
                "webview_android": {
                    "version_added": "37"
                },
                "edge_blink": {
                    "version_added": "79"
                }
            },
            "title": "GeolocationCoordinates: latitude property"
        },
        {
            "engines": [
                "blink",
                "gecko",
                "webkit"
            ],
            "filename": "api/GeolocationCoordinates.json",
            "name": "longitude",
            "slug": "API/GeolocationCoordinates/longitude",
            "mdn_url": "https://developer.mozilla.org/en-US/docs/Web/API/GeolocationCoordinates/longitude",
            "summary": "The GeolocationCoordinates interface's read-only longitude property is a number which represents the longitude of a geographical position, specified in decimal degrees. Together with a timestamp, given as Unix time in milliseconds, indicating a time of measurement, the GeolocationCoordinates object is part of the GeolocationPosition interface, which is the object type returned by Geolocation API functions that obtain and return a geographical position.",
            "support": {
                "chrome": {
                    "version_added": "5"
                },
                "chrome_android": "mirror",
                "edge": {
                    "version_added": "12"
                },
                "firefox": {
                    "version_added": "3.5"
                },
                "firefox_android": "mirror",
                "ie": {
                    "version_added": "9"
                },
                "oculus": "mirror",
                "opera": [
                    {
                        "version_added": "16"
                    },
                    {
                        "version_added": "10.6",
                        "version_removed": "15"
                    }
                ],
                "opera_android": [
                    {
                        "version_added": "16"
                    },
                    {
                        "version_added": "11",
                        "version_removed": "14"
                    }
                ],
                "safari": {
                    "version_added": "5"
                },
                "safari_ios": {
                    "version_added": "3"
                },
                "samsunginternet_android": "mirror",
                "webview_android": {
                    "version_added": "37"
                },
                "edge_blink": {
                    "version_added": "79"
                }
            },
            "title": "GeolocationCoordinates: longitude property"
        }
    ],
    "altitude-and-altitudeaccuracy-attributes": [
        {
            "engines": [
                "blink",
                "gecko",
                "webkit"
            ],
            "filename": "api/GeolocationCoordinates.json",
            "name": "altitude",
            "slug": "API/GeolocationCoordinates/altitude",
            "mdn_url": "https://developer.mozilla.org/en-US/docs/Web/API/GeolocationCoordinates/altitude",
            "summary": "The GeolocationCoordinates.altitude read-only property is a double representing the altitude of the position in meters above the WGS84 ellipsoid (which defines the nominal sea level surface). This value is null if the implementation cannot provide this data.",
            "support": {
                "chrome": {
                    "version_added": "5"
                },
                "chrome_android": "mirror",
                "edge": {
                    "version_added": "12"
                },
                "firefox": {
                    "version_added": "3.5"
                },
                "firefox_android": "mirror",
                "ie": {
                    "version_added": "9"
                },
                "oculus": "mirror",
                "opera": [
                    {
                        "version_added": "16"
                    },
                    {
                        "version_added": "10.6",
                        "version_removed": "15"
                    }
                ],
                "opera_android": [
                    {
                        "version_added": "16"
                    },
                    {
                        "version_added": "11",
                        "version_removed": "14"
                    }
                ],
                "safari": {
                    "version_added": "5"
                },
                "safari_ios": {
                    "version_added": "3"
                },
                "samsunginternet_android": "mirror",
                "webview_android": {
                    "version_added": "37"
                },
                "edge_blink": {
                    "version_added": "79"
                }
            },
            "title": "GeolocationCoordinates: altitude property"
        },
        {
            "engines": [
                "blink",
                "gecko",
                "webkit"
            ],
            "filename": "api/GeolocationCoordinates.json",
            "name": "altitudeAccuracy",
            "slug": "API/GeolocationCoordinates/altitudeAccuracy",
            "mdn_url": "https://developer.mozilla.org/en-US/docs/Web/API/GeolocationCoordinates/altitudeAccuracy",
            "summary": "The GeolocationCoordinates.altitudeAccuracy read-only property is a strictly positive double representing the accuracy, with a 95% confidence level, of the altitude expressed in meters. This value is null if the implementation doesn't support measuring altitude.",
            "support": {
                "chrome": {
                    "version_added": "5"
                },
                "chrome_android": "mirror",
                "edge": {
                    "version_added": "12"
                },
                "firefox": {
                    "version_added": "3.5"
                },
                "firefox_android": "mirror",
                "ie": {
                    "version_added": "9"
                },
                "oculus": "mirror",
                "opera": [
                    {
                        "version_added": "16"
                    },
                    {
                        "version_added": "10.6",
                        "version_removed": "15"
                    }
                ],
                "opera_android": [
                    {
                        "version_added": "16"
                    },
                    {
                        "version_added": "11",
                        "version_removed": "14"
                    }
                ],
                "safari": {
                    "version_added": "5"
                },
                "safari_ios": {
                    "version_added": "3"
                },
                "samsunginternet_android": "mirror",
                "webview_android": {
                    "version_added": "37"
                },
                "edge_blink": {
                    "version_added": "79"
                }
            },
            "title": "GeolocationCoordinates: altitudeAccuracy property"
        }
    ],
    "heading-attribute": [
        {
            "engines": [
                "blink",
                "gecko",
                "webkit"
            ],
            "filename": "api/GeolocationCoordinates.json",
            "name": "heading",
            "slug": "API/GeolocationCoordinates/heading",
            "mdn_url": "https://developer.mozilla.org/en-US/docs/Web/API/GeolocationCoordinates/heading",
            "summary": "The GeolocationCoordinates.heading read-only property is a double representing the direction in which the device is traveling. This value, specified in degrees, indicates how far off from heading due north the device is. 0 degrees represents true north, and the direction is determined clockwise (which means that east is 90 degrees and west is 270 degrees). If GeolocationCoordinates.speed is 0, heading is NaN. If the device is not able to provide heading information, this value is null.",
            "support": {
                "chrome": {
                    "version_added": "5"
                },
                "chrome_android": "mirror",
                "edge": {
                    "version_added": "12"
                },
                "firefox": {
                    "version_added": "3.5"
                },
                "firefox_android": "mirror",
                "ie": {
                    "version_added": "9"
                },
                "oculus": "mirror",
                "opera": [
                    {
                        "version_added": "16"
                    },
                    {
                        "version_added": "10.6",
                        "version_removed": "15"
                    }
                ],
                "opera_android": [
                    {
                        "version_added": "16"
                    },
                    {
                        "version_added": "11",
                        "version_removed": "14"
                    }
                ],
                "safari": {
                    "version_added": "5"
                },
                "safari_ios": {
                    "version_added": "3"
                },
                "samsunginternet_android": "mirror",
                "webview_android": {
                    "version_added": "37"
                },
                "edge_blink": {
                    "version_added": "79"
                }
            },
            "title": "GeolocationCoordinates: heading property"
        }
    ],
    "speed-attribute": [
        {
            "engines": [
                "blink",
                "gecko",
                "webkit"
            ],
            "filename": "api/GeolocationCoordinates.json",
            "name": "speed",
            "slug": "API/GeolocationCoordinates/speed",
            "mdn_url": "https://developer.mozilla.org/en-US/docs/Web/API/GeolocationCoordinates/speed",
            "summary": "The GeolocationCoordinates.speed read-only property is a double representing the velocity of the device in meters per second. This value is null if the implementation is not able to measure it.",
            "support": {
                "chrome": {
                    "version_added": "5"
                },
                "chrome_android": "mirror",
                "edge": {
                    "version_added": "12"
                },
                "firefox": {
                    "version_added": "3.5"
                },
                "firefox_android": "mirror",
                "ie": {
                    "version_added": "9"
                },
                "oculus": "mirror",
                "opera": [
                    {
                        "version_added": "16"
                    },
                    {
                        "version_added": "10.6",
                        "version_removed": "15"
                    }
                ],
                "opera_android": [
                    {
                        "version_added": "16"
                    },
                    {
                        "version_added": "11",
                        "version_removed": "14"
                    }
                ],
                "safari": {
                    "version_added": "5"
                },
                "safari_ios": {
                    "version_added": "3"
                },
                "samsunginternet_android": "mirror",
                "webview_android": {
                    "version_added": "37"
                },
                "edge_blink": {
                    "version_added": "79"
                }
            },
            "title": "GeolocationCoordinates: speed property"
        }
    ],
    "coordinates_interface": [
        {
            "engines": [
                "blink",
                "gecko",
                "webkit"
            ],
            "filename": "api/GeolocationCoordinates.json",
            "name": "GeolocationCoordinates",
            "slug": "API/GeolocationCoordinates",
            "mdn_url": "https://developer.mozilla.org/en-US/docs/Web/API/GeolocationCoordinates",
            "summary": "The GeolocationCoordinates interface represents the position and altitude of the device on Earth, as well as the accuracy with which these properties are calculated.",
            "support": {
                "chrome": [
                    {
                        "version_added": "79"
                    },
                    {
                        "version_added": "5",
                        "version_removed": "78",
                        "alternative_name": "Coordinates"
                    }
                ],
                "chrome_android": "mirror",
                "edge": {
                    "version_added": false
                },
                "firefox": [
                    {
                        "version_added": "72"
                    },
                    {
                        "version_added": "3.5",
                        "version_removed": "71",
                        "alternative_name": "Coordinates"
                    }
                ],
                "firefox_android": "mirror",
                "ie": {
                    "alternative_name": "Coordinates",
                    "version_added": "9"
                },
                "oculus": "mirror",
                "opera": [
                    {
                        "alternative_name": "Coordinates",
                        "version_added": "16"
                    },
                    {
                        "version_added": "10.6",
                        "version_removed": "15"
                    }
                ],
                "opera_android": [
                    {
                        "version_added": "16"
                    },
                    {
                        "version_added": "11",
                        "version_removed": "14"
                    }
                ],
                "safari": [
                    {
                        "version_added": "13.1"
                    },
                    {
                        "alternative_name": "Coordinates",
                        "version_added": "5",
                        "version_removed": "13.1"
                    }
                ],
                "safari_ios": [
                    {
                        "version_added": "13.4"
                    },
                    {
                        "alternative_name": "Coordinates",
                        "version_added": "3",
                        "version_removed": "13.4"
                    }
                ],
                "samsunginternet_android": {
                    "alternative_name": "Coordinates",
                    "version_added": "1.0"
                },
                "webview_android": [
                    {
                        "version_added": "79"
                    },
                    {
                        "version_added": "37",
                        "version_removed": "78",
                        "alternative_name": "Coordinates"
                    }
                ],
                "edge_blink": [
                    {
                        "version_added": "79"
                    },
                    {
                        "version_added": false,
                        "version_removed": "78",
                        "alternative_name": "Coordinates"
                    }
                ]
            },
            "title": "GeolocationCoordinates"
        }
    ],
    "coords-attribute": [
        {
            "engines": [
                "blink",
                "gecko",
                "webkit"
            ],
            "filename": "api/GeolocationPosition.json",
            "name": "coords",
            "slug": "API/GeolocationPosition/coords",
            "mdn_url": "https://developer.mozilla.org/en-US/docs/Web/API/GeolocationPosition/coords",
            "summary": "The GeolocationPosition.coords read-only property returns a GeolocationCoordinates object representing a geographic position. It contains the location, that is longitude and latitude on the Earth, the altitude, and the speed of the object concerned, regrouped inside the returned value. It also contains accuracy information about these values.",
            "support": {
                "chrome": {
                    "version_added": "5"
                },
                "chrome_android": "mirror",
                "edge": {
                    "version_added": "12"
                },
                "firefox": {
                    "version_added": "3.5"
                },
                "firefox_android": "mirror",
                "ie": {
                    "version_added": "9"
                },
                "oculus": "mirror",
                "opera": {
                    "version_added": "16"
                },
                "opera_android": {
                    "version_added": "16"
                },
                "safari": {
                    "version_added": "5"
                },
                "safari_ios": {
                    "version_added": "3"
                },
                "samsunginternet_android": "mirror",
                "webview_android": {
                    "version_added": "37"
                },
                "edge_blink": {
                    "version_added": "79"
                }
            },
            "title": "GeolocationPosition: coords property"
        }
    ],
    "timestamp-attribute": [
        {
            "engines": [
                "blink",
                "gecko",
                "webkit"
            ],
            "filename": "api/GeolocationPosition.json",
            "name": "timestamp",
            "slug": "API/GeolocationPosition/timestamp",
            "mdn_url": "https://developer.mozilla.org/en-US/docs/Web/API/GeolocationPosition/timestamp",
            "summary": "The GeolocationPosition.timestamp read-only property represents the date and time that the position was acquired by the device.",
            "support": {
                "chrome": {
                    "version_added": "5"
                },
                "chrome_android": "mirror",
                "edge": {
                    "version_added": "12"
                },
                "firefox": {
                    "version_added": "3.5"
                },
                "firefox_android": "mirror",
                "ie": {
                    "version_added": "9"
                },
                "oculus": "mirror",
                "opera": {
                    "version_added": "16"
                },
                "opera_android": {
                    "version_added": "16"
                },
                "safari": {
                    "version_added": "5"
                },
                "safari_ios": {
                    "version_added": "3"
                },
                "samsunginternet_android": "mirror",
                "webview_android": {
                    "version_added": "37"
                },
                "edge_blink": {
                    "version_added": "79"
                }
            },
            "title": "GeolocationPosition: timestamp property"
        }
    ],
    "position_interface": [
        {
            "engines": [
                "blink",
                "gecko",
                "webkit"
            ],
            "filename": "api/GeolocationPosition.json",
            "name": "GeolocationPosition",
            "slug": "API/GeolocationPosition",
            "mdn_url": "https://developer.mozilla.org/en-US/docs/Web/API/GeolocationPosition",
            "summary": "The GeolocationPosition interface represents the position of the concerned device at a given time. The position, represented by a GeolocationCoordinates object, comprehends the 2D position of the device, on a spheroid representing the Earth, but also its altitude and its speed.",
            "support": {
                "chrome": [
                    {
                        "version_added": "79"
                    },
                    {
                        "version_added": "5",
                        "version_removed": "78",
                        "alternative_name": "Position"
                    }
                ],
                "chrome_android": "mirror",
                "edge": {
                    "version_added": false
                },
                "firefox": [
                    {
                        "version_added": "72"
                    },
                    {
                        "version_added": "3.5",
                        "version_removed": "71",
                        "alternative_name": "Position"
                    }
                ],
                "firefox_android": "mirror",
                "ie": {
                    "alternative_name": "Position",
                    "version_added": "9"
                },
                "oculus": "mirror",
                "opera": {
                    "alternative_name": "Position",
                    "version_added": "16"
                },
                "opera_android": {
                    "alternative_name": "Position",
                    "version_added": "16"
                },
                "safari": [
                    {
                        "version_added": "13.1"
                    },
                    {
                        "alternative_name": "Position",
                        "version_added": "5",
                        "version_removed": "13.1"
                    }
                ],
                "safari_ios": [
                    {
                        "version_added": "13.4"
                    },
                    {
                        "alternative_name": "Position",
                        "version_added": "3",
                        "version_removed": "13.4"
                    }
                ],
                "samsunginternet_android": "mirror",
                "webview_android": [
                    {
                        "version_added": "79"
                    },
                    {
                        "version_added": "37",
                        "version_removed": "78",
                        "alternative_name": "Position"
                    }
                ],
                "edge_blink": [
                    {
                        "version_added": "79"
                    },
                    {
                        "version_added": false,
                        "version_removed": "78",
                        "alternative_name": "Position"
                    }
                ]
            },
            "title": "GeolocationPosition"
        }
    ],
    "code-attribute": [
        {
            "engines": [
                "blink",
                "gecko",
                "webkit"
            ],
            "filename": "api/GeolocationPositionError.json",
            "name": "code",
            "slug": "API/GeolocationPositionError/code",
            "mdn_url": "https://developer.mozilla.org/en-US/docs/Web/API/GeolocationPositionError/code",
            "summary": "The GeolocationPositionError.code read-only property is an unsigned short representing the error code.",
            "support": {
                "chrome": {
                    "version_added": "5"
                },
                "chrome_android": "mirror",
                "edge": {
                    "version_added": "12"
                },
                "firefox": {
                    "version_added": "3.5"
                },
                "firefox_android": "mirror",
                "ie": {
                    "version_added": "9"
                },
                "oculus": "mirror",
                "opera": {
                    "version_added": "16"
                },
                "opera_android": {
                    "version_added": "16"
                },
                "safari": {
                    "version_added": "5"
                },
                "safari_ios": "mirror",
                "samsunginternet_android": "mirror",
                "webview_android": {
                    "version_added": "37"
                },
                "edge_blink": {
                    "version_added": "79"
                }
            },
            "title": "GeolocationPositionError: code property"
        }
    ],
    "message-attribute": [
        {
            "engines": [
                "blink",
                "gecko",
                "webkit"
            ],
            "filename": "api/GeolocationPositionError.json",
            "name": "message",
            "slug": "API/GeolocationPositionError/message",
            "mdn_url": "https://developer.mozilla.org/en-US/docs/Web/API/GeolocationPositionError/message",
            "summary": "The GeolocationPositionError.message read-only property returns a human-readable string describing the details of the error.",
            "support": {
                "chrome": {
                    "version_added": "5"
                },
                "chrome_android": "mirror",
                "edge": {
                    "version_added": "12"
                },
                "firefox": {
                    "version_added": "3.5"
                },
                "firefox_android": "mirror",
                "ie": {
                    "version_added": "9"
                },
                "oculus": "mirror",
                "opera": {
                    "version_added": "16"
                },
                "opera_android": {
                    "version_added": "16"
                },
                "safari": {
                    "version_added": "5"
                },
                "safari_ios": "mirror",
                "samsunginternet_android": "mirror",
                "webview_android": {
                    "version_added": "37"
                },
                "edge_blink": {
                    "version_added": "79"
                }
            },
            "title": "GeolocationPositionError: message property"
        }
    ],
    "position_error_interface": [
        {
            "engines": [
                "blink",
                "gecko",
                "webkit"
            ],
            "filename": "api/GeolocationPositionError.json",
            "name": "GeolocationPositionError",
            "slug": "API/GeolocationPositionError",
            "mdn_url": "https://developer.mozilla.org/en-US/docs/Web/API/GeolocationPositionError",
            "summary": "The GeolocationPositionError interface represents the reason of an error occurring when using the geolocating device.",
            "support": {
                "chrome": [
                    {
                        "version_added": "79"
                    },
                    {
                        "version_added": "5",
                        "version_removed": "78",
                        "alternative_name": "PositionError"
                    }
                ],
                "chrome_android": "mirror",
                "edge": {
                    "version_added": false
                },
                "firefox": [
                    {
                        "version_added": "72"
                    },
                    {
                        "version_added": "3.5",
                        "version_removed": "71",
                        "alternative_name": "PositionError"
                    }
                ],
                "firefox_android": "mirror",
                "ie": {
                    "alternative_name": "PositionError",
                    "version_added": "9"
                },
                "oculus": "mirror",
                "opera": {
                    "alternative_name": "PositionError",
                    "version_added": "16"
                },
                "opera_android": {
                    "alternative_name": "PositionError",
                    "version_added": "16"
                },
                "safari": [
                    {
                        "version_added": "13.1"
                    },
                    {
                        "alternative_name": "PositionError",
                        "version_added": "5"
                    }
                ],
                "safari_ios": "mirror",
                "samsunginternet_android": "mirror",
                "webview_android": [
                    {
                        "version_added": "79"
                    },
                    {
                        "version_added": "37",
                        "version_removed": "78",
                        "alternative_name": "PositionError"
                    }
                ],
                "edge_blink": [
                    {
                        "version_added": "79"
                    },
                    {
                        "version_added": false,
                        "version_removed": "78",
                        "alternative_name": "PositionError"
                    }
                ]
            },
            "title": "GeolocationPositionError"
        }
    ],
    "dom-navigator-geolocation": [
        {
            "engines": [
                "blink",
                "gecko",
                "webkit"
            ],
            "filename": "api/Navigator.json",
            "name": "geolocation",
            "slug": "API/Navigator/geolocation",
            "mdn_url": "https://developer.mozilla.org/en-US/docs/Web/API/Navigator/geolocation",
            "summary": "The Navigator.geolocation read-only property returns a Geolocation object that gives Web content access to the location of the device. This allows a website or app to offer customized results based on the user's location.",
            "support": {
                "chrome": {
                    "version_added": "5"
                },
                "chrome_android": "mirror",
                "edge": {
                    "version_added": "12"
                },
                "firefox": {
                    "version_added": "3.5"
                },
                "firefox_android": "mirror",
                "ie": {
                    "version_added": "9"
                },
                "oculus": "mirror",
                "opera": {
                    "version_added": "10.6"
                },
                "opera_android": {
                    "version_added": "11"
                },
                "safari": {
                    "version_added": "5"
                },
                "safari_ios": {
                    "version_added": "3"
                },
                "samsunginternet_android": "mirror",
                "webview_android": {
                    "version_added": "37"
                },
                "edge_blink": {
                    "version_added": "79"
                }
            },
            "title": "Navigator: geolocation property"
        }
    ],
    "dfn-geolocation": [
        {
            "engines": [
                "blink"
            ],
            "partial": [
                "gecko"
            ],
            "filename": "http/headers/Feature-Policy.json",
            "name": "geolocation",
            "slug": "HTTP/Headers/Feature-Policy/geolocation",
            "mdn_url": "https://developer.mozilla.org/en-US/docs/Web/HTTP/Headers/Feature-Policy/geolocation",
            "summary": "The HTTP Permissions-Policy header geolocation directive controls whether the current document is allowed to use the Geolocation Interface.",
            "support": {
                "chrome": {
                    "version_added": "60"
                },
                "chrome_android": "mirror",
                "edge": "mirror",
                "firefox": {
                    "version_added": "74",
                    "partial_implementation": true,
                    "notes": "Only supported through the <code>allow</code> attribute on <code>&lt;iframe&gt;</code> elements."
                },
                "firefox_android": "mirror",
                "ie": {
                    "version_added": false
                },
                "oculus": "mirror",
                "opera": "mirror",
                "opera_android": "mirror",
                "safari": {
                    "version_added": false
                },
                "safari_ios": "mirror",
                "samsunginternet_android": "mirror",
                "webview_android": "mirror",
                "edge_blink": {
                    "version_added": "79"
                }
            },
            "title": "Permissions-Policy: geolocation"
        }
    ],
    "permissions-policy": [
        {
            "engines": [
                "blink"
            ],
            "altname": [
                "gecko"
            ],
            "filename": "http/headers/Permissions-Policy.json",
            "name": "geolocation",
            "slug": "HTTP/Headers/Permissions-Policy/geolocation",
            "mdn_url": "https://developer.mozilla.org/en-US/docs/Web/HTTP/Headers/Permissions-Policy/geolocation",
            "summary": "The HTTP Permissions-Policy header geolocation directive controls whether the current document is allowed to use the Geolocation Interface.",
            "support": {
                "chrome": [
                    {
                        "version_added": "88"
                    },
                    {
                        "version_added": "64",
                        "alternative_name": "Feature-Policy"
                    }
                ],
                "chrome_android": "mirror",
                "edge": "mirror",
                "firefox": {
                    "version_added": "74",
                    "alternative_name": "Feature-Policy: geolocation",
                    "partial_implementation": true,
                    "notes": "Only supported through the <code>allow</code> attribute on <code>&lt;iframe&gt;</code> elements."
                },
                "firefox_android": "mirror",
                "ie": {
                    "version_added": false
                },
                "oculus": "mirror",
                "opera": "mirror",
                "opera_android": "mirror",
                "safari": {
                    "version_added": false
                },
                "safari_ios": "mirror",
                "samsunginternet_android": "mirror",
                "webview_android": "mirror",
                "edge_blink": [
                    {
                        "version_added": "88"
                    },
                    {
                        "version_added": "79",
                        "alternative_name": "Feature-Policy"
                    }
                ]
            },
            "title": "Permissions-Policy: geolocation"
        }
    ]
}
