{
    "dom-dommatrix-dommatrix": [
        {
            "engines": [
                "blink",
                "gecko",
                "webkit"
            ],
            "filename": "api/DOMMatrix.json",
            "name": "DOMMatrix",
            "slug": "API/DOMMatrix/DOMMatrix",
            "mdn_url": "https://developer.mozilla.org/en-US/docs/Web/API/DOMMatrix/DOMMatrix",
            "summary": "The DOMMatrix constructor creates a new DOMMatrix object which represents 4x4 matrices, suitable for 2D and 3D operations.",
            "support": {
                "chrome": [
                    {
                        "version_added": "61"
                    },
                    {
                        "version_added": "5",
                        "alternative_name": "SVGMatrix"
                    },
                    {
                        "version_added": "2",
                        "alternative_name": "WebKitCSSMatrix"
                    }
                ],
                "chrome_android": "mirror",
                "edge": {
                    "version_added": false
                },
                "firefox": [
                    {
                        "version_added": "33"
                    },
                    {
                        "version_added": "49",
                        "alternative_name": "WebKitCSSMatrix"
                    },
                    {
                        "version_added": "1.5",
                        "alternative_name": "SVGMatrix"
                    }
                ],
                "firefox_android": "mirror",
                "ie": [
                    {
                        "version_added": "11",
                        "alternative_name": "WebKitCSSMatrix"
                    },
                    {
                        "version_added": "10",
                        "alternative_name": "MSCSSMatrix"
                    },
                    {
                        "version_added": "9",
                        "alternative_name": "SVGMatrix"
                    }
                ],
                "oculus": "mirror",
                "opera": [
                    {
                        "version_added": "48"
                    },
                    {
                        "version_added": "15",
                        "alternative_name": "WebKitCSSMatrix"
                    },
                    {
                        "version_added": "12.1",
                        "alternative_name": "SVGMatrix"
                    }
                ],
                "opera_android": [
                    {
                        "version_added": "48"
                    },
                    {
                        "version_added": "14",
                        "alternative_name": "WebKitCSSMatrix"
                    },
                    {
                        "version_added": "12.1",
                        "alternative_name": "SVGMatrix"
                    }
                ],
                "safari": [
                    {
                        "version_added": "11"
                    },
                    {
                        "version_added": "5",
                        "alternative_name": "SVGMatrix"
                    },
                    {
                        "version_added": "4",
                        "alternative_name": "WebKitCSSMatrix"
                    }
                ],
                "safari_ios": [
                    {
                        "version_added": "11"
                    },
                    {
                        "version_added": "4",
                        "alternative_name": "SVGMatrix"
                    },
                    {
                        "version_added": "3",
                        "alternative_name": "WebKitCSSMatrix"
                    }
                ],
                "samsunginternet_android": "mirror",
                "webview_android": "mirror",
                "edge_blink": [
                    {
                        "version_added": "79"
                    },
                    {
                        "version_added": "79",
                        "alternative_name": "SVGMatrix"
                    },
                    {
                        "version_added": "79",
                        "alternative_name": "WebKitCSSMatrix"
                    }
                ]
            },
            "title": "DOMMatrix: DOMMatrix() constructor"
        }
    ],
    "DOMMatrix": [
        {
            "engines": [
                "blink",
                "gecko",
                "webkit"
            ],
            "filename": "api/DOMMatrix.json",
            "name": "DOMMatrix",
            "slug": "API/DOMMatrix",
            "mdn_url": "https://developer.mozilla.org/en-US/docs/Web/API/DOMMatrix",
            "summary": "The DOMMatrix interface represents 4×4 matrices, suitable for 2D and 3D operations including rotation and translation. It is a mutable version of the DOMMatrixReadOnly interface.",
            "support": {
                "chrome": [
                    {
                        "version_added": "61"
                    },
                    {
                        "version_added": "5",
                        "alternative_name": "SVGMatrix"
                    },
                    {
                        "version_added": "2",
                        "alternative_name": "WebKitCSSMatrix"
                    }
                ],
                "chrome_android": "mirror",
                "edge": {
                    "version_added": false
                },
                "firefox": [
                    {
                        "version_added": "33"
                    },
                    {
                        "version_added": "49",
                        "alternative_name": "WebKitCSSMatrix"
                    },
                    {
                        "version_added": "1.5",
                        "alternative_name": "SVGMatrix"
                    }
                ],
                "firefox_android": "mirror",
                "ie": [
                    {
                        "version_added": "11",
                        "alternative_name": "WebKitCSSMatrix"
                    },
                    {
                        "version_added": "10",
                        "alternative_name": "MSCSSMatrix"
                    },
                    {
                        "version_added": "9",
                        "alternative_name": "SVGMatrix"
                    }
                ],
                "oculus": "mirror",
                "opera": [
                    {
                        "version_added": "48"
                    },
                    {
                        "version_added": "15",
                        "alternative_name": "WebKitCSSMatrix"
                    },
                    {
                        "version_added": "12.1",
                        "alternative_name": "SVGMatrix"
                    }
                ],
                "opera_android": [
                    {
                        "version_added": "48"
                    },
                    {
                        "version_added": "14",
                        "alternative_name": "WebKitCSSMatrix"
                    },
                    {
                        "version_added": "12.1",
                        "alternative_name": "SVGMatrix"
                    }
                ],
                "safari": [
                    {
                        "version_added": "11"
                    },
                    {
                        "version_added": "5",
                        "alternative_name": "SVGMatrix"
                    },
                    {
                        "version_added": "4",
                        "alternative_name": "WebKitCSSMatrix"
                    }
                ],
                "safari_ios": [
                    {
                        "version_added": "11"
                    },
                    {
                        "version_added": "4",
                        "alternative_name": "SVGMatrix"
                    },
                    {
                        "version_added": "3",
                        "alternative_name": "WebKitCSSMatrix"
                    }
                ],
                "samsunginternet_android": "mirror",
                "webview_android": "mirror",
                "edge_blink": [
                    {
                        "version_added": "79"
                    },
                    {
                        "version_added": "79",
                        "alternative_name": "SVGMatrix"
                    },
                    {
                        "version_added": "79",
                        "alternative_name": "WebKitCSSMatrix"
                    }
                ]
            },
            "title": "DOMMatrix (WebKitCSSMatrix)"
        },
        {
            "engines": [
                "blink",
                "gecko",
                "webkit"
            ],
            "filename": "api/DOMMatrixReadOnly.json",
            "name": "DOMMatrixReadOnly",
            "slug": "API/DOMMatrixReadOnly",
            "mdn_url": "https://developer.mozilla.org/en-US/docs/Web/API/DOMMatrixReadOnly",
            "summary": "The DOMMatrixReadOnly interface represents a read-only 4×4 matrix, suitable for 2D and 3D operations. The DOMMatrix interface — which is based upon DOMMatrixReadOnly—adds mutability, allowing you to alter the matrix after creating it.",
            "support": {
                "chrome": {
                    "version_added": "61"
                },
                "chrome_android": "mirror",
                "edge": "mirror",
                "firefox": {
                    "version_added": "33"
                },
                "firefox_android": "mirror",
                "ie": {
                    "version_added": false
                },
                "oculus": "mirror",
                "opera": "mirror",
                "opera_android": "mirror",
                "safari": {
                    "version_added": "11"
                },
                "safari_ios": "mirror",
                "samsunginternet_android": "mirror",
                "webview_android": "mirror",
                "edge_blink": {
                    "version_added": "79"
                }
            },
            "title": "DOMMatrixReadOnly"
        }
    ],
    "dom-dommatrixreadonly-dommatrixreadonly": [
        {
            "engines": [
                "blink",
                "gecko",
                "webkit"
            ],
            "filename": "api/DOMMatrixReadOnly.json",
            "name": "DOMMatrixReadOnly",
            "slug": "API/DOMMatrixReadOnly/DOMMatrixReadOnly",
            "mdn_url": "https://developer.mozilla.org/en-US/docs/Web/API/DOMMatrixReadOnly/DOMMatrixReadOnly",
            "summary": "The DOMMatrixReadOnly constructor creates a new DOMMatrixReadOnly object which represents 4x4 matrices, suitable for 2D and 3D operations.",
            "support": {
                "chrome": {
                    "version_added": "61"
                },
                "chrome_android": "mirror",
                "edge": "mirror",
                "firefox": {
                    "version_added": "62"
                },
                "firefox_android": "mirror",
                "ie": {
                    "version_added": false
                },
                "oculus": "mirror",
                "opera": "mirror",
                "opera_android": "mirror",
                "safari": {
                    "version_added": "11"
                },
                "safari_ios": "mirror",
                "samsunginternet_android": "mirror",
                "webview_android": "mirror",
                "edge_blink": {
                    "version_added": "79"
                }
            },
            "title": "DOMMatrixReadOnly: DOMMatrixReadOnly() constructor"
        }
    ],
    "dom-dommatrixreadonly-flipx": [
        {
            "engines": [
                "blink",
                "gecko",
                "webkit"
            ],
            "filename": "api/DOMMatrixReadOnly.json",
            "name": "flipX",
            "slug": "API/DOMMatrixReadOnly/flipX",
            "mdn_url": "https://developer.mozilla.org/en-US/docs/Web/API/DOMMatrixReadOnly/flipX",
            "summary": "The flipX() method of the DOMMatrixReadOnly interface creates a new matrix being the result of the original matrix flipped about the x-axis.",
            "support": {
                "chrome": {
                    "version_added": "61"
                },
                "chrome_android": "mirror",
                "edge": "mirror",
                "firefox": {
                    "version_added": "33"
                },
                "firefox_android": "mirror",
                "ie": {
                    "version_added": false
                },
                "oculus": "mirror",
                "opera": "mirror",
                "opera_android": "mirror",
                "safari": {
                    "version_added": "11"
                },
                "safari_ios": "mirror",
                "samsunginternet_android": "mirror",
                "webview_android": "mirror",
                "edge_blink": {
                    "version_added": "79"
                }
            },
            "title": "DOMMatrixReadOnly: flipX() method"
        }
    ],
    "dom-dommatrixreadonly-scale": [
        {
            "engines": [
                "blink",
                "gecko",
                "webkit"
            ],
            "filename": "api/DOMMatrixReadOnly.json",
            "name": "scale",
            "slug": "API/DOMMatrixReadOnly/scale",
            "mdn_url": "https://developer.mozilla.org/en-US/docs/Web/API/DOMMatrixReadOnly/scale",
            "summary": "The scale() method of the DOMMatrixReadOnly interface creates a new matrix being the result of the original matrix with a scale transform applied.",
            "support": {
                "chrome": {
                    "version_added": "61"
                },
                "chrome_android": "mirror",
                "edge": "mirror",
                "firefox": {
                    "version_added": "33",
                    "notes": "Firefox 69 introduced support for the modern six-parameter syntax for <code>scale()</code>. Previously, it only supported the older three-parameter syntax: <code>scale(<em>scaleX</em>[, <em>originX</em>][, <em>originY</em>]]])</code>."
                },
                "firefox_android": {
                    "version_added": "33",
                    "notes": "Firefox for Android 79 introduced support for the modern six-parameter syntax for <code>scale()</code>. Previously, it only supported the older three-parameter syntax: <code>scale(<em>scaleX</em>[, <em>originX</em>][, <em>originY</em>]]])</code>."
                },
                "ie": {
                    "version_added": false
                },
                "oculus": "mirror",
                "opera": "mirror",
                "opera_android": "mirror",
                "safari": {
                    "version_added": "11"
                },
                "safari_ios": "mirror",
                "samsunginternet_android": "mirror",
                "webview_android": "mirror",
                "edge_blink": {
                    "version_added": "79"
                }
            },
            "title": "DOMMatrixReadOnly: scale() method"
        }
    ],
    "dom-dommatrixreadonly-translate": [
        {
            "engines": [
                "blink",
                "gecko",
                "webkit"
            ],
            "filename": "api/DOMMatrixReadOnly.json",
            "name": "translate",
            "slug": "API/DOMMatrixReadOnly/translate",
            "mdn_url": "https://developer.mozilla.org/en-US/docs/Web/API/DOMMatrixReadOnly/translate",
            "summary": "The translate() method of the DOMMatrixReadOnly interface creates a new matrix being the result of the original matrix with a translation applied.",
            "support": {
                "chrome": {
                    "version_added": "61"
                },
                "chrome_android": "mirror",
                "edge": "mirror",
                "firefox": {
                    "version_added": "33"
                },
                "firefox_android": "mirror",
                "ie": {
                    "version_added": false
                },
                "oculus": "mirror",
                "opera": "mirror",
                "opera_android": "mirror",
                "safari": {
                    "version_added": "11"
                },
                "safari_ios": "mirror",
                "samsunginternet_android": "mirror",
                "webview_android": "mirror",
                "edge_blink": {
                    "version_added": "79"
                }
            },
            "title": "DOMMatrixReadOnly: translate() method"
        }
    ],
    "dom-dompoint-dompoint": [
        {
            "engines": [
                "blink",
                "gecko",
                "webkit"
            ],
            "filename": "api/DOMPoint.json",
            "name": "DOMPoint",
            "slug": "API/DOMPoint/DOMPoint",
            "mdn_url": "https://developer.mozilla.org/en-US/docs/Web/API/DOMPoint/DOMPoint",
            "summary": "The DOMPoint() constructor creates and returns a new DOMPoint object, given the values for some or all of its properties.",
            "support": {
                "chrome": {
                    "version_added": "61"
                },
                "chrome_android": "mirror",
                "edge": "mirror",
                "firefox": {
                    "version_added": "31"
                },
                "firefox_android": "mirror",
                "ie": {
                    "version_added": false
                },
                "oculus": "mirror",
                "opera": "mirror",
                "opera_android": "mirror",
                "safari": {
                    "version_added": "10.1"
                },
                "safari_ios": "mirror",
                "samsunginternet_android": "mirror",
                "webview_android": "mirror",
                "edge_blink": {
                    "version_added": "79"
                }
            },
            "title": "DOMPoint: DOMPoint() constructor"
        }
    ],
    "dom-dompoint-frompoint": [
        {
            "engines": [
                "blink",
                "gecko",
                "webkit"
            ],
            "filename": "api/DOMPoint.json",
            "name": "fromPoint_static",
            "slug": "API/DOMPoint/fromPoint_static",
            "mdn_url": "https://developer.mozilla.org/en-US/docs/Web/API/DOMPoint/fromPoint_static",
            "summary": "The DOMPoint static method fromPoint() creates and returns a new mutable DOMPoint object given a source point.",
            "support": {
                "chrome": {
                    "version_added": "61"
                },
                "chrome_android": "mirror",
                "edge": "mirror",
                "firefox": {
                    "version_added": "62"
                },
                "firefox_android": "mirror",
                "ie": {
                    "version_added": false
                },
                "oculus": "mirror",
                "opera": "mirror",
                "opera_android": "mirror",
                "safari": {
                    "version_added": "10.1"
                },
                "safari_ios": "mirror",
                "samsunginternet_android": "mirror",
                "webview_android": "mirror",
                "edge_blink": {
                    "version_added": "79"
                }
            },
            "title": "DOMPoint: fromPoint() static method"
        }
    ],
    "dom-dompointreadonly-w": [
        {
            "engines": [
                "blink",
                "gecko",
                "webkit"
            ],
            "filename": "api/DOMPoint.json",
            "name": "w",
            "slug": "API/DOMPoint/w",
            "mdn_url": "https://developer.mozilla.org/en-US/docs/Web/API/DOMPoint/w",
            "summary": "The DOMPoint interface's w property holds the point's perspective value, w, for a point in space.",
            "support": {
                "chrome": {
                    "version_added": "61"
                },
                "chrome_android": "mirror",
                "edge": "mirror",
                "firefox": {
                    "version_added": "31"
                },
                "firefox_android": "mirror",
                "ie": {
                    "version_added": false
                },
                "oculus": "mirror",
                "opera": "mirror",
                "opera_android": "mirror",
                "safari": {
                    "version_added": "10.1"
                },
                "safari_ios": "mirror",
                "samsunginternet_android": "mirror",
                "webview_android": "mirror",
                "edge_blink": {
                    "version_added": "79"
                }
            },
            "title": "DOMPoint: w property"
        },
        {
            "engines": [
                "blink",
                "gecko",
                "webkit"
            ],
            "filename": "api/DOMPointReadOnly.json",
            "name": "w",
            "slug": "API/DOMPointReadOnly/w",
            "mdn_url": "https://developer.mozilla.org/en-US/docs/Web/API/DOMPointReadOnly/w",
            "summary": "The DOMPointReadOnly interface's w property holds the point's perspective value, w, for a read-only point in space.",
            "support": {
                "chrome": {
                    "version_added": "61"
                },
                "chrome_android": "mirror",
                "edge": "mirror",
                "firefox": {
                    "version_added": "31"
                },
                "firefox_android": "mirror",
                "ie": {
                    "version_added": false
                },
                "oculus": "mirror",
                "opera": "mirror",
                "opera_android": "mirror",
                "safari": {
                    "version_added": "10.1"
                },
                "safari_ios": "mirror",
                "samsunginternet_android": "mirror",
                "webview_android": "mirror",
                "edge_blink": {
                    "version_added": "79"
                }
            },
            "title": "DOMPointReadOnly: w property"
        }
    ],
    "dom-dompointreadonly-x": [
        {
            "engines": [
                "blink",
                "gecko",
                "webkit"
            ],
            "filename": "api/DOMPoint.json",
            "name": "x",
            "slug": "API/DOMPoint/x",
            "mdn_url": "https://developer.mozilla.org/en-US/docs/Web/API/DOMPoint/x",
            "summary": "The DOMPoint interface's x property holds the horizontal coordinate, x, for a point in space.",
            "support": {
                "chrome": {
                    "version_added": "61"
                },
                "chrome_android": "mirror",
                "edge": "mirror",
                "firefox": {
                    "version_added": "31"
                },
                "firefox_android": "mirror",
                "ie": {
                    "version_added": false
                },
                "oculus": "mirror",
                "opera": "mirror",
                "opera_android": "mirror",
                "safari": {
                    "version_added": "10.1"
                },
                "safari_ios": "mirror",
                "samsunginternet_android": "mirror",
                "webview_android": "mirror",
                "edge_blink": {
                    "version_added": "79"
                }
            },
            "title": "DOMPoint: x property"
        },
        {
            "engines": [
                "blink",
                "gecko",
                "webkit"
            ],
            "filename": "api/DOMPointReadOnly.json",
            "name": "x",
            "slug": "API/DOMPointReadOnly/x",
            "mdn_url": "https://developer.mozilla.org/en-US/docs/Web/API/DOMPointReadOnly/x",
            "summary": "The DOMPointReadOnly interface's x property holds the horizontal coordinate, x, for a read-only point in space. This property cannot be changed by JavaScript code in this read-only version of the DOMPoint object.",
            "support": {
                "chrome": {
                    "version_added": "61"
                },
                "chrome_android": "mirror",
                "edge": "mirror",
                "firefox": {
                    "version_added": "31"
                },
                "firefox_android": "mirror",
                "ie": {
                    "version_added": false
                },
                "oculus": "mirror",
                "opera": "mirror",
                "opera_android": "mirror",
                "safari": {
                    "version_added": "10.1"
                },
                "safari_ios": "mirror",
                "samsunginternet_android": "mirror",
                "webview_android": "mirror",
                "edge_blink": {
                    "version_added": "79"
                }
            },
            "title": "DOMPointReadOnly: x property"
        }
    ],
    "dom-dompointreadonly-y": [
        {
            "engines": [
                "blink",
                "gecko",
                "webkit"
            ],
            "filename": "api/DOMPoint.json",
            "name": "y",
            "slug": "API/DOMPoint/y",
            "mdn_url": "https://developer.mozilla.org/en-US/docs/Web/API/DOMPoint/y",
            "summary": "The DOMPoint interface's y property holds the vertical coordinate, y, for a point in space.",
            "support": {
                "chrome": {
                    "version_added": "61"
                },
                "chrome_android": "mirror",
                "edge": "mirror",
                "firefox": {
                    "version_added": "31"
                },
                "firefox_android": "mirror",
                "ie": {
                    "version_added": false
                },
                "oculus": "mirror",
                "opera": "mirror",
                "opera_android": "mirror",
                "safari": {
                    "version_added": "10.1"
                },
                "safari_ios": "mirror",
                "samsunginternet_android": "mirror",
                "webview_android": "mirror",
                "edge_blink": {
                    "version_added": "79"
                }
            },
            "title": "DOMPoint: y property"
        },
        {
            "engines": [
                "blink",
                "gecko",
                "webkit"
            ],
            "filename": "api/DOMPointReadOnly.json",
            "name": "y",
            "slug": "API/DOMPointReadOnly/y",
            "mdn_url": "https://developer.mozilla.org/en-US/docs/Web/API/DOMPointReadOnly/y",
            "summary": "The DOMPointReadOnly interface's y property holds the vertical coordinate, y, for a read-only point in space.",
            "support": {
                "chrome": {
                    "version_added": "61"
                },
                "chrome_android": "mirror",
                "edge": "mirror",
                "firefox": {
                    "version_added": "31"
                },
                "firefox_android": "mirror",
                "ie": {
                    "version_added": false
                },
                "oculus": "mirror",
                "opera": "mirror",
                "opera_android": "mirror",
                "safari": {
                    "version_added": "10.1"
                },
                "safari_ios": "mirror",
                "samsunginternet_android": "mirror",
                "webview_android": "mirror",
                "edge_blink": {
                    "version_added": "79"
                }
            },
            "title": "DOMPointReadOnly: y property"
        }
    ],
    "dom-dompointreadonly-z": [
        {
            "engines": [
                "blink",
                "gecko",
                "webkit"
            ],
            "filename": "api/DOMPoint.json",
            "name": "z",
            "slug": "API/DOMPoint/z",
            "mdn_url": "https://developer.mozilla.org/en-US/docs/Web/API/DOMPoint/z",
            "summary": "The DOMPoint interface's z property specifies the depth coordinate of a point in space.",
            "support": {
                "chrome": {
                    "version_added": "61"
                },
                "chrome_android": "mirror",
                "edge": "mirror",
                "firefox": {
                    "version_added": "31"
                },
                "firefox_android": "mirror",
                "ie": {
                    "version_added": false
                },
                "oculus": "mirror",
                "opera": "mirror",
                "opera_android": "mirror",
                "safari": {
                    "version_added": "10.1"
                },
                "safari_ios": "mirror",
                "samsunginternet_android": "mirror",
                "webview_android": "mirror",
                "edge_blink": {
                    "version_added": "79"
                }
            },
            "title": "DOMPoint: z property"
        },
        {
            "engines": [
                "blink",
                "gecko",
                "webkit"
            ],
            "filename": "api/DOMPointReadOnly.json",
            "name": "z",
            "slug": "API/DOMPointReadOnly/z",
            "mdn_url": "https://developer.mozilla.org/en-US/docs/Web/API/DOMPointReadOnly/z",
            "summary": "The DOMPointReadOnly interface's z property holds the depth coordinate, z, for a read-only point in space.",
            "support": {
                "chrome": {
                    "version_added": "61"
                },
                "chrome_android": "mirror",
                "edge": "mirror",
                "firefox": {
                    "version_added": "31"
                },
                "firefox_android": "mirror",
                "ie": {
                    "version_added": false
                },
                "oculus": "mirror",
                "opera": "mirror",
                "opera_android": "mirror",
                "safari": {
                    "version_added": "10.1"
                },
                "safari_ios": "mirror",
                "samsunginternet_android": "mirror",
                "webview_android": "mirror",
                "edge_blink": {
                    "version_added": "79"
                }
            },
            "title": "DOMPointReadOnly: z property"
        }
    ],
    "DOMPoint": [
        {
            "engines": [
                "blink",
                "gecko",
                "webkit"
            ],
            "filename": "api/DOMPoint.json",
            "name": "DOMPoint",
            "slug": "API/DOMPoint",
            "mdn_url": "https://developer.mozilla.org/en-US/docs/Web/API/DOMPoint",
            "summary": "A DOMPoint object represents a 2D or 3D point in a coordinate system; it includes values for the coordinates in up to three dimensions, as well as an optional perspective value. DOMPoint is based on DOMPointReadOnly but allows its properties' values to be changed.",
            "support": {
                "chrome": {
                    "version_added": "61"
                },
                "chrome_android": "mirror",
                "edge": "mirror",
                "firefox": {
                    "version_added": "31"
                },
                "firefox_android": "mirror",
                "ie": {
                    "version_added": false
                },
                "oculus": "mirror",
                "opera": "mirror",
                "opera_android": "mirror",
                "safari": {
                    "version_added": "10.1"
                },
                "safari_ios": "mirror",
                "samsunginternet_android": "mirror",
                "webview_android": "mirror",
                "edge_blink": {
                    "version_added": "79"
                }
            },
            "title": "DOMPoint"
        },
        {
            "engines": [
                "blink",
                "gecko",
                "webkit"
            ],
            "filename": "api/DOMPointReadOnly.json",
            "name": "DOMPointReadOnly",
            "slug": "API/DOMPointReadOnly",
            "mdn_url": "https://developer.mozilla.org/en-US/docs/Web/API/DOMPointReadOnly",
            "summary": "The DOMPointReadOnly interface specifies the coordinate and perspective fields used by DOMPoint to define a 2D or 3D point in a coordinate system.",
            "support": {
                "chrome": {
                    "version_added": "61"
                },
                "chrome_android": "mirror",
                "edge": "mirror",
                "firefox": {
                    "version_added": "31"
                },
                "firefox_android": "mirror",
                "ie": {
                    "version_added": false
                },
                "oculus": "mirror",
                "opera": "mirror",
                "opera_android": "mirror",
                "safari": {
                    "version_added": "10.1"
                },
                "safari_ios": "mirror",
                "samsunginternet_android": "mirror",
                "webview_android": "mirror",
                "edge_blink": {
                    "version_added": "79"
                }
            },
            "title": "DOMPointReadOnly"
        }
    ],
    "dom-dompointreadonly-dompointreadonly": [
        {
            "engines": [
                "blink",
                "gecko",
                "webkit"
            ],
            "filename": "api/DOMPointReadOnly.json",
            "name": "DOMPointReadOnly",
            "slug": "API/DOMPointReadOnly/DOMPointReadOnly",
            "mdn_url": "https://developer.mozilla.org/en-US/docs/Web/API/DOMPointReadOnly/DOMPointReadOnly",
            "summary": "The DOMPointReadOnly() constructor returns a new DOMPointReadOnly object representing a point in 2D or 3D space, optionally with perspective, whose values cannot be altered by script code.",
            "support": {
                "chrome": {
                    "version_added": "61"
                },
                "chrome_android": "mirror",
                "edge": "mirror",
                "firefox": {
                    "version_added": "62"
                },
                "firefox_android": "mirror",
                "ie": {
                    "version_added": false
                },
                "oculus": "mirror",
                "opera": "mirror",
                "opera_android": "mirror",
                "safari": {
                    "version_added": "10.1"
                },
                "safari_ios": "mirror",
                "samsunginternet_android": "mirror",
                "webview_android": "mirror",
                "edge_blink": {
                    "version_added": "79"
                }
            },
            "title": "DOMPointReadOnly: DOMPointReadOnly() constructor"
        }
    ],
    "dom-dompointreadonly-frompoint": [
        {
            "engines": [
                "blink",
                "gecko",
                "webkit"
            ],
            "filename": "api/DOMPointReadOnly.json",
            "name": "fromPoint_static",
            "slug": "API/DOMPointReadOnly/fromPoint_static",
            "mdn_url": "https://developer.mozilla.org/en-US/docs/Web/API/DOMPointReadOnly/fromPoint_static",
            "summary": "The static DOMPointReadOnly method fromPoint() creates and returns a new DOMPointReadOnly object given a source point.",
            "support": {
                "chrome": {
                    "version_added": "61"
                },
                "chrome_android": "mirror",
                "edge": "mirror",
                "firefox": {
                    "version_added": "62"
                },
                "firefox_android": "mirror",
                "ie": {
                    "version_added": false
                },
                "oculus": "mirror",
                "opera": "mirror",
                "opera_android": "mirror",
                "safari": {
                    "version_added": "10.1"
                },
                "safari_ios": "mirror",
                "samsunginternet_android": "mirror",
                "webview_android": "mirror",
                "edge_blink": {
                    "version_added": "79"
                }
            },
            "title": "DOMPointReadOnly: fromPoint() static method"
        }
    ],
    "dom-dompointreadonly-tojson": [
        {
            "engines": [
                "blink",
                "gecko",
                "webkit"
            ],
            "filename": "api/DOMPointReadOnly.json",
            "name": "toJSON",
            "slug": "API/DOMPointReadOnly/toJSON",
            "mdn_url": "https://developer.mozilla.org/en-US/docs/Web/API/DOMPointReadOnly/toJSON",
            "summary": "The DOMPointReadOnly method toJSON() returns an object giving the JSON form of the point object.",
            "support": {
                "chrome": {
                    "version_added": "61"
                },
                "chrome_android": "mirror",
                "edge": "mirror",
                "firefox": {
                    "version_added": "62"
                },
                "firefox_android": "mirror",
                "ie": {
                    "version_added": false
                },
                "oculus": "mirror",
                "opera": "mirror",
                "opera_android": "mirror",
                "safari": {
                    "version_added": "10.1"
                },
                "safari_ios": "mirror",
                "samsunginternet_android": "mirror",
                "webview_android": "mirror",
                "edge_blink": {
                    "version_added": "79"
                }
            },
            "title": "DOMPointReadOnly: toJSON() method"
        }
    ],
    "DOMQuad": [
        {
            "engines": [
                "blink",
                "gecko",
                "webkit"
            ],
            "filename": "api/DOMQuad.json",
            "name": "DOMQuad",
            "slug": "API/DOMQuad",
            "mdn_url": "https://developer.mozilla.org/en-US/docs/Web/API/DOMQuad",
            "summary": "A DOMQuad is a collection of four DOMPoints defining the corners of an arbitrary quadrilateral. Returning DOMQuads lets getBoxQuads() return accurate information even when arbitrary 2D or 3D transforms are present. It has a handy bounds attribute returning a DOMRectReadOnly for those cases where you just want an axis-aligned bounding rectangle.",
            "support": {
                "chrome": {
                    "version_added": "61"
                },
                "chrome_android": "mirror",
                "edge": "mirror",
                "firefox": {
                    "version_added": "31"
                },
                "firefox_android": "mirror",
                "ie": {
                    "version_added": false
                },
                "oculus": "mirror",
                "opera": "mirror",
                "opera_android": "mirror",
                "safari": {
                    "version_added": "11"
                },
                "safari_ios": "mirror",
                "samsunginternet_android": "mirror",
                "webview_android": "mirror",
                "edge_blink": {
                    "version_added": "79"
                }
            },
            "title": "DOMQuad"
        }
    ],
    "dom-domrect-domrect": [
        {
            "engines": [
                "blink",
                "gecko",
                "webkit"
            ],
            "filename": "api/DOMRect.json",
            "name": "DOMRect",
            "slug": "API/DOMRect/DOMRect",
            "mdn_url": "https://developer.mozilla.org/en-US/docs/Web/API/DOMRect/DOMRect",
            "summary": "The DOMRect() constructor creates a new DOMRect object.",
            "support": {
                "chrome": {
                    "version_added": "61"
                },
                "chrome_android": "mirror",
                "edge": "mirror",
                "firefox": {
                    "version_added": "31"
                },
                "firefox_android": "mirror",
                "ie": {
                    "version_added": false
                },
                "oculus": "mirror",
                "opera": "mirror",
                "opera_android": "mirror",
                "safari": {
                    "version_added": "10.1"
                },
                "safari_ios": "mirror",
                "samsunginternet_android": "mirror",
                "webview_android": "mirror",
                "edge_blink": {
                    "version_added": "79"
                }
            },
            "title": "DOMRect: DOMRect() constructor"
        }
    ],
    "DOMRect": [
        {
            "engines": [
                "blink",
                "gecko",
                "webkit"
            ],
            "filename": "api/DOMRect.json",
            "name": "DOMRect",
            "slug": "API/DOMRect",
            "mdn_url": "https://developer.mozilla.org/en-US/docs/Web/API/DOMRect",
            "summary": "A DOMRect describes the size and position of a rectangle.",
            "support": {
                "chrome": [
                    {
                        "version_added": "61"
                    },
                    {
                        "alternative_name": "ClientRect",
                        "version_added": "2",
                        "version_removed": "61"
                    }
                ],
                "chrome_android": "mirror",
                "edge": {
                    "version_added": false
                },
                "firefox": [
                    {
                        "version_added": "27"
                    },
                    {
                        "alternative_name": "ClientRect",
                        "version_added": "3",
                        "version_removed": "27"
                    }
                ],
                "firefox_android": "mirror",
                "ie": {
                    "alternative_name": "ClientRect",
                    "version_added": "4"
                },
                "oculus": "mirror",
                "opera": [
                    {
                        "version_added": "48"
                    },
                    {
                        "alternative_name": "ClientRect",
                        "version_added": "9.5",
                        "version_removed": "48"
                    }
                ],
                "opera_android": [
                    {
                        "version_added": "45"
                    },
                    {
                        "alternative_name": "ClientRect",
                        "version_added": "10.1",
                        "version_removed": "45"
                    }
                ],
                "safari": [
                    {
                        "version_added": "10.1"
                    },
                    {
                        "alternative_name": "ClientRect",
                        "version_added": "4",
                        "version_removed": "11"
                    }
                ],
                "safari_ios": "mirror",
                "samsunginternet_android": "mirror",
                "webview_android": [
                    {
                        "version_added": "61"
                    },
                    {
                        "alternative_name": "ClientRect",
                        "version_added": "2",
                        "version_removed": "61"
                    }
                ],
                "edge_blink": [
                    {
                        "version_added": "79"
                    },
                    {
                        "alternative_name": "ClientRect",
                        "version_added": false,
                        "version_removed": "61"
                    }
                ]
            },
            "title": "DOMRect"
        },
        {
            "engines": [
                "blink",
                "gecko",
                "webkit"
            ],
            "filename": "api/DOMRectReadOnly.json",
            "name": "DOMRectReadOnly",
            "slug": "API/DOMRectReadOnly",
            "mdn_url": "https://developer.mozilla.org/en-US/docs/Web/API/DOMRectReadOnly",
            "summary": "The DOMRectReadOnly interface specifies the standard properties used by DOMRect to define a rectangle whose properties are immutable.",
            "support": {
                "chrome": [
                    {
                        "version_added": "61"
                    },
                    {
                        "alternative_name": "ClientRect",
                        "version_added": "2",
                        "version_removed": "61"
                    }
                ],
                "chrome_android": "mirror",
                "edge": {
                    "version_added": false
                },
                "firefox": [
                    {
                        "version_added": "31"
                    },
                    {
                        "alternative_name": "DOMRect",
                        "version_added": "27",
                        "version_removed": "31"
                    },
                    {
                        "alternative_name": "ClientRect",
                        "version_added": "3",
                        "version_removed": "27"
                    }
                ],
                "firefox_android": "mirror",
                "ie": {
                    "alternative_name": "ClientRect",
                    "version_added": "4"
                },
                "oculus": "mirror",
                "opera": [
                    {
                        "version_added": "48"
                    },
                    {
                        "alternative_name": "ClientRect",
                        "version_added": "9.5",
                        "version_removed": "48"
                    }
                ],
                "opera_android": [
                    {
                        "version_added": "45"
                    },
                    {
                        "alternative_name": "ClientRect",
                        "version_added": "10.1",
                        "version_removed": "45"
                    }
                ],
                "safari": [
                    {
                        "version_added": "10.1"
                    },
                    {
                        "alternative_name": "ClientRect",
                        "version_added": "4",
                        "version_removed": "11"
                    }
                ],
                "safari_ios": "mirror",
                "samsunginternet_android": "mirror",
                "webview_android": [
                    {
                        "version_added": "61"
                    },
                    {
                        "alternative_name": "ClientRect",
                        "version_added": "2",
                        "version_removed": "61"
                    }
                ],
                "edge_blink": [
                    {
                        "version_added": "79"
                    },
                    {
                        "alternative_name": "ClientRect",
                        "version_added": false,
                        "version_removed": "61"
                    }
                ]
            },
            "title": "DOMRectReadOnly"
        },
        {
            "engines": [
                "blink",
                "gecko",
                "webkit"
            ],
            "filename": "api/SVGRect.json",
            "name": "SVGRect",
            "slug": "API/SVGRect",
            "mdn_url": "https://developer.mozilla.org/en-US/docs/Web/API/SVGRect",
            "summary": "The SVGRect represents a rectangle. Rectangles consist of an x and y coordinate pair identifying a minimum x value, a minimum y value, and a width and height, which are constrained to be non-negative.",
            "support": {
                "chrome": {
                    "version_added": "1"
                },
                "chrome_android": "mirror",
                "edge": {
                    "version_added": "12"
                },
                "firefox": {
                    "version_added": "1.5"
                },
                "firefox_android": "mirror",
                "ie": {
                    "version_added": "9"
                },
                "oculus": "mirror",
                "opera": {
                    "version_added": "8"
                },
                "opera_android": {
                    "version_added": "10.1"
                },
                "safari": {
                    "version_added": "3"
                },
                "safari_ios": {
                    "version_added": "1"
                },
                "samsunginternet_android": "mirror",
                "webview_android": {
                    "version_added": "37"
                },
                "edge_blink": {
                    "version_added": "79"
                }
            },
            "title": "SVGRect"
        }
    ],
    "dom-domrectreadonly-domrectreadonly": [
        {
            "engines": [
                "blink",
                "gecko",
                "webkit"
            ],
            "filename": "api/DOMRectReadOnly.json",
            "name": "DOMRectReadOnly",
            "slug": "API/DOMRectReadOnly/DOMRectReadOnly",
            "mdn_url": "https://developer.mozilla.org/en-US/docs/Web/API/DOMRectReadOnly/DOMRectReadOnly",
            "summary": "The DOMRectReadOnly() constructor creates a new DOMRectReadOnly object.",
            "support": {
                "chrome": {
                    "version_added": "61"
                },
                "chrome_android": "mirror",
                "edge": "mirror",
                "firefox": {
                    "version_added": "62"
                },
                "firefox_android": "mirror",
                "ie": {
                    "version_added": false
                },
                "oculus": "mirror",
                "opera": "mirror",
                "opera_android": "mirror",
                "safari": {
                    "version_added": "10.1"
                },
                "safari_ios": "mirror",
                "samsunginternet_android": "mirror",
                "webview_android": "mirror",
                "edge_blink": {
                    "version_added": "79"
                }
            },
            "title": "DOMRectReadOnly: DOMRectReadOnly() constructor"
        }
    ],
    "dom-domrectreadonly-bottom": [
        {
            "engines": [
                "blink",
                "gecko",
                "webkit"
            ],
            "filename": "api/DOMRectReadOnly.json",
            "name": "bottom",
            "slug": "API/DOMRectReadOnly/bottom",
            "mdn_url": "https://developer.mozilla.org/en-US/docs/Web/API/DOMRectReadOnly/bottom",
            "summary": "The bottom read-only property of the DOMRectReadOnly interface returns the bottom coordinate value of the DOMRect. (Has the same value as y + height, or y if height is negative.)",
            "support": {
                "chrome": {
                    "version_added": "2"
                },
                "chrome_android": "mirror",
                "edge": {
                    "version_added": "12"
                },
                "firefox": {
                    "version_added": "3"
                },
                "firefox_android": "mirror",
                "ie": {
                    "version_added": "4"
                },
                "oculus": "mirror",
                "opera": {
                    "version_added": "9.5"
                },
                "opera_android": {
                    "version_added": "10.1"
                },
                "safari": {
                    "version_added": "4"
                },
                "safari_ios": "mirror",
                "samsunginternet_android": "mirror",
                "webview_android": {
                    "version_added": "2"
                },
                "edge_blink": {
                    "version_added": "79"
                }
            },
            "title": "DOMRectReadOnly: bottom property"
        }
    ],
    "dom-domrectreadonly-fromrect": [
        {
            "engines": [
                "blink",
                "gecko",
                "webkit"
            ],
            "filename": "api/DOMRectReadOnly.json",
            "name": "fromRect_static",
            "slug": "API/DOMRectReadOnly/fromRect_static",
            "mdn_url": "https://developer.mozilla.org/en-US/docs/Web/API/DOMRectReadOnly/fromRect_static",
            "summary": "The fromRect() static method of the DOMRectReadOnly object creates a new DOMRectReadOnly object with a given location and dimensions.",
            "support": {
                "chrome": {
                    "version_added": "61"
                },
                "chrome_android": "mirror",
                "edge": "mirror",
                "firefox": {
                    "version_added": "69"
                },
                "firefox_android": "mirror",
                "ie": {
                    "version_added": false
                },
                "oculus": "mirror",
                "opera": "mirror",
                "opera_android": "mirror",
                "safari": {
                    "version_added": "10.1"
                },
                "safari_ios": "mirror",
                "samsunginternet_android": "mirror",
                "webview_android": "mirror",
                "edge_blink": {
                    "version_added": "79"
                }
            },
            "title": "DOMRectReadOnly: fromRect() static method"
        }
    ],
    "dom-domrectreadonly-height": [
        {
            "engines": [
                "blink",
                "gecko",
                "webkit"
            ],
            "filename": "api/DOMRectReadOnly.json",
            "name": "height",
            "slug": "API/DOMRectReadOnly/height",
            "mdn_url": "https://developer.mozilla.org/en-US/docs/Web/API/DOMRectReadOnly/height",
            "summary": "The height read-only property of the DOMRectReadOnly interface represents the height of the DOMRect.",
            "support": {
                "chrome": {
                    "version_added": "2"
                },
                "chrome_android": "mirror",
                "edge": {
                    "version_added": "12"
                },
                "firefox": {
                    "version_added": "3"
                },
                "firefox_android": "mirror",
                "ie": {
                    "version_added": "4"
                },
                "oculus": "mirror",
                "opera": {
                    "version_added": "9.5"
                },
                "opera_android": {
                    "version_added": "10.1"
                },
                "safari": {
                    "version_added": "4"
                },
                "safari_ios": "mirror",
                "samsunginternet_android": "mirror",
                "webview_android": {
                    "version_added": "2"
                },
                "edge_blink": {
                    "version_added": "79"
                }
            },
            "title": "DOMRectReadOnly: height property"
        }
    ],
    "dom-domrectreadonly-left": [
        {
            "engines": [
                "blink",
                "gecko",
                "webkit"
            ],
            "filename": "api/DOMRectReadOnly.json",
            "name": "left",
            "slug": "API/DOMRectReadOnly/left",
            "mdn_url": "https://developer.mozilla.org/en-US/docs/Web/API/DOMRectReadOnly/left",
            "summary": "The left read-only property of the DOMRectReadOnly interface returns the left coordinate value of the DOMRect. (Has the same value as x, or x + width if width is negative.)",
            "support": {
                "chrome": {
                    "version_added": "2"
                },
                "chrome_android": "mirror",
                "edge": {
                    "version_added": "12"
                },
                "firefox": {
                    "version_added": "3"
                },
                "firefox_android": "mirror",
                "ie": {
                    "version_added": "4"
                },
                "oculus": "mirror",
                "opera": {
                    "version_added": "9.5"
                },
                "opera_android": {
                    "version_added": "10.1"
                },
                "safari": {
                    "version_added": "4"
                },
                "safari_ios": "mirror",
                "samsunginternet_android": "mirror",
                "webview_android": {
                    "version_added": "2"
                },
                "edge_blink": {
                    "version_added": "79"
                }
            },
            "title": "DOMRectReadOnly: left property"
        }
    ],
    "dom-domrectreadonly-right": [
        {
            "engines": [
                "blink",
                "gecko",
                "webkit"
            ],
            "filename": "api/DOMRectReadOnly.json",
            "name": "right",
            "slug": "API/DOMRectReadOnly/right",
            "mdn_url": "https://developer.mozilla.org/en-US/docs/Web/API/DOMRectReadOnly/right",
            "summary": "The right read-only property of the DOMRectReadOnly interface returns the right coordinate value of the DOMRect. (Has the same value as x + width, or x if width is negative.)",
            "support": {
                "chrome": {
                    "version_added": "2"
                },
                "chrome_android": "mirror",
                "edge": {
                    "version_added": "12"
                },
                "firefox": {
                    "version_added": "3"
                },
                "firefox_android": "mirror",
                "ie": {
                    "version_added": "4"
                },
                "oculus": "mirror",
                "opera": {
                    "version_added": "9.5"
                },
                "opera_android": {
                    "version_added": "10.1"
                },
                "safari": {
                    "version_added": "4"
                },
                "safari_ios": "mirror",
                "samsunginternet_android": "mirror",
                "webview_android": {
                    "version_added": "2"
                },
                "edge_blink": {
                    "version_added": "79"
                }
            },
            "title": "DOMRectReadOnly: right property"
        }
    ],
    "dom-domrectreadonly-top": [
        {
            "engines": [
                "blink",
                "gecko",
                "webkit"
            ],
            "filename": "api/DOMRectReadOnly.json",
            "name": "top",
            "slug": "API/DOMRectReadOnly/top",
            "mdn_url": "https://developer.mozilla.org/en-US/docs/Web/API/DOMRectReadOnly/top",
            "summary": "The top read-only property of the DOMRectReadOnly interface returns the top coordinate value of the DOMRect. (Has the same value as y, or y + height if height is negative.)",
            "support": {
                "chrome": {
                    "version_added": "2"
                },
                "chrome_android": "mirror",
                "edge": {
                    "version_added": "12"
                },
                "firefox": {
                    "version_added": "3"
                },
                "firefox_android": "mirror",
                "ie": {
                    "version_added": "4"
                },
                "oculus": "mirror",
                "opera": {
                    "version_added": "9.5"
                },
                "opera_android": {
                    "version_added": "10.1"
                },
                "safari": {
                    "version_added": "4"
                },
                "safari_ios": "mirror",
                "samsunginternet_android": "mirror",
                "webview_android": {
                    "version_added": "2"
                },
                "edge_blink": {
                    "version_added": "79"
                }
            },
            "title": "DOMRectReadOnly: top property"
        }
    ],
    "dom-domrectreadonly-width": [
        {
            "engines": [
                "blink",
                "gecko",
                "webkit"
            ],
            "filename": "api/DOMRectReadOnly.json",
            "name": "width",
            "slug": "API/DOMRectReadOnly/width",
            "mdn_url": "https://developer.mozilla.org/en-US/docs/Web/API/DOMRectReadOnly/width",
            "summary": "The width read-only property of the DOMRectReadOnly interface represents the width of the DOMRect.",
            "support": {
                "chrome": {
                    "version_added": "2"
                },
                "chrome_android": "mirror",
                "edge": {
                    "version_added": "12"
                },
                "firefox": {
                    "version_added": "3"
                },
                "firefox_android": "mirror",
                "ie": {
                    "version_added": "4"
                },
                "oculus": "mirror",
                "opera": {
                    "version_added": "9.5"
                },
                "opera_android": {
                    "version_added": "10.1"
                },
                "safari": {
                    "version_added": "4"
                },
                "safari_ios": "mirror",
                "samsunginternet_android": "mirror",
                "webview_android": {
                    "version_added": "2"
                },
                "edge_blink": {
                    "version_added": "79"
                }
            },
            "title": "DOMRectReadOnly: width property"
        }
    ],
    "dom-domrectreadonly-x": [
        {
            "engines": [
                "blink",
                "gecko",
                "webkit"
            ],
            "filename": "api/DOMRectReadOnly.json",
            "name": "x",
            "slug": "API/DOMRectReadOnly/x",
            "mdn_url": "https://developer.mozilla.org/en-US/docs/Web/API/DOMRectReadOnly/x",
            "summary": "The x read-only property of the DOMRectReadOnly interface represents the x coordinate of the DOMRect's origin.",
            "support": {
                "chrome": {
                    "version_added": "61"
                },
                "chrome_android": "mirror",
                "edge": "mirror",
                "firefox": {
                    "version_added": "31"
                },
                "firefox_android": "mirror",
                "ie": {
                    "version_added": false
                },
                "oculus": "mirror",
                "opera": "mirror",
                "opera_android": "mirror",
                "safari": {
                    "version_added": "10.1"
                },
                "safari_ios": "mirror",
                "samsunginternet_android": "mirror",
                "webview_android": "mirror",
                "edge_blink": {
                    "version_added": "79"
                }
            },
            "title": "DOMRectReadOnly: x property"
        }
    ],
    "dom-domrectreadonly-y": [
        {
            "engines": [
                "blink",
                "gecko",
                "webkit"
            ],
            "filename": "api/DOMRectReadOnly.json",
            "name": "y",
            "slug": "API/DOMRectReadOnly/y",
            "mdn_url": "https://developer.mozilla.org/en-US/docs/Web/API/DOMRectReadOnly/y",
            "summary": "The y read-only property of the DOMRectReadOnly interface represents the y coordinate of the DOMRect's origin.",
            "support": {
                "chrome": {
                    "version_added": "61"
                },
                "chrome_android": "mirror",
                "edge": "mirror",
                "firefox": {
                    "version_added": "31"
                },
                "firefox_android": "mirror",
                "ie": {
                    "version_added": false
                },
                "oculus": "mirror",
                "opera": "mirror",
                "opera_android": "mirror",
                "safari": {
                    "version_added": "10.1"
                },
                "safari_ios": "mirror",
                "samsunginternet_android": "mirror",
                "webview_android": "mirror",
                "edge_blink": {
                    "version_added": "79"
                }
            },
            "title": "DOMRectReadOnly: y property"
        }
    ]
}
