{
    "dom-inputdevicecapabilities-constructor": [
        {
            "engines": [
                "blink"
            ],
            "filename": "api/InputDeviceCapabilities.json",
            "name": "InputDeviceCapabilities",
            "slug": "API/InputDeviceCapabilities/InputDeviceCapabilities",
            "mdn_url": "https://developer.mozilla.org/en-US/docs/Web/API/InputDeviceCapabilities/InputDeviceCapabilities",
            "summary": "The InputDeviceCapabilities() constructor creates a new InputDeviceCapabilities object provides information about the physical device responsible for generating a touch event.",
            "support": {
                "chrome": {
                    "version_added": "47"
                },
                "chrome_android": "mirror",
                "edge": "mirror",
                "firefox": {
                    "version_added": false
                },
                "firefox_android": "mirror",
                "ie": {
                    "version_added": false
                },
                "oculus": "mirror",
                "opera": "mirror",
                "opera_android": "mirror",
                "safari": {
                    "version_added": false
                },
                "safari_ios": "mirror",
                "samsunginternet_android": "mirror",
                "webview_android": "mirror",
                "edge_blink": {
                    "version_added": "79"
                }
            },
            "title": "InputDeviceCapabilities: InputDeviceCapabilities() constructor"
        }
    ],
    "dom-inputdevicecapabilities-firestouchevents": [
        {
            "engines": [
                "blink"
            ],
            "filename": "api/InputDeviceCapabilities.json",
            "name": "firesTouchEvents",
            "slug": "API/InputDeviceCapabilities/firesTouchEvents",
            "mdn_url": "https://developer.mozilla.org/en-US/docs/Web/API/InputDeviceCapabilities/firesTouchEvents",
            "summary": "The InputDeviceCapabilities.firesTouchEvents read-only property returns a boolean value that indicates whether the device dispatches touch events.",
            "support": {
                "chrome": {
                    "version_added": "47"
                },
                "chrome_android": "mirror",
                "edge": "mirror",
                "firefox": {
                    "version_added": false
                },
                "firefox_android": "mirror",
                "ie": {
                    "version_added": false
                },
                "oculus": "mirror",
                "opera": "mirror",
                "opera_android": "mirror",
                "safari": {
                    "version_added": false
                },
                "safari_ios": "mirror",
                "samsunginternet_android": "mirror",
                "webview_android": "mirror",
                "edge_blink": {
                    "version_added": "79"
                }
            },
            "title": "InputDeviceCapabilities: firesTouchEvents property"
        }
    ],
    "dom-inputdevicecapabilities": [
        {
            "engines": [
                "blink"
            ],
            "filename": "api/InputDeviceCapabilities.json",
            "name": "InputDeviceCapabilities",
            "slug": "API/InputDeviceCapabilities",
            "mdn_url": "https://developer.mozilla.org/en-US/docs/Web/API/InputDeviceCapabilities",
            "summary": "The InputDeviceCapabilities interface of the Input Device Capabilities API provides information about the physical device or a group of related devices responsible for generating input events. Events caused by the same physical input device get the same instance of this object, but the converse isn't true. For example, two mice with the same capabilities in a system may appear as a single InputDeviceCapabilities instance.",
            "support": {
                "chrome": {
                    "version_added": "47"
                },
                "chrome_android": "mirror",
                "edge": "mirror",
                "firefox": {
                    "version_added": false
                },
                "firefox_android": "mirror",
                "ie": {
                    "version_added": false
                },
                "oculus": "mirror",
                "opera": "mirror",
                "opera_android": "mirror",
                "safari": {
                    "version_added": false
                },
                "safari_ios": "mirror",
                "samsunginternet_android": "mirror",
                "webview_android": "mirror",
                "edge_blink": {
                    "version_added": "79"
                }
            },
            "title": "InputDeviceCapabilities"
        }
    ],
    "dom-uievent-sourcecapabilities": [
        {
            "engines": [
                "blink"
            ],
            "filename": "api/UIEvent.json",
            "name": "sourceCapabilities",
            "slug": "API/UIEvent/sourceCapabilities",
            "mdn_url": "https://developer.mozilla.org/en-US/docs/Web/API/UIEvent/sourceCapabilities",
            "summary": "The UIEvent.sourceCapabilities read-only property returns an instance of the InputDeviceCapabilities interface which provides information about the physical device responsible for generating a touch event. If no input device was responsible for the event, it returns null.",
            "support": {
                "chrome": {
                    "version_added": "47"
                },
                "chrome_android": "mirror",
                "edge": "mirror",
                "firefox": {
                    "version_added": false
                },
                "firefox_android": "mirror",
                "ie": {
                    "version_added": false
                },
                "oculus": "mirror",
                "opera": "mirror",
                "opera_android": "mirror",
                "safari": {
                    "version_added": false
                },
                "safari_ios": "mirror",
                "samsunginternet_android": "mirror",
                "webview_android": "mirror",
                "edge_blink": {
                    "version_added": "79"
                }
            },
            "title": "UIEvent: sourceCapabilities property"
        }
    ]
}
