{
    "dom-interventionreportbody-columnnumber": [
        {
            "engines": [
                "blink"
            ],
            "filename": "api/InterventionReportBody.json",
            "name": "columnNumber",
            "slug": "API/InterventionReportBody/columnNumber",
            "mdn_url": "https://developer.mozilla.org/en-US/docs/Web/API/InterventionReportBody/columnNumber",
            "summary": "The columnNumber read-only property of the InterventionReportBody interface returns the line in the source file in which the intervention occurred.",
            "support": {
                "chrome": {
                    "version_added": "69"
                },
                "chrome_android": "mirror",
                "edge": "mirror",
                "firefox": {
                    "version_added": false
                },
                "firefox_android": "mirror",
                "ie": {
                    "version_added": false
                },
                "oculus": "mirror",
                "opera": "mirror",
                "opera_android": "mirror",
                "safari": {
                    "version_added": false
                },
                "safari_ios": "mirror",
                "samsunginternet_android": "mirror",
                "webview_android": "mirror",
                "edge_blink": {
                    "version_added": "79"
                }
            },
            "title": "InterventionReportBody: columnNumber property"
        }
    ],
    "dom-interventionreportbody-id": [
        {
            "engines": [
                "blink"
            ],
            "filename": "api/InterventionReportBody.json",
            "name": "id",
            "slug": "API/InterventionReportBody/id",
            "mdn_url": "https://developer.mozilla.org/en-US/docs/Web/API/InterventionReportBody/id",
            "summary": "The id read-only property of the InterventionReportBody interface returns a string identifying the intervention that generated the report. This can be used to group reports.",
            "support": {
                "chrome": {
                    "version_added": "69"
                },
                "chrome_android": "mirror",
                "edge": "mirror",
                "firefox": {
                    "version_added": false
                },
                "firefox_android": "mirror",
                "ie": {
                    "version_added": false
                },
                "oculus": "mirror",
                "opera": "mirror",
                "opera_android": "mirror",
                "safari": {
                    "version_added": false
                },
                "safari_ios": "mirror",
                "samsunginternet_android": "mirror",
                "webview_android": "mirror",
                "edge_blink": {
                    "version_added": "79"
                }
            },
            "title": "InterventionReportBody: id property"
        }
    ],
    "dom-interventionreportbody-linenumber": [
        {
            "engines": [
                "blink"
            ],
            "filename": "api/InterventionReportBody.json",
            "name": "lineNumber",
            "slug": "API/InterventionReportBody/lineNumber",
            "mdn_url": "https://developer.mozilla.org/en-US/docs/Web/API/InterventionReportBody/lineNumber",
            "summary": "The lineNumber read-only property of the InterventionReportBody interface returns the line in the source file in which the intervention occurred.",
            "support": {
                "chrome": {
                    "version_added": "69"
                },
                "chrome_android": "mirror",
                "edge": "mirror",
                "firefox": {
                    "version_added": false
                },
                "firefox_android": "mirror",
                "ie": {
                    "version_added": false
                },
                "oculus": "mirror",
                "opera": "mirror",
                "opera_android": "mirror",
                "safari": {
                    "version_added": false
                },
                "safari_ios": "mirror",
                "samsunginternet_android": "mirror",
                "webview_android": "mirror",
                "edge_blink": {
                    "version_added": "79"
                }
            },
            "title": "InterventionReportBody: lineNumber property"
        }
    ],
    "dom-interventionreportbody-message": [
        {
            "engines": [
                "blink"
            ],
            "filename": "api/InterventionReportBody.json",
            "name": "message",
            "slug": "API/InterventionReportBody/message",
            "mdn_url": "https://developer.mozilla.org/en-US/docs/Web/API/InterventionReportBody/message",
            "summary": "The message read-only property of the InterventionReportBody interface returns a human-readable description of the intervention, including information such as how the intervention could be avoided. This typically matches the message a browser will display in its DevTools console when an intervention is imposed, if one is available.",
            "support": {
                "chrome": {
                    "version_added": "69"
                },
                "chrome_android": "mirror",
                "edge": "mirror",
                "firefox": {
                    "version_added": false
                },
                "firefox_android": "mirror",
                "ie": {
                    "version_added": false
                },
                "oculus": "mirror",
                "opera": "mirror",
                "opera_android": "mirror",
                "safari": {
                    "version_added": false
                },
                "safari_ios": "mirror",
                "samsunginternet_android": "mirror",
                "webview_android": "mirror",
                "edge_blink": {
                    "version_added": "79"
                }
            },
            "title": "InterventionReportBody: message property"
        }
    ],
    "dom-interventionreportbody-sourcefile": [
        {
            "engines": [
                "blink"
            ],
            "filename": "api/InterventionReportBody.json",
            "name": "sourceFile",
            "slug": "API/InterventionReportBody/sourceFile",
            "mdn_url": "https://developer.mozilla.org/en-US/docs/Web/API/InterventionReportBody/sourceFile",
            "summary": "The sourceFile read-only property of the InterventionReportBody interface returns the path to the source file where the intervention occurred.",
            "support": {
                "chrome": {
                    "version_added": "69"
                },
                "chrome_android": "mirror",
                "edge": "mirror",
                "firefox": {
                    "version_added": false
                },
                "firefox_android": "mirror",
                "ie": {
                    "version_added": false
                },
                "oculus": "mirror",
                "opera": "mirror",
                "opera_android": "mirror",
                "safari": {
                    "version_added": false
                },
                "safari_ios": "mirror",
                "samsunginternet_android": "mirror",
                "webview_android": "mirror",
                "edge_blink": {
                    "version_added": "79"
                }
            },
            "title": "InterventionReportBody: sourceFile property"
        }
    ],
    "dom-interventionreportbody-tojson": [
        {
            "engines": [
                "blink"
            ],
            "filename": "api/InterventionReportBody.json",
            "name": "toJSON",
            "slug": "API/InterventionReportBody/toJSON",
            "mdn_url": "https://developer.mozilla.org/en-US/docs/Web/API/InterventionReportBody/toJSON",
            "summary": "The toJSON() method of the InterventionReportBody interface is a serializer, and returns a JSON representation of the InterventionReportBody object.",
            "support": {
                "chrome": {
                    "version_added": "69"
                },
                "chrome_android": "mirror",
                "edge": "mirror",
                "firefox": {
                    "version_added": false
                },
                "firefox_android": "mirror",
                "ie": {
                    "version_added": false
                },
                "oculus": "mirror",
                "opera": "mirror",
                "opera_android": "mirror",
                "safari": {
                    "version_added": false
                },
                "safari_ios": "mirror",
                "samsunginternet_android": "mirror",
                "webview_android": "mirror",
                "edge_blink": {
                    "version_added": "79"
                }
            },
            "title": "InterventionReportBody: toJSON() method"
        }
    ],
    "intervention-report": [
        {
            "engines": [
                "blink"
            ],
            "filename": "api/InterventionReportBody.json",
            "name": "InterventionReportBody",
            "slug": "API/InterventionReportBody",
            "mdn_url": "https://developer.mozilla.org/en-US/docs/Web/API/InterventionReportBody",
            "summary": "The InterventionReportBody interface of the Reporting API represents the body of an intervention report.",
            "support": {
                "chrome": {
                    "version_added": "69"
                },
                "chrome_android": "mirror",
                "edge": "mirror",
                "firefox": {
                    "version_added": false
                },
                "firefox_android": "mirror",
                "ie": {
                    "version_added": false
                },
                "oculus": "mirror",
                "opera": "mirror",
                "opera_android": "mirror",
                "safari": {
                    "version_added": false
                },
                "safari_ios": "mirror",
                "samsunginternet_android": "mirror",
                "webview_android": "mirror",
                "edge_blink": {
                    "version_added": "79"
                }
            },
            "title": "InterventionReportBody"
        }
    ]
}
