{
    "h-keyboard-getlayoutmap": [
        {
            "engines": [
                "blink"
            ],
            "filename": "api/Keyboard.json",
            "name": "getLayoutMap",
            "slug": "API/Keyboard/getLayoutMap",
            "mdn_url": "https://developer.mozilla.org/en-US/docs/Web/API/Keyboard/getLayoutMap",
            "summary": "The getLayoutMap() method of the Keyboard interface returns a Promise that resolves with an instance of KeyboardLayoutMap which is a map-like object with functions for retrieving the strings associated with specific physical keys.",
            "support": {
                "chrome": {
                    "version_added": "69"
                },
                "chrome_android": "mirror",
                "edge": "mirror",
                "firefox": {
                    "version_added": false
                },
                "firefox_android": "mirror",
                "ie": {
                    "version_added": false
                },
                "oculus": "mirror",
                "opera": "mirror",
                "opera_android": "mirror",
                "safari": {
                    "version_added": false
                },
                "safari_ios": "mirror",
                "samsunginternet_android": "mirror",
                "webview_android": "mirror",
                "edge_blink": {
                    "version_added": "79"
                }
            },
            "title": "Keyboard: getLayoutMap() method"
        }
    ],
    "keyboard-interface": [
        {
            "engines": [
                "blink"
            ],
            "filename": "api/Keyboard.json",
            "name": "Keyboard",
            "slug": "API/Keyboard",
            "mdn_url": "https://developer.mozilla.org/en-US/docs/Web/API/Keyboard",
            "summary": "The Keyboard interface of the Keyboard API provides functions that retrieve keyboard layout maps and toggle capturing of key presses from the physical keyboard.",
            "support": {
                "chrome": {
                    "version_added": "68"
                },
                "chrome_android": "mirror",
                "edge": "mirror",
                "firefox": {
                    "version_added": false
                },
                "firefox_android": "mirror",
                "ie": {
                    "version_added": false
                },
                "oculus": "mirror",
                "opera": "mirror",
                "opera_android": "mirror",
                "safari": {
                    "version_added": false
                },
                "safari_ios": "mirror",
                "samsunginternet_android": "mirror",
                "webview_android": "mirror",
                "edge_blink": {
                    "version_added": "79"
                }
            },
            "title": "Keyboard"
        }
    ],
    "keyboardlayoutmap-interface": [
        {
            "engines": [
                "blink"
            ],
            "filename": "api/KeyboardLayoutMap.json",
            "name": "KeyboardLayoutMap",
            "slug": "API/KeyboardLayoutMap",
            "mdn_url": "https://developer.mozilla.org/en-US/docs/Web/API/KeyboardLayoutMap",
            "summary": "The KeyboardLayoutMap interface of the Keyboard API is a read-only object with functions for retrieving the string associated with specific physical keys.",
            "support": {
                "chrome": {
                    "version_added": "69"
                },
                "chrome_android": "mirror",
                "edge": "mirror",
                "firefox": {
                    "version_added": false
                },
                "firefox_android": "mirror",
                "ie": {
                    "version_added": false
                },
                "oculus": "mirror",
                "opera": {
                    "version_added": "55"
                },
                "opera_android": "mirror",
                "safari": {
                    "version_added": false
                },
                "safari_ios": "mirror",
                "samsunginternet_android": "mirror",
                "webview_android": "mirror",
                "edge_blink": {
                    "version_added": "79"
                }
            },
            "title": "KeyboardLayoutMap"
        }
    ]
}
