{
    "dom-magnetometer-magnetometer": [
        {
            "engines": [
                "blink"
            ],
            "needsflag": [
                "blink"
            ],
            "filename": "api/Magnetometer.json",
            "name": "Magnetometer",
            "slug": "API/Magnetometer/Magnetometer",
            "mdn_url": "https://developer.mozilla.org/en-US/docs/Web/API/Magnetometer/Magnetometer",
            "summary": "The Magnetometer() constructor creates a new Magnetometer object which returns information about the magnetic field as detected by a device's primary magnetometer sensor.",
            "support": {
                "chrome": {
                    "version_added": "56",
                    "flags": [
                        {
                            "type": "preference",
                            "name": "#enable-generic-sensor-extra-classes",
                            "value_to_set": "Enabled"
                        }
                    ]
                },
                "chrome_android": "mirror",
                "edge": "mirror",
                "firefox": {
                    "version_added": false
                },
                "firefox_android": "mirror",
                "ie": {
                    "version_added": false
                },
                "oculus": "mirror",
                "opera": "mirror",
                "opera_android": "mirror",
                "safari": {
                    "version_added": false
                },
                "safari_ios": "mirror",
                "samsunginternet_android": "mirror",
                "webview_android": "mirror",
                "edge_blink": {
                    "version_added": "79",
                    "flags": [
                        {
                            "type": "preference",
                            "name": "#enable-generic-sensor-extra-classes",
                            "value_to_set": "Enabled"
                        }
                    ]
                }
            },
            "title": "Magnetometer: Magnetometer() constructor"
        }
    ],
    "magnetometer-x": [
        {
            "engines": [
                "blink"
            ],
            "needsflag": [
                "blink"
            ],
            "filename": "api/Magnetometer.json",
            "name": "x",
            "slug": "API/Magnetometer/x",
            "mdn_url": "https://developer.mozilla.org/en-US/docs/Web/API/Magnetometer/x",
            "summary": "The x read-only property of the Magnetometer interface returns a number specifying the magnetic field around the device's x-axis.",
            "support": {
                "chrome": {
                    "version_added": "56",
                    "flags": [
                        {
                            "type": "preference",
                            "name": "#enable-generic-sensor-extra-classes",
                            "value_to_set": "Enabled"
                        }
                    ]
                },
                "chrome_android": "mirror",
                "edge": "mirror",
                "firefox": {
                    "version_added": false
                },
                "firefox_android": "mirror",
                "ie": {
                    "version_added": false
                },
                "oculus": "mirror",
                "opera": "mirror",
                "opera_android": "mirror",
                "safari": {
                    "version_added": false
                },
                "safari_ios": "mirror",
                "samsunginternet_android": "mirror",
                "webview_android": "mirror",
                "edge_blink": {
                    "version_added": "79",
                    "flags": [
                        {
                            "type": "preference",
                            "name": "#enable-generic-sensor-extra-classes",
                            "value_to_set": "Enabled"
                        }
                    ]
                }
            },
            "title": "Magnetometer: x property"
        }
    ],
    "magnetometer-y": [
        {
            "engines": [
                "blink"
            ],
            "needsflag": [
                "blink"
            ],
            "filename": "api/Magnetometer.json",
            "name": "y",
            "slug": "API/Magnetometer/y",
            "mdn_url": "https://developer.mozilla.org/en-US/docs/Web/API/Magnetometer/y",
            "summary": "The y read-only property of the Magnetometer interface returns a number specifying the magnetic field around the device's y-axis.",
            "support": {
                "chrome": {
                    "version_added": "56",
                    "flags": [
                        {
                            "type": "preference",
                            "name": "#enable-generic-sensor-extra-classes",
                            "value_to_set": "Enabled"
                        }
                    ]
                },
                "chrome_android": "mirror",
                "edge": "mirror",
                "firefox": {
                    "version_added": false
                },
                "firefox_android": "mirror",
                "ie": {
                    "version_added": false
                },
                "oculus": "mirror",
                "opera": "mirror",
                "opera_android": "mirror",
                "safari": {
                    "version_added": false
                },
                "safari_ios": "mirror",
                "samsunginternet_android": "mirror",
                "webview_android": "mirror",
                "edge_blink": {
                    "version_added": "79",
                    "flags": [
                        {
                            "type": "preference",
                            "name": "#enable-generic-sensor-extra-classes",
                            "value_to_set": "Enabled"
                        }
                    ]
                }
            },
            "title": "Magnetometer: y property"
        }
    ],
    "magnetometer-z": [
        {
            "engines": [
                "blink"
            ],
            "needsflag": [
                "blink"
            ],
            "filename": "api/Magnetometer.json",
            "name": "z",
            "slug": "API/Magnetometer/z",
            "mdn_url": "https://developer.mozilla.org/en-US/docs/Web/API/Magnetometer/z",
            "summary": "The z read-only property of the Magnetometer interface returns a number specifying the magnetic field around the device's z-axis.",
            "support": {
                "chrome": {
                    "version_added": "56",
                    "flags": [
                        {
                            "type": "preference",
                            "name": "#enable-generic-sensor-extra-classes",
                            "value_to_set": "Enabled"
                        }
                    ]
                },
                "chrome_android": "mirror",
                "edge": "mirror",
                "firefox": {
                    "version_added": false
                },
                "firefox_android": "mirror",
                "ie": {
                    "version_added": false
                },
                "oculus": "mirror",
                "opera": "mirror",
                "opera_android": "mirror",
                "safari": {
                    "version_added": false
                },
                "safari_ios": "mirror",
                "samsunginternet_android": "mirror",
                "webview_android": "mirror",
                "edge_blink": {
                    "version_added": "79",
                    "flags": [
                        {
                            "type": "preference",
                            "name": "#enable-generic-sensor-extra-classes",
                            "value_to_set": "Enabled"
                        }
                    ]
                }
            },
            "title": "Magnetometer: z property"
        }
    ],
    "magnetometer-interface": [
        {
            "engines": [
                "blink"
            ],
            "needsflag": [
                "blink"
            ],
            "filename": "api/Magnetometer.json",
            "name": "Magnetometer",
            "slug": "API/Magnetometer",
            "mdn_url": "https://developer.mozilla.org/en-US/docs/Web/API/Magnetometer",
            "summary": "The Magnetometer interface of the Sensor APIs provides information about the magnetic field as detected by the device's primary magnetometer sensor.",
            "support": {
                "chrome": {
                    "version_added": "56",
                    "flags": [
                        {
                            "type": "preference",
                            "name": "#enable-generic-sensor-extra-classes",
                            "value_to_set": "Enabled"
                        }
                    ]
                },
                "chrome_android": "mirror",
                "edge": "mirror",
                "firefox": {
                    "version_added": false
                },
                "firefox_android": "mirror",
                "ie": {
                    "version_added": false
                },
                "oculus": "mirror",
                "opera": "mirror",
                "opera_android": "mirror",
                "safari": {
                    "version_added": false
                },
                "safari_ios": "mirror",
                "samsunginternet_android": "mirror",
                "webview_android": "mirror",
                "edge_blink": {
                    "version_added": "79",
                    "flags": [
                        {
                            "type": "preference",
                            "name": "#enable-generic-sensor-extra-classes",
                            "value_to_set": "Enabled"
                        }
                    ]
                }
            },
            "title": "Magnetometer"
        }
    ],
    "ref-for-policy-controlled-feature": [
        {
            "engines": [
                "blink"
            ],
            "filename": "http/headers/Feature-Policy.json",
            "name": "magnetometer",
            "slug": "HTTP/Headers/Feature-Policy/magnetometer",
            "mdn_url": "https://developer.mozilla.org/en-US/docs/Web/HTTP/Headers/Feature-Policy/magnetometer",
            "summary": "The HTTP Permissions-Policy header magnetometer directive controls whether the current document is allowed to gather information about the orientation of the device through the Magnetometer interface.",
            "support": {
                "chrome": {
                    "version_added": "67"
                },
                "chrome_android": "mirror",
                "edge": "mirror",
                "firefox": {
                    "version_added": false
                },
                "firefox_android": "mirror",
                "ie": {
                    "version_added": false
                },
                "oculus": "mirror",
                "opera": "mirror",
                "opera_android": "mirror",
                "safari": {
                    "version_added": false
                },
                "safari_ios": "mirror",
                "samsunginternet_android": "mirror",
                "webview_android": {
                    "version_added": false
                },
                "edge_blink": {
                    "version_added": "79"
                }
            },
            "title": "Permissions-Policy: magnetometer"
        }
    ]
}
