{
    "categories-member": [
        {
            "engines": [
                "blink"
            ],
            "filename": "html/manifest/categories.json",
            "name": "categories",
            "slug": "Manifest/categories",
            "mdn_url": "https://developer.mozilla.org/en-US/docs/Web/Manifest/categories",
            "summary": "The categories member is an array of strings defining the names of categories that the application supposedly belongs to. There is no standard list of possible values, but the W3C maintains a list of known categories.",
            "support": {
                "chrome": {
                    "version_added": null
                },
                "chrome_android": {
                    "version_added": "88"
                },
                "edge": {
                    "version_added": false
                },
                "firefox": {
                    "version_added": null
                },
                "firefox_android": "mirror",
                "ie": {
                    "version_added": false
                },
                "oculus": "mirror",
                "opera": "mirror",
                "opera_android": {
                    "version_added": null
                },
                "safari": {
                    "version_added": null
                },
                "safari_ios": {
                    "version_added": false
                },
                "samsunginternet_android": "mirror",
                "webview_android": {
                    "version_added": null
                },
                "edge_blink": {
                    "version_added": null
                }
            },
            "title": "categories"
        }
    ],
    "description-member": [
        {
            "engines": [
                "blink",
                "webkit"
            ],
            "filename": "html/manifest/description.json",
            "name": "description",
            "slug": "Manifest/description",
            "mdn_url": "https://developer.mozilla.org/en-US/docs/Web/Manifest/description",
            "summary": "The description member is a string in which developers can explain what the application does. description is directionality-capable, which means it can be displayed left to right or right to left based on the values of the dir and lang manifest members.",
            "support": {
                "chrome": {
                    "version_added": null
                },
                "chrome_android": {
                    "version_added": "88"
                },
                "edge": {
                    "version_added": false
                },
                "firefox": {
                    "version_added": null
                },
                "firefox_android": "mirror",
                "ie": {
                    "version_added": false
                },
                "oculus": "mirror",
                "opera": "mirror",
                "opera_android": {
                    "version_added": null
                },
                "safari": {
                    "version_added": null
                },
                "safari_ios": {
                    "version_added": "11.3"
                },
                "samsunginternet_android": "mirror",
                "webview_android": {
                    "version_added": null
                },
                "edge_blink": {
                    "version_added": null
                }
            },
            "title": "description"
        }
    ],
    "screenshots-member": [
        {
            "engines": [
                "blink"
            ],
            "filename": "html/manifest/screenshots.json",
            "name": "screenshots",
            "slug": "Manifest/screenshots",
            "mdn_url": "https://developer.mozilla.org/en-US/docs/Web/Manifest/screenshots",
            "summary": "The screenshots member defines an array of screenshots intended to showcase the application. These images are intended to be used by progressive web app stores.",
            "support": {
                "chrome": {
                    "version_added": null
                },
                "chrome_android": {
                    "version_added": "88"
                },
                "edge": {
                    "version_added": false
                },
                "firefox": {
                    "version_added": null
                },
                "firefox_android": "mirror",
                "ie": {
                    "version_added": false
                },
                "oculus": "mirror",
                "opera": "mirror",
                "opera_android": {
                    "version_added": null
                },
                "safari": {
                    "version_added": null
                },
                "safari_ios": {
                    "version_added": false,
                    "notes": "See <a href='https://webkit.org/b/222356'>bug 222356</a>."
                },
                "samsunginternet_android": "mirror",
                "webview_android": {
                    "version_added": null
                },
                "edge_blink": {
                    "version_added": null
                }
            },
            "title": "screenshots"
        }
    ]
}
