{
    "proposed.html#sec-intl.numberformat.prototype.formatrange": [
        {
            "engines": [
                "blink",
                "webkit"
            ],
            "filename": "javascript/builtins/Intl/NumberFormat.json",
            "name": "formatRange",
            "slug": "JavaScript/Reference/Global_Objects/Intl/NumberFormat/formatRange",
            "mdn_url": "https://developer.mozilla.org/en-US/docs/Web/JavaScript/Reference/Global_Objects/Intl/NumberFormat/formatRange",
            "summary": "The formatRange() method of Intl.NumberFormat instances formats a range of numbers according to the locale and formatting options of this Intl.NumberFormat object.",
            "support": {
                "chrome": {
                    "version_added": "106"
                },
                "chrome_android": "mirror",
                "deno": {
                    "version_added": false
                },
                "edge": "mirror",
                "firefox": {
                    "version_added": false
                },
                "firefox_android": "mirror",
                "ie": {
                    "version_added": false
                },
                "nodejs": {
                    "version_added": false
                },
                "oculus": "mirror",
                "opera": "mirror",
                "opera_android": "mirror",
                "safari": {
                    "version_added": "15.4"
                },
                "safari_ios": "mirror",
                "samsunginternet_android": "mirror",
                "webview_android": "mirror",
                "edge_blink": {
                    "version_added": "106"
                }
            },
            "title": "Intl.NumberFormat.prototype.formatRange()"
        }
    ],
    "proposed.html#sec-intl.numberformat.prototype.formatrangetoparts": [
        {
            "engines": [
                "blink",
                "webkit"
            ],
            "filename": "javascript/builtins/Intl/NumberFormat.json",
            "name": "formatRangeToParts",
            "slug": "JavaScript/Reference/Global_Objects/Intl/NumberFormat/formatRangeToParts",
            "mdn_url": "https://developer.mozilla.org/en-US/docs/Web/JavaScript/Reference/Global_Objects/Intl/NumberFormat/formatRangeToParts",
            "summary": "The formatRangeToParts() method of Intl.NumberFormat instances returns an Array of objects containing the locale-specific tokens from which it is possible to build custom strings while preserving the locale-specific parts. This makes it possible to provide locale-aware custom formatting ranges of number strings.",
            "support": {
                "chrome": {
                    "version_added": "106"
                },
                "chrome_android": "mirror",
                "deno": {
                    "version_added": false
                },
                "edge": "mirror",
                "firefox": {
                    "version_added": false
                },
                "firefox_android": "mirror",
                "ie": {
                    "version_added": false
                },
                "nodejs": {
                    "version_added": false
                },
                "oculus": "mirror",
                "opera": "mirror",
                "opera_android": "mirror",
                "safari": {
                    "version_added": "15.4"
                },
                "safari_ios": "mirror",
                "samsunginternet_android": "mirror",
                "webview_android": "mirror",
                "edge_blink": {
                    "version_added": "106"
                }
            },
            "title": "Intl.NumberFormat.prototype.formatRangeToParts()"
        }
    ]
}
