{
    "sec-PerformancePaintTiming": [
        {
            "engines": [
                "blink",
                "gecko",
                "webkit"
            ],
            "filename": "api/PerformancePaintTiming.json",
            "name": "PerformancePaintTiming",
            "slug": "API/PerformancePaintTiming",
            "mdn_url": "https://developer.mozilla.org/en-US/docs/Web/API/PerformancePaintTiming",
            "summary": "The PerformancePaintTiming interface provides timing information about \"paint\" (also called \"render\") operations during web page construction. \"Paint\" refers to conversion of the render tree to on-screen pixels.",
            "support": {
                "chrome": {
                    "version_added": "60"
                },
                "chrome_android": "mirror",
                "edge": "mirror",
                "firefox": {
                    "version_added": "84"
                },
                "firefox_android": "mirror",
                "ie": {
                    "version_added": false
                },
                "oculus": "mirror",
                "opera": "mirror",
                "opera_android": "mirror",
                "safari": {
                    "version_added": "14.1"
                },
                "safari_ios": "mirror",
                "samsunginternet_android": "mirror",
                "webview_android": "mirror",
                "edge_blink": {
                    "version_added": "79"
                }
            },
            "title": "PerformancePaintTiming"
        }
    ]
}
