{
    "proposed.html#sec-intl.pluralrules.prototype.selectrange": [
        {
            "engines": [
                "blink",
                "webkit"
            ],
            "filename": "javascript/builtins/Intl/PluralRules.json",
            "name": "selectRange",
            "slug": "JavaScript/Reference/Global_Objects/Intl/PluralRules/selectRange",
            "mdn_url": "https://developer.mozilla.org/en-US/docs/Web/JavaScript/Reference/Global_Objects/Intl/PluralRules/selectRange",
            "summary": "The selectRange() method of Intl.PluralRules instances receives two values and returns a string indicating which plural rule to use for locale-aware formatting.",
            "support": {
                "chrome": {
                    "version_added": "106"
                },
                "chrome_android": "mirror",
                "deno": {
                    "version_added": false
                },
                "edge": "mirror",
                "firefox": {
                    "version_added": false
                },
                "firefox_android": "mirror",
                "ie": {
                    "version_added": false
                },
                "nodejs": {
                    "version_added": false
                },
                "oculus": "mirror",
                "opera": "mirror",
                "opera_android": "mirror",
                "safari": {
                    "version_added": "15.4"
                },
                "safari_ios": "mirror",
                "samsunginternet_android": "mirror",
                "webview_android": "mirror",
                "edge_blink": {
                    "version_added": "106"
                }
            },
            "title": "Intl.PluralRules.prototype.selectRange()"
        }
    ]
}
