{
    "the-portal-element": [
        {
            "engines": [
                "blink"
            ],
            "needsflag": [
                "blink"
            ],
            "filename": "html/elements/portal.json",
            "name": "portal",
            "slug": "HTML/Element/portal",
            "mdn_url": "https://developer.mozilla.org/en-US/docs/Web/HTML/Element/portal",
            "summary": "The <portal> HTML element enables the embedding of another HTML page into the current one for the purposes of allowing smoother navigation into new pages.",
            "support": {
                "chrome": {
                    "version_added": "85",
                    "flags": [
                        {
                            "type": "preference",
                            "name": "enable-portals",
                            "value_to_set": "true"
                        }
                    ]
                },
                "chrome_android": "mirror",
                "edge": {
                    "version_added": false
                },
                "firefox": {
                    "version_added": false
                },
                "firefox_android": "mirror",
                "ie": {
                    "version_added": false
                },
                "oculus": "mirror",
                "opera": {
                    "version_added": "73",
                    "flags": [
                        {
                            "type": "preference",
                            "name": "enable-portals",
                            "value_to_set": "true"
                        }
                    ]
                },
                "opera_android": "mirror",
                "safari": {
                    "version_added": false
                },
                "safari_ios": "mirror",
                "samsunginternet_android": "mirror",
                "edge_blink": {
                    "version_added": "85",
                    "flags": [
                        {
                            "type": "preference",
                            "name": "enable-portals",
                            "value_to_set": "true"
                        }
                    ]
                }
            },
            "title": "<portal>: The Portal element"
        }
    ]
}
