{
    "sec-intl.supportedvaluesof": [
        {
            "engines": [
                "blink",
                "gecko",
                "webkit"
            ],
            "filename": "javascript/builtins/Intl.json",
            "name": "supportedValuesOf",
            "slug": "JavaScript/Reference/Global_Objects/Intl/supportedValuesOf",
            "mdn_url": "https://developer.mozilla.org/en-US/docs/Web/JavaScript/Reference/Global_Objects/Intl/supportedValuesOf",
            "summary": "The Intl.supportedValuesOf() static method returns an array containing the supported calendar, collation, currency, numbering systems, or unit values supported by the implementation.",
            "support": {
                "chrome": {
                    "version_added": "99"
                },
                "chrome_android": "mirror",
                "deno": {
                    "version_added": "1.19"
                },
                "edge": "mirror",
                "firefox": {
                    "version_added": "93"
                },
                "firefox_android": "mirror",
                "ie": {
                    "version_added": false
                },
                "nodejs": {
                    "version_added": "18.0.0"
                },
                "oculus": "mirror",
                "opera": "mirror",
                "opera_android": "mirror",
                "safari": {
                    "version_added": "15.4"
                },
                "safari_ios": "mirror",
                "samsunginternet_android": "mirror",
                "webview_android": "mirror",
                "edge_blink": {
                    "version_added": "99"
                }
            },
            "title": "Intl.supportedValuesOf()"
        }
    ]
}
