{
    "referrer-policy-delivery-meta": [
        {
            "engines": [
                "blink",
                "gecko",
                "webkit"
            ],
            "filename": "html/elements/meta.json",
            "name": "name",
            "slug": "HTML/Element/meta/name",
            "mdn_url": "https://developer.mozilla.org/en-US/docs/Web/HTML/Element/meta/name",
            "summary": "The <meta> element can be used to provide document metadata in terms of name-value pairs, with the name attribute giving the metadata name, and the content attribute giving the value.",
            "support": {
                "chrome": {
                    "version_added": "1"
                },
                "chrome_android": "mirror",
                "edge": {
                    "version_added": "12"
                },
                "firefox": {
                    "version_added": "1"
                },
                "firefox_android": "mirror",
                "ie": {
                    "version_added": "6"
                },
                "oculus": "mirror",
                "opera": {
                    "version_added": "12.1"
                },
                "opera_android": {
                    "version_added": "12.1"
                },
                "safari": {
                    "version_added": "4"
                },
                "safari_ios": "mirror",
                "samsunginternet_android": "mirror",
                "webview_android": "mirror",
                "edge_blink": {
                    "version_added": "79"
                }
            },
            "title": "Standard metadata names"
        }
    ],
    "referrer-policy-header": [
        {
            "engines": [
                "blink",
                "gecko",
                "webkit"
            ],
            "filename": "http/headers/Referrer-Policy.json",
            "name": "Referrer-Policy",
            "slug": "HTTP/Headers/Referrer-Policy",
            "mdn_url": "https://developer.mozilla.org/en-US/docs/Web/HTTP/Headers/Referrer-Policy",
            "summary": "The Referrer-Policy HTTP header controls how much referrer information (sent with the Referer header) should be included with requests. Aside from the HTTP header, you can set this policy in HTML.",
            "support": {
                "chrome": {
                    "version_added": "56"
                },
                "chrome_android": "mirror",
                "edge": "mirror",
                "firefox": {
                    "version_added": "50"
                },
                "firefox_android": "mirror",
                "ie": {
                    "version_added": false
                },
                "oculus": "mirror",
                "opera": "mirror",
                "opera_android": "mirror",
                "safari": {
                    "version_added": "11.1"
                },
                "safari_ios": {
                    "version_added": "12"
                },
                "samsunginternet_android": {
                    "version_added": "7.2"
                },
                "webview_android": "mirror",
                "edge_blink": {
                    "version_added": "79"
                }
            },
            "title": "Referrer-Policy"
        }
    ]
}
