{
    "section-4": [
        {
            "engines": [],
            "filename": "http/headers/Forwarded.json",
            "name": "Forwarded",
            "slug": "HTTP/Headers/Forwarded",
            "mdn_url": "https://developer.mozilla.org/en-US/docs/Web/HTTP/Headers/Forwarded",
            "summary": "The Forwarded request header contains information that may be added by reverse proxy servers (load balancers, CDNs, and so on) that would otherwise be altered or lost when proxy servers are involved in the path of the request.",
            "support": {
                "chrome": {
                    "version_added": null
                },
                "chrome_android": "mirror",
                "edge": "mirror",
                "firefox": {
                    "version_added": null
                },
                "firefox_android": "mirror",
                "ie": {
                    "version_added": null
                },
                "oculus": "mirror",
                "opera": "mirror",
                "opera_android": "mirror",
                "safari": {
                    "version_added": null
                },
                "safari_ios": "mirror",
                "samsunginternet_android": "mirror",
                "webview_android": "mirror",
                "edge_blink": {
                    "version_added": null
                }
            },
            "title": "Forwarded"
        }
    ]
}
