{
    "section-3.1": [
        {
            "engines": [
                "blink"
            ],
            "filename": "http/headers/Accept-CH.json",
            "name": "Accept-CH",
            "slug": "HTTP/Headers/Accept-CH",
            "mdn_url": "https://developer.mozilla.org/en-US/docs/Web/HTTP/Headers/Accept-CH",
            "summary": "The Accept-CH header may be set by a server to specify which client hints headers a client should include in subsequent requests.",
            "support": {
                "chrome": {
                    "version_added": "46"
                },
                "chrome_android": "mirror",
                "edge": {
                    "version_added": false
                },
                "firefox": {
                    "version_added": false
                },
                "firefox_android": "mirror",
                "ie": {
                    "version_added": false
                },
                "oculus": "mirror",
                "opera": "mirror",
                "opera_android": "mirror",
                "safari": {
                    "version_added": false
                },
                "safari_ios": "mirror",
                "samsunginternet_android": "mirror",
                "webview_android": "mirror",
                "edge_blink": {
                    "version_added": "79"
                }
            },
            "title": "Accept-CH"
        }
    ]
}
