{
    "compatibility.with.http.1.0.persistent.connections": [
        {
            "engines": [
                "blink",
                "gecko",
                "webkit"
            ],
            "filename": "http/headers/Keep-Alive.json",
            "name": "Keep-Alive",
            "slug": "HTTP/Headers/Keep-Alive",
            "mdn_url": "https://developer.mozilla.org/en-US/docs/Web/HTTP/Headers/Keep-Alive",
            "summary": "The Keep-Alive general header allows the sender to hint about how the connection may be used to set a timeout and a maximum amount of requests.",
            "support": {
                "chrome": {
                    "version_added": true
                },
                "chrome_android": "mirror",
                "edge": {
                    "version_added": "12"
                },
                "firefox": {
                    "version_added": true
                },
                "firefox_android": "mirror",
                "ie": {
                    "version_added": true
                },
                "oculus": "mirror",
                "opera": "mirror",
                "opera_android": "mirror",
                "safari": {
                    "version_added": true
                },
                "safari_ios": "mirror",
                "samsunginternet_android": "mirror",
                "webview_android": "mirror",
                "edge_blink": {
                    "version_added": true
                }
            },
            "title": "Keep-Alive"
        }
    ],
    "chunked.trailer.section": [
        {
            "engines": [
                "blink",
                "gecko",
                "webkit"
            ],
            "filename": "http/headers/Trailer.json",
            "name": "Trailer",
            "slug": "HTTP/Headers/Trailer",
            "mdn_url": "https://developer.mozilla.org/en-US/docs/Web/HTTP/Headers/Trailer",
            "summary": "The Trailer response header allows the sender to include additional fields at the end of chunked messages in order to supply metadata that might be dynamically generated while the message body is sent, such as a message integrity check, digital signature, or post-processing status.",
            "support": {
                "chrome": {
                    "version_added": true
                },
                "chrome_android": "mirror",
                "edge": {
                    "version_added": "12"
                },
                "firefox": {
                    "version_added": true
                },
                "firefox_android": "mirror",
                "ie": {
                    "version_added": true
                },
                "oculus": "mirror",
                "opera": "mirror",
                "opera_android": "mirror",
                "safari": {
                    "version_added": true
                },
                "safari_ios": "mirror",
                "samsunginternet_android": "mirror",
                "webview_android": "mirror",
                "edge_blink": {
                    "version_added": true
                }
            },
            "title": "Trailer"
        }
    ],
    "field.transfer-encoding": [
        {
            "engines": [
                "blink",
                "gecko",
                "webkit"
            ],
            "filename": "http/headers/Transfer-Encoding.json",
            "name": "Transfer-Encoding",
            "slug": "HTTP/Headers/Transfer-Encoding",
            "mdn_url": "https://developer.mozilla.org/en-US/docs/Web/HTTP/Headers/Transfer-Encoding",
            "summary": "The Transfer-Encoding header specifies the form of encoding used to safely transfer the payload body to the user.",
            "support": {
                "chrome": {
                    "version_added": true
                },
                "chrome_android": "mirror",
                "edge": {
                    "version_added": "12"
                },
                "firefox": {
                    "version_added": true
                },
                "firefox_android": "mirror",
                "ie": {
                    "version_added": true
                },
                "oculus": "mirror",
                "opera": "mirror",
                "opera_android": "mirror",
                "safari": {
                    "version_added": true
                },
                "safari_ios": "mirror",
                "samsunginternet_android": "mirror",
                "webview_android": "mirror",
                "edge_blink": {
                    "version_added": true
                }
            },
            "title": "Transfer-Encoding"
        }
    ]
}
