{
    "servertiming-attribute": [
        {
            "engines": [
                "blink",
                "gecko",
                "webkit"
            ],
            "filename": "api/PerformanceResourceTiming.json",
            "name": "serverTiming",
            "slug": "API/PerformanceResourceTiming/serverTiming",
            "mdn_url": "https://developer.mozilla.org/en-US/docs/Web/API/PerformanceResourceTiming/serverTiming",
            "summary": "The serverTiming read-only property returns an array of PerformanceServerTiming entries containing server timing metrics.",
            "support": {
                "chrome": {
                    "version_added": "65"
                },
                "chrome_android": "mirror",
                "edge": "mirror",
                "firefox": {
                    "version_added": "61"
                },
                "firefox_android": "mirror",
                "ie": {
                    "version_added": false
                },
                "oculus": "mirror",
                "opera": "mirror",
                "opera_android": "mirror",
                "safari": {
                    "version_added": "16.4"
                },
                "safari_ios": "mirror",
                "samsunginternet_android": "mirror",
                "webview_android": "mirror",
                "edge_blink": {
                    "version_added": "79"
                }
            },
            "title": "PerformanceResourceTiming: serverTiming property"
        }
    ],
    "dom-performanceservertiming-description": [
        {
            "engines": [
                "blink",
                "gecko",
                "webkit"
            ],
            "filename": "api/PerformanceServerTiming.json",
            "name": "description",
            "slug": "API/PerformanceServerTiming/description",
            "mdn_url": "https://developer.mozilla.org/en-US/docs/Web/API/PerformanceServerTiming/description",
            "summary": "The description read-only property returns a string value of the server-specified metric description, or an empty string.",
            "support": {
                "chrome": {
                    "version_added": "65"
                },
                "chrome_android": "mirror",
                "edge": "mirror",
                "firefox": {
                    "version_added": "61"
                },
                "firefox_android": "mirror",
                "ie": {
                    "version_added": false
                },
                "oculus": "mirror",
                "opera": "mirror",
                "opera_android": "mirror",
                "safari": {
                    "version_added": "16.4"
                },
                "safari_ios": "mirror",
                "samsunginternet_android": "mirror",
                "webview_android": "mirror",
                "edge_blink": {
                    "version_added": "79"
                }
            },
            "title": "PerformanceServerTiming: description property"
        }
    ],
    "dom-performanceservertiming-duration": [
        {
            "engines": [
                "blink",
                "gecko",
                "webkit"
            ],
            "filename": "api/PerformanceServerTiming.json",
            "name": "duration",
            "slug": "API/PerformanceServerTiming/duration",
            "mdn_url": "https://developer.mozilla.org/en-US/docs/Web/API/PerformanceServerTiming/duration",
            "summary": "The duration read-only property returns a double that contains the server-specified metric duration, or the value 0.0.",
            "support": {
                "chrome": {
                    "version_added": "65"
                },
                "chrome_android": "mirror",
                "edge": "mirror",
                "firefox": {
                    "version_added": "61"
                },
                "firefox_android": "mirror",
                "ie": {
                    "version_added": false
                },
                "oculus": "mirror",
                "opera": "mirror",
                "opera_android": "mirror",
                "safari": {
                    "version_added": "16.4"
                },
                "safari_ios": "mirror",
                "samsunginternet_android": "mirror",
                "webview_android": "mirror",
                "edge_blink": {
                    "version_added": "79"
                }
            },
            "title": "PerformanceServerTiming: duration property"
        }
    ],
    "dom-performanceservertiming-name": [
        {
            "engines": [
                "blink",
                "gecko",
                "webkit"
            ],
            "filename": "api/PerformanceServerTiming.json",
            "name": "name",
            "slug": "API/PerformanceServerTiming/name",
            "mdn_url": "https://developer.mozilla.org/en-US/docs/Web/API/PerformanceServerTiming/name",
            "summary": "The name read-only property returns a string value of the server-specified metric name.",
            "support": {
                "chrome": {
                    "version_added": "65"
                },
                "chrome_android": "mirror",
                "edge": "mirror",
                "firefox": {
                    "version_added": "61"
                },
                "firefox_android": "mirror",
                "ie": {
                    "version_added": false
                },
                "oculus": "mirror",
                "opera": "mirror",
                "opera_android": "mirror",
                "safari": {
                    "version_added": "16.4"
                },
                "safari_ios": "mirror",
                "samsunginternet_android": "mirror",
                "webview_android": "mirror",
                "edge_blink": {
                    "version_added": "79"
                }
            },
            "title": "PerformanceServerTiming: name property"
        }
    ],
    "dom-performanceservertiming-tojson": [
        {
            "engines": [
                "blink",
                "gecko",
                "webkit"
            ],
            "filename": "api/PerformanceServerTiming.json",
            "name": "toJSON",
            "slug": "API/PerformanceServerTiming/toJSON",
            "mdn_url": "https://developer.mozilla.org/en-US/docs/Web/API/PerformanceServerTiming/toJSON",
            "summary": "The toJSON() method of the PerformanceServerTiming interface is a serializer; it returns a JSON representation of the PerformanceServerTiming object.",
            "support": {
                "chrome": {
                    "version_added": "65"
                },
                "chrome_android": "mirror",
                "edge": "mirror",
                "firefox": {
                    "version_added": "61"
                },
                "firefox_android": "mirror",
                "ie": {
                    "version_added": false
                },
                "oculus": "mirror",
                "opera": "mirror",
                "opera_android": "mirror",
                "safari": {
                    "version_added": "16.4"
                },
                "safari_ios": "mirror",
                "samsunginternet_android": "mirror",
                "webview_android": "mirror",
                "edge_blink": {
                    "version_added": "79"
                }
            },
            "title": "PerformanceServerTiming: toJSON() method"
        }
    ],
    "the-performanceservertiming-interface": [
        {
            "engines": [
                "blink",
                "gecko",
                "webkit"
            ],
            "filename": "api/PerformanceServerTiming.json",
            "name": "PerformanceServerTiming",
            "slug": "API/PerformanceServerTiming",
            "mdn_url": "https://developer.mozilla.org/en-US/docs/Web/API/PerformanceServerTiming",
            "summary": "The PerformanceServerTiming interface surfaces server metrics that are sent with the response in the Server-Timing HTTP header.",
            "support": {
                "chrome": {
                    "version_added": "65"
                },
                "chrome_android": "mirror",
                "edge": "mirror",
                "firefox": {
                    "version_added": "61"
                },
                "firefox_android": "mirror",
                "ie": {
                    "version_added": false
                },
                "oculus": "mirror",
                "opera": "mirror",
                "opera_android": "mirror",
                "safari": {
                    "version_added": "16.4"
                },
                "safari_ios": "mirror",
                "samsunginternet_android": "mirror",
                "webview_android": "mirror",
                "edge_blink": {
                    "version_added": "79"
                }
            },
            "title": "PerformanceServerTiming"
        }
    ],
    "the-server-timing-header-field": [
        {
            "engines": [
                "blink",
                "gecko"
            ],
            "filename": "http/headers/Server-Timing.json",
            "name": "Server-Timing",
            "slug": "HTTP/Headers/Server-Timing",
            "mdn_url": "https://developer.mozilla.org/en-US/docs/Web/HTTP/Headers/Server-Timing",
            "summary": "The Server-Timing header communicates one or more metrics and descriptions for a given request-response cycle. It is used to surface any backend server timing metrics (e.g. database read/write, CPU time, file system access, etc.) in the developer tools in the user's browser or in the PerformanceServerTiming interface.",
            "support": {
                "chrome": {
                    "version_added": "65"
                },
                "chrome_android": "mirror",
                "edge": {
                    "version_added": false
                },
                "firefox": {
                    "version_added": "61"
                },
                "firefox_android": "mirror",
                "ie": {
                    "version_added": false
                },
                "oculus": "mirror",
                "opera": "mirror",
                "opera_android": "mirror",
                "safari": {
                    "version_added": null
                },
                "safari_ios": "mirror",
                "samsunginternet_android": "mirror",
                "webview_android": "mirror",
                "edge_blink": {
                    "version_added": "79"
                }
            },
            "title": "Server-Timing"
        }
    ]
}
