{
    "spec.html#h.lmz475t4mvbx": [
        {
            "engines": [
                "blink",
                "gecko",
                "webkit"
            ],
            "filename": "http/headers/SourceMap.json",
            "name": "SourceMap",
            "slug": "HTTP/Headers/SourceMap",
            "mdn_url": "https://developer.mozilla.org/en-US/docs/Web/HTTP/Headers/SourceMap",
            "summary": "The SourceMap HTTP response header links generated code to a source map, enabling the browser to reconstruct the original source and present the reconstructed original in the debugger.",
            "support": {
                "chrome": [
                    {
                        "version_added": true
                    },
                    {
                        "prefix": "X-",
                        "version_added": true
                    }
                ],
                "chrome_android": "mirror",
                "edge": {
                    "version_added": false
                },
                "firefox": [
                    {
                        "version_added": "55"
                    },
                    {
                        "prefix": "X-",
                        "version_added": "27"
                    }
                ],
                "firefox_android": "mirror",
                "ie": {
                    "version_added": null
                },
                "oculus": "mirror",
                "opera": "mirror",
                "opera_android": "mirror",
                "safari": [
                    {
                        "version_added": true
                    },
                    {
                        "prefix": "X-",
                        "version_added": true
                    }
                ],
                "safari_ios": "mirror",
                "samsunginternet_android": "mirror",
                "webview_android": "mirror",
                "edge_blink": [
                    {
                        "version_added": true
                    },
                    {
                        "prefix": "X-",
                        "version_added": true
                    }
                ]
            },
            "title": "SourceMap"
        }
    ]
}
