{
    "the-integrity-attribute": [
        {
            "engines": [
                "blink",
                "gecko",
                "webkit"
            ],
            "filename": "html/elements/link.json",
            "name": "integrity",
            "slug": "Security/Subresource_Integrity",
            "mdn_url": "https://developer.mozilla.org/en-US/docs/Web/Security/Subresource_Integrity",
            "summary": "Subresource Integrity (SRI) is a security feature that enables browsers to verify that resources they fetch (for example, from a CDN) are delivered without unexpected manipulation. It works by allowing you to provide a cryptographic hash that a fetched resource must match.",
            "support": {
                "chrome": {
                    "version_added": "45"
                },
                "chrome_android": "mirror",
                "edge": {
                    "version_added": "17"
                },
                "firefox": {
                    "version_added": "43"
                },
                "firefox_android": "mirror",
                "ie": {
                    "version_added": false
                },
                "oculus": "mirror",
                "opera": "mirror",
                "opera_android": "mirror",
                "safari": {
                    "version_added": "11.1"
                },
                "safari_ios": "mirror",
                "samsunginternet_android": "mirror",
                "webview_android": "mirror",
                "edge_blink": {
                    "version_added": "79"
                }
            },
            "title": "Subresource Integrity"
        }
    ]
}
