{
    "InterfaceSVGAnimateElement": [
        {
            "engines": [
                "blink",
                "gecko",
                "webkit"
            ],
            "filename": "api/SVGAnimateElement.json",
            "name": "SVGAnimateElement",
            "slug": "API/SVGAnimateElement",
            "mdn_url": "https://developer.mozilla.org/en-US/docs/Web/API/SVGAnimateElement",
            "summary": "The SVGAnimateElement interface corresponds to the <animate> element.",
            "support": {
                "chrome": {
                    "version_added": "2"
                },
                "chrome_android": "mirror",
                "edge": "mirror",
                "firefox": {
                    "version_added": "4"
                },
                "firefox_android": "mirror",
                "ie": {
                    "version_added": false
                },
                "oculus": "mirror",
                "opera": {
                    "version_added": "12.1"
                },
                "opera_android": {
                    "version_added": "12.1"
                },
                "safari": {
                    "version_added": "3"
                },
                "safari_ios": {
                    "version_added": "1"
                },
                "samsunginternet_android": "mirror",
                "webview_android": {
                    "version_added": "3"
                },
                "edge_blink": {
                    "version_added": "79"
                }
            },
            "title": "SVGAnimateElement"
        }
    ],
    "InterfaceSVGAnimateMotionElement": [
        {
            "engines": [
                "blink",
                "gecko",
                "webkit"
            ],
            "filename": "api/SVGAnimateMotionElement.json",
            "name": "SVGAnimateMotionElement",
            "slug": "API/SVGAnimateMotionElement",
            "mdn_url": "https://developer.mozilla.org/en-US/docs/Web/API/SVGAnimateMotionElement",
            "summary": "The SVGAnimateMotionElement interface corresponds to the <animateMotion> element.",
            "support": {
                "chrome": {
                    "version_added": "19"
                },
                "chrome_android": "mirror",
                "edge": "mirror",
                "firefox": {
                    "version_added": "4"
                },
                "firefox_android": "mirror",
                "ie": {
                    "version_added": false
                },
                "oculus": "mirror",
                "opera": {
                    "version_added": "12.1"
                },
                "opera_android": {
                    "version_added": "12.1"
                },
                "safari": {
                    "version_added": "6"
                },
                "safari_ios": "mirror",
                "samsunginternet_android": "mirror",
                "webview_android": "mirror",
                "edge_blink": {
                    "version_added": "79"
                }
            },
            "title": "SVGAnimateMotionElement"
        }
    ],
    "InterfaceSVGAnimateTransformElement": [
        {
            "engines": [
                "blink",
                "gecko",
                "webkit"
            ],
            "filename": "api/SVGAnimateTransformElement.json",
            "name": "SVGAnimateTransformElement",
            "slug": "API/SVGAnimateTransformElement",
            "mdn_url": "https://developer.mozilla.org/en-US/docs/Web/API/SVGAnimateTransformElement",
            "summary": "The SVGAnimateTransformElement interface corresponds to the <animateTransform> element.",
            "support": {
                "chrome": {
                    "version_added": "2"
                },
                "chrome_android": "mirror",
                "edge": "mirror",
                "firefox": {
                    "version_added": "4"
                },
                "firefox_android": "mirror",
                "ie": {
                    "version_added": false
                },
                "oculus": "mirror",
                "opera": {
                    "version_added": "12.1"
                },
                "opera_android": {
                    "version_added": "12.1"
                },
                "safari": {
                    "version_added": "3"
                },
                "safari_ios": {
                    "version_added": "1"
                },
                "samsunginternet_android": "mirror",
                "webview_android": {
                    "version_added": "3"
                },
                "edge_blink": {
                    "version_added": "79"
                }
            },
            "title": "SVGAnimateTransformElement"
        }
    ],
    "__svg__SVGAnimationElement__targetElement": [
        {
            "engines": [
                "blink",
                "gecko",
                "webkit"
            ],
            "filename": "api/SVGAnimationElement.json",
            "name": "targetElement",
            "slug": "API/SVGAnimationElement/targetElement",
            "mdn_url": "https://developer.mozilla.org/en-US/docs/Web/API/SVGAnimationElement/targetElement",
            "summary": "The SVGAnimationElement.targetElement property refers to the element which is being animated. If no target element is being animated (for example, because the href attribute specifies an unknown element), the value returned is null.",
            "support": {
                "chrome": {
                    "version_added": "2"
                },
                "chrome_android": "mirror",
                "edge": "mirror",
                "firefox": {
                    "version_added": "4"
                },
                "firefox_android": "mirror",
                "ie": {
                    "version_added": false
                },
                "oculus": "mirror",
                "opera": {
                    "version_added": "12.1"
                },
                "opera_android": {
                    "version_added": "12.1"
                },
                "safari": {
                    "version_added": "4"
                },
                "safari_ios": "mirror",
                "samsunginternet_android": "mirror",
                "webview_android": {
                    "version_added": "3"
                },
                "edge_blink": {
                    "version_added": "79"
                }
            },
            "title": "SVGAnimationElement: targetElement property"
        }
    ],
    "InterfaceSVGAnimationElement": [
        {
            "engines": [
                "blink",
                "gecko",
                "webkit"
            ],
            "filename": "api/SVGAnimationElement.json",
            "name": "SVGAnimationElement",
            "slug": "API/SVGAnimationElement",
            "mdn_url": "https://developer.mozilla.org/en-US/docs/Web/API/SVGAnimationElement",
            "summary": "The SVGAnimationElement interface is the base interface for all of the animation element interfaces: SVGAnimateElement, SVGSetElement, SVGAnimateColorElement, SVGAnimateMotionElement and SVGAnimateTransformElement.",
            "support": {
                "chrome": {
                    "version_added": "2"
                },
                "chrome_android": "mirror",
                "edge": "mirror",
                "firefox": {
                    "version_added": "4"
                },
                "firefox_android": "mirror",
                "ie": {
                    "version_added": false
                },
                "oculus": "mirror",
                "opera": {
                    "version_added": "12.1"
                },
                "opera_android": {
                    "version_added": "12.1"
                },
                "safari": {
                    "version_added": "3"
                },
                "safari_ios": {
                    "version_added": "1"
                },
                "samsunginternet_android": "mirror",
                "webview_android": {
                    "version_added": "3"
                },
                "edge_blink": {
                    "version_added": "79"
                }
            },
            "title": "SVGAnimationElement"
        }
    ],
    "InterfaceSVGMPathElement": [
        {
            "engines": [
                "blink",
                "gecko",
                "webkit"
            ],
            "filename": "api/SVGMPathElement.json",
            "name": "SVGMPathElement",
            "slug": "API/SVGMPathElement",
            "mdn_url": "https://developer.mozilla.org/en-US/docs/Web/API/SVGMPathElement",
            "summary": "The SVGMPathElement interface corresponds to the <mpath> element.",
            "support": {
                "chrome": {
                    "version_added": "19"
                },
                "chrome_android": "mirror",
                "edge": "mirror",
                "firefox": {
                    "version_added": "4"
                },
                "firefox_android": "mirror",
                "ie": {
                    "version_added": false
                },
                "oculus": "mirror",
                "opera": {
                    "version_added": "12.1"
                },
                "opera_android": {
                    "version_added": "12.1"
                },
                "safari": {
                    "version_added": "6"
                },
                "safari_ios": "mirror",
                "samsunginternet_android": "mirror",
                "webview_android": "mirror",
                "edge_blink": {
                    "version_added": "79"
                }
            },
            "title": "SVGMPathElement"
        }
    ],
    "InterfaceSVGSetElement": [
        {
            "engines": [
                "blink",
                "gecko",
                "webkit"
            ],
            "filename": "api/SVGSetElement.json",
            "name": "SVGSetElement",
            "slug": "API/SVGSetElement",
            "mdn_url": "https://developer.mozilla.org/en-US/docs/Web/API/SVGSetElement",
            "summary": "The SVGSetElement interface corresponds to the <set> element.",
            "support": {
                "chrome": {
                    "version_added": "2"
                },
                "chrome_android": "mirror",
                "edge": "mirror",
                "firefox": {
                    "version_added": "4"
                },
                "firefox_android": "mirror",
                "ie": {
                    "version_added": false
                },
                "oculus": "mirror",
                "opera": {
                    "version_added": "12.1"
                },
                "opera_android": {
                    "version_added": "12.1"
                },
                "safari": {
                    "version_added": "3"
                },
                "safari_ios": {
                    "version_added": "1"
                },
                "samsunginternet_android": "mirror",
                "webview_android": {
                    "version_added": "3"
                },
                "edge_blink": {
                    "version_added": "79"
                }
            },
            "title": "SVGSetElement"
        }
    ],
    "DiscardElementHrefAttribute": [
        {
            "engines": [
                "blink",
                "gecko",
                "webkit"
            ],
            "filename": "svg/attributes/href.json",
            "name": "href",
            "slug": "SVG/Attribute/href",
            "mdn_url": "https://developer.mozilla.org/en-US/docs/Web/SVG/Attribute/href",
            "summary": "The href attribute defines a link to a resource as a reference URL. The exact meaning of that link depends on the context of each element using it.",
            "support": {
                "chrome": {
                    "version_added": "50"
                },
                "chrome_android": "mirror",
                "edge": {
                    "version_added": "12"
                },
                "firefox": {
                    "version_added": "51"
                },
                "firefox_android": "mirror",
                "ie": {
                    "version_added": true
                },
                "oculus": "mirror",
                "opera": "mirror",
                "opera_android": "mirror",
                "safari": {
                    "version_added": "12.1"
                },
                "safari_ios": "mirror",
                "samsunginternet_android": "mirror",
                "webview_android": "mirror",
                "edge_blink": {
                    "version_added": "79"
                }
            },
            "title": "href"
        }
    ],
    "HrefAttribute": [
        {
            "engines": [
                "blink",
                "gecko",
                "webkit"
            ],
            "filename": "svg/attributes/href.json",
            "name": "href",
            "slug": "SVG/Attribute/href",
            "mdn_url": "https://developer.mozilla.org/en-US/docs/Web/SVG/Attribute/href",
            "summary": "The href attribute defines a link to a resource as a reference URL. The exact meaning of that link depends on the context of each element using it.",
            "support": {
                "chrome": {
                    "version_added": "50"
                },
                "chrome_android": "mirror",
                "edge": {
                    "version_added": "12"
                },
                "firefox": {
                    "version_added": "51"
                },
                "firefox_android": "mirror",
                "ie": {
                    "version_added": true
                },
                "oculus": "mirror",
                "opera": "mirror",
                "opera_android": "mirror",
                "safari": {
                    "version_added": "12.1"
                },
                "safari_ios": "mirror",
                "samsunginternet_android": "mirror",
                "webview_android": "mirror",
                "edge_blink": {
                    "version_added": "79"
                }
            },
            "title": "href"
        }
    ],
    "MPathElementHrefAttribute": [
        {
            "engines": [
                "blink",
                "gecko",
                "webkit"
            ],
            "filename": "svg/attributes/href.json",
            "name": "href",
            "slug": "SVG/Attribute/href",
            "mdn_url": "https://developer.mozilla.org/en-US/docs/Web/SVG/Attribute/href",
            "summary": "The href attribute defines a link to a resource as a reference URL. The exact meaning of that link depends on the context of each element using it.",
            "support": {
                "chrome": {
                    "version_added": "50"
                },
                "chrome_android": "mirror",
                "edge": {
                    "version_added": "12"
                },
                "firefox": {
                    "version_added": "51"
                },
                "firefox_android": "mirror",
                "ie": {
                    "version_added": true
                },
                "oculus": "mirror",
                "opera": "mirror",
                "opera_android": "mirror",
                "safari": {
                    "version_added": "12.1"
                },
                "safari_ios": "mirror",
                "samsunginternet_android": "mirror",
                "webview_android": "mirror",
                "edge_blink": {
                    "version_added": "79"
                }
            },
            "title": "href"
        }
    ],
    "FillAttribute": [
        {
            "engines": [
                "gecko"
            ],
            "filename": "svg/attributes/presentation.json",
            "name": "fill",
            "slug": "SVG/Attribute/fill",
            "mdn_url": "https://developer.mozilla.org/en-US/docs/Web/SVG/Attribute/fill",
            "summary": "The fill attribute has two different meanings. For shapes and text it's a presentation attribute that defines the color (or any SVG paint servers like gradients or patterns) used to paint the element; for animation it defines the final state of the animation.",
            "support": {
                "chrome": {
                    "version_added": null
                },
                "chrome_android": "mirror",
                "edge": "mirror",
                "firefox": {
                    "version_added": "3"
                },
                "firefox_android": "mirror",
                "ie": {
                    "version_added": null
                },
                "oculus": "mirror",
                "opera": "mirror",
                "opera_android": "mirror",
                "safari": {
                    "version_added": null
                },
                "safari_ios": "mirror",
                "samsunginternet_android": "mirror",
                "webview_android": "mirror",
                "edge_blink": {
                    "version_added": null
                }
            },
            "title": "fill"
        }
    ],
    "DurAttribute": [
        {
            "engines": [
                "blink",
                "gecko",
                "webkit"
            ],
            "filename": "svg/elements/animate.json",
            "name": "dur",
            "slug": "SVG/Attribute/dur",
            "mdn_url": "https://developer.mozilla.org/en-US/docs/Web/SVG/Attribute/dur",
            "summary": "The dur attribute indicates the simple duration of an animation.",
            "support": {
                "chrome": {
                    "version_added": "2"
                },
                "chrome_android": "mirror",
                "edge": "mirror",
                "firefox": {
                    "version_added": "4"
                },
                "firefox_android": "mirror",
                "ie": {
                    "version_added": false
                },
                "oculus": "mirror",
                "opera": "mirror",
                "opera_android": "mirror",
                "safari": {
                    "version_added": "4"
                },
                "safari_ios": "mirror",
                "samsunginternet_android": "mirror",
                "webview_android": "mirror",
                "edge_blink": {
                    "version_added": "79"
                }
            },
            "title": "dur"
        }
    ],
    "FromAttribute": [
        {
            "engines": [
                "blink",
                "gecko",
                "webkit"
            ],
            "filename": "svg/elements/animate.json",
            "name": "from",
            "slug": "SVG/Attribute/from",
            "mdn_url": "https://developer.mozilla.org/en-US/docs/Web/SVG/Attribute/from",
            "summary": "The from attribute indicates the initial value of the attribute that will be modified during the animation.",
            "support": {
                "chrome": {
                    "version_added": "2"
                },
                "chrome_android": "mirror",
                "edge": "mirror",
                "firefox": {
                    "version_added": "4"
                },
                "firefox_android": "mirror",
                "ie": {
                    "version_added": false
                },
                "oculus": "mirror",
                "opera": "mirror",
                "opera_android": "mirror",
                "safari": {
                    "version_added": "4"
                },
                "safari_ios": "mirror",
                "samsunginternet_android": "mirror",
                "webview_android": "mirror",
                "edge_blink": {
                    "version_added": "79"
                }
            },
            "title": "from"
        }
    ],
    "RepeatCountAttribute": [
        {
            "engines": [
                "blink",
                "gecko",
                "webkit"
            ],
            "filename": "svg/elements/animate.json",
            "name": "repeatCount",
            "slug": "SVG/Attribute/repeatCount",
            "mdn_url": "https://developer.mozilla.org/en-US/docs/Web/SVG/Attribute/repeatCount",
            "summary": "The repeatCount attribute indicates the number of times an animation will take place.",
            "support": {
                "chrome": {
                    "version_added": "2"
                },
                "chrome_android": "mirror",
                "edge": "mirror",
                "firefox": {
                    "version_added": "4"
                },
                "firefox_android": "mirror",
                "ie": {
                    "version_added": false
                },
                "oculus": "mirror",
                "opera": "mirror",
                "opera_android": "mirror",
                "safari": {
                    "version_added": "4"
                },
                "safari_ios": "mirror",
                "samsunginternet_android": "mirror",
                "webview_android": "mirror",
                "edge_blink": {
                    "version_added": "79"
                }
            },
            "title": "repeatCount"
        }
    ],
    "AnimateElement": [
        {
            "engines": [
                "blink",
                "gecko",
                "webkit"
            ],
            "filename": "svg/elements/animate.json",
            "name": "animate",
            "slug": "SVG/Element/animate",
            "mdn_url": "https://developer.mozilla.org/en-US/docs/Web/SVG/Element/animate",
            "summary": "The SVG <animate> element provides a way to animate an attribute of an element over time.",
            "support": {
                "chrome": {
                    "version_added": "2"
                },
                "chrome_android": "mirror",
                "edge": {
                    "version_added": false
                },
                "firefox": {
                    "version_added": "4"
                },
                "firefox_android": "mirror",
                "ie": {
                    "version_added": false
                },
                "oculus": "mirror",
                "opera": {
                    "version_added": "9"
                },
                "opera_android": {
                    "version_added": "10.1"
                },
                "safari": {
                    "version_added": "3.1"
                },
                "safari_ios": "mirror",
                "samsunginternet_android": "mirror",
                "webview_android": {
                    "version_added": "4"
                },
                "edge_blink": {
                    "version_added": "79"
                }
            },
            "title": "<animate>"
        }
    ],
    "KeyPointsAttribute": [
        {
            "engines": [
                "blink",
                "gecko",
                "webkit"
            ],
            "filename": "svg/elements/animateMotion.json",
            "name": "keyPoints",
            "slug": "SVG/Attribute/keyPoints",
            "mdn_url": "https://developer.mozilla.org/en-US/docs/Web/SVG/Attribute/keyPoints",
            "summary": "The keyPoints attribute indicates the simple duration of an animation.",
            "support": {
                "chrome": {
                    "version_added": "19"
                },
                "chrome_android": "mirror",
                "edge": "mirror",
                "firefox": {
                    "version_added": "4"
                },
                "firefox_android": "mirror",
                "ie": {
                    "version_added": false
                },
                "oculus": "mirror",
                "opera": "mirror",
                "opera_android": "mirror",
                "safari": {
                    "version_added": "6"
                },
                "safari_ios": "mirror",
                "samsunginternet_android": "mirror",
                "webview_android": "mirror",
                "edge_blink": {
                    "version_added": "79"
                }
            },
            "title": "keyPoints"
        }
    ],
    "AnimateMotionElement": [
        {
            "engines": [
                "blink",
                "gecko",
                "webkit"
            ],
            "filename": "svg/elements/animateMotion.json",
            "name": "animateMotion",
            "slug": "SVG/Element/animateMotion",
            "mdn_url": "https://developer.mozilla.org/en-US/docs/Web/SVG/Element/animateMotion",
            "summary": "The SVG <animateMotion> element provides a way to define how an element moves along a motion path.",
            "support": {
                "chrome": {
                    "version_added": "19"
                },
                "chrome_android": "mirror",
                "edge": {
                    "version_added": false
                },
                "firefox": {
                    "version_added": "4"
                },
                "firefox_android": "mirror",
                "ie": {
                    "version_added": false
                },
                "oculus": "mirror",
                "opera": {
                    "version_added": "12.1"
                },
                "opera_android": {
                    "version_added": "12.1"
                },
                "safari": {
                    "version_added": "6"
                },
                "safari_ios": "mirror",
                "samsunginternet_android": "mirror",
                "webview_android": "mirror",
                "edge_blink": {
                    "version_added": "79"
                }
            },
            "title": "<animateMotion>"
        }
    ],
    "ByAttribute": [
        {
            "engines": [
                "blink",
                "gecko",
                "webkit"
            ],
            "filename": "svg/elements/animateTransform.json",
            "name": "by",
            "slug": "SVG/Attribute/by",
            "mdn_url": "https://developer.mozilla.org/en-US/docs/Web/SVG/Attribute/by",
            "summary": "The by attribute specifies a relative offset value for an attribute that will be modified during an animation.",
            "support": {
                "chrome": {
                    "version_added": "2"
                },
                "chrome_android": "mirror",
                "edge": "mirror",
                "firefox": {
                    "version_added": "4"
                },
                "firefox_android": "mirror",
                "ie": {
                    "version_added": false
                },
                "oculus": "mirror",
                "opera": "mirror",
                "opera_android": "mirror",
                "safari": {
                    "version_added": "3"
                },
                "safari_ios": "mirror",
                "samsunginternet_android": "mirror",
                "webview_android": "mirror",
                "edge_blink": {
                    "version_added": "79"
                }
            },
            "title": "by"
        }
    ],
    "AnimateTransformElement": [
        {
            "engines": [
                "blink",
                "gecko",
                "webkit"
            ],
            "filename": "svg/elements/animateTransform.json",
            "name": "animateTransform",
            "slug": "SVG/Element/animateTransform",
            "mdn_url": "https://developer.mozilla.org/en-US/docs/Web/SVG/Element/animateTransform",
            "summary": "The animateTransform element animates a transformation attribute on its target element, thereby allowing animations to control translation, scaling, rotation, and/or skewing.",
            "support": {
                "chrome": {
                    "version_added": "2"
                },
                "chrome_android": "mirror",
                "edge": {
                    "version_added": false
                },
                "firefox": {
                    "version_added": "4"
                },
                "firefox_android": "mirror",
                "ie": {
                    "version_added": false
                },
                "oculus": "mirror",
                "opera": {
                    "version_added": "12.1"
                },
                "opera_android": {
                    "version_added": "12.1"
                },
                "safari": {
                    "version_added": "3"
                },
                "safari_ios": {
                    "version_added": "1"
                },
                "samsunginternet_android": "mirror",
                "webview_android": "mirror",
                "edge_blink": {
                    "version_added": "79"
                }
            },
            "title": "<animateTransform>"
        }
    ],
    "MPathElement": [
        {
            "engines": [
                "blink",
                "gecko",
                "webkit"
            ],
            "filename": "svg/elements/mpath.json",
            "name": "mpath",
            "slug": "SVG/Element/mpath",
            "mdn_url": "https://developer.mozilla.org/en-US/docs/Web/SVG/Element/mpath",
            "summary": "The <mpath> sub-element for the <animateMotion> element provides the ability to reference an external <path> element as the definition of a motion path.",
            "support": {
                "chrome": {
                    "version_added": "19"
                },
                "chrome_android": "mirror",
                "edge": {
                    "version_added": "18"
                },
                "firefox": {
                    "version_added": "4"
                },
                "firefox_android": "mirror",
                "ie": {
                    "version_added": false
                },
                "oculus": "mirror",
                "opera": "mirror",
                "opera_android": "mirror",
                "safari": {
                    "version_added": "6"
                },
                "safari_ios": "mirror",
                "samsunginternet_android": "mirror",
                "webview_android": "mirror",
                "edge_blink": {
                    "version_added": "79"
                }
            },
            "title": "<mpath>"
        }
    ],
    "SetElement": [
        {
            "engines": [
                "blink",
                "gecko",
                "webkit"
            ],
            "filename": "svg/elements/set.json",
            "name": "set",
            "slug": "SVG/Element/set",
            "mdn_url": "https://developer.mozilla.org/en-US/docs/Web/SVG/Element/set",
            "summary": "The SVG <set> element provides a simple means of just setting the value of an attribute for a specified duration.",
            "support": {
                "chrome": {
                    "version_added": "2"
                },
                "chrome_android": "mirror",
                "edge": {
                    "version_added": false
                },
                "firefox": {
                    "version_added": "4"
                },
                "firefox_android": "mirror",
                "ie": {
                    "version_added": false
                },
                "oculus": "mirror",
                "opera": {
                    "version_added": "12.1"
                },
                "opera_android": {
                    "version_added": "12.1"
                },
                "safari": {
                    "version_added": "3"
                },
                "safari_ios": {
                    "version_added": "1"
                },
                "samsunginternet_android": "mirror",
                "webview_android": "mirror",
                "edge_blink": {
                    "version_added": "79"
                }
            },
            "title": "<set>"
        }
    ],
    "RotateAttribute": [
        {
            "engines": [
                "blink",
                "gecko",
                "webkit"
            ],
            "filename": "svg/elements/text.json",
            "name": "rotate",
            "slug": "SVG/Attribute/rotate",
            "mdn_url": "https://developer.mozilla.org/en-US/docs/Web/SVG/Attribute/rotate",
            "summary": "The rotate attribute specifies how the animated element rotates as it travels along a path specified in an <animateMotion> element.",
            "support": {
                "chrome": {
                    "version_added": "1"
                },
                "chrome_android": "mirror",
                "edge": {
                    "version_added": "12"
                },
                "firefox": {
                    "version_added": "1.5"
                },
                "firefox_android": "mirror",
                "ie": {
                    "version_added": true
                },
                "oculus": "mirror",
                "opera": "mirror",
                "opera_android": "mirror",
                "safari": {
                    "version_added": "3"
                },
                "safari_ios": "mirror",
                "samsunginternet_android": "mirror",
                "webview_android": "mirror",
                "edge_blink": {
                    "version_added": "79"
                }
            },
            "title": "rotate"
        }
    ]
}
