{
    "dom-trustedhtml-tojson": [
        {
            "engines": [
                "blink"
            ],
            "filename": "api/TrustedHTML.json",
            "name": "toJSON",
            "slug": "API/TrustedHTML/toJSON",
            "mdn_url": "https://developer.mozilla.org/en-US/docs/Web/API/TrustedHTML/toJSON",
            "summary": "The toJSON() method of the TrustedHTML interface returns a JSON representation of the stored data.",
            "support": {
                "chrome": {
                    "version_added": "90"
                },
                "chrome_android": "mirror",
                "edge": "mirror",
                "firefox": {
                    "version_added": false
                },
                "firefox_android": "mirror",
                "ie": {
                    "version_added": false
                },
                "oculus": "mirror",
                "opera": "mirror",
                "opera_android": "mirror",
                "safari": {
                    "version_added": false
                },
                "safari_ios": "mirror",
                "samsunginternet_android": "mirror",
                "webview_android": "mirror",
                "edge_blink": {
                    "version_added": "90"
                }
            },
            "title": "TrustedHTML: toJSON() method"
        }
    ],
    "trustedhtml-stringification-behavior": [
        {
            "engines": [
                "blink"
            ],
            "filename": "api/TrustedHTML.json",
            "name": "toString",
            "slug": "API/TrustedHTML/toString",
            "mdn_url": "https://developer.mozilla.org/en-US/docs/Web/API/TrustedHTML/toString",
            "summary": "The toString() method of the TrustedHTML interface returns a string which may safely inserted into an injection sink.",
            "support": {
                "chrome": {
                    "version_added": "83"
                },
                "chrome_android": "mirror",
                "edge": "mirror",
                "firefox": {
                    "version_added": false
                },
                "firefox_android": "mirror",
                "ie": {
                    "version_added": false
                },
                "oculus": "mirror",
                "opera": "mirror",
                "opera_android": "mirror",
                "safari": {
                    "version_added": false
                },
                "safari_ios": "mirror",
                "samsunginternet_android": "mirror",
                "webview_android": "mirror",
                "edge_blink": {
                    "version_added": "83"
                }
            },
            "title": "TrustedHTML: toString() method"
        }
    ],
    "trusted-html": [
        {
            "engines": [
                "blink"
            ],
            "filename": "api/TrustedHTML.json",
            "name": "TrustedHTML",
            "slug": "API/TrustedHTML",
            "mdn_url": "https://developer.mozilla.org/en-US/docs/Web/API/TrustedHTML",
            "summary": "The TrustedHTML interface of the Trusted Types API represents a string that a developer can insert into an injection sink that will render it as HTML. These objects are created via TrustedTypePolicy.createHTML() and therefore have no constructor.",
            "support": {
                "chrome": {
                    "version_added": "83"
                },
                "chrome_android": "mirror",
                "edge": "mirror",
                "firefox": {
                    "version_added": false
                },
                "firefox_android": "mirror",
                "ie": {
                    "version_added": false
                },
                "oculus": "mirror",
                "opera": "mirror",
                "opera_android": "mirror",
                "safari": {
                    "version_added": false
                },
                "safari_ios": "mirror",
                "samsunginternet_android": "mirror",
                "webview_android": "mirror",
                "edge_blink": {
                    "version_added": "83"
                }
            },
            "title": "TrustedHTML"
        }
    ],
    "dom-trustedscript-tojson": [
        {
            "engines": [
                "blink"
            ],
            "filename": "api/TrustedScript.json",
            "name": "toJSON",
            "slug": "API/TrustedScript/toJSON",
            "mdn_url": "https://developer.mozilla.org/en-US/docs/Web/API/TrustedScript/toJSON",
            "summary": "The toJSON() method of the TrustedScript interface returns a JSON representation of the stored data.",
            "support": {
                "chrome": {
                    "version_added": "90"
                },
                "chrome_android": "mirror",
                "edge": "mirror",
                "firefox": {
                    "version_added": false
                },
                "firefox_android": "mirror",
                "ie": {
                    "version_added": false
                },
                "oculus": "mirror",
                "opera": "mirror",
                "opera_android": "mirror",
                "safari": {
                    "version_added": false
                },
                "safari_ios": "mirror",
                "samsunginternet_android": "mirror",
                "webview_android": "mirror",
                "edge_blink": {
                    "version_added": "90"
                }
            },
            "title": "TrustedScript: toJSON() method"
        }
    ],
    "trustedscripturl-stringification-behavior": [
        {
            "engines": [
                "blink"
            ],
            "filename": "api/TrustedScript.json",
            "name": "toString",
            "slug": "API/TrustedScript/toString",
            "mdn_url": "https://developer.mozilla.org/en-US/docs/Web/API/TrustedScript/toString",
            "summary": "The toString() method of the TrustedScript interface returns a string which may safely inserted into an injection sink.",
            "support": {
                "chrome": {
                    "version_added": "83"
                },
                "chrome_android": "mirror",
                "edge": "mirror",
                "firefox": {
                    "version_added": false
                },
                "firefox_android": "mirror",
                "ie": {
                    "version_added": false
                },
                "oculus": "mirror",
                "opera": "mirror",
                "opera_android": "mirror",
                "safari": {
                    "version_added": false
                },
                "safari_ios": "mirror",
                "samsunginternet_android": "mirror",
                "webview_android": "mirror",
                "edge_blink": {
                    "version_added": "83"
                }
            },
            "title": "TrustedScript: toString() method"
        },
        {
            "engines": [
                "blink"
            ],
            "filename": "api/TrustedScriptURL.json",
            "name": "toString",
            "slug": "API/TrustedScriptURL/toString",
            "mdn_url": "https://developer.mozilla.org/en-US/docs/Web/API/TrustedScriptURL/toString",
            "summary": "The toString() method of the TrustedScriptURL interface returns a string which may safely inserted into an injection sink.",
            "support": {
                "chrome": {
                    "version_added": "83"
                },
                "chrome_android": "mirror",
                "edge": "mirror",
                "firefox": {
                    "version_added": false
                },
                "firefox_android": "mirror",
                "ie": {
                    "version_added": false
                },
                "oculus": "mirror",
                "opera": "mirror",
                "opera_android": "mirror",
                "safari": {
                    "version_added": false
                },
                "safari_ios": "mirror",
                "samsunginternet_android": "mirror",
                "webview_android": "mirror",
                "edge_blink": {
                    "version_added": "83"
                }
            },
            "title": "TrustedScriptURL: toString() method"
        }
    ],
    "trusted-script": [
        {
            "engines": [
                "blink"
            ],
            "filename": "api/TrustedScript.json",
            "name": "TrustedScript",
            "slug": "API/TrustedScript",
            "mdn_url": "https://developer.mozilla.org/en-US/docs/Web/API/TrustedScript",
            "summary": "The TrustedScript interface of the Trusted Types API represents a string with an uncompiled script body that a developer can insert into an injection sink that might execute the script. These objects are created via TrustedTypePolicy.createScript() and therefore have no constructor.",
            "support": {
                "chrome": {
                    "version_added": "83"
                },
                "chrome_android": "mirror",
                "edge": "mirror",
                "firefox": {
                    "version_added": false
                },
                "firefox_android": "mirror",
                "ie": {
                    "version_added": false
                },
                "oculus": "mirror",
                "opera": "mirror",
                "opera_android": "mirror",
                "safari": {
                    "version_added": false
                },
                "safari_ios": "mirror",
                "samsunginternet_android": "mirror",
                "webview_android": "mirror",
                "edge_blink": {
                    "version_added": "83"
                }
            },
            "title": "TrustedScript"
        }
    ],
    "dom-trustedscripturl-tojson": [
        {
            "engines": [
                "blink"
            ],
            "filename": "api/TrustedScriptURL.json",
            "name": "toJSON",
            "slug": "API/TrustedScriptURL/toJSON",
            "mdn_url": "https://developer.mozilla.org/en-US/docs/Web/API/TrustedScriptURL/toJSON",
            "summary": "The toJSON() method of the TrustedScriptURL interface returns a JSON representation of the stored data.",
            "support": {
                "chrome": {
                    "version_added": "90"
                },
                "chrome_android": "mirror",
                "edge": "mirror",
                "firefox": {
                    "version_added": false
                },
                "firefox_android": "mirror",
                "ie": {
                    "version_added": false
                },
                "oculus": "mirror",
                "opera": "mirror",
                "opera_android": "mirror",
                "safari": {
                    "version_added": false
                },
                "safari_ios": "mirror",
                "samsunginternet_android": "mirror",
                "webview_android": "mirror",
                "edge_blink": {
                    "version_added": "90"
                }
            },
            "title": "TrustedScriptURL: toJSON() method"
        }
    ],
    "trused-script-url": [
        {
            "engines": [
                "blink"
            ],
            "filename": "api/TrustedScriptURL.json",
            "name": "TrustedScriptURL",
            "slug": "API/TrustedScriptURL",
            "mdn_url": "https://developer.mozilla.org/en-US/docs/Web/API/TrustedScriptURL",
            "summary": "The TrustedScriptURL interface of the Trusted Types API represents a string that a developer can insert into an injection sink that will parse it as a URL of an external script. These objects are created via TrustedTypePolicy.createScriptURL() and therefore have no constructor.",
            "support": {
                "chrome": {
                    "version_added": "83"
                },
                "chrome_android": "mirror",
                "edge": "mirror",
                "firefox": {
                    "version_added": false
                },
                "firefox_android": "mirror",
                "ie": {
                    "version_added": false
                },
                "oculus": "mirror",
                "opera": "mirror",
                "opera_android": "mirror",
                "safari": {
                    "version_added": false
                },
                "safari_ios": "mirror",
                "samsunginternet_android": "mirror",
                "webview_android": "mirror",
                "edge_blink": {
                    "version_added": "83"
                }
            },
            "title": "TrustedScriptURL"
        }
    ],
    "dom-trustedtypepolicy-createhtml": [
        {
            "engines": [
                "blink"
            ],
            "filename": "api/TrustedTypePolicy.json",
            "name": "createHTML",
            "slug": "API/TrustedTypePolicy/createHTML",
            "mdn_url": "https://developer.mozilla.org/en-US/docs/Web/API/TrustedTypePolicy/createHTML",
            "summary": "The createHTML() method of the TrustedTypePolicy interface creates a TrustedHTML object using a policy created by TrustedTypePolicyFactory.createPolicy().",
            "support": {
                "chrome": {
                    "version_added": "83"
                },
                "chrome_android": "mirror",
                "edge": "mirror",
                "firefox": {
                    "version_added": false
                },
                "firefox_android": "mirror",
                "ie": {
                    "version_added": false
                },
                "oculus": "mirror",
                "opera": "mirror",
                "opera_android": "mirror",
                "safari": {
                    "version_added": false
                },
                "safari_ios": "mirror",
                "samsunginternet_android": "mirror",
                "webview_android": "mirror",
                "edge_blink": {
                    "version_added": "83"
                }
            },
            "title": "TrustedTypePolicy: createHTML() method"
        }
    ],
    "dom-trustedtypepolicy-createscript": [
        {
            "engines": [
                "blink"
            ],
            "filename": "api/TrustedTypePolicy.json",
            "name": "createScript",
            "slug": "API/TrustedTypePolicy/createScript",
            "mdn_url": "https://developer.mozilla.org/en-US/docs/Web/API/TrustedTypePolicy/createScript",
            "summary": "The createScript() method of the TrustedTypePolicy interface creates a TrustedScript object using a policy created by TrustedTypePolicyFactory.createPolicy().",
            "support": {
                "chrome": {
                    "version_added": "83"
                },
                "chrome_android": "mirror",
                "edge": "mirror",
                "firefox": {
                    "version_added": false
                },
                "firefox_android": "mirror",
                "ie": {
                    "version_added": false
                },
                "oculus": "mirror",
                "opera": "mirror",
                "opera_android": "mirror",
                "safari": {
                    "version_added": false
                },
                "safari_ios": "mirror",
                "samsunginternet_android": "mirror",
                "webview_android": "mirror",
                "edge_blink": {
                    "version_added": "83"
                }
            },
            "title": "TrustedTypePolicy: createScript() method"
        }
    ],
    "dom-trustedtypepolicy-createscripturl": [
        {
            "engines": [
                "blink"
            ],
            "filename": "api/TrustedTypePolicy.json",
            "name": "createScriptURL",
            "slug": "API/TrustedTypePolicy/createScriptURL",
            "mdn_url": "https://developer.mozilla.org/en-US/docs/Web/API/TrustedTypePolicy/createScriptURL",
            "summary": "The createScriptURL() method of the TrustedTypePolicy interface creates a TrustedScriptURL object using a policy created by TrustedTypePolicyFactory.createPolicy().",
            "support": {
                "chrome": {
                    "version_added": "83"
                },
                "chrome_android": "mirror",
                "edge": "mirror",
                "firefox": {
                    "version_added": false
                },
                "firefox_android": "mirror",
                "ie": {
                    "version_added": false
                },
                "oculus": "mirror",
                "opera": "mirror",
                "opera_android": "mirror",
                "safari": {
                    "version_added": false
                },
                "safari_ios": "mirror",
                "samsunginternet_android": "mirror",
                "webview_android": "mirror",
                "edge_blink": {
                    "version_added": "83"
                }
            },
            "title": "TrustedTypePolicy: createScriptURL() method"
        }
    ],
    "dom-trustedtypepolicy-name": [
        {
            "engines": [
                "blink"
            ],
            "filename": "api/TrustedTypePolicy.json",
            "name": "name",
            "slug": "API/TrustedTypePolicy/name",
            "mdn_url": "https://developer.mozilla.org/en-US/docs/Web/API/TrustedTypePolicy/name",
            "summary": "The name read-only property of the TrustedTypePolicy interface returns the name of the policy.",
            "support": {
                "chrome": {
                    "version_added": "83"
                },
                "chrome_android": "mirror",
                "edge": "mirror",
                "firefox": {
                    "version_added": false
                },
                "firefox_android": "mirror",
                "ie": {
                    "version_added": false
                },
                "oculus": "mirror",
                "opera": "mirror",
                "opera_android": "mirror",
                "safari": {
                    "version_added": false
                },
                "safari_ios": "mirror",
                "samsunginternet_android": "mirror",
                "webview_android": "mirror",
                "edge_blink": {
                    "version_added": "83"
                }
            },
            "title": "TrustedTypePolicy: name property"
        }
    ],
    "trusted-type-policy": [
        {
            "engines": [
                "blink"
            ],
            "filename": "api/TrustedTypePolicy.json",
            "name": "TrustedTypePolicy",
            "slug": "API/TrustedTypePolicy",
            "mdn_url": "https://developer.mozilla.org/en-US/docs/Web/API/TrustedTypePolicy",
            "summary": "The TrustedTypePolicy interface of the Trusted Types API defines a group of functions which create TrustedType objects.",
            "support": {
                "chrome": {
                    "version_added": "83"
                },
                "chrome_android": "mirror",
                "edge": "mirror",
                "firefox": {
                    "version_added": false
                },
                "firefox_android": "mirror",
                "ie": {
                    "version_added": false
                },
                "oculus": "mirror",
                "opera": "mirror",
                "opera_android": "mirror",
                "safari": {
                    "version_added": false
                },
                "safari_ios": "mirror",
                "samsunginternet_android": "mirror",
                "webview_android": "mirror",
                "edge_blink": {
                    "version_added": "83"
                }
            },
            "title": "TrustedTypePolicy"
        }
    ],
    "dom-trustedtypepolicyfactory-createpolicy": [
        {
            "engines": [
                "blink"
            ],
            "filename": "api/TrustedTypePolicyFactory.json",
            "name": "createPolicy",
            "slug": "API/TrustedTypePolicyFactory/createPolicy",
            "mdn_url": "https://developer.mozilla.org/en-US/docs/Web/API/TrustedTypePolicyFactory/createPolicy",
            "summary": "The createPolicy() method of the TrustedTypePolicyFactory interface creates a TrustedTypePolicy object that implements the rules passed as policyOptions.",
            "support": {
                "chrome": {
                    "version_added": "83"
                },
                "chrome_android": "mirror",
                "edge": "mirror",
                "firefox": {
                    "version_added": false
                },
                "firefox_android": "mirror",
                "ie": {
                    "version_added": false
                },
                "oculus": "mirror",
                "opera": "mirror",
                "opera_android": "mirror",
                "safari": {
                    "version_added": false
                },
                "safari_ios": "mirror",
                "samsunginternet_android": "mirror",
                "webview_android": "mirror",
                "edge_blink": {
                    "version_added": "83"
                }
            },
            "title": "TrustedTypePolicyFactory: createPolicy() method"
        }
    ],
    "dom-trustedtypepolicyfactory-defaultpolicy": [
        {
            "engines": [
                "blink"
            ],
            "filename": "api/TrustedTypePolicyFactory.json",
            "name": "defaultPolicy",
            "slug": "API/TrustedTypePolicyFactory/defaultPolicy",
            "mdn_url": "https://developer.mozilla.org/en-US/docs/Web/API/TrustedTypePolicyFactory/defaultPolicy",
            "summary": "The defaultPolicy read-only property of the TrustedTypePolicyFactory interface returns the default TrustedTypePolicy or null if this is empty.",
            "support": {
                "chrome": {
                    "version_added": "83"
                },
                "chrome_android": "mirror",
                "edge": "mirror",
                "firefox": {
                    "version_added": false
                },
                "firefox_android": "mirror",
                "ie": {
                    "version_added": false
                },
                "oculus": "mirror",
                "opera": "mirror",
                "opera_android": "mirror",
                "safari": {
                    "version_added": false
                },
                "safari_ios": "mirror",
                "samsunginternet_android": "mirror",
                "webview_android": "mirror",
                "edge_blink": {
                    "version_added": "83"
                }
            },
            "title": "TrustedTypePolicyFactory: defaultPolicy property"
        }
    ],
    "dom-trustedtypepolicyfactory-emptyhtml": [
        {
            "engines": [
                "blink"
            ],
            "filename": "api/TrustedTypePolicyFactory.json",
            "name": "emptyHTML",
            "slug": "API/TrustedTypePolicyFactory/emptyHTML",
            "mdn_url": "https://developer.mozilla.org/en-US/docs/Web/API/TrustedTypePolicyFactory/emptyHTML",
            "summary": "The emptyHTML read-only property of the TrustedTypePolicyFactory interface returns a TrustedHTML object containing an empty string.",
            "support": {
                "chrome": {
                    "version_added": "83"
                },
                "chrome_android": "mirror",
                "edge": "mirror",
                "firefox": {
                    "version_added": false
                },
                "firefox_android": "mirror",
                "ie": {
                    "version_added": false
                },
                "oculus": "mirror",
                "opera": "mirror",
                "opera_android": "mirror",
                "safari": {
                    "version_added": false
                },
                "safari_ios": "mirror",
                "samsunginternet_android": "mirror",
                "webview_android": "mirror",
                "edge_blink": {
                    "version_added": "83"
                }
            },
            "title": "TrustedTypePolicyFactory: emptyHTML property"
        }
    ],
    "dom-trustedtypepolicyfactory-emptyscript": [
        {
            "engines": [
                "blink"
            ],
            "filename": "api/TrustedTypePolicyFactory.json",
            "name": "emptyScript",
            "slug": "API/TrustedTypePolicyFactory/emptyScript",
            "mdn_url": "https://developer.mozilla.org/en-US/docs/Web/API/TrustedTypePolicyFactory/emptyScript",
            "summary": "The emptyScript read-only property of the TrustedTypePolicyFactory interface returns a TrustedScript object containing an empty string.",
            "support": {
                "chrome": {
                    "version_added": "83"
                },
                "chrome_android": "mirror",
                "edge": "mirror",
                "firefox": {
                    "version_added": false
                },
                "firefox_android": "mirror",
                "ie": {
                    "version_added": false
                },
                "oculus": "mirror",
                "opera": "mirror",
                "opera_android": "mirror",
                "safari": {
                    "version_added": false
                },
                "safari_ios": "mirror",
                "samsunginternet_android": "mirror",
                "webview_android": "mirror",
                "edge_blink": {
                    "version_added": "83"
                }
            },
            "title": "TrustedTypePolicyFactory: emptyScript property"
        }
    ],
    "dom-trustedtypepolicyfactory-getattributetype": [
        {
            "engines": [
                "blink"
            ],
            "filename": "api/TrustedTypePolicyFactory.json",
            "name": "getAttributeType",
            "slug": "API/TrustedTypePolicyFactory/getAttributeType",
            "mdn_url": "https://developer.mozilla.org/en-US/docs/Web/API/TrustedTypePolicyFactory/getAttributeType",
            "summary": "The getAttributeType() method of the TrustedTypePolicyFactory interface allows web developers to check if a Trusted Type is required for an element, and if so which Trusted Type is used.",
            "support": {
                "chrome": {
                    "version_added": "83"
                },
                "chrome_android": "mirror",
                "edge": "mirror",
                "firefox": {
                    "version_added": false
                },
                "firefox_android": "mirror",
                "ie": {
                    "version_added": false
                },
                "oculus": "mirror",
                "opera": "mirror",
                "opera_android": "mirror",
                "safari": {
                    "version_added": false
                },
                "safari_ios": "mirror",
                "samsunginternet_android": "mirror",
                "webview_android": "mirror",
                "edge_blink": {
                    "version_added": "83"
                }
            },
            "title": "TrustedTypePolicyFactory: getAttributeType() method"
        }
    ],
    "dom-trustedtypepolicyfactory-getpropertytype": [
        {
            "engines": [
                "blink"
            ],
            "filename": "api/TrustedTypePolicyFactory.json",
            "name": "getPropertyType",
            "slug": "API/TrustedTypePolicyFactory/getPropertyType",
            "mdn_url": "https://developer.mozilla.org/en-US/docs/Web/API/TrustedTypePolicyFactory/getPropertyType",
            "summary": "The getPropertyType() method of the TrustedTypePolicyFactory interface allows web developers to check if a Trusted Type is required for an element's property.",
            "support": {
                "chrome": {
                    "version_added": "83"
                },
                "chrome_android": "mirror",
                "edge": "mirror",
                "firefox": {
                    "version_added": false
                },
                "firefox_android": "mirror",
                "ie": {
                    "version_added": false
                },
                "oculus": "mirror",
                "opera": "mirror",
                "opera_android": "mirror",
                "safari": {
                    "version_added": false
                },
                "safari_ios": "mirror",
                "samsunginternet_android": "mirror",
                "webview_android": "mirror",
                "edge_blink": {
                    "version_added": "83"
                }
            },
            "title": "TrustedTypePolicyFactory: getPropertyType() method"
        }
    ],
    "dom-trustedtypepolicyfactory-ishtml": [
        {
            "engines": [
                "blink"
            ],
            "filename": "api/TrustedTypePolicyFactory.json",
            "name": "isHTML",
            "slug": "API/TrustedTypePolicyFactory/isHTML",
            "mdn_url": "https://developer.mozilla.org/en-US/docs/Web/API/TrustedTypePolicyFactory/isHTML",
            "summary": "The isHTML() method of the TrustedTypePolicyFactory interface returns true if it is passed a valid TrustedHTML object.",
            "support": {
                "chrome": {
                    "version_added": "83"
                },
                "chrome_android": "mirror",
                "edge": "mirror",
                "firefox": {
                    "version_added": false
                },
                "firefox_android": "mirror",
                "ie": {
                    "version_added": false
                },
                "oculus": "mirror",
                "opera": "mirror",
                "opera_android": "mirror",
                "safari": {
                    "version_added": false
                },
                "safari_ios": "mirror",
                "samsunginternet_android": "mirror",
                "webview_android": "mirror",
                "edge_blink": {
                    "version_added": "83"
                }
            },
            "title": "TrustedTypePolicyFactory: isHTML() method"
        }
    ],
    "dom-trustedtypepolicyfactory-isscript": [
        {
            "engines": [
                "blink"
            ],
            "filename": "api/TrustedTypePolicyFactory.json",
            "name": "isScript",
            "slug": "API/TrustedTypePolicyFactory/isScript",
            "mdn_url": "https://developer.mozilla.org/en-US/docs/Web/API/TrustedTypePolicyFactory/isScript",
            "summary": "The isScript() method of the TrustedTypePolicyFactory interface returns true if it is passed a valid TrustedScript object.",
            "support": {
                "chrome": {
                    "version_added": "83"
                },
                "chrome_android": "mirror",
                "edge": "mirror",
                "firefox": {
                    "version_added": false
                },
                "firefox_android": "mirror",
                "ie": {
                    "version_added": false
                },
                "oculus": "mirror",
                "opera": "mirror",
                "opera_android": "mirror",
                "safari": {
                    "version_added": false
                },
                "safari_ios": "mirror",
                "samsunginternet_android": "mirror",
                "webview_android": "mirror",
                "edge_blink": {
                    "version_added": "83"
                }
            },
            "title": "TrustedTypePolicyFactory: isScript() method"
        }
    ],
    "dom-trustedtypepolicyfactory-isscripturl": [
        {
            "engines": [
                "blink"
            ],
            "filename": "api/TrustedTypePolicyFactory.json",
            "name": "isScriptURL",
            "slug": "API/TrustedTypePolicyFactory/isScriptURL",
            "mdn_url": "https://developer.mozilla.org/en-US/docs/Web/API/TrustedTypePolicyFactory/isScriptURL",
            "summary": "The isScriptURL() method of the TrustedTypePolicyFactory interface returns true if it is passed a valid TrustedScriptURL object.",
            "support": {
                "chrome": {
                    "version_added": "83"
                },
                "chrome_android": "mirror",
                "edge": "mirror",
                "firefox": {
                    "version_added": false
                },
                "firefox_android": "mirror",
                "ie": {
                    "version_added": false
                },
                "oculus": "mirror",
                "opera": "mirror",
                "opera_android": "mirror",
                "safari": {
                    "version_added": false
                },
                "safari_ios": "mirror",
                "samsunginternet_android": "mirror",
                "webview_android": "mirror",
                "edge_blink": {
                    "version_added": "83"
                }
            },
            "title": "TrustedTypePolicyFactory: isScriptURL() method"
        }
    ],
    "trusted-type-policy-factory": [
        {
            "engines": [
                "blink"
            ],
            "filename": "api/TrustedTypePolicyFactory.json",
            "name": "TrustedTypePolicyFactory",
            "slug": "API/TrustedTypePolicyFactory",
            "mdn_url": "https://developer.mozilla.org/en-US/docs/Web/API/TrustedTypePolicyFactory",
            "summary": "The TrustedTypePolicyFactory interface of the Trusted Types API creates policies and allows the verification of Trusted Type objects against created policies.",
            "support": {
                "chrome": {
                    "version_added": "83"
                },
                "chrome_android": "mirror",
                "edge": "mirror",
                "firefox": {
                    "version_added": false
                },
                "firefox_android": "mirror",
                "ie": {
                    "version_added": false
                },
                "oculus": "mirror",
                "opera": "mirror",
                "opera_android": "mirror",
                "safari": {
                    "version_added": false
                },
                "safari_ios": "mirror",
                "samsunginternet_android": "mirror",
                "webview_android": "mirror",
                "edge_blink": {
                    "version_added": "83"
                }
            },
            "title": "TrustedTypePolicyFactory"
        }
    ],
    "require-trusted-types-for-csp-directive": [
        {
            "engines": [
                "blink"
            ],
            "filename": "http/headers/Content-Security-Policy.json",
            "name": "require-trusted-types-for",
            "slug": "HTTP/Headers/Content-Security-Policy/require-trusted-types-for",
            "mdn_url": "https://developer.mozilla.org/en-US/docs/Web/HTTP/Headers/Content-Security-Policy/require-trusted-types-for",
            "summary": "The HTTP Content-Security-Policy (CSP) require-trusted-types-for Experimental directive instructs user agents to control the data passed to DOM XSS sink functions, like Element.innerHTML setter.",
            "support": {
                "chrome": {
                    "version_added": "83"
                },
                "chrome_android": "mirror",
                "edge": "mirror",
                "firefox": {
                    "version_added": false
                },
                "firefox_android": "mirror",
                "ie": {
                    "version_added": false
                },
                "oculus": "mirror",
                "opera": "mirror",
                "opera_android": "mirror",
                "safari": {
                    "version_added": false
                },
                "safari_ios": "mirror",
                "samsunginternet_android": "mirror",
                "webview_android": "mirror",
                "edge_blink": {
                    "version_added": "83"
                }
            },
            "title": "CSP: require-trusted-types-for"
        }
    ],
    "trusted-types-csp-directive": [
        {
            "engines": [
                "blink"
            ],
            "filename": "http/headers/Content-Security-Policy.json",
            "name": "trusted-types",
            "slug": "HTTP/Headers/Content-Security-Policy/trusted-types",
            "mdn_url": "https://developer.mozilla.org/en-US/docs/Web/HTTP/Headers/Content-Security-Policy/trusted-types",
            "summary": "The HTTP Content-Security-Policy (CSP) trusted-types Experimental directive instructs user agents to restrict the creation of Trusted Types policies - functions that build non-spoofable, typed values intended to be passed to DOM XSS sinks in place of strings.",
            "support": {
                "chrome": {
                    "version_added": "83"
                },
                "chrome_android": "mirror",
                "edge": "mirror",
                "firefox": {
                    "version_added": false
                },
                "firefox_android": "mirror",
                "ie": {
                    "version_added": false
                },
                "oculus": "mirror",
                "opera": "mirror",
                "opera_android": {
                    "version_added": false
                },
                "safari": {
                    "version_added": false
                },
                "safari_ios": "mirror",
                "samsunginternet_android": "mirror",
                "webview_android": "mirror",
                "edge_blink": {
                    "version_added": "83"
                }
            },
            "title": "CSP: trusted-types"
        }
    ]
}
