{
    "dom-exception-exception": [
        {
            "engines": [
                "blink",
                "gecko",
                "webkit"
            ],
            "filename": "javascript/builtins/WebAssembly/Exception.json",
            "name": "Exception",
            "slug": "https://developer.mozilla.org/en-US/docs/WebAssembly/JavaScript_interface/Exception/Exception",
            "mdn_url": "https://developer.mozilla.org/en-US/docs/WebAssembly/JavaScript_interface/Exception/Exception",
            "summary": "The WebAssembly.Exception() constructor is used to create a new WebAssembly.Exception.",
            "support": {
                "chrome": {
                    "version_added": "95"
                },
                "chrome_android": "mirror",
                "deno": {
                    "version_added": "1.15"
                },
                "edge": "mirror",
                "firefox": {
                    "version_added": "100"
                },
                "firefox_android": "mirror",
                "ie": {
                    "version_added": false
                },
                "nodejs": {
                    "version_added": "17.0.0"
                },
                "oculus": "mirror",
                "opera": "mirror",
                "opera_android": "mirror",
                "safari": {
                    "version_added": "15.2"
                },
                "safari_ios": "mirror",
                "samsunginternet_android": "mirror",
                "webview_android": "mirror",
                "edge_blink": {
                    "version_added": "95"
                }
            },
            "title": "WebAssembly.Exception constructor"
        }
    ],
    "dom-exception-getarg": [
        {
            "engines": [
                "blink",
                "gecko",
                "webkit"
            ],
            "filename": "javascript/builtins/WebAssembly/Exception.json",
            "name": "getArg",
            "slug": "https://developer.mozilla.org/en-US/docs/WebAssembly/JavaScript_interface/Exception/getArg",
            "mdn_url": "https://developer.mozilla.org/en-US/docs/WebAssembly/JavaScript_interface/Exception/getArg",
            "summary": "The getArg() prototype method of the Exception object can be used to get the value of a specified item in the exception's data arguments.",
            "support": {
                "chrome": {
                    "version_added": "95"
                },
                "chrome_android": "mirror",
                "deno": {
                    "version_added": "1.15"
                },
                "edge": "mirror",
                "firefox": {
                    "version_added": "100"
                },
                "firefox_android": "mirror",
                "ie": {
                    "version_added": false
                },
                "nodejs": {
                    "version_added": "17.0.0"
                },
                "oculus": "mirror",
                "opera": "mirror",
                "opera_android": "mirror",
                "safari": {
                    "version_added": "15.2"
                },
                "safari_ios": "mirror",
                "samsunginternet_android": "mirror",
                "webview_android": "mirror",
                "edge_blink": {
                    "version_added": "95"
                }
            },
            "title": "WebAssembly.Exception.prototype.getArg()"
        }
    ],
    "dom-exception-is": [
        {
            "engines": [
                "blink",
                "gecko",
                "webkit"
            ],
            "filename": "javascript/builtins/WebAssembly/Exception.json",
            "name": "is",
            "slug": "https://developer.mozilla.org/en-US/docs/WebAssembly/JavaScript_interface/Exception/is",
            "mdn_url": "https://developer.mozilla.org/en-US/docs/WebAssembly/JavaScript_interface/Exception/is",
            "summary": "The is() prototype method of the Exception object can be used to test if the Exception matches a given tag.",
            "support": {
                "chrome": {
                    "version_added": "95"
                },
                "chrome_android": "mirror",
                "deno": {
                    "version_added": "1.15"
                },
                "edge": "mirror",
                "firefox": {
                    "version_added": "100"
                },
                "firefox_android": "mirror",
                "ie": {
                    "version_added": false
                },
                "nodejs": {
                    "version_added": "17.0.0"
                },
                "oculus": "mirror",
                "opera": "mirror",
                "opera_android": "mirror",
                "safari": {
                    "version_added": "15.2"
                },
                "safari_ios": "mirror",
                "samsunginternet_android": "mirror",
                "webview_android": "mirror",
                "edge_blink": {
                    "version_added": "95"
                }
            },
            "title": "WebAssembly.Exception.prototype.is()"
        }
    ],
    "runtime-exceptions": [
        {
            "engines": [
                "blink",
                "gecko",
                "webkit"
            ],
            "filename": "javascript/builtins/WebAssembly/Exception.json",
            "name": "Exception",
            "slug": "https://developer.mozilla.org/en-US/docs/WebAssembly/JavaScript_interface/Exception",
            "mdn_url": "https://developer.mozilla.org/en-US/docs/WebAssembly/JavaScript_interface/Exception",
            "summary": "The WebAssembly.Exception object represents a runtime exception thrown from WebAssembly to JavaScript, or thrown from JavaScript to a WebAssembly exception handler.",
            "support": {
                "chrome": {
                    "version_added": "95"
                },
                "chrome_android": "mirror",
                "deno": {
                    "version_added": "1.15"
                },
                "edge": "mirror",
                "firefox": {
                    "version_added": "100"
                },
                "firefox_android": "mirror",
                "ie": {
                    "version_added": false
                },
                "nodejs": {
                    "version_added": "17.0.0"
                },
                "oculus": "mirror",
                "opera": "mirror",
                "opera_android": "mirror",
                "safari": {
                    "version_added": "15.2"
                },
                "safari_ios": "mirror",
                "samsunginternet_android": "mirror",
                "webview_android": "mirror",
                "edge_blink": {
                    "version_added": "95"
                }
            },
            "title": "WebAssembly.Exception"
        }
    ],
    "dom-tag-tag": [
        {
            "engines": [
                "blink",
                "gecko",
                "webkit"
            ],
            "filename": "javascript/builtins/WebAssembly/Tag.json",
            "name": "Tag",
            "slug": "https://developer.mozilla.org/en-US/docs/WebAssembly/JavaScript_interface/Tag/Tag",
            "mdn_url": "https://developer.mozilla.org/en-US/docs/WebAssembly/JavaScript_interface/Tag/Tag",
            "summary": "The WebAssembly.Tag() constructor creates a new WebAssembly.Tag object.",
            "support": {
                "chrome": {
                    "version_added": "95"
                },
                "chrome_android": "mirror",
                "deno": {
                    "version_added": "1.15"
                },
                "edge": "mirror",
                "firefox": {
                    "version_added": "100"
                },
                "firefox_android": "mirror",
                "ie": {
                    "version_added": false
                },
                "nodejs": {
                    "version_added": "17.0.0"
                },
                "oculus": "mirror",
                "opera": "mirror",
                "opera_android": "mirror",
                "safari": {
                    "version_added": "15.2"
                },
                "safari_ios": "mirror",
                "samsunginternet_android": "mirror",
                "webview_android": "mirror",
                "edge_blink": {
                    "version_added": "95"
                }
            },
            "title": "WebAssembly.Tag() constructor"
        }
    ],
    "dom-tag-type": [
        {
            "engines": [
                "webkit"
            ],
            "filename": "javascript/builtins/WebAssembly/Tag.json",
            "name": "type",
            "slug": "https://developer.mozilla.org/en-US/docs/WebAssembly/JavaScript_interface/Tag/type",
            "mdn_url": "https://developer.mozilla.org/en-US/docs/WebAssembly/JavaScript_interface/Tag/type",
            "summary": "The type() prototype method of the Tag object can be used to get the sequence of data types associated with the tag.",
            "support": {
                "chrome": {
                    "version_added": false
                },
                "chrome_android": "mirror",
                "deno": {
                    "version_added": "1.15"
                },
                "edge": "mirror",
                "firefox": {
                    "version_added": false
                },
                "firefox_android": "mirror",
                "ie": {
                    "version_added": false
                },
                "nodejs": {
                    "version_added": "17.0.0"
                },
                "oculus": "mirror",
                "opera": "mirror",
                "opera_android": "mirror",
                "safari": {
                    "version_added": "15.2"
                },
                "safari_ios": "mirror",
                "samsunginternet_android": "mirror",
                "webview_android": "mirror",
                "edge_blink": {
                    "version_added": false
                }
            },
            "title": "WebAssembly.Tag.prototype.type()"
        }
    ],
    "tags": [
        {
            "engines": [
                "blink",
                "gecko",
                "webkit"
            ],
            "filename": "javascript/builtins/WebAssembly/Tag.json",
            "name": "Tag",
            "slug": "https://developer.mozilla.org/en-US/docs/WebAssembly/JavaScript_interface/Tag",
            "mdn_url": "https://developer.mozilla.org/en-US/docs/WebAssembly/JavaScript_interface/Tag",
            "summary": "The WebAssembly.Tag object defines a type of a WebAssembly exception that can be thrown to/from WebAssembly code.",
            "support": {
                "chrome": {
                    "version_added": "95"
                },
                "chrome_android": "mirror",
                "deno": {
                    "version_added": "1.15"
                },
                "edge": "mirror",
                "firefox": {
                    "version_added": "100"
                },
                "firefox_android": "mirror",
                "ie": {
                    "version_added": false
                },
                "nodejs": {
                    "version_added": "17.0.0"
                },
                "oculus": "mirror",
                "opera": "mirror",
                "opera_android": "mirror",
                "safari": {
                    "version_added": "15.2"
                },
                "safari_ios": "mirror",
                "samsunginternet_android": "mirror",
                "webview_android": "mirror",
                "edge_blink": {
                    "version_added": "95"
                }
            },
            "title": "WebAssembly.Tag"
        }
    ]
}
