{
    "dom-webassembly-compilestreaming": [
        {
            "engines": [
                "blink",
                "gecko",
                "webkit"
            ],
            "filename": "javascript/builtins/WebAssembly.json",
            "name": "compileStreaming",
            "slug": "https://developer.mozilla.org/en-US/docs/WebAssembly/JavaScript_interface/compileStreaming",
            "mdn_url": "https://developer.mozilla.org/en-US/docs/WebAssembly/JavaScript_interface/compileStreaming",
            "summary": "The WebAssembly.compileStreaming() function compiles a WebAssembly.Module directly from a streamed underlying source. This function is useful if it is necessary to compile a module before it can be instantiated (otherwise, the WebAssembly.instantiateStreaming() function should be used).",
            "support": {
                "chrome": {
                    "version_added": "61"
                },
                "chrome_android": "mirror",
                "deno": {
                    "version_added": "1.12"
                },
                "edge": {
                    "version_added": "16"
                },
                "firefox": {
                    "version_added": "58"
                },
                "firefox_android": "mirror",
                "ie": {
                    "version_added": false
                },
                "nodejs": {
                    "version_added": false
                },
                "oculus": "mirror",
                "opera": {
                    "version_added": "47"
                },
                "opera_android": "mirror",
                "safari": {
                    "version_added": "15"
                },
                "safari_ios": "mirror",
                "samsunginternet_android": "mirror",
                "webview_android": "mirror",
                "edge_blink": {
                    "version_added": "79"
                }
            },
            "title": "WebAssembly.compileStreaming()"
        }
    ],
    "dom-webassembly-instantiatestreaming": [
        {
            "engines": [
                "blink",
                "gecko",
                "webkit"
            ],
            "filename": "javascript/builtins/WebAssembly.json",
            "name": "instantiateStreaming",
            "slug": "https://developer.mozilla.org/en-US/docs/WebAssembly/JavaScript_interface/instantiateStreaming",
            "mdn_url": "https://developer.mozilla.org/en-US/docs/WebAssembly/JavaScript_interface/instantiateStreaming",
            "summary": "The WebAssembly.instantiateStreaming() function compiles and instantiates a WebAssembly module directly from a streamed underlying source. This is the most efficient, optimized way to load Wasm code.",
            "support": {
                "chrome": {
                    "version_added": "61"
                },
                "chrome_android": "mirror",
                "deno": {
                    "version_added": "1.12"
                },
                "edge": {
                    "version_added": "16"
                },
                "firefox": {
                    "version_added": "58"
                },
                "firefox_android": "mirror",
                "ie": {
                    "version_added": false
                },
                "nodejs": {
                    "version_added": false
                },
                "oculus": "mirror",
                "opera": {
                    "version_added": "47"
                },
                "opera_android": "mirror",
                "safari": {
                    "version_added": "15"
                },
                "safari_ios": "mirror",
                "samsunginternet_android": "mirror",
                "webview_android": "mirror",
                "edge_blink": {
                    "version_added": "79"
                }
            },
            "title": "WebAssembly.instantiateStreaming()"
        }
    ]
}
