{
    "exceptiondef-compileerror": [
        {
            "engines": [
                "blink",
                "gecko",
                "webkit"
            ],
            "filename": "javascript/builtins/WebAssembly/CompileError.json",
            "name": "CompileError",
            "slug": "https://developer.mozilla.org/en-US/docs/WebAssembly/JavaScript_interface/CompileError/CompileError",
            "mdn_url": "https://developer.mozilla.org/en-US/docs/WebAssembly/JavaScript_interface/CompileError/CompileError",
            "summary": "The WebAssembly.CompileError() constructor creates a new WebAssembly CompileError object, which indicates an error during WebAssembly decoding or validation.",
            "support": {
                "chrome": {
                    "version_added": "57"
                },
                "chrome_android": "mirror",
                "deno": {
                    "version_added": "1.0"
                },
                "edge": {
                    "version_added": "16"
                },
                "firefox": {
                    "version_added": "52"
                },
                "firefox_android": "mirror",
                "ie": {
                    "version_added": false
                },
                "nodejs": {
                    "version_added": "8.0.0"
                },
                "oculus": "mirror",
                "opera": "mirror",
                "opera_android": "mirror",
                "safari": {
                    "version_added": "11"
                },
                "safari_ios": "mirror",
                "samsunginternet_android": "mirror",
                "webview_android": "mirror",
                "edge_blink": {
                    "version_added": "79"
                }
            },
            "title": "WebAssembly.CompileError() constructor"
        },
        {
            "engines": [
                "blink",
                "gecko",
                "webkit"
            ],
            "filename": "javascript/builtins/WebAssembly/CompileError.json",
            "name": "CompileError",
            "slug": "https://developer.mozilla.org/en-US/docs/WebAssembly/JavaScript_interface/CompileError",
            "mdn_url": "https://developer.mozilla.org/en-US/docs/WebAssembly/JavaScript_interface/CompileError",
            "summary": "The WebAssembly.CompileError object indicates an error during WebAssembly decoding or validation.",
            "support": {
                "chrome": {
                    "version_added": "57"
                },
                "chrome_android": "mirror",
                "deno": {
                    "version_added": "1.0"
                },
                "edge": {
                    "version_added": "16"
                },
                "firefox": {
                    "version_added": "52"
                },
                "firefox_android": "mirror",
                "ie": {
                    "version_added": false
                },
                "nodejs": {
                    "version_added": "8.0.0"
                },
                "oculus": "mirror",
                "opera": "mirror",
                "opera_android": "mirror",
                "safari": {
                    "version_added": "11"
                },
                "safari_ios": "mirror",
                "samsunginternet_android": "mirror",
                "webview_android": "mirror",
                "edge_blink": {
                    "version_added": "79"
                }
            },
            "title": "WebAssembly.CompileError"
        }
    ],
    "dom-global-global": [
        {
            "engines": [
                "blink",
                "gecko",
                "webkit"
            ],
            "filename": "javascript/builtins/WebAssembly/Global.json",
            "name": "Global",
            "slug": "https://developer.mozilla.org/en-US/docs/WebAssembly/JavaScript_interface/Global/Global",
            "mdn_url": "https://developer.mozilla.org/en-US/docs/WebAssembly/JavaScript_interface/Global/Global",
            "summary": "A WebAssembly.Global() constructor creates a new Global object representing a global variable instance, accessible from both JavaScript and importable/exportable across one or more WebAssembly.Module instances. This allows dynamic linking of multiple modules.",
            "support": {
                "chrome": {
                    "version_added": "69",
                    "notes": "Constructing a <code>Global</code> with a value of <code>v128</code> produces a <code>TypeError</code>."
                },
                "chrome_android": "mirror",
                "deno": {
                    "version_added": "1.0",
                    "notes": "Constructing a <code>Global</code> with a value of <code>v128</code> produces a <code>TypeError</code>."
                },
                "edge": "mirror",
                "firefox": {
                    "version_added": "62"
                },
                "firefox_android": "mirror",
                "ie": {
                    "version_added": false
                },
                "nodejs": {
                    "version_added": "11.0.0",
                    "notes": "Constructing a <code>Global</code> with a value of <code>v128</code> produces a <code>TypeError</code>."
                },
                "oculus": "mirror",
                "opera": "mirror",
                "opera_android": "mirror",
                "safari": {
                    "version_added": "13.1"
                },
                "safari_ios": "mirror",
                "samsunginternet_android": "mirror",
                "webview_android": "mirror",
                "edge_blink": {
                    "version_added": "79",
                    "notes": "Constructing a <code>Global</code> with a value of <code>v128</code> produces a <code>TypeError</code>."
                }
            },
            "title": "WebAssembly.Global() constructor"
        }
    ],
    "globals": [
        {
            "engines": [
                "blink",
                "gecko",
                "webkit"
            ],
            "filename": "javascript/builtins/WebAssembly/Global.json",
            "name": "Global",
            "slug": "https://developer.mozilla.org/en-US/docs/WebAssembly/JavaScript_interface/Global",
            "mdn_url": "https://developer.mozilla.org/en-US/docs/WebAssembly/JavaScript_interface/Global",
            "summary": "A WebAssembly.Global object represents a global variable instance, accessible from both JavaScript and importable/exportable across one or more WebAssembly.Module instances. This allows dynamic linking of multiple modules.",
            "support": {
                "chrome": {
                    "version_added": "69"
                },
                "chrome_android": "mirror",
                "deno": {
                    "version_added": "1.0"
                },
                "edge": "mirror",
                "firefox": {
                    "version_added": "62"
                },
                "firefox_android": "mirror",
                "ie": {
                    "version_added": false
                },
                "nodejs": {
                    "version_added": "11.0.0"
                },
                "oculus": "mirror",
                "opera": "mirror",
                "opera_android": "mirror",
                "safari": {
                    "version_added": "13.1"
                },
                "safari_ios": "mirror",
                "samsunginternet_android": "mirror",
                "webview_android": "mirror",
                "edge_blink": {
                    "version_added": "79"
                }
            },
            "title": "WebAssembly.Global"
        }
    ],
    "dom-instance-instance": [
        {
            "engines": [
                "blink",
                "gecko",
                "webkit"
            ],
            "filename": "javascript/builtins/WebAssembly/Instance.json",
            "name": "Instance",
            "slug": "https://developer.mozilla.org/en-US/docs/WebAssembly/JavaScript_interface/Instance/Instance",
            "mdn_url": "https://developer.mozilla.org/en-US/docs/WebAssembly/JavaScript_interface/Instance/Instance",
            "summary": "The WebAssembly.Instance() constructor creates a new Instance object which is a stateful, executable instance of a WebAssembly.Module.",
            "support": {
                "chrome": {
                    "version_added": "57"
                },
                "chrome_android": "mirror",
                "deno": {
                    "version_added": "1.0"
                },
                "edge": {
                    "version_added": "16"
                },
                "firefox": {
                    "version_added": "52"
                },
                "firefox_android": "mirror",
                "ie": {
                    "version_added": false
                },
                "nodejs": {
                    "version_added": "8.0.0"
                },
                "oculus": "mirror",
                "opera": "mirror",
                "opera_android": "mirror",
                "safari": {
                    "version_added": "11"
                },
                "safari_ios": "mirror",
                "samsunginternet_android": "mirror",
                "webview_android": "mirror",
                "edge_blink": {
                    "version_added": "79"
                }
            },
            "title": "WebAssembly.Instance() constructor"
        }
    ],
    "dom-instance-exports": [
        {
            "engines": [
                "blink",
                "gecko",
                "webkit"
            ],
            "filename": "javascript/builtins/WebAssembly/Instance.json",
            "name": "exports",
            "slug": "https://developer.mozilla.org/en-US/docs/WebAssembly/JavaScript_interface/Instance/exports",
            "mdn_url": "https://developer.mozilla.org/en-US/docs/WebAssembly/JavaScript_interface/Instance/exports",
            "summary": "The exports readonly property of the WebAssembly.Instance object prototype returns an object containing as its members all the functions exported from the WebAssembly module instance, to allow them to be accessed and used by JavaScript.",
            "support": {
                "chrome": {
                    "version_added": "57"
                },
                "chrome_android": "mirror",
                "deno": {
                    "version_added": "1.0"
                },
                "edge": {
                    "version_added": "16"
                },
                "firefox": {
                    "version_added": "52"
                },
                "firefox_android": "mirror",
                "ie": {
                    "version_added": false
                },
                "nodejs": {
                    "version_added": "8.0.0"
                },
                "oculus": "mirror",
                "opera": "mirror",
                "opera_android": "mirror",
                "safari": {
                    "version_added": "11"
                },
                "safari_ios": "mirror",
                "samsunginternet_android": "mirror",
                "webview_android": "mirror",
                "edge_blink": {
                    "version_added": "79"
                }
            },
            "title": "WebAssembly.Instance.prototype.exports"
        }
    ],
    "instances": [
        {
            "engines": [
                "blink",
                "gecko",
                "webkit"
            ],
            "filename": "javascript/builtins/WebAssembly/Instance.json",
            "name": "Instance",
            "slug": "https://developer.mozilla.org/en-US/docs/WebAssembly/JavaScript_interface/Instance",
            "mdn_url": "https://developer.mozilla.org/en-US/docs/WebAssembly/JavaScript_interface/Instance",
            "summary": "A WebAssembly.Instance object is a stateful, executable instance of a WebAssembly.Module. Instance objects contain all the Exported WebAssembly functions that allow calling into WebAssembly code from JavaScript.",
            "support": {
                "chrome": {
                    "version_added": "57"
                },
                "chrome_android": "mirror",
                "deno": {
                    "version_added": "1.0"
                },
                "edge": {
                    "version_added": "16"
                },
                "firefox": {
                    "version_added": "52"
                },
                "firefox_android": "mirror",
                "ie": {
                    "version_added": false
                },
                "nodejs": {
                    "version_added": "8.0.0"
                },
                "oculus": "mirror",
                "opera": "mirror",
                "opera_android": "mirror",
                "safari": {
                    "version_added": "11"
                },
                "safari_ios": "mirror",
                "samsunginternet_android": "mirror",
                "webview_android": "mirror",
                "edge_blink": {
                    "version_added": "79"
                }
            },
            "title": "WebAssembly.Instance"
        }
    ],
    "exceptiondef-linkerror": [
        {
            "engines": [
                "blink",
                "gecko",
                "webkit"
            ],
            "filename": "javascript/builtins/WebAssembly/LinkError.json",
            "name": "LinkError",
            "slug": "https://developer.mozilla.org/en-US/docs/WebAssembly/JavaScript_interface/LinkError/LinkError",
            "mdn_url": "https://developer.mozilla.org/en-US/docs/WebAssembly/JavaScript_interface/LinkError/LinkError",
            "summary": "The WebAssembly.LinkError() constructor creates a new WebAssembly LinkError object, which indicates an error during module instantiation (besides traps from the start function).",
            "support": {
                "chrome": {
                    "version_added": "57"
                },
                "chrome_android": "mirror",
                "deno": {
                    "version_added": "1.0"
                },
                "edge": {
                    "version_added": "16"
                },
                "firefox": {
                    "version_added": "52"
                },
                "firefox_android": "mirror",
                "ie": {
                    "version_added": false
                },
                "nodejs": {
                    "version_added": "8.0.0"
                },
                "oculus": "mirror",
                "opera": "mirror",
                "opera_android": "mirror",
                "safari": {
                    "version_added": "11"
                },
                "safari_ios": "mirror",
                "samsunginternet_android": "mirror",
                "webview_android": "mirror",
                "edge_blink": {
                    "version_added": "79"
                }
            },
            "title": "WebAssembly.LinkError() constructor"
        },
        {
            "engines": [
                "blink",
                "gecko",
                "webkit"
            ],
            "filename": "javascript/builtins/WebAssembly/LinkError.json",
            "name": "LinkError",
            "slug": "https://developer.mozilla.org/en-US/docs/WebAssembly/JavaScript_interface/LinkError",
            "mdn_url": "https://developer.mozilla.org/en-US/docs/WebAssembly/JavaScript_interface/LinkError",
            "summary": "The WebAssembly.LinkError object indicates an error during module instantiation (besides traps from the start function).",
            "support": {
                "chrome": {
                    "version_added": "57"
                },
                "chrome_android": "mirror",
                "deno": {
                    "version_added": "1.0"
                },
                "edge": {
                    "version_added": "16"
                },
                "firefox": {
                    "version_added": "52"
                },
                "firefox_android": "mirror",
                "ie": {
                    "version_added": false
                },
                "nodejs": {
                    "version_added": "8.0.0"
                },
                "oculus": "mirror",
                "opera": "mirror",
                "opera_android": "mirror",
                "safari": {
                    "version_added": "11"
                },
                "safari_ios": "mirror",
                "samsunginternet_android": "mirror",
                "webview_android": "mirror",
                "edge_blink": {
                    "version_added": "79"
                }
            },
            "title": "WebAssembly.LinkError"
        }
    ],
    "dom-memory-memory": [
        {
            "engines": [
                "blink",
                "gecko",
                "webkit"
            ],
            "filename": "javascript/builtins/WebAssembly/Memory.json",
            "name": "Memory",
            "slug": "https://developer.mozilla.org/en-US/docs/WebAssembly/JavaScript_interface/Memory/Memory",
            "mdn_url": "https://developer.mozilla.org/en-US/docs/WebAssembly/JavaScript_interface/Memory/Memory",
            "summary": "The WebAssembly.Memory() constructor creates a new Memory object whose buffer property is a resizable ArrayBuffer or SharedArrayBuffer that holds the raw bytes of memory accessed by a WebAssembly.Instance.",
            "support": {
                "chrome": {
                    "version_added": "57"
                },
                "chrome_android": "mirror",
                "deno": {
                    "version_added": "1.0"
                },
                "edge": {
                    "version_added": "16"
                },
                "firefox": {
                    "version_added": "52"
                },
                "firefox_android": "mirror",
                "ie": {
                    "version_added": false
                },
                "nodejs": {
                    "version_added": "8.0.0"
                },
                "oculus": "mirror",
                "opera": "mirror",
                "opera_android": "mirror",
                "safari": {
                    "version_added": "11"
                },
                "safari_ios": "mirror",
                "samsunginternet_android": "mirror",
                "webview_android": "mirror",
                "edge_blink": {
                    "version_added": "79"
                }
            },
            "title": "WebAssembly.Memory() constructor"
        }
    ],
    "dom-memory-buffer": [
        {
            "engines": [
                "blink",
                "gecko",
                "webkit"
            ],
            "filename": "javascript/builtins/WebAssembly/Memory.json",
            "name": "buffer",
            "slug": "https://developer.mozilla.org/en-US/docs/WebAssembly/JavaScript_interface/Memory/buffer",
            "mdn_url": "https://developer.mozilla.org/en-US/docs/WebAssembly/JavaScript_interface/Memory/buffer",
            "summary": "The read-only buffer prototype property of the WebAssembly.Memory object returns the buffer contained in the memory. Depending on whether or not the memory was constructed with shared: true, the buffer is either an ArrayBuffer or a SharedArrayBuffer.",
            "support": {
                "chrome": {
                    "version_added": "57"
                },
                "chrome_android": "mirror",
                "deno": {
                    "version_added": "1.0"
                },
                "edge": {
                    "version_added": "16"
                },
                "firefox": {
                    "version_added": "52"
                },
                "firefox_android": "mirror",
                "ie": {
                    "version_added": false
                },
                "nodejs": {
                    "version_added": "8.0.0"
                },
                "oculus": "mirror",
                "opera": "mirror",
                "opera_android": "mirror",
                "safari": {
                    "version_added": "11"
                },
                "safari_ios": "mirror",
                "samsunginternet_android": "mirror",
                "webview_android": "mirror",
                "edge_blink": {
                    "version_added": "79"
                }
            },
            "title": "WebAssembly.Memory.prototype.buffer"
        }
    ],
    "dom-memory-grow": [
        {
            "engines": [
                "blink",
                "gecko",
                "webkit"
            ],
            "filename": "javascript/builtins/WebAssembly/Memory.json",
            "name": "grow",
            "slug": "https://developer.mozilla.org/en-US/docs/WebAssembly/JavaScript_interface/Memory/grow",
            "mdn_url": "https://developer.mozilla.org/en-US/docs/WebAssembly/JavaScript_interface/Memory/grow",
            "summary": "The grow() prototype method of the WebAssembly.Memory object increases the size of the memory instance by a specified number of WebAssembly pages.",
            "support": {
                "chrome": {
                    "version_added": "57"
                },
                "chrome_android": "mirror",
                "deno": {
                    "version_added": "1.0"
                },
                "edge": {
                    "version_added": "16"
                },
                "firefox": {
                    "version_added": "52"
                },
                "firefox_android": "mirror",
                "ie": {
                    "version_added": false
                },
                "nodejs": {
                    "version_added": "8.0.0"
                },
                "oculus": "mirror",
                "opera": "mirror",
                "opera_android": "mirror",
                "safari": {
                    "version_added": "11"
                },
                "safari_ios": "mirror",
                "samsunginternet_android": "mirror",
                "webview_android": "mirror",
                "edge_blink": {
                    "version_added": "79"
                }
            },
            "title": "WebAssembly.Memory.prototype.grow()"
        }
    ],
    "memories": [
        {
            "engines": [
                "blink",
                "gecko",
                "webkit"
            ],
            "filename": "javascript/builtins/WebAssembly/Memory.json",
            "name": "Memory",
            "slug": "https://developer.mozilla.org/en-US/docs/WebAssembly/JavaScript_interface/Memory",
            "mdn_url": "https://developer.mozilla.org/en-US/docs/WebAssembly/JavaScript_interface/Memory",
            "summary": "The WebAssembly.Memory object is a resizable ArrayBuffer or SharedArrayBuffer that holds the raw bytes of memory accessed by a WebAssembly.Instance.",
            "support": {
                "chrome": {
                    "version_added": "57"
                },
                "chrome_android": "mirror",
                "deno": {
                    "version_added": "1.0"
                },
                "edge": {
                    "version_added": "16"
                },
                "firefox": {
                    "version_added": "52"
                },
                "firefox_android": "mirror",
                "ie": {
                    "version_added": false
                },
                "nodejs": {
                    "version_added": "8.0.0"
                },
                "oculus": "mirror",
                "opera": "mirror",
                "opera_android": "mirror",
                "safari": {
                    "version_added": "11"
                },
                "safari_ios": "mirror",
                "samsunginternet_android": "mirror",
                "webview_android": "mirror",
                "edge_blink": {
                    "version_added": "79"
                }
            },
            "title": "WebAssembly.Memory"
        }
    ],
    "dom-module-module": [
        {
            "engines": [
                "blink",
                "gecko",
                "webkit"
            ],
            "filename": "javascript/builtins/WebAssembly/Module.json",
            "name": "Module",
            "slug": "https://developer.mozilla.org/en-US/docs/WebAssembly/JavaScript_interface/Module/Module",
            "mdn_url": "https://developer.mozilla.org/en-US/docs/WebAssembly/JavaScript_interface/Module/Module",
            "summary": "A WebAssembly.Module() constructor creates a new Module object containing stateless WebAssembly code that has already been compiled by the browser and can be efficiently shared with Workers, and instantiated multiple times.",
            "support": {
                "chrome": {
                    "version_added": "57"
                },
                "chrome_android": "mirror",
                "deno": {
                    "version_added": "1.0"
                },
                "edge": {
                    "version_added": "16"
                },
                "firefox": {
                    "version_added": "52"
                },
                "firefox_android": "mirror",
                "ie": {
                    "version_added": false
                },
                "nodejs": {
                    "version_added": "8.0.0"
                },
                "oculus": "mirror",
                "opera": "mirror",
                "opera_android": "mirror",
                "safari": {
                    "version_added": "11"
                },
                "safari_ios": "mirror",
                "samsunginternet_android": "mirror",
                "webview_android": "mirror",
                "edge_blink": {
                    "version_added": "79"
                }
            },
            "title": "WebAssembly.Module() constructor"
        }
    ],
    "dom-module-customsections": [
        {
            "engines": [
                "blink",
                "gecko",
                "webkit"
            ],
            "filename": "javascript/builtins/WebAssembly/Module.json",
            "name": "customSections",
            "slug": "https://developer.mozilla.org/en-US/docs/WebAssembly/JavaScript_interface/Module/customSections",
            "mdn_url": "https://developer.mozilla.org/en-US/docs/WebAssembly/JavaScript_interface/Module/customSections",
            "summary": "The WebAssembly.customSections() function returns a copy of the contents of all custom sections in the given module with the given string name.",
            "support": {
                "chrome": {
                    "version_added": "57"
                },
                "chrome_android": "mirror",
                "deno": {
                    "version_added": "1.0"
                },
                "edge": {
                    "version_added": "16"
                },
                "firefox": {
                    "version_added": "52"
                },
                "firefox_android": "mirror",
                "ie": {
                    "version_added": false
                },
                "nodejs": {
                    "version_added": "8.0.0"
                },
                "oculus": "mirror",
                "opera": "mirror",
                "opera_android": "mirror",
                "safari": {
                    "version_added": "11"
                },
                "safari_ios": "mirror",
                "samsunginternet_android": "mirror",
                "webview_android": "mirror",
                "edge_blink": {
                    "version_added": "79"
                }
            },
            "title": "WebAssembly.Module.customSections()"
        }
    ],
    "dom-module-exports": [
        {
            "engines": [
                "blink",
                "gecko",
                "webkit"
            ],
            "filename": "javascript/builtins/WebAssembly/Module.json",
            "name": "exports",
            "slug": "https://developer.mozilla.org/en-US/docs/WebAssembly/JavaScript_interface/Module/exports",
            "mdn_url": "https://developer.mozilla.org/en-US/docs/WebAssembly/JavaScript_interface/Module/exports",
            "summary": "The WebAssembly.Module.exports() function returns an array containing descriptions of all the declared exports of the given Module.",
            "support": {
                "chrome": {
                    "version_added": "57"
                },
                "chrome_android": "mirror",
                "deno": {
                    "version_added": "1.0"
                },
                "edge": {
                    "version_added": "16"
                },
                "firefox": {
                    "version_added": "52"
                },
                "firefox_android": "mirror",
                "ie": {
                    "version_added": false
                },
                "nodejs": {
                    "version_added": "8.0.0"
                },
                "oculus": "mirror",
                "opera": "mirror",
                "opera_android": "mirror",
                "safari": {
                    "version_added": "11"
                },
                "safari_ios": "mirror",
                "samsunginternet_android": "mirror",
                "webview_android": "mirror",
                "edge_blink": {
                    "version_added": "79"
                }
            },
            "title": "WebAssembly.Module.exports()"
        }
    ],
    "dom-module-imports": [
        {
            "engines": [
                "blink",
                "gecko",
                "webkit"
            ],
            "filename": "javascript/builtins/WebAssembly/Module.json",
            "name": "imports",
            "slug": "https://developer.mozilla.org/en-US/docs/WebAssembly/JavaScript_interface/Module/imports",
            "mdn_url": "https://developer.mozilla.org/en-US/docs/WebAssembly/JavaScript_interface/Module/imports",
            "summary": "The WebAssembly.imports() function returns an array containing descriptions of all the declared imports of the given Module.",
            "support": {
                "chrome": {
                    "version_added": "57"
                },
                "chrome_android": "mirror",
                "deno": {
                    "version_added": "1.0"
                },
                "edge": {
                    "version_added": "16"
                },
                "firefox": {
                    "version_added": "52"
                },
                "firefox_android": "mirror",
                "ie": {
                    "version_added": false
                },
                "nodejs": {
                    "version_added": "8.0.0"
                },
                "oculus": "mirror",
                "opera": "mirror",
                "opera_android": "mirror",
                "safari": {
                    "version_added": "11"
                },
                "safari_ios": "mirror",
                "samsunginternet_android": "mirror",
                "webview_android": "mirror",
                "edge_blink": {
                    "version_added": "79"
                }
            },
            "title": "WebAssembly.Module.imports()"
        }
    ],
    "modules": [
        {
            "engines": [
                "blink",
                "gecko",
                "webkit"
            ],
            "filename": "javascript/builtins/WebAssembly/Module.json",
            "name": "Module",
            "slug": "https://developer.mozilla.org/en-US/docs/WebAssembly/JavaScript_interface/Module",
            "mdn_url": "https://developer.mozilla.org/en-US/docs/WebAssembly/JavaScript_interface/Module",
            "summary": "A WebAssembly.Module object contains stateless WebAssembly code that has already been compiled by the browser — this can be efficiently shared with Workers, and instantiated multiple times.",
            "support": {
                "chrome": {
                    "version_added": "57"
                },
                "chrome_android": "mirror",
                "deno": {
                    "version_added": "1.0"
                },
                "edge": {
                    "version_added": "16"
                },
                "firefox": {
                    "version_added": "52"
                },
                "firefox_android": "mirror",
                "ie": {
                    "version_added": false
                },
                "nodejs": {
                    "version_added": "8.0.0"
                },
                "oculus": "mirror",
                "opera": "mirror",
                "opera_android": "mirror",
                "safari": {
                    "version_added": "11"
                },
                "safari_ios": "mirror",
                "samsunginternet_android": "mirror",
                "webview_android": "mirror",
                "edge_blink": {
                    "version_added": "79"
                }
            },
            "title": "WebAssembly.Module"
        }
    ],
    "exceptiondef-runtimeerror": [
        {
            "engines": [
                "blink",
                "gecko",
                "webkit"
            ],
            "filename": "javascript/builtins/WebAssembly/RuntimeError.json",
            "name": "RuntimeError",
            "slug": "https://developer.mozilla.org/en-US/docs/WebAssembly/JavaScript_interface/RuntimeError/RuntimeError",
            "mdn_url": "https://developer.mozilla.org/en-US/docs/WebAssembly/JavaScript_interface/RuntimeError/RuntimeError",
            "summary": "The WebAssembly.RuntimeError() constructor creates a new WebAssembly RuntimeError object — the type that is thrown whenever WebAssembly specifies a trap.",
            "support": {
                "chrome": {
                    "version_added": "57"
                },
                "chrome_android": "mirror",
                "deno": {
                    "version_added": "1.0"
                },
                "edge": {
                    "version_added": "16"
                },
                "firefox": {
                    "version_added": "52"
                },
                "firefox_android": "mirror",
                "ie": {
                    "version_added": false
                },
                "nodejs": {
                    "version_added": "8.0.0"
                },
                "oculus": "mirror",
                "opera": "mirror",
                "opera_android": "mirror",
                "safari": {
                    "version_added": "11"
                },
                "safari_ios": "mirror",
                "samsunginternet_android": "mirror",
                "webview_android": "mirror",
                "edge_blink": {
                    "version_added": "79"
                }
            },
            "title": "WebAssembly.RuntimeError() constructor"
        },
        {
            "engines": [
                "blink",
                "gecko",
                "webkit"
            ],
            "filename": "javascript/builtins/WebAssembly/RuntimeError.json",
            "name": "RuntimeError",
            "slug": "https://developer.mozilla.org/en-US/docs/WebAssembly/JavaScript_interface/RuntimeError",
            "mdn_url": "https://developer.mozilla.org/en-US/docs/WebAssembly/JavaScript_interface/RuntimeError",
            "summary": "The WebAssembly.RuntimeError object is the error type that is thrown whenever WebAssembly specifies a trap.",
            "support": {
                "chrome": {
                    "version_added": "57"
                },
                "chrome_android": "mirror",
                "deno": {
                    "version_added": "1.0"
                },
                "edge": {
                    "version_added": "16"
                },
                "firefox": {
                    "version_added": "52"
                },
                "firefox_android": "mirror",
                "ie": {
                    "version_added": false
                },
                "nodejs": {
                    "version_added": "8.0.0"
                },
                "oculus": "mirror",
                "opera": "mirror",
                "opera_android": "mirror",
                "safari": {
                    "version_added": "11"
                },
                "safari_ios": "mirror",
                "samsunginternet_android": "mirror",
                "webview_android": "mirror",
                "edge_blink": {
                    "version_added": "79"
                }
            },
            "title": "WebAssembly.RuntimeError"
        }
    ],
    "dom-table-table": [
        {
            "engines": [
                "blink",
                "gecko",
                "webkit"
            ],
            "filename": "javascript/builtins/WebAssembly/Table.json",
            "name": "Table",
            "slug": "https://developer.mozilla.org/en-US/docs/WebAssembly/JavaScript_interface/Table/Table",
            "mdn_url": "https://developer.mozilla.org/en-US/docs/WebAssembly/JavaScript_interface/Table/Table",
            "summary": "The WebAssembly.Table() constructor creates a new Table object of the given size and element type.",
            "support": {
                "chrome": {
                    "version_added": "57"
                },
                "chrome_android": "mirror",
                "deno": {
                    "version_added": "1.0"
                },
                "edge": {
                    "version_added": "16"
                },
                "firefox": {
                    "version_added": "52"
                },
                "firefox_android": "mirror",
                "ie": {
                    "version_added": false
                },
                "nodejs": {
                    "version_added": "8.0.0"
                },
                "oculus": "mirror",
                "opera": "mirror",
                "opera_android": "mirror",
                "safari": {
                    "version_added": "11"
                },
                "safari_ios": "mirror",
                "samsunginternet_android": "mirror",
                "webview_android": "mirror",
                "edge_blink": {
                    "version_added": "79"
                }
            },
            "title": "WebAssembly.Table() constructor"
        }
    ],
    "dom-table-get": [
        {
            "engines": [
                "blink",
                "gecko",
                "webkit"
            ],
            "filename": "javascript/builtins/WebAssembly/Table.json",
            "name": "get",
            "slug": "https://developer.mozilla.org/en-US/docs/WebAssembly/JavaScript_interface/Table/get",
            "mdn_url": "https://developer.mozilla.org/en-US/docs/WebAssembly/JavaScript_interface/Table/get",
            "summary": "The get() prototype method of the WebAssembly.Table() object retrieves a function reference stored at a given index.",
            "support": {
                "chrome": {
                    "version_added": "57"
                },
                "chrome_android": "mirror",
                "deno": {
                    "version_added": "1.0"
                },
                "edge": {
                    "version_added": "16"
                },
                "firefox": {
                    "version_added": "52"
                },
                "firefox_android": "mirror",
                "ie": {
                    "version_added": false
                },
                "nodejs": {
                    "version_added": "8.0.0"
                },
                "oculus": "mirror",
                "opera": "mirror",
                "opera_android": "mirror",
                "safari": {
                    "version_added": "11"
                },
                "safari_ios": "mirror",
                "samsunginternet_android": "mirror",
                "webview_android": "mirror",
                "edge_blink": {
                    "version_added": "79"
                }
            },
            "title": "WebAssembly.Table.prototype.get()"
        }
    ],
    "dom-table-grow": [
        {
            "engines": [
                "blink",
                "gecko",
                "webkit"
            ],
            "filename": "javascript/builtins/WebAssembly/Table.json",
            "name": "grow",
            "slug": "https://developer.mozilla.org/en-US/docs/WebAssembly/JavaScript_interface/Table/grow",
            "mdn_url": "https://developer.mozilla.org/en-US/docs/WebAssembly/JavaScript_interface/Table/grow",
            "summary": "The grow() prototype method of the WebAssembly.Table object increases the size of the Table instance by a specified number of elements.",
            "support": {
                "chrome": {
                    "version_added": "57"
                },
                "chrome_android": "mirror",
                "deno": {
                    "version_added": "1.0"
                },
                "edge": {
                    "version_added": "16"
                },
                "firefox": {
                    "version_added": "52"
                },
                "firefox_android": "mirror",
                "ie": {
                    "version_added": false
                },
                "nodejs": {
                    "version_added": "8.0.0"
                },
                "oculus": "mirror",
                "opera": "mirror",
                "opera_android": "mirror",
                "safari": {
                    "version_added": "11"
                },
                "safari_ios": "mirror",
                "samsunginternet_android": "mirror",
                "webview_android": "mirror",
                "edge_blink": {
                    "version_added": "79"
                }
            },
            "title": "WebAssembly.Table.prototype.grow()"
        }
    ],
    "dom-table-length": [
        {
            "engines": [
                "blink",
                "gecko",
                "webkit"
            ],
            "filename": "javascript/builtins/WebAssembly/Table.json",
            "name": "length",
            "slug": "https://developer.mozilla.org/en-US/docs/WebAssembly/JavaScript_interface/Table/length",
            "mdn_url": "https://developer.mozilla.org/en-US/docs/WebAssembly/JavaScript_interface/Table/length",
            "summary": "The read-only length prototype property of the WebAssembly.Table object returns the length of the table, i.e. the number of elements in the table.",
            "support": {
                "chrome": {
                    "version_added": "57"
                },
                "chrome_android": "mirror",
                "deno": {
                    "version_added": "1.0"
                },
                "edge": {
                    "version_added": "16"
                },
                "firefox": {
                    "version_added": "52"
                },
                "firefox_android": "mirror",
                "ie": {
                    "version_added": false
                },
                "nodejs": {
                    "version_added": "8.0.0"
                },
                "oculus": "mirror",
                "opera": "mirror",
                "opera_android": "mirror",
                "safari": {
                    "version_added": "11"
                },
                "safari_ios": "mirror",
                "samsunginternet_android": "mirror",
                "webview_android": "mirror",
                "edge_blink": {
                    "version_added": "79"
                }
            },
            "title": "WebAssembly.Table.prototype.length"
        }
    ],
    "dom-table-set": [
        {
            "engines": [
                "blink",
                "gecko",
                "webkit"
            ],
            "filename": "javascript/builtins/WebAssembly/Table.json",
            "name": "set",
            "slug": "https://developer.mozilla.org/en-US/docs/WebAssembly/JavaScript_interface/Table/set",
            "mdn_url": "https://developer.mozilla.org/en-US/docs/WebAssembly/JavaScript_interface/Table/set",
            "summary": "The set() prototype method of the WebAssembly.Table object mutates a reference stored at a given index to a different value.",
            "support": {
                "chrome": {
                    "version_added": "57"
                },
                "chrome_android": "mirror",
                "deno": {
                    "version_added": "1.0"
                },
                "edge": {
                    "version_added": "16"
                },
                "firefox": {
                    "version_added": "52"
                },
                "firefox_android": "mirror",
                "ie": {
                    "version_added": false
                },
                "nodejs": {
                    "version_added": "8.0.0"
                },
                "oculus": "mirror",
                "opera": "mirror",
                "opera_android": "mirror",
                "safari": {
                    "version_added": "11"
                },
                "safari_ios": "mirror",
                "samsunginternet_android": "mirror",
                "webview_android": "mirror",
                "edge_blink": {
                    "version_added": "79"
                }
            },
            "title": "WebAssembly.Table.prototype.set()"
        }
    ],
    "tables": [
        {
            "engines": [
                "blink",
                "gecko",
                "webkit"
            ],
            "filename": "javascript/builtins/WebAssembly/Table.json",
            "name": "Table",
            "slug": "https://developer.mozilla.org/en-US/docs/WebAssembly/JavaScript_interface/Table",
            "mdn_url": "https://developer.mozilla.org/en-US/docs/WebAssembly/JavaScript_interface/Table",
            "summary": "The WebAssembly.Table() object is a JavaScript wrapper object — an array-like structure representing a WebAssembly Table, which stores function references. A table created by JavaScript or in WebAssembly code will be accessible and mutable from both JavaScript and WebAssembly.",
            "support": {
                "chrome": {
                    "version_added": "57"
                },
                "chrome_android": "mirror",
                "deno": {
                    "version_added": "1.0"
                },
                "edge": {
                    "version_added": "16"
                },
                "firefox": {
                    "version_added": "52"
                },
                "firefox_android": "mirror",
                "ie": {
                    "version_added": false
                },
                "nodejs": {
                    "version_added": "8.0.0"
                },
                "oculus": "mirror",
                "opera": "mirror",
                "opera_android": "mirror",
                "safari": {
                    "version_added": "11"
                },
                "safari_ios": "mirror",
                "samsunginternet_android": "mirror",
                "webview_android": "mirror",
                "edge_blink": {
                    "version_added": "79"
                }
            },
            "title": "WebAssembly.Table"
        }
    ],
    "dom-webassembly-compile": [
        {
            "engines": [
                "blink",
                "gecko",
                "webkit"
            ],
            "filename": "javascript/builtins/WebAssembly.json",
            "name": "compile",
            "slug": "https://developer.mozilla.org/en-US/docs/WebAssembly/JavaScript_interface/compile",
            "mdn_url": "https://developer.mozilla.org/en-US/docs/WebAssembly/JavaScript_interface/compile",
            "summary": "The WebAssembly.compile() function compiles WebAssembly binary code into a WebAssembly.Module object. This function is useful if it is necessary to compile a module before it can be instantiated (otherwise, the WebAssembly.instantiate() function should be used).",
            "support": {
                "chrome": {
                    "version_added": "57"
                },
                "chrome_android": "mirror",
                "deno": {
                    "version_added": "1.0"
                },
                "edge": {
                    "version_added": "16"
                },
                "firefox": {
                    "version_added": "52"
                },
                "firefox_android": "mirror",
                "ie": {
                    "version_added": false
                },
                "nodejs": {
                    "version_added": "8.0.0"
                },
                "oculus": "mirror",
                "opera": "mirror",
                "opera_android": "mirror",
                "safari": {
                    "version_added": "11"
                },
                "safari_ios": "mirror",
                "samsunginternet_android": "mirror",
                "webview_android": "mirror",
                "edge_blink": {
                    "version_added": "79"
                }
            },
            "title": "WebAssembly.compile()"
        }
    ],
    "dom-webassembly-instantiate": [
        {
            "engines": [
                "blink",
                "gecko",
                "webkit"
            ],
            "filename": "javascript/builtins/WebAssembly.json",
            "name": "instantiate",
            "slug": "https://developer.mozilla.org/en-US/docs/WebAssembly/JavaScript_interface/instantiate",
            "mdn_url": "https://developer.mozilla.org/en-US/docs/WebAssembly/JavaScript_interface/instantiate",
            "summary": "The WebAssembly.instantiate() function allows you to compile and instantiate WebAssembly code. This function has two overloads:",
            "support": {
                "chrome": {
                    "version_added": "57"
                },
                "chrome_android": "mirror",
                "deno": {
                    "version_added": "1.0"
                },
                "edge": {
                    "version_added": "16"
                },
                "firefox": {
                    "version_added": "52"
                },
                "firefox_android": "mirror",
                "ie": {
                    "version_added": false
                },
                "nodejs": {
                    "version_added": "8.0.0"
                },
                "oculus": "mirror",
                "opera": "mirror",
                "opera_android": "mirror",
                "safari": {
                    "version_added": "11"
                },
                "safari_ios": "mirror",
                "samsunginternet_android": "mirror",
                "webview_android": "mirror",
                "edge_blink": {
                    "version_added": "79"
                }
            },
            "title": "WebAssembly.instantiate()"
        }
    ],
    "dom-webassembly-validate": [
        {
            "engines": [
                "blink",
                "gecko",
                "webkit"
            ],
            "filename": "javascript/builtins/WebAssembly.json",
            "name": "validate",
            "slug": "https://developer.mozilla.org/en-US/docs/WebAssembly/JavaScript_interface/validate",
            "mdn_url": "https://developer.mozilla.org/en-US/docs/WebAssembly/JavaScript_interface/validate",
            "summary": "The WebAssembly.validate() function validates a given typed array of WebAssembly binary code, returning whether the bytes form a valid Wasm module (true) or not (false).",
            "support": {
                "chrome": {
                    "version_added": "57"
                },
                "chrome_android": "mirror",
                "deno": {
                    "version_added": "1.0"
                },
                "edge": {
                    "version_added": "16"
                },
                "firefox": {
                    "version_added": "52"
                },
                "firefox_android": "mirror",
                "ie": {
                    "version_added": false
                },
                "nodejs": {
                    "version_added": "8.0.0"
                },
                "oculus": "mirror",
                "opera": "mirror",
                "opera_android": "mirror",
                "safari": {
                    "version_added": "11"
                },
                "safari_ios": "mirror",
                "samsunginternet_android": "mirror",
                "webview_android": "mirror",
                "edge_blink": {
                    "version_added": "79"
                }
            },
            "title": "WebAssembly.validate()"
        }
    ],
    "webassembly-namespace": [
        {
            "engines": [
                "blink",
                "gecko",
                "webkit"
            ],
            "filename": "javascript/builtins/WebAssembly.json",
            "name": "WebAssembly",
            "slug": "https://developer.mozilla.org/en-US/docs/WebAssembly/JavaScript_interface",
            "mdn_url": "https://developer.mozilla.org/en-US/docs/WebAssembly/JavaScript_interface",
            "summary": "The WebAssembly JavaScript object acts as the namespace for all WebAssembly-related functionality.",
            "support": {
                "chrome": {
                    "version_added": "57"
                },
                "chrome_android": "mirror",
                "deno": {
                    "version_added": "1.0"
                },
                "edge": {
                    "version_added": "16"
                },
                "firefox": {
                    "version_added": "52"
                },
                "firefox_android": "mirror",
                "ie": {
                    "version_added": false
                },
                "nodejs": {
                    "version_added": "8.0.0"
                },
                "oculus": "mirror",
                "opera": "mirror",
                "opera_android": "mirror",
                "safari": {
                    "version_added": "11"
                },
                "safari_ios": "mirror",
                "samsunginternet_android": "mirror",
                "webview_android": "mirror",
                "edge_blink": {
                    "version_added": "79"
                }
            },
            "title": "WebAssembly"
        }
    ]
}
