{
    "share_target-member": [
        {
            "engines": [
                "blink"
            ],
            "filename": "html/manifest/share_target.json",
            "name": "share_target",
            "slug": "Manifest/share_target",
            "mdn_url": "https://developer.mozilla.org/en-US/docs/Web/Manifest/share_target",
            "summary": "The share_target manifest member allows installed Progressive Web Apps (PWAs) to be registered as a share target in the system's share dialog.",
            "support": {
                "chrome": {
                    "version_added": "89"
                },
                "chrome_android": {
                    "version_added": "76"
                },
                "edge": "mirror",
                "firefox": {
                    "version_added": false
                },
                "firefox_android": "mirror",
                "ie": {
                    "version_added": false
                },
                "oculus": "mirror",
                "opera": {
                    "version_added": "76"
                },
                "opera_android": {
                    "version_added": "63"
                },
                "safari": {
                    "version_added": false
                },
                "safari_ios": "mirror",
                "samsunginternet_android": "mirror",
                "webview_android": {
                    "version_added": false
                },
                "edge_blink": {
                    "version_added": "89"
                }
            },
            "title": "share_target"
        }
    ]
}
