{
    "dom-keyframeeffect-iterationcomposite": [
        {
            "engines": [
                "gecko",
                "webkit"
            ],
            "filename": "api/KeyframeEffect.json",
            "name": "iterationComposite",
            "slug": "API/KeyframeEffect/iterationComposite",
            "mdn_url": "https://developer.mozilla.org/en-US/docs/Web/API/KeyframeEffect/iterationComposite",
            "summary": "The iterationComposite property of a KeyframeEffect resolves how the animation's property value changes accumulate or override each other upon each of the animation's iterations.",
            "support": {
                "chrome": {
                    "version_added": false
                },
                "chrome_android": "mirror",
                "edge": "mirror",
                "firefox": {
                    "version_added": "80"
                },
                "firefox_android": "mirror",
                "ie": {
                    "version_added": false
                },
                "oculus": "mirror",
                "opera": "mirror",
                "opera_android": "mirror",
                "safari": {
                    "version_added": "16.4"
                },
                "safari_ios": "mirror",
                "samsunginternet_android": "mirror",
                "webview_android": "mirror",
                "edge_blink": {
                    "version_added": false
                }
            },
            "title": "KeyframeEffect: iterationComposite property"
        }
    ]
}
