{
    "dom-ndefmessage-constructor": [
        {
            "engines": [
                "blink"
            ],
            "filename": "api/NDEFMessage.json",
            "name": "NDEFMessage",
            "slug": "API/NDEFMessage/NDEFMessage",
            "mdn_url": "https://developer.mozilla.org/en-US/docs/Web/API/NDEFMessage/NDEFMessage",
            "summary": "The NDEFMessage() constructor creates a new NDEFMessage object, initialized with the given NDEF records.",
            "support": {
                "chrome": {
                    "version_added": false
                },
                "chrome_android": {
                    "version_added": "89"
                },
                "edge": "mirror",
                "firefox": {
                    "version_added": false
                },
                "firefox_android": "mirror",
                "ie": {
                    "version_added": false
                },
                "oculus": "mirror",
                "opera": "mirror",
                "opera_android": "mirror",
                "safari": {
                    "version_added": false
                },
                "safari_ios": "mirror",
                "samsunginternet_android": "mirror",
                "webview_android": "mirror",
                "edge_blink": {
                    "version_added": false
                }
            },
            "title": "NDEFMessage: NDEFMessage() constructor"
        }
    ],
    "dom-ndefmessage-records": [
        {
            "engines": [
                "blink"
            ],
            "filename": "api/NDEFMessage.json",
            "name": "records",
            "slug": "API/NDEFMessage/records",
            "mdn_url": "https://developer.mozilla.org/en-US/docs/Web/API/NDEFMessage/records",
            "summary": "The records property of NDEFMessage interface represents a list of NDEFRecords present in the NDEF message.",
            "support": {
                "chrome": {
                    "version_added": false
                },
                "chrome_android": {
                    "version_added": "89"
                },
                "edge": "mirror",
                "firefox": {
                    "version_added": false
                },
                "firefox_android": "mirror",
                "ie": {
                    "version_added": false
                },
                "oculus": "mirror",
                "opera": "mirror",
                "opera_android": "mirror",
                "safari": {
                    "version_added": false
                },
                "safari_ios": "mirror",
                "samsunginternet_android": "mirror",
                "webview_android": "mirror",
                "edge_blink": {
                    "version_added": false
                }
            },
            "title": "NDEFMessage: records property"
        }
    ],
    "dom-ndefmessage": [
        {
            "engines": [
                "blink"
            ],
            "filename": "api/NDEFMessage.json",
            "name": "NDEFMessage",
            "slug": "API/NDEFMessage",
            "mdn_url": "https://developer.mozilla.org/en-US/docs/Web/API/NDEFMessage",
            "summary": "The NDEFMessage interface of the Web NFC API represents the content of an NDEF message that has been read from or could be written to an NFC tag. An instance is acquired by calling the NDEFMessage() constructor or from the NDEFReadingEvent.message property, which is passed to the reading event.",
            "support": {
                "chrome": {
                    "version_added": false
                },
                "chrome_android": {
                    "version_added": "89"
                },
                "edge": "mirror",
                "firefox": {
                    "version_added": false
                },
                "firefox_android": "mirror",
                "ie": {
                    "version_added": false
                },
                "oculus": "mirror",
                "opera": "mirror",
                "opera_android": "mirror",
                "safari": {
                    "version_added": false
                },
                "safari_ios": "mirror",
                "samsunginternet_android": "mirror",
                "webview_android": "mirror",
                "edge_blink": {
                    "version_added": false
                }
            },
            "title": "NDEFMessage"
        }
    ],
    "dom-ndefreader-constructor": [
        {
            "engines": [
                "blink"
            ],
            "filename": "api/NDEFReader.json",
            "name": "NDEFReader",
            "slug": "API/NDEFReader/NDEFReader",
            "mdn_url": "https://developer.mozilla.org/en-US/docs/Web/API/NDEFReader/NDEFReader",
            "summary": "The NDEFReader() constructor of the NDEFReader interface returns a new NDEFReader object, which is used to read NDEF messages from compatible NFC devices, e.g. NDEF tags, within the reader's magnetic induction field.",
            "support": {
                "chrome": {
                    "version_added": false
                },
                "chrome_android": {
                    "version_added": "89"
                },
                "edge": "mirror",
                "firefox": {
                    "version_added": false
                },
                "firefox_android": "mirror",
                "ie": {
                    "version_added": false
                },
                "oculus": "mirror",
                "opera": "mirror",
                "opera_android": "mirror",
                "safari": {
                    "version_added": false
                },
                "safari_ios": "mirror",
                "samsunginternet_android": "mirror",
                "webview_android": "mirror",
                "edge_blink": {
                    "version_added": false
                }
            },
            "title": "NDEFReader: NDEFReader() constructor"
        }
    ],
    "dom-ndefreader-onreading": [
        {
            "engines": [
                "blink"
            ],
            "filename": "api/NDEFReader.json",
            "name": "reading_event",
            "slug": "API/NDEFReader/reading_event",
            "mdn_url": "https://developer.mozilla.org/en-US/docs/Web/API/NDEFReader/reading_event",
            "summary": "The reading event of the NDEFReader interface is fired whenever a new reading is available from compatible NFC devices (e.g. NFC tags supporting NDEF) when these devices are within the reader's magnetic induction field.",
            "support": {
                "chrome": {
                    "version_added": false
                },
                "chrome_android": {
                    "version_added": "89"
                },
                "edge": "mirror",
                "firefox": {
                    "version_added": false
                },
                "firefox_android": "mirror",
                "ie": {
                    "version_added": false
                },
                "oculus": "mirror",
                "opera": "mirror",
                "opera_android": "mirror",
                "safari": {
                    "version_added": false
                },
                "safari_ios": "mirror",
                "samsunginternet_android": "mirror",
                "webview_android": "mirror",
                "edge_blink": {
                    "version_added": false
                }
            },
            "title": "NDEFReader: reading event"
        }
    ],
    "dom-ndefreader-onreadingerror": [
        {
            "engines": [
                "blink"
            ],
            "filename": "api/NDEFReader.json",
            "name": "readingerror_event",
            "slug": "API/NDEFReader/readingerror_event",
            "mdn_url": "https://developer.mozilla.org/en-US/docs/Web/API/NDEFReader/readingerror_event",
            "summary": "The readingerror event of the NDEFReader interface is fired whenever an error occurs during reading of NFC tags, e.g. when tags leave the reader's magnetic induction field.",
            "support": {
                "chrome": {
                    "version_added": false
                },
                "chrome_android": {
                    "version_added": "89"
                },
                "edge": "mirror",
                "firefox": {
                    "version_added": false
                },
                "firefox_android": "mirror",
                "ie": {
                    "version_added": false
                },
                "oculus": "mirror",
                "opera": "mirror",
                "opera_android": "mirror",
                "safari": {
                    "version_added": false
                },
                "safari_ios": "mirror",
                "samsunginternet_android": "mirror",
                "webview_android": "mirror",
                "edge_blink": {
                    "version_added": false
                }
            },
            "title": "NDEFReader: readingerror event"
        }
    ],
    "dom-ndefreader-scan": [
        {
            "engines": [
                "blink"
            ],
            "filename": "api/NDEFReader.json",
            "name": "scan",
            "slug": "API/NDEFReader/scan",
            "mdn_url": "https://developer.mozilla.org/en-US/docs/Web/API/NDEFReader/scan",
            "summary": "The scan() method of the NDEFReader interface activates a reading device and returns a Promise that either resolves when an NFC tag read operation is scheduled or rejects if a hardware or permission error is encountered. This method triggers a permission prompt if the \"nfc\" permission has not been previously granted.",
            "support": {
                "chrome": {
                    "version_added": false
                },
                "chrome_android": {
                    "version_added": "89"
                },
                "edge": "mirror",
                "firefox": {
                    "version_added": false
                },
                "firefox_android": "mirror",
                "ie": {
                    "version_added": false
                },
                "oculus": "mirror",
                "opera": "mirror",
                "opera_android": "mirror",
                "safari": {
                    "version_added": false
                },
                "safari_ios": "mirror",
                "samsunginternet_android": "mirror",
                "webview_android": "mirror",
                "edge_blink": {
                    "version_added": false
                }
            },
            "title": "NDEFReader: scan() method"
        }
    ],
    "dom-ndefreader-write": [
        {
            "engines": [
                "blink"
            ],
            "filename": "api/NDEFReader.json",
            "name": "write",
            "slug": "API/NDEFReader/write",
            "mdn_url": "https://developer.mozilla.org/en-US/docs/Web/API/NDEFReader/write",
            "summary": "The write() method of the NDEFReader interface attempts to write an NDEF message to a tag and returns a Promise that either resolves when a message has been written to the tag or rejects if a hardware or permission error is encountered. This method triggers a permission prompt if the \"nfc\" permission has not been previously granted.",
            "support": {
                "chrome": {
                    "version_added": false
                },
                "chrome_android": {
                    "version_added": "89"
                },
                "edge": "mirror",
                "firefox": {
                    "version_added": false
                },
                "firefox_android": "mirror",
                "ie": {
                    "version_added": false
                },
                "oculus": "mirror",
                "opera": "mirror",
                "opera_android": "mirror",
                "safari": {
                    "version_added": false
                },
                "safari_ios": "mirror",
                "samsunginternet_android": "mirror",
                "webview_android": "mirror",
                "edge_blink": {
                    "version_added": false
                }
            },
            "title": "NDEFReader: write() method"
        }
    ],
    "the-ndefreader-object": [
        {
            "engines": [
                "blink"
            ],
            "filename": "api/NDEFReader.json",
            "name": "NDEFReader",
            "slug": "API/NDEFReader",
            "mdn_url": "https://developer.mozilla.org/en-US/docs/Web/API/NDEFReader",
            "summary": "The NDEFReader interface of the Web NFC API is used to read from and write data to compatible NFC devices, e.g. NFC tags supporting NDEF, when these devices are within the reader's magnetic induction field.",
            "support": {
                "chrome": {
                    "version_added": false
                },
                "chrome_android": {
                    "version_added": "89"
                },
                "edge": "mirror",
                "firefox": {
                    "version_added": false
                },
                "firefox_android": "mirror",
                "ie": {
                    "version_added": false
                },
                "oculus": "mirror",
                "opera": "mirror",
                "opera_android": "mirror",
                "safari": {
                    "version_added": false
                },
                "safari_ios": "mirror",
                "samsunginternet_android": "mirror",
                "webview_android": "mirror",
                "edge_blink": {
                    "version_added": false
                }
            },
            "title": "NDEFReader"
        }
    ],
    "dom-ndefreadingevent-constructor": [
        {
            "engines": [
                "blink"
            ],
            "filename": "api/NDEFReadingEvent.json",
            "name": "NDEFReadingEvent",
            "slug": "API/NDEFReadingEvent/NDEFReadingEvent",
            "mdn_url": "https://developer.mozilla.org/en-US/docs/Web/API/NDEFReadingEvent/NDEFReadingEvent",
            "summary": "The NDEFReadingEvent() constructor creates a new NDEFReadingEvent object which represents events dispatched on new NFC readings obtained by NDEFReader.",
            "support": {
                "chrome": {
                    "version_added": false
                },
                "chrome_android": {
                    "version_added": "89"
                },
                "edge": "mirror",
                "firefox": {
                    "version_added": false
                },
                "firefox_android": "mirror",
                "ie": {
                    "version_added": false
                },
                "oculus": "mirror",
                "opera": "mirror",
                "opera_android": "mirror",
                "safari": {
                    "version_added": false
                },
                "safari_ios": "mirror",
                "samsunginternet_android": "mirror",
                "webview_android": "mirror",
                "edge_blink": {
                    "version_added": false
                }
            },
            "title": "NDEFReadingEvent: NDEFReadingEvent() constructor"
        }
    ],
    "dom-ndefreadingevent-message": [
        {
            "engines": [
                "blink"
            ],
            "filename": "api/NDEFReadingEvent.json",
            "name": "message",
            "slug": "API/NDEFReadingEvent/message",
            "mdn_url": "https://developer.mozilla.org/en-US/docs/Web/API/NDEFReadingEvent/message",
            "summary": "The message property of the NDEFReadingEvent interface returns an NDEFMessage object containing the received message.",
            "support": {
                "chrome": {
                    "version_added": false
                },
                "chrome_android": {
                    "version_added": "89"
                },
                "edge": "mirror",
                "firefox": {
                    "version_added": false
                },
                "firefox_android": "mirror",
                "ie": {
                    "version_added": false
                },
                "oculus": "mirror",
                "opera": "mirror",
                "opera_android": "mirror",
                "safari": {
                    "version_added": false
                },
                "safari_ios": "mirror",
                "samsunginternet_android": "mirror",
                "webview_android": "mirror",
                "edge_blink": {
                    "version_added": false
                }
            },
            "title": "NDEFReadingEvent: message property"
        }
    ],
    "dom-ndefreadingevent-serialnumber": [
        {
            "engines": [
                "blink"
            ],
            "filename": "api/NDEFReadingEvent.json",
            "name": "serialNumber",
            "slug": "API/NDEFReadingEvent/serialNumber",
            "mdn_url": "https://developer.mozilla.org/en-US/docs/Web/API/NDEFReadingEvent/serialNumber",
            "summary": "The serialNumber property of the NDEFReadingEvent interface returns the serial number of the device, which is used for anti-collision and identification, or an empty string if no serial number is available.",
            "support": {
                "chrome": {
                    "version_added": false
                },
                "chrome_android": {
                    "version_added": "89"
                },
                "edge": "mirror",
                "firefox": {
                    "version_added": false
                },
                "firefox_android": "mirror",
                "ie": {
                    "version_added": false
                },
                "oculus": "mirror",
                "opera": "mirror",
                "opera_android": "mirror",
                "safari": {
                    "version_added": false
                },
                "safari_ios": "mirror",
                "samsunginternet_android": "mirror",
                "webview_android": "mirror",
                "edge_blink": {
                    "version_added": false
                }
            },
            "title": "NDEFReadingEvent: serialNumber property"
        }
    ],
    "dom-ndefreadingevent": [
        {
            "engines": [
                "blink"
            ],
            "filename": "api/NDEFReadingEvent.json",
            "name": "NDEFReadingEvent",
            "slug": "API/NDEFReadingEvent",
            "mdn_url": "https://developer.mozilla.org/en-US/docs/Web/API/NDEFReadingEvent",
            "summary": "The NDEFReadingEvent interface of the Web NFC API represents events dispatched on new NFC readings obtained by NDEFReader.",
            "support": {
                "chrome": {
                    "version_added": false
                },
                "chrome_android": {
                    "version_added": "89"
                },
                "edge": "mirror",
                "firefox": {
                    "version_added": false
                },
                "firefox_android": "mirror",
                "ie": {
                    "version_added": false
                },
                "oculus": "mirror",
                "opera": "mirror",
                "opera_android": "mirror",
                "safari": {
                    "version_added": false
                },
                "safari_ios": "mirror",
                "samsunginternet_android": "mirror",
                "webview_android": "mirror",
                "edge_blink": {
                    "version_added": false
                }
            },
            "title": "NDEFReadingEvent"
        }
    ],
    "dom-ndefrecord-constructor": [
        {
            "engines": [
                "blink"
            ],
            "filename": "api/NDEFRecord.json",
            "name": "NDEFRecord",
            "slug": "API/NDEFRecord/NDEFRecord",
            "mdn_url": "https://developer.mozilla.org/en-US/docs/Web/API/NDEFRecord/NDEFRecord",
            "summary": "The NDEFRecord() constructor of the Web NFC API returns a newly constructed NDEFRecord object that represents data that can be read from, or written to, compatible NFC devices; e.g. NFC tags supporting NDEF.",
            "support": {
                "chrome": {
                    "version_added": false
                },
                "chrome_android": {
                    "version_added": "89"
                },
                "edge": "mirror",
                "firefox": {
                    "version_added": false
                },
                "firefox_android": "mirror",
                "ie": {
                    "version_added": false
                },
                "oculus": "mirror",
                "opera": "mirror",
                "opera_android": "mirror",
                "safari": {
                    "version_added": false
                },
                "safari_ios": "mirror",
                "samsunginternet_android": "mirror",
                "webview_android": "mirror",
                "edge_blink": {
                    "version_added": false
                }
            },
            "title": "NDEFRecord: NDEFRecord() constructor"
        }
    ],
    "dom-ndefrecord-data": [
        {
            "engines": [
                "blink"
            ],
            "filename": "api/NDEFRecord.json",
            "name": "data",
            "slug": "API/NDEFRecord/data",
            "mdn_url": "https://developer.mozilla.org/en-US/docs/Web/API/NDEFRecord/data",
            "summary": "The data property of the NDEFRecord interface returns a DataView containing the raw bytes of the record's payload.",
            "support": {
                "chrome": {
                    "version_added": false
                },
                "chrome_android": {
                    "version_added": "89"
                },
                "edge": "mirror",
                "firefox": {
                    "version_added": false
                },
                "firefox_android": "mirror",
                "ie": {
                    "version_added": false
                },
                "oculus": "mirror",
                "opera": "mirror",
                "opera_android": "mirror",
                "safari": {
                    "version_added": false
                },
                "safari_ios": "mirror",
                "samsunginternet_android": "mirror",
                "webview_android": "mirror",
                "edge_blink": {
                    "version_added": false
                }
            },
            "title": "NDEFRecord: data property"
        }
    ],
    "dom-ndefrecord-encoding": [
        {
            "engines": [
                "blink"
            ],
            "filename": "api/NDEFRecord.json",
            "name": "encoding",
            "slug": "API/NDEFRecord/encoding",
            "mdn_url": "https://developer.mozilla.org/en-US/docs/Web/API/NDEFRecord/encoding",
            "summary": "The encoding property of the NDEFRecord interface returns the encoding of a textual payload, or null otherwise.",
            "support": {
                "chrome": {
                    "version_added": false
                },
                "chrome_android": {
                    "version_added": "89"
                },
                "edge": "mirror",
                "firefox": {
                    "version_added": false
                },
                "firefox_android": "mirror",
                "ie": {
                    "version_added": false
                },
                "oculus": "mirror",
                "opera": "mirror",
                "opera_android": "mirror",
                "safari": {
                    "version_added": false
                },
                "safari_ios": "mirror",
                "samsunginternet_android": "mirror",
                "webview_android": "mirror",
                "edge_blink": {
                    "version_added": false
                }
            },
            "title": "NDEFRecord: encoding property"
        }
    ],
    "dom-ndefrecord-id": [
        {
            "engines": [
                "blink"
            ],
            "filename": "api/NDEFRecord.json",
            "name": "id",
            "slug": "API/NDEFRecord/id",
            "mdn_url": "https://developer.mozilla.org/en-US/docs/Web/API/NDEFRecord/id",
            "summary": "The id property of the NDEFRecord interface returns the record identifier, which is an absolute or relative URL used to identify the record.",
            "support": {
                "chrome": {
                    "version_added": false
                },
                "chrome_android": {
                    "version_added": "89"
                },
                "edge": "mirror",
                "firefox": {
                    "version_added": false
                },
                "firefox_android": "mirror",
                "ie": {
                    "version_added": false
                },
                "oculus": "mirror",
                "opera": "mirror",
                "opera_android": "mirror",
                "safari": {
                    "version_added": false
                },
                "safari_ios": "mirror",
                "samsunginternet_android": "mirror",
                "webview_android": "mirror",
                "edge_blink": {
                    "version_added": false
                }
            },
            "title": "NDEFRecord: id property"
        }
    ],
    "dom-ndefrecord-lang": [
        {
            "engines": [
                "blink"
            ],
            "filename": "api/NDEFRecord.json",
            "name": "lang",
            "slug": "API/NDEFRecord/lang",
            "mdn_url": "https://developer.mozilla.org/en-US/docs/Web/API/NDEFRecord/lang",
            "summary": "The lang property of the NDEFRecord interface returns the language of a textual payload, or null if one was not supplied.",
            "support": {
                "chrome": {
                    "version_added": false
                },
                "chrome_android": {
                    "version_added": "89"
                },
                "edge": "mirror",
                "firefox": {
                    "version_added": false
                },
                "firefox_android": "mirror",
                "ie": {
                    "version_added": false
                },
                "oculus": "mirror",
                "opera": "mirror",
                "opera_android": "mirror",
                "safari": {
                    "version_added": false
                },
                "safari_ios": "mirror",
                "samsunginternet_android": "mirror",
                "webview_android": "mirror",
                "edge_blink": {
                    "version_added": false
                }
            },
            "title": "NDEFRecord: lang property"
        }
    ],
    "dom-ndefrecord-mediatype": [
        {
            "engines": [
                "blink"
            ],
            "filename": "api/NDEFRecord.json",
            "name": "mediaType",
            "slug": "API/NDEFRecord/mediaType",
            "mdn_url": "https://developer.mozilla.org/en-US/docs/Web/API/NDEFRecord/mediaType",
            "summary": "The mediaType property of the NDEFRecord interface returns the MIME type of the record. This value will be null if recordType is not equal to \"mime\".",
            "support": {
                "chrome": {
                    "version_added": false
                },
                "chrome_android": {
                    "version_added": "89"
                },
                "edge": "mirror",
                "firefox": {
                    "version_added": false
                },
                "firefox_android": "mirror",
                "ie": {
                    "version_added": false
                },
                "oculus": "mirror",
                "opera": "mirror",
                "opera_android": "mirror",
                "safari": {
                    "version_added": false
                },
                "safari_ios": "mirror",
                "samsunginternet_android": "mirror",
                "webview_android": "mirror",
                "edge_blink": {
                    "version_added": false
                }
            },
            "title": "NDEFRecord: mediaType property"
        }
    ],
    "dom-ndefrecord-recordtype": [
        {
            "engines": [
                "blink"
            ],
            "filename": "api/NDEFRecord.json",
            "name": "recordType",
            "slug": "API/NDEFRecord/recordType",
            "mdn_url": "https://developer.mozilla.org/en-US/docs/Web/API/NDEFRecord/recordType",
            "summary": "The recordType property of the NDEFRecord interface returns the record type of the record.",
            "support": {
                "chrome": {
                    "version_added": false
                },
                "chrome_android": {
                    "version_added": "89"
                },
                "edge": "mirror",
                "firefox": {
                    "version_added": false
                },
                "firefox_android": "mirror",
                "ie": {
                    "version_added": false
                },
                "oculus": "mirror",
                "opera": "mirror",
                "opera_android": "mirror",
                "safari": {
                    "version_added": false
                },
                "safari_ios": "mirror",
                "samsunginternet_android": "mirror",
                "webview_android": "mirror",
                "edge_blink": {
                    "version_added": false
                }
            },
            "title": "NDEFRecord: recordType property"
        }
    ],
    "dom-ndefrecord-torecords": [
        {
            "engines": [
                "blink"
            ],
            "filename": "api/NDEFRecord.json",
            "name": "toRecords",
            "slug": "API/NDEFRecord/toRecords",
            "mdn_url": "https://developer.mozilla.org/en-US/docs/Web/API/NDEFRecord/toRecords",
            "summary": "The toRecords() method of the NDEFRecord interface converts NDEFRecord.data to a sequence of records based on NDEFRecord.recordType, and returns the result. This allows parsing the payloads of record types which may contain nested records, such as smart poster and external type records.",
            "support": {
                "chrome": {
                    "version_added": false
                },
                "chrome_android": {
                    "version_added": "89"
                },
                "edge": "mirror",
                "firefox": {
                    "version_added": false
                },
                "firefox_android": "mirror",
                "ie": {
                    "version_added": false
                },
                "oculus": "mirror",
                "opera": "mirror",
                "opera_android": "mirror",
                "safari": {
                    "version_added": false
                },
                "safari_ios": "mirror",
                "samsunginternet_android": "mirror",
                "webview_android": "mirror",
                "edge_blink": {
                    "version_added": false
                }
            },
            "title": "NDEFRecord: toRecords() method"
        }
    ],
    "dom-ndefrecord": [
        {
            "engines": [
                "blink"
            ],
            "filename": "api/NDEFRecord.json",
            "name": "NDEFRecord",
            "slug": "API/NDEFRecord",
            "mdn_url": "https://developer.mozilla.org/en-US/docs/Web/API/NDEFRecord",
            "summary": "The NDEFRecord interface of the Web NFC API provides data that can be read from, or written to, compatible NFC devices, e.g. NFC tags supporting NDEF.",
            "support": {
                "chrome": {
                    "version_added": false
                },
                "chrome_android": {
                    "version_added": "89"
                },
                "edge": "mirror",
                "firefox": {
                    "version_added": false
                },
                "firefox_android": "mirror",
                "ie": {
                    "version_added": false
                },
                "oculus": "mirror",
                "opera": "mirror",
                "opera_android": "mirror",
                "safari": {
                    "version_added": false
                },
                "safari_ios": "mirror",
                "samsunginternet_android": "mirror",
                "webview_android": "mirror",
                "edge_blink": {
                    "version_added": false
                }
            },
            "title": "NDEFRecord"
        }
    ]
}
