{
    "dfn-webdriver": [
        {
            "engines": [
                "blink",
                "gecko",
                "webkit"
            ],
            "filename": "api/Navigator.json",
            "name": "webdriver",
            "slug": "API/Navigator/webdriver",
            "mdn_url": "https://developer.mozilla.org/en-US/docs/Web/API/Navigator/webdriver",
            "summary": "The webdriver read-only property of the navigator interface indicates whether the user agent is controlled by automation.",
            "support": {
                "chrome": {
                    "version_added": "63"
                },
                "chrome_android": "mirror",
                "edge": {
                    "version_added": "12"
                },
                "firefox": {
                    "version_added": "60"
                },
                "firefox_android": "mirror",
                "ie": {
                    "version_added": "11"
                },
                "oculus": "mirror",
                "opera": "mirror",
                "opera_android": "mirror",
                "safari": {
                    "version_added": "10.1"
                },
                "safari_ios": "mirror",
                "samsunginternet_android": "mirror",
                "webview_android": "mirror",
                "edge_blink": {
                    "version_added": "79"
                }
            },
            "title": "Navigator: webdriver property"
        }
    ],
    "dfn-close-window": [
        {
            "engines": [
                "blink",
                "gecko"
            ],
            "filename": "webdriver/commands/CloseWindow.json",
            "name": "CloseWindow",
            "slug": "WebDriver/Commands/CloseWindow",
            "mdn_url": "https://developer.mozilla.org/en-US/docs/Web/WebDriver/Commands/CloseWindow",
            "summary": "The Close Window command of the WebDriver API closes the current top-level browsing context (window or tab) and returns with the list of currently open WebWindows. If it is the last window that is being closed, the WebDriver session will implicitly be deleted. Subsequent commands after the session is ended will therefore cause invalid session ID errors.",
            "support": {
                "chrome": {
                    "version_added": "65",
                    "notes": "To enable Chromium support, include <code>{\"goog:chromeOptions\": {\"w3c\": true}}</code> in the <a href=https://developer.mozilla.org/docs/Web/WebDriver/Capabilities>capabilities</a>. This is only partially supported."
                },
                "chrome_android": {
                    "version_added": false,
                    "notes": "To enable Chromium support, include <code>{\"goog:chromeOptions\": {\"w3c\": true}}</code> in the <a href=https://developer.mozilla.org/docs/Web/WebDriver/Capabilities>capabilities</a>."
                },
                "edge": "mirror",
                "firefox": {
                    "version_added": "55"
                },
                "firefox_android": {
                    "version_added": false
                },
                "ie": {
                    "version_added": "7"
                },
                "oculus": "mirror",
                "opera": {
                    "version_added": false,
                    "notes": "To enable Chromium support, include <code>{\"goog:chromeOptions\": {\"w3c\": true}}</code> in the <a href=https://developer.mozilla.org/docs/Web/WebDriver/Capabilities>capabilities</a>."
                },
                "opera_android": "mirror",
                "safari": {
                    "version_added": false,
                    "notes": "The vendor-supported implementation for Safari is non spec-conforming and incompatible."
                },
                "safari_ios": "mirror",
                "samsunginternet_android": {
                    "version_added": false,
                    "notes": "The vendor-supported implementation for Samsung Internet is non-spec-conforming and incompatible."
                },
                "webview_android": "mirror",
                "edge_blink": {
                    "version_added": "79",
                    "notes": "To enable Chromium support, include <code>{\"goog:chromeOptions\": {\"w3c\": true}}</code> in the <a href=https://developer.mozilla.org/docs/Web/WebDriver/Capabilities>capabilities</a>. This is only partially supported."
                }
            },
            "title": "Close Window"
        }
    ],
    "dfn-get-element-attribute": [
        {
            "engines": [
                "blink",
                "gecko"
            ],
            "filename": "webdriver/commands/GetElementAttribute.json",
            "name": "GetElementAttribute",
            "slug": "WebDriver/Commands/GetElementAttribute",
            "mdn_url": "https://developer.mozilla.org/en-US/docs/Web/WebDriver/Commands/GetElementAttribute",
            "summary": "The Get Element Attribute command of the WebDriver API returns the attribute of the referenced web element. If for example the element is an <img>, the returned attribute is \"//TODO\", which is equivalent to calling Element.getAttribute on the element. For XML/XHTML documents it may be cased differently.",
            "support": {
                "chrome": {
                    "version_added": "65",
                    "notes": "To enable Chromium support, include <code>{\"goog:chromeOptions\": {\"w3c\": true}}</code> in the <a href=https://developer.mozilla.org/docs/Web/WebDriver/Capabilities>capabilities</a>."
                },
                "chrome_android": {
                    "version_added": false,
                    "notes": "To enable Chromium support, include <code>{\"goog:chromeOptions\": {\"w3c\": true}}</code> in the <a href=https://developer.mozilla.org/docs/Web/WebDriver/Capabilities>capabilities</a>."
                },
                "edge": "mirror",
                "firefox": {
                    "version_added": "55"
                },
                "firefox_android": {
                    "version_added": false
                },
                "ie": {
                    "version_added": "7"
                },
                "oculus": "mirror",
                "opera": {
                    "version_added": false,
                    "notes": "To enable Chromium support, include <code>{\"goog:chromeOptions\": {\"w3c\": true}}</code> in the <a href=https://developer.mozilla.org/docs/Web/WebDriver/Capabilities>capabilities</a>."
                },
                "opera_android": "mirror",
                "safari": {
                    "version_added": false,
                    "notes": "The vendor-supported implementation for Safari is non spec-conforming and incompatible."
                },
                "safari_ios": "mirror",
                "samsunginternet_android": {
                    "version_added": false,
                    "notes": "The vendor-supported implementation for Samsung Internet is non-spec-conforming and incompatible."
                },
                "webview_android": "mirror",
                "edge_blink": {
                    "version_added": "79",
                    "notes": "To enable Chromium support, include <code>{\"goog:chromeOptions\": {\"w3c\": true}}</code> in the <a href=https://developer.mozilla.org/docs/Web/WebDriver/Capabilities>capabilities</a>."
                }
            },
            "title": "Get Element Attribute"
        }
    ],
    "dfn-get-element-property": [
        {
            "engines": [
                "blink",
                "gecko"
            ],
            "filename": "webdriver/commands/GetElementProperty.json",
            "name": "GetElementProperty",
            "slug": "WebDriver/Commands/GetElementProperty",
            "mdn_url": "https://developer.mozilla.org/en-US/docs/Web/WebDriver/Commands/GetElementProperty",
            "summary": "The Get Element Property command of the WebDriver API returns the property of the referenced web element. Given <input value=foo> where the user changes the value to bar, the returned property is bar rather than the initial value foo. This is equivalent to calling Element.getProperty on the element.",
            "support": {
                "chrome": {
                    "version_added": "65",
                    "notes": "To enable Chromium support, include <code>{\"goog:chromeOptions\": {\"w3c\": true}}</code> in the <a href=https://developer.mozilla.org/docs/Web/WebDriver/Capabilities>capabilities</a>."
                },
                "chrome_android": {
                    "version_added": false,
                    "notes": "To enable Chromium support, include <code>{\"goog:chromeOptions\": {\"w3c\": true}}</code> in the <a href=https://developer.mozilla.org/docs/Web/WebDriver/Capabilities>capabilities</a>."
                },
                "edge": "mirror",
                "firefox": {
                    "version_added": "55"
                },
                "firefox_android": {
                    "version_added": false
                },
                "ie": {
                    "version_added": "7"
                },
                "oculus": "mirror",
                "opera": {
                    "version_added": false,
                    "notes": "To enable Chromium support, include <code>{\"goog:chromeOptions\": {\"w3c\": true}}</code> in the <a href=https://developer.mozilla.org/docs/Web/WebDriver/Capabilities>capabilities</a>."
                },
                "opera_android": "mirror",
                "safari": {
                    "version_added": false,
                    "notes": "The vendor-supported implementation for Safari is non spec-conforming and incompatible."
                },
                "safari_ios": "mirror",
                "samsunginternet_android": {
                    "version_added": false,
                    "notes": "The vendor-supported implementation for Samsung Internet is non-spec-conforming and incompatible."
                },
                "webview_android": "mirror",
                "edge_blink": {
                    "version_added": "79",
                    "notes": "To enable Chromium support, include <code>{\"goog:chromeOptions\": {\"w3c\": true}}</code> in the <a href=https://developer.mozilla.org/docs/Web/WebDriver/Capabilities>capabilities</a>."
                }
            },
            "title": "Get Element Property"
        }
    ],
    "dfn-get-element-tag-name": [
        {
            "engines": [
                "blink",
                "gecko"
            ],
            "filename": "webdriver/commands/GetElementTagName.json",
            "name": "GetElementTagName",
            "slug": "WebDriver/Commands/GetElementTagName",
            "mdn_url": "https://developer.mozilla.org/en-US/docs/Web/WebDriver/Commands/GetElementTagName",
            "summary": "The Get Element Tag Name command of the WebDriver API returns the tag name of the referenced web element. If for example the element is an <img>, the returned tag name is \"IMG\", which is equivalent to calling Element.tagName on the element. For XML/XHTML documents it may be cased differently.",
            "support": {
                "chrome": {
                    "version_added": "65",
                    "notes": "To enable Chromium support, include <code>{\"goog:chromeOptions\": {\"w3c\": true}}</code> in the <a href=https://developer.mozilla.org/docs/Web/WebDriver/Capabilities>capabilities</a>."
                },
                "chrome_android": {
                    "version_added": false,
                    "notes": "To enable Chromium support, include <code>{\"goog:chromeOptions\": {\"w3c\": true}}</code> in the <a href=https://developer.mozilla.org/docs/Web/WebDriver/Capabilities>capabilities</a>."
                },
                "edge": "mirror",
                "firefox": {
                    "version_added": "55"
                },
                "firefox_android": {
                    "version_added": false
                },
                "ie": {
                    "version_added": "7"
                },
                "oculus": "mirror",
                "opera": {
                    "version_added": false,
                    "notes": "To enable Chromium support, include <code>{\"goog:chromeOptions\": {\"w3c\": true}}</code> in the <a href=https://developer.mozilla.org/docs/Web/WebDriver/Capabilities>capabilities</a>."
                },
                "opera_android": "mirror",
                "safari": {
                    "version_added": false,
                    "notes": "The vendor-supported implementation for Safari is non spec-conforming and incompatible."
                },
                "safari_ios": "mirror",
                "samsunginternet_android": {
                    "version_added": false,
                    "notes": "The vendor-supported implementation for Samsung Internet is non-spec-conforming and incompatible."
                },
                "webview_android": "mirror",
                "edge_blink": {
                    "version_added": "79",
                    "notes": "To enable Chromium support, include <code>{\"goog:chromeOptions\": {\"w3c\": true}}</code> in the <a href=https://developer.mozilla.org/docs/Web/WebDriver/Capabilities>capabilities</a>."
                }
            },
            "title": "Get Element Tag Name"
        }
    ],
    "dfn-get-timeouts": [
        {
            "engines": [
                "blink",
                "gecko"
            ],
            "filename": "webdriver/commands/GetTimeouts.json",
            "name": "GetTimeouts",
            "slug": "WebDriver/Commands/GetTimeouts",
            "mdn_url": "https://developer.mozilla.org/en-US/docs/Web/WebDriver/Commands/GetTimeouts",
            "summary": "The Get Timeouts command of the WebDriver API returns the timeouts associated with the current session. The session timeout durations control such behavior as timeouts on script injection, document navigation, and element retrieval.",
            "support": {
                "chrome": {
                    "version_added": "65",
                    "notes": "To enable Chromium support, include <code>{\"goog:chromeOptions\": {\"w3c\": true}}</code> in the <a href=https://developer.mozilla.org/docs/Web/WebDriver/Capabilities>capabilities</a>."
                },
                "chrome_android": {
                    "version_added": false,
                    "notes": "To enable Chromium support, include <code>{\"goog:chromeOptions\": {\"w3c\": true}}</code> in the <a href=https://developer.mozilla.org/docs/Web/WebDriver/Capabilities>capabilities</a>."
                },
                "edge": "mirror",
                "firefox": {
                    "version_added": "55"
                },
                "firefox_android": {
                    "version_added": false
                },
                "ie": {
                    "version_added": "7"
                },
                "oculus": "mirror",
                "opera": {
                    "version_added": false,
                    "notes": "To enable Chromium support, include <code>{\"goog:chromeOptions\": {\"w3c\": true}}</code> in the <a href=https://developer.mozilla.org/docs/Web/WebDriver/Capabilities>capabilities</a>."
                },
                "opera_android": "mirror",
                "safari": {
                    "version_added": false,
                    "notes": "The vendor-supported implementation for Safari is non spec-conforming and incompatible."
                },
                "safari_ios": "mirror",
                "samsunginternet_android": {
                    "version_added": false,
                    "notes": "The vendor-supported implementation for Samsung Internet is non-spec-conforming and incompatible."
                },
                "webview_android": "mirror",
                "edge_blink": {
                    "version_added": "79",
                    "notes": "To enable Chromium support, include <code>{\"goog:chromeOptions\": {\"w3c\": true}}</code> in the <a href=https://developer.mozilla.org/docs/Web/WebDriver/Capabilities>capabilities</a>."
                }
            },
            "title": "Get Timeouts"
        }
    ],
    "dfn-get-window-handles": [
        {
            "engines": [
                "blink",
                "gecko"
            ],
            "filename": "webdriver/commands/GetWindowHandles.json",
            "name": "GetWindowHandles",
            "slug": "WebDriver/Commands/GetWindowHandles",
            "mdn_url": "https://developer.mozilla.org/en-US/docs/Web/WebDriver/Commands/GetWindowHandles",
            "summary": "The Get Window Handles command of the WebDriver API returns a list of all WebWindows. Each tab or window, depending on whether you are using a tabbed browser, is associated by a window handle that is used as a reference when switching to the window.",
            "support": {
                "chrome": {
                    "version_added": "65",
                    "notes": "To enable Chromium support, include <code>{\"goog:chromeOptions\": {\"w3c\": true}}</code> in the <a href=https://developer.mozilla.org/docs/Web/WebDriver/Capabilities>capabilities</a>."
                },
                "chrome_android": {
                    "version_added": false,
                    "notes": "To enable Chromium support, include <code>{\"goog:chromeOptions\": {\"w3c\": true}}</code> in the <a href=https://developer.mozilla.org/docs/Web/WebDriver/Capabilities>capabilities</a>."
                },
                "edge": "mirror",
                "firefox": {
                    "version_added": "55"
                },
                "firefox_android": {
                    "version_added": false
                },
                "ie": {
                    "version_added": "7"
                },
                "oculus": "mirror",
                "opera": {
                    "version_added": false,
                    "notes": "To enable Chromium support, include <code>{\"goog:chromeOptions\": {\"w3c\": true}}</code> in the <a href=https://developer.mozilla.org/docs/Web/WebDriver/Capabilities>capabilities</a>."
                },
                "opera_android": "mirror",
                "safari": {
                    "version_added": false,
                    "notes": "The vendor-supported implementation for Safari is non spec-conforming and incompatible."
                },
                "safari_ios": "mirror",
                "samsunginternet_android": {
                    "version_added": false,
                    "notes": "The vendor-supported implementation for Samsung Internet is non-spec-conforming and incompatible."
                },
                "webview_android": "mirror",
                "edge_blink": {
                    "version_added": "79",
                    "notes": "To enable Chromium support, include <code>{\"goog:chromeOptions\": {\"w3c\": true}}</code> in the <a href=https://developer.mozilla.org/docs/Web/WebDriver/Capabilities>capabilities</a>."
                }
            },
            "title": "Get Window Handles"
        }
    ],
    "dfn-get-window-rect": [
        {
            "engines": [
                "blink",
                "gecko"
            ],
            "filename": "webdriver/commands/GetWindowRect.json",
            "name": "GetWindowRect",
            "slug": "WebDriver/Commands/GetWindowRect",
            "mdn_url": "https://developer.mozilla.org/en-US/docs/Web/WebDriver/Commands/GetWindowRect",
            "summary": "The Get Window Rect command of the WebDriver API returns the size and position of the given WebElement. Many WebDriver clients present separate API methods for getting an element's location and dimensions, but as an optimization they both use this primitive.",
            "support": {
                "chrome": {
                    "version_added": "65",
                    "notes": "To enable Chromium support, include <code>{\"goog:chromeOptions\": {\"w3c\": true}}</code> in the <a href=https://developer.mozilla.org/docs/Web/WebDriver/Capabilities>capabilities</a>."
                },
                "chrome_android": {
                    "version_added": false,
                    "notes": "To enable Chromium support, include <code>{\"goog:chromeOptions\": {\"w3c\": true}}</code> in the <a href=https://developer.mozilla.org/docs/Web/WebDriver/Capabilities>capabilities</a>."
                },
                "edge": "mirror",
                "firefox": {
                    "version_added": "55"
                },
                "firefox_android": {
                    "version_added": false
                },
                "ie": {
                    "version_added": "7"
                },
                "oculus": "mirror",
                "opera": {
                    "version_added": false,
                    "notes": "To enable Chromium support, include <code>{\"goog:chromeOptions\": {\"w3c\": true}}</code> in the <a href=https://developer.mozilla.org/docs/Web/WebDriver/Capabilities>capabilities</a>."
                },
                "opera_android": "mirror",
                "safari": {
                    "version_added": false,
                    "notes": "The vendor-supported implementation for Safari is non spec-conforming and incompatible."
                },
                "safari_ios": "mirror",
                "samsunginternet_android": {
                    "version_added": false,
                    "notes": "The vendor-supported implementation for Samsung Internet is non-spec-conforming and incompatible."
                },
                "webview_android": "mirror",
                "edge_blink": {
                    "version_added": "79",
                    "notes": "To enable Chromium support, include <code>{\"goog:chromeOptions\": {\"w3c\": true}}</code> in the <a href=https://developer.mozilla.org/docs/Web/WebDriver/Capabilities>capabilities</a>."
                }
            },
            "title": "Get Window Rect"
        }
    ],
    "dfn-new-window": [
        {
            "engines": [
                "gecko"
            ],
            "filename": "webdriver/commands/NewWindow.json",
            "name": "NewWindow",
            "slug": "WebDriver/Commands/New_Window",
            "mdn_url": "https://developer.mozilla.org/en-US/docs/Web/WebDriver/Commands/New_Window",
            "summary": "The New Window command of the WebDriver API opens a new top-level browsing context of type window or tab, and returns with a dictionary containing the handle of the new WebWindow and its created type. If the requested type cannot be created by the browser, the alternative type will be tried to create.",
            "support": {
                "chrome": {
                    "version_added": false,
                    "notes": "To enable Chromium support, include <code>{\"goog:chromeOptions\": {\"w3c\": true}}</code> in the <a href=https://developer.mozilla.org/docs/Web/WebDriver/Capabilities>capabilities</a>."
                },
                "chrome_android": "mirror",
                "edge": "mirror",
                "firefox": {
                    "version_added": "66"
                },
                "firefox_android": "mirror",
                "ie": {
                    "version_added": "7"
                },
                "oculus": "mirror",
                "opera": "mirror",
                "opera_android": "mirror",
                "safari": {
                    "version_added": false,
                    "notes": "The vendor-supported implementation for Safari is non spec-conforming and incompatible."
                },
                "safari_ios": "mirror",
                "samsunginternet_android": {
                    "version_added": false,
                    "notes": "The vendor-supported implementation for Samsung Internet is non-spec-conforming and incompatible."
                },
                "webview_android": "mirror",
                "edge_blink": {
                    "version_added": false,
                    "notes": "To enable Chromium support, include <code>{\"goog:chromeOptions\": {\"w3c\": true}}</code> in the <a href=https://developer.mozilla.org/docs/Web/WebDriver/Capabilities>capabilities</a>."
                }
            },
            "title": "New Window"
        }
    ],
    "dfn-set-timeouts": [
        {
            "engines": [
                "blink",
                "gecko"
            ],
            "filename": "webdriver/commands/SetTimeouts.json",
            "name": "SetTimeouts",
            "slug": "WebDriver/Commands/SetTimeouts",
            "mdn_url": "https://developer.mozilla.org/en-US/docs/Web/WebDriver/Commands/SetTimeouts",
            "summary": "The Set Timeouts command of the WebDriver API sets the timeouts associated with the current session. The session timeout durations control such behavior as timeouts on script injection, document navigation, and element retrieval.",
            "support": {
                "chrome": {
                    "version_added": "65",
                    "notes": "To enable Chromium support, include <code>{\"goog:chromeOptions\": {\"w3c\": true}}</code> in the <a href=https://developer.mozilla.org/docs/Web/WebDriver/Capabilities>capabilities</a>."
                },
                "chrome_android": {
                    "version_added": false,
                    "notes": "To enable Chromium support, include <code>{\"goog:chromeOptions\": {\"w3c\": true}}</code> in the <a href=https://developer.mozilla.org/docs/Web/WebDriver/Capabilities>capabilities</a>."
                },
                "edge": "mirror",
                "firefox": {
                    "version_added": "55"
                },
                "firefox_android": {
                    "version_added": false
                },
                "ie": {
                    "version_added": "7"
                },
                "oculus": "mirror",
                "opera": {
                    "version_added": false,
                    "notes": "To enable Chromium support, include <code>{\"goog:chromeOptions\": {\"w3c\": true}}</code> in the <a href=https://developer.mozilla.org/docs/Web/WebDriver/Capabilities>capabilities</a>."
                },
                "opera_android": "mirror",
                "safari": {
                    "version_added": false,
                    "notes": "The vendor-supported implementation for Safari is non spec-conforming and incompatible."
                },
                "safari_ios": "mirror",
                "samsunginternet_android": {
                    "version_added": false,
                    "notes": "The vendor-supported implementation for Samsung Internet is non-spec-conforming and incompatible."
                },
                "webview_android": "mirror",
                "edge_blink": {
                    "version_added": "79",
                    "notes": "To enable Chromium support, include <code>{\"goog:chromeOptions\": {\"w3c\": true}}</code> in the <a href=https://developer.mozilla.org/docs/Web/WebDriver/Capabilities>capabilities</a>."
                }
            },
            "title": "Set Timeouts"
        }
    ],
    "dfn-set-window-rect": [
        {
            "engines": [
                "blink",
                "gecko"
            ],
            "filename": "webdriver/commands/SetWindowRect.json",
            "name": "SetWindowRect",
            "slug": "WebDriver/Commands/SetWindowRect",
            "mdn_url": "https://developer.mozilla.org/en-US/docs/Web/WebDriver/Commands/SetWindowRect",
            "summary": "The Set Window Rect command of the WebDriver API alters the size and position of the operating system window associated with the current window. The command acts as the setter of Get Window Rect, which return object you can pass directly as this command's payload.",
            "support": {
                "chrome": {
                    "version_added": "65",
                    "notes": "To enable Chromium support, include <code>{\"goog:chromeOptions\": {\"w3c\": true}}</code> in the <a href=https://developer.mozilla.org/docs/Web/WebDriver/Capabilities>capabilities</a>."
                },
                "chrome_android": {
                    "version_added": false,
                    "notes": "To enable Chromium support, include <code>{\"goog:chromeOptions\": {\"w3c\": true}}</code> in the <a href=https://developer.mozilla.org/docs/Web/WebDriver/Capabilities>capabilities</a>."
                },
                "edge": "mirror",
                "firefox": {
                    "version_added": "55"
                },
                "firefox_android": {
                    "version_added": false
                },
                "ie": {
                    "version_added": "7"
                },
                "oculus": "mirror",
                "opera": {
                    "version_added": false,
                    "notes": "To enable Chromium support, include <code>{\"goog:chromeOptions\": {\"w3c\": true}}</code> in the <a href=https://developer.mozilla.org/docs/Web/WebDriver/Capabilities>capabilities</a>."
                },
                "opera_android": "mirror",
                "safari": {
                    "version_added": false,
                    "notes": "The vendor-supported implementation for Safari is non spec-conforming and incompatible."
                },
                "safari_ios": "mirror",
                "samsunginternet_android": {
                    "version_added": false,
                    "notes": "The vendor-supported implementation for Samsung Internet is non-spec-conforming and incompatible."
                },
                "webview_android": "mirror",
                "edge_blink": {
                    "version_added": "79",
                    "notes": "To enable Chromium support, include <code>{\"goog:chromeOptions\": {\"w3c\": true}}</code> in the <a href=https://developer.mozilla.org/docs/Web/WebDriver/Capabilities>capabilities</a>."
                }
            },
            "title": "Set Window Rect"
        }
    ]
}
