{
    "dom-xrsession-environmentblendmode": [
        {
            "engines": [
                "blink"
            ],
            "filename": "api/XRSession.json",
            "name": "environmentBlendMode",
            "slug": "API/XRSession/environmentBlendMode",
            "mdn_url": "https://developer.mozilla.org/en-US/docs/Web/API/XRSession/environmentBlendMode",
            "summary": "The XRSession interface's read-only environmentBlendMode property identifies if, and to what degree, the computer-generated imagery is overlaid atop the real world.",
            "support": {
                "chrome": {
                    "version_added": "81"
                },
                "chrome_android": "mirror",
                "edge": "mirror",
                "firefox": {
                    "version_added": false
                },
                "firefox_android": "mirror",
                "ie": {
                    "version_added": false
                },
                "oculus": "mirror",
                "opera": "mirror",
                "opera_android": "mirror",
                "safari": {
                    "version_added": false
                },
                "safari_ios": "mirror",
                "samsunginternet_android": {
                    "version_added": "11.2"
                },
                "webview_android": {
                    "version_added": false
                },
                "edge_blink": {
                    "version_added": "81"
                }
            },
            "title": "XRSession: environmentBlendMode property"
        }
    ],
    "dom-xrsession-interactionmode": [
        {
            "engines": [
                "blink"
            ],
            "filename": "api/XRSession.json",
            "name": "interactionMode",
            "slug": "API/XRSession/interactionMode",
            "mdn_url": "https://developer.mozilla.org/en-US/docs/Web/API/XRSession/interactionMode",
            "summary": "The XRSession interface's read-only interactionMode property describes the best space (according to the user agent) for the application to draw an interactive UI for the current session.",
            "support": {
                "chrome": {
                    "version_added": "84"
                },
                "chrome_android": "mirror",
                "edge": "mirror",
                "firefox": {
                    "version_added": false
                },
                "firefox_android": "mirror",
                "ie": {
                    "version_added": false
                },
                "oculus": "mirror",
                "opera": "mirror",
                "opera_android": "mirror",
                "safari": {
                    "version_added": false
                },
                "safari_ios": "mirror",
                "samsunginternet_android": "mirror",
                "webview_android": {
                    "version_added": false
                },
                "edge_blink": {
                    "version_added": "84"
                }
            },
            "title": "XRSession: interactionMode property"
        }
    ],
    "dom-xrview-isfirstpersonobserver": [
        {
            "engines": [
                "blink"
            ],
            "filename": "api/XRView.json",
            "name": "isFirstPersonObserver",
            "slug": "API/XRView/isFirstPersonObserver",
            "mdn_url": "https://developer.mozilla.org/en-US/docs/Web/API/XRView/isFirstPersonObserver",
            "summary": "The XRView interface's read-only isFirstPersonObserver property is a boolean indicating if the XRView is a first-person observer view.",
            "support": {
                "chrome": {
                    "version_added": "86",
                    "notes": "Always returns <code>false</code> since no headset with first-person view is supported."
                },
                "chrome_android": "mirror",
                "edge": "mirror",
                "firefox": {
                    "version_added": false
                },
                "firefox_android": "mirror",
                "ie": {
                    "version_added": false
                },
                "oculus": "mirror",
                "opera": "mirror",
                "opera_android": "mirror",
                "safari": {
                    "version_added": false
                },
                "safari_ios": "mirror",
                "samsunginternet_android": {
                    "version_added": "13.0",
                    "notes": "Always returns <code>false</code> since no headset with first-person view is supported."
                },
                "webview_android": {
                    "version_added": false
                },
                "edge_blink": {
                    "version_added": "86",
                    "notes": "Always returns <code>false</code> since no headset with first-person view is supported."
                }
            },
            "title": "XRView: isFirstPersonObserver property"
        }
    ]
}
