{
    "dom-xrinputsource-gamepad": [
        {
            "engines": [
                "blink"
            ],
            "filename": "api/XRInputSource.json",
            "name": "gamepad",
            "slug": "API/XRInputSource/gamepad",
            "mdn_url": "https://developer.mozilla.org/en-US/docs/Web/API/XRInputSource/gamepad",
            "summary": "The read-only XRInputSource property gamepad returns a Gamepad object describing the state of the buttons and axes on the XR input source, if it is a gamepad or comparable device. If the device isn't a gamepad-like device, this property's value is null.",
            "support": {
                "chrome": {
                    "version_added": "79"
                },
                "chrome_android": "mirror",
                "edge": "mirror",
                "firefox": {
                    "version_added": false
                },
                "firefox_android": "mirror",
                "ie": {
                    "version_added": false
                },
                "oculus": "mirror",
                "opera": "mirror",
                "opera_android": "mirror",
                "safari": {
                    "version_added": false
                },
                "safari_ios": "mirror",
                "samsunginternet_android": {
                    "version_added": "11.2"
                },
                "webview_android": {
                    "version_added": false
                },
                "edge_blink": {
                    "version_added": "79"
                }
            },
            "title": "XRInputSource: gamepad property"
        }
    ]
}
