{
    "FileStructure": [
        {
            "engines": [
                "blink",
                "gecko",
                "webkit"
            ],
            "filename": "css/at-rules/font-face.json",
            "name": "WOFF_2",
            "slug": "Guide/WOFF",
            "mdn_url": "https://developer.mozilla.org/en-US/docs/Web/Guide/WOFF",
            "summary": "WOFF (the Web Open Font Format) is a web font format developed by Mozilla in concert with Type Supply, LettError, and other organizations. It uses a compressed version of the same table-based sfnt structure used by TrueType, OpenType, and Open Font Format, but adds metadata and private-use data structures, including predefined fields allowing foundries and vendors to provide license information if desired.",
            "support": {
                "chrome": {
                    "version_added": "36"
                },
                "chrome_android": "mirror",
                "edge": {
                    "version_added": "14"
                },
                "firefox": {
                    "version_added": "39"
                },
                "firefox_android": "mirror",
                "ie": {
                    "version_added": false
                },
                "oculus": "mirror",
                "opera": "mirror",
                "opera_android": "mirror",
                "safari": {
                    "version_added": "10",
                    "notes": "Supported only on macOS 10.12 (Sierra) and later."
                },
                "safari_ios": {
                    "version_added": "10"
                },
                "samsunginternet_android": "mirror",
                "webview_android": "mirror",
                "edge_blink": {
                    "version_added": "79"
                }
            },
            "title": "The Web Open Font Format (WOFF)"
        }
    ]
}
