{
 "notes": "HLS can be used with a JavaScript library in browsers that doesn't support it natively as long as they support [Media Source Extensions](/mediasource).",
 "support": {
  "Android Browser": "y 3",
  "Baidu Browser": "y 13.18",
  "Blackberry Browser": "y 10",
  "Chrome": "n 125",
  "Chrome for Android": "y 122",
  "Edge": "n 122",
  "Firefox": "n 126",
  "Firefox for Android": "n 123",
  "IE": "n 11",
  "IE Mobile": "n 11",
  "KaiOS Browser": "n 3.0",
  "Opera": "n 106",
  "Opera Mini": "n all",
  "Opera Mobile": "y 73",
  "QQ Browser": "y 13.1",
  "Safari": "y 6",
  "Safari on iOS": "y 3.2",
  "Samsung Internet": "y 4",
  "UC Browser for Android": "y 15.5"
 },
 "url": "https://tools.ietf.org/html/rfc8216"
}