{
 "notes": "Most partial support refers to supporting an [older version](https://www.w3.org/TR/2009/WD-css3-flexbox-20090723/) of the specification or an [older syntax](https://www.w3.org/TR/2012/WD-css3-flexbox-20120322/).",
 "support": {
  "Android Browser": "y 4.4",
  "Baidu Browser": "y 13.18",
  "Blackberry Browser": "y 10",
  "Chrome": "y 29",
  "Chrome for Android": "y 122",
  "Edge": "y 12",
  "Firefox": "y 28",
  "Firefox for Android": "y 123",
  "IE": "a 11",
  "IE Mobile": "y 11",
  "KaiOS Browser": "y 2.5",
  "Opera": "y 17",
  "Opera Mini": "y all",
  "Opera Mobile": "y 12.1",
  "QQ Browser": "y 13.1",
  "Safari": "y 9",
  "Safari on iOS": "y 9.0",
  "Samsung Internet": "y 4",
  "UC Browser for Android": "y 15.5"
 },
 "url": "https://www.w3.org/TR/css3-flexbox/"
}