{
 "notes": "Other values for the `vector-effect` attribute/property are currently at risk of being removed from the specification as they are not being developed by browser vendors.",
 "support": {
  "Android Browser": "y 4.4",
  "Baidu Browser": "y 13.18",
  "Blackberry Browser": "u 10",
  "Chrome": "y 15",
  "Chrome for Android": "y 122",
  "Edge": "y 79",
  "Firefox": "y 15",
  "Firefox for Android": "y 123",
  "IE": "n 11",
  "IE Mobile": "n 11",
  "KaiOS Browser": "y 2.5",
  "Opera": "y 11.6",
  "Opera Mini": "y all",
  "Opera Mobile": "y 12",
  "QQ Browser": "y 13.1",
  "Safari": "y 5.1",
  "Safari on iOS": "y 5.0",
  "Samsung Internet": "y 4",
  "UC Browser for Android": "y 15.5"
 },
 "url": "https://www.w3.org/TR/SVG2/coords.html#VectorEffectProperty"
}