{
 "notes": "This support only refers to very basic editing capability, implementations vary significantly on how certain elements can be edited.",
 "support": {
  "Android Browser": "y 3",
  "Baidu Browser": "y 13.18",
  "Blackberry Browser": "y 7",
  "Chrome": "y 4",
  "Chrome for Android": "y 122",
  "Edge": "y 12",
  "Firefox": "y 3.5",
  "Firefox for Android": "y 123",
  "IE": "y 5.5",
  "IE Mobile": "y 10",
  "KaiOS Browser": "y 2.5",
  "Opera": "y 9",
  "Opera Mini": "n all",
  "Opera Mobile": "y 12.1",
  "QQ Browser": "y 13.1",
  "Safari": "y 3.1",
  "Safari on iOS": "y 5.0",
  "Samsung Internet": "y 4",
  "UC Browser for Android": "y 15.5"
 },
 "url": "https://html.spec.whatwg.org/multipage/interaction.html#contenteditable"
}