{
 "notes": "",
 "support": {
  "Android Browser": "a 122",
  "Baidu Browser": "a 13.18",
  "Blackberry Browser": "n 10",
  "Chrome": "a 50",
  "Chrome for Android": "a 122",
  "Edge": "a 79",
  "Firefox": "a 52",
  "Firefox for Android": "a 123",
  "IE": "y 10",
  "IE Mobile": "y 10",
  "KaiOS Browser": "n 3.0",
  "Opera": "a 37",
  "Opera Mini": "y all",
  "Opera Mobile": "a 73",
  "QQ Browser": "a 13.1",
  "Safari": "y 10",
  "Safari on iOS": "y 10.0",
  "Samsung Internet": "y 5.0",
  "UC Browser for Android": "a 15.5"
 },
 "url": "https://www.w3.org/TR/css3-multicol/"
}