{
 "notes": "",
 "support": {
  "Android Browser": "y 122",
  "Baidu Browser": "y 13.18",
  "Blackberry Browser": "n 10",
  "Chrome": "y 90",
  "Chrome for Android": "y 122",
  "Edge": "y 90",
  "Firefox": "y 123",
  "Firefox for Android": "y 123",
  "IE": "n 11",
  "IE Mobile": "n 11",
  "KaiOS Browser": "n 3.0",
  "Opera": "y 77",
  "Opera Mini": "n all",
  "Opera Mobile": "y 73",
  "QQ Browser": "n 13.1",
  "Safari": "y 16.4",
  "Safari on iOS": "y 16.4",
  "Samsung Internet": "y 15.0",
  "UC Browser for Android": "y 15.5"
 },
 "url": "https://github.com/mfreed7/declarative-shadow-dom"
}