{
 "notes": "",
 "support": {
  "Android Browser": "y 122",
  "Baidu Browser": "y 13.18",
  "Blackberry Browser": "n 10",
  "Chrome": "y 67",
  "Chrome for Android": "y 122",
  "Edge": "y 18",
  "Firefox": "a 60",
  "Firefox for Android": "a 123",
  "IE": "n 11",
  "IE Mobile": "n 11",
  "KaiOS Browser": "y 3.0",
  "Opera": "y 54",
  "Opera Mini": "n all",
  "Opera Mobile": "y 73",
  "QQ Browser": "y 13.1",
  "Safari": "y 13",
  "Safari on iOS": "y 14.5",
  "Samsung Internet": "y 17.0",
  "UC Browser for Android": "y 15.5"
 },
 "url": "https://www.w3.org/TR/webauthn/"
}