{
 "notes": "Firefox 10+, Chrome 26+ and Opera 11.6+ also support the new \"to (side)\" syntax.",
 "support": {
  "Android Browser": "y 4.4",
  "Baidu Browser": "y 13.18",
  "Blackberry Browser": "y 10",
  "Chrome": "y 26",
  "Chrome for Android": "y 122",
  "Edge": "y 12",
  "Firefox": "y 16",
  "Firefox for Android": "y 123",
  "IE": "y 10",
  "IE Mobile": "y 10",
  "KaiOS Browser": "y 2.5",
  "Opera": "y 12.1",
  "Opera Mini": "n all",
  "Opera Mobile": "y 12.1",
  "QQ Browser": "y 13.1",
  "Safari": "y 6.1",
  "Safari on iOS": "y 7.0",
  "Samsung Internet": "y 4",
  "UC Browser for Android": "y 15.5"
 },
 "url": "https://www.w3.org/TR/css3-images/#repeating-gradients"
}