{
 "notes": "Support can be somewhat emulated in older versions of IE using the non-standard `expression()` syntax.\r\n\r\nDue to the way browsers handle [sub-pixel rounding](https://johnresig.com/blog/sub-pixel-problems-in-css/) differently, layouts using `calc()` expressions may have unexpected results.",
 "support": {
  "Android Browser": "y 122",
  "Baidu Browser": "y 13.18",
  "Blackberry Browser": "y 10",
  "Chrome": "y 26",
  "Chrome for Android": "y 122",
  "Edge": "y 12",
  "Firefox": "y 16",
  "Firefox for Android": "y 123",
  "IE": "a 9",
  "IE Mobile": "y 10",
  "KaiOS Browser": "y 2.5",
  "Opera": "y 15",
  "Opera Mini": "n all",
  "Opera Mobile": "y 73",
  "QQ Browser": "y 13.1",
  "Safari": "y 6.1",
  "Safari on iOS": "y 7.0",
  "Samsung Internet": "y 4",
  "UC Browser for Android": "y 15.5"
 },
 "url": "https://w3c.github.io/csswg-drafts/css-values-3/#calc-notation"
}