{
 "notes": "[\"Some key events, or their values, might be suppressed by the IME in use\"](https://www.w3.org/TR/2019/WD-uievents-20190530/#keys-IME). On mobile (virtual keyboard), for every key Blink and WebKit based browsers report \"Unidentified\", Gecko reports \"Process\".",
 "support": {
  "Android Browser": "y 122",
  "Baidu Browser": "y 13.18",
  "Blackberry Browser": "n 10",
  "Chrome": "y 51",
  "Chrome for Android": "y 122",
  "Edge": "y 79",
  "Firefox": "y 29",
  "Firefox for Android": "y 123",
  "IE": "a 9",
  "IE Mobile": "a 10",
  "KaiOS Browser": "y 2.5",
  "Opera": "y 38",
  "Opera Mini": "y all",
  "Opera Mobile": "y 12.1",
  "QQ Browser": "y 13.1",
  "Safari": "y 10.1",
  "Safari on iOS": "y 10.3",
  "Samsung Internet": "y 5.0",
  "UC Browser for Android": "y 15.5"
 },
 "url": "https://www.w3.org/TR/uievents/#dom-keyboardevent-key"
}