{
 "notes": "",
 "support": {
  "Android Browser": "y 122",
  "Baidu Browser": "n 13.18",
  "Blackberry Browser": "n 10",
  "Chrome": "n 125",
  "Chrome for Android": "n 122",
  "Edge": "n 122",
  "Firefox": "n 126",
  "Firefox for Android": "n 123",
  "IE": "n 11",
  "IE Mobile": "n 11",
  "KaiOS Browser": "n 3.0",
  "Opera": "n 106",
  "Opera Mini": "n all",
  "Opera Mobile": "n 73",
  "QQ Browser": "n 13.1",
  "Safari": "n TP",
  "Safari on iOS": "n 17.4",
  "Samsung Internet": "y 5.0",
  "UC Browser for Android": "n 15.5"
 },
 "url": "https://docs.google.com/viewer?a=v&pid=forums&srcid=MDIwOTgxNDMwMTgyMjkzMTI2ODcBMDQ2MzU5NDU2MDA0MTg5NDE1MTkBTDZmaENoSG9BZ0FKATAuMQEBdjI"
}