{
 "notes": "This technology is being deprecated in favor of [Service Workers](https://caniuse.com/#feat=serviceworkers)",
 "support": {
  "Android Browser": "n 122",
  "Baidu Browser": "n 13.18",
  "Blackberry Browser": "y 7",
  "Chrome": "n 125",
  "Chrome for Android": "n 122",
  "Edge": "n 122",
  "Firefox": "n 126",
  "Firefox for Android": "n 123",
  "IE": "y 10",
  "IE Mobile": "y 10",
  "KaiOS Browser": "n 3.0",
  "Opera": "n 106",
  "Opera Mini": "n all",
  "Opera Mobile": "n 73",
  "QQ Browser": "y 13.1",
  "Safari": "y 4",
  "Safari on iOS": "y 3.2",
  "Samsung Internet": "y 4",
  "UC Browser for Android": "y 15.5"
 },
 "url": "https://www.w3.org/TR/2011/WD-html5-20110525/offline.html#offline"
}