{
 "notes": "",
 "support": {
  "Android Browser": "y 4.4",
  "Baidu Browser": "y 13.18",
  "Blackberry Browser": "y 7",
  "Chrome": "y 6",
  "Chrome for Android": "y 122",
  "Edge": "y 79",
  "Firefox": "y 6",
  "Firefox for Android": "y 123",
  "IE": "n 11",
  "IE Mobile": "n 11",
  "KaiOS Browser": "y 2.5",
  "Opera": "y 11",
  "Opera Mini": "n all",
  "Opera Mobile": "y 11.1",
  "QQ Browser": "y 13.1",
  "Safari": "y 5",
  "Safari on iOS": "y 4.0",
  "Samsung Internet": "y 4",
  "UC Browser for Android": "y 15.5"
 },
 "url": "https://html.spec.whatwg.org/multipage/comms.html#server-sent-events"
}