{
 "notes": "prefers-reduced-motion media query also depends on the OS as to whether it is supported.",
 "support": {
  "Android Browser": "y 122",
  "Baidu Browser": "y 13.18",
  "Blackberry Browser": "n 10",
  "Chrome": "y 74",
  "Chrome for Android": "y 122",
  "Edge": "y 79",
  "Firefox": "y 63",
  "Firefox for Android": "y 123",
  "IE": "n 11",
  "IE Mobile": "n 11",
  "KaiOS Browser": "y 3.0",
  "Opera": "y 64",
  "Opera Mini": "n all",
  "Opera Mobile": "y 73",
  "QQ Browser": "y 13.1",
  "Safari": "y 10.1",
  "Safari on iOS": "y 10.3",
  "Samsung Internet": "y 11.1",
  "UC Browser for Android": "y 15.5"
 },
 "url": "https://w3c.github.io/csswg-drafts/mediaqueries-5/#prefers-reduced-motion"
}