{
 "notes": "Whether `<option selected>` matches `:default` (per the spec) was not tested since `<select>`s and `<option>`s are generally not styleable, which makes it hard to formulate a test for this.",
 "support": {
  "Android Browser": "y 122",
  "Baidu Browser": "y 13.18",
  "Blackberry Browser": "a 10",
  "Chrome": "y 51",
  "Chrome for Android": "y 122",
  "Edge": "y 79",
  "Firefox": "y 4",
  "Firefox for Android": "y 123",
  "IE": "n 11",
  "IE Mobile": "n 11",
  "KaiOS Browser": "y 2.5",
  "Opera": "y 38",
  "Opera Mini": "a all",
  "Opera Mobile": "y 73",
  "QQ Browser": "y 13.1",
  "Safari": "y 10.1",
  "Safari on iOS": "y 10.3",
  "Samsung Internet": "y 5.0",
  "UC Browser for Android": "y 15.5"
 },
 "url": "https://w3c.github.io/csswg-drafts/selectors-4/#the-default-pseudo"
}