{
 "notes": "See also the support for the [`scrollIntoView` method](/#feat=scrollintoview).",
 "support": {
  "Android Browser": "y 122",
  "Baidu Browser": "y 13.18",
  "Blackberry Browser": "n 10",
  "Chrome": "y 61",
  "Chrome for Android": "y 122",
  "Edge": "y 79",
  "Firefox": "y 36",
  "Firefox for Android": "y 123",
  "IE": "n 11",
  "IE Mobile": "n 11",
  "KaiOS Browser": "y 2.5",
  "Opera": "y 48",
  "Opera Mini": "n all",
  "Opera Mobile": "y 73",
  "QQ Browser": "y 13.1",
  "Safari": "y 14",
  "Safari on iOS": "y 14.5",
  "Samsung Internet": "y 8.2",
  "UC Browser for Android": "y 15.5"
 },
 "url": "https://www.w3.org/TR/cssom-view-1/#extension-to-the-element-interface"
}