{
 "notes": "Firefox versions before 57 also supported the `padding-box` value for `box-sizing`, though this value was been removed from the specification and later versions of the browser.",
 "support": {
  "Android Browser": "y 4",
  "Baidu Browser": "y 13.18",
  "Blackberry Browser": "y 10",
  "Chrome": "y 10",
  "Chrome for Android": "y 122",
  "Edge": "y 12",
  "Firefox": "y 29",
  "Firefox for Android": "y 123",
  "IE": "y 8",
  "IE Mobile": "y 10",
  "KaiOS Browser": "y 2.5",
  "Opera": "y 9.5",
  "Opera Mini": "y all",
  "Opera Mobile": "y 10",
  "QQ Browser": "y 13.1",
  "Safari": "y 5.1",
  "Safari on iOS": "y 5.0",
  "Samsung Internet": "y 4",
  "UC Browser for Android": "y 15.5"
 },
 "url": "https://www.w3.org/TR/css-sizing/#box-sizing"
}