{
 "notes": "",
 "support": {
  "Android Browser": "y 122",
  "Baidu Browser": "y 13.18",
  "Blackberry Browser": "n 10",
  "Chrome": "y 85",
  "Chrome for Android": "y 122",
  "Edge": "y 85",
  "Firefox": "y 87",
  "Firefox for Android": "y 123",
  "IE": "a 11",
  "IE Mobile": "n 11",
  "KaiOS Browser": "a 2.5",
  "Opera": "y 73",
  "Opera Mini": "n all",
  "Opera Mobile": "y 73",
  "QQ Browser": "y 13.1",
  "Safari": "y 15",
  "Safari on iOS": "y 15.0",
  "Samsung Internet": "y 14.0",
  "UC Browser for Android": "y 15.5"
 },
 "url": "https://www.w3.org/TR/referrer-policy/"
}