{
 "notes": "",
 "support": {
  "Android Browser": "y 122",
  "Baidu Browser": "n 13.18",
  "Blackberry Browser": "u 10",
  "Chrome": "y 98",
  "Chrome for Android": "y 122",
  "Edge": "y 98",
  "Firefox": "y 107",
  "Firefox for Android": "y 123",
  "IE": "n 11",
  "IE Mobile": "u 11",
  "KaiOS Browser": "n 3.0",
  "Opera": "y 86",
  "Opera Mini": "n all",
  "Opera Mobile": "y 73",
  "QQ Browser": "n 13.1",
  "Safari": "n TP",
  "Safari on iOS": "n 17.4",
  "Samsung Internet": "y 18.0",
  "UC Browser for Android": "y 15.5"
 },
 "url": "https://docs.microsoft.com/en-us/typography/opentype/spec/colr"
}