{
 "notes": "Support refers to this format's use in the `audio` element, not other conditions.",
 "support": {
  "Android Browser": "y 3",
  "Baidu Browser": "y 13.18",
  "Blackberry Browser": "y 10",
  "Chrome": "y 12",
  "Chrome for Android": "y 122",
  "Edge": "y 12",
  "Firefox": "a 22",
  "Firefox for Android": "a 123",
  "IE": "y 9",
  "IE Mobile": "n 11",
  "KaiOS Browser": "a 2.5",
  "Opera": "y 15",
  "Opera Mini": "n all",
  "Opera Mobile": "y 73",
  "QQ Browser": "y 13.1",
  "Safari": "y 4",
  "Safari on iOS": "y 4.0",
  "Samsung Internet": "y 4",
  "UC Browser for Android": "y 15.5"
 },
 "url": "http://www.digitalpreservation.gov/formats/fdd/fdd000114.shtml"
}