{
 "notes": "Currently all Android browsers with partial support hide the slider input field by default. However, the element [can be styled](https://tiffanybbrown.com/2012/02/input-typerange-and-androids-stock-browser/) to be made visible and usable.",
 "support": {
  "Android Browser": "y 4.2",
  "Baidu Browser": "y 13.18",
  "Blackberry Browser": "y 7",
  "Chrome": "y 4",
  "Chrome for Android": "y 122",
  "Edge": "y 12",
  "Firefox": "y 23",
  "Firefox for Android": "y 123",
  "IE": "y 10",
  "IE Mobile": "y 10",
  "KaiOS Browser": "y 2.5",
  "Opera": "y 9",
  "Opera Mini": "n all",
  "Opera Mobile": "y 10",
  "QQ Browser": "y 13.1",
  "Safari": "y 3.1",
  "Safari on iOS": "y 5.0",
  "Samsung Internet": "y 4",
  "UC Browser for Android": "y 15.5"
 },
 "url": "https://html.spec.whatwg.org/multipage/forms.html#range-state-(type=range)"
}