{
 "notes": "",
 "support": {
  "Android Browser": "a 122",
  "Baidu Browser": "a 13.18",
  "Blackberry Browser": "n 10",
  "Chrome": "a 65",
  "Chrome for Android": "a 122",
  "Edge": "a 79",
  "Firefox": "a 37",
  "Firefox for Android": "a 123",
  "IE": "n 11",
  "IE Mobile": "n 11",
  "KaiOS Browser": "a 2.5",
  "Opera": "a 52",
  "Opera Mini": "n all",
  "Opera Mobile": "a 73",
  "QQ Browser": "a 13.1",
  "Safari": "a 11.1",
  "Safari on iOS": "y 17.0",
  "Samsung Internet": "a 9.2",
  "UC Browser for Android": "a 15.5"
 },
 "url": "https://w3c.github.io/csswg-drafts/css-display/"
}