{
 "notes": "Syntax used by browsers with prefixed support may be incompatible with that for proper support.\r\n\r\nSupport can be somewhat emulated in older IE versions using the non-standard \"gradient\" filter. \r\n\r\nFirefox 10+, Opera 11.6+, Chrome 26+ and IE10+ also support the new \"to (side)\" syntax.",
 "support": {
  "Android Browser": "y 4.4",
  "Baidu Browser": "y 13.18",
  "Blackberry Browser": "y 10",
  "Chrome": "y 26",
  "Chrome for Android": "y 122",
  "Edge": "y 12",
  "Firefox": "y 36",
  "Firefox for Android": "y 123",
  "IE": "y 10",
  "IE Mobile": "y 10",
  "KaiOS Browser": "y 2.5",
  "Opera": "y 12.1",
  "Opera Mini": "n all",
  "Opera Mobile": "y 12.1",
  "QQ Browser": "y 13.1",
  "Safari": "y 15.4",
  "Safari on iOS": "y 15.4",
  "Samsung Internet": "y 4",
  "UC Browser for Android": "y 15.5"
 },
 "url": "https://www.w3.org/TR/css3-images/"
}