{
 "notes": "HTTP/2 is only supported over TLS (HTTPS). See also the precursor of HTTP/2, [the SPDY protocol](https://caniuse.com/#feat=spdy), which has been deprecated and removed from most browsers, in favor of HTTP/2.",
 "support": {
  "Android Browser": "y 122",
  "Baidu Browser": "y 13.18",
  "Blackberry Browser": "n 10",
  "Chrome": "y 41",
  "Chrome for Android": "y 122",
  "Edge": "y 12",
  "Firefox": "y 36",
  "Firefox for Android": "y 123",
  "IE": "a 11",
  "IE Mobile": "n 11",
  "KaiOS Browser": "y 2.5",
  "Opera": "y 28",
  "Opera Mini": "n all",
  "Opera Mobile": "y 73",
  "QQ Browser": "y 13.1",
  "Safari": "y 11",
  "Safari on iOS": "y 9.0",
  "Samsung Internet": "y 4",
  "UC Browser for Android": "y 15.5"
 },
 "url": "https://tools.ietf.org/html/rfc7540"
}