{
 "notes": "",
 "support": {
  "Android Browser": "a 4",
  "Baidu Browser": "a 13.18",
  "Blackberry Browser": "a 10",
  "Chrome": "y 6",
  "Chrome for Android": "a 122",
  "Edge": "y 12",
  "Firefox": "y 29",
  "Firefox for Android": "y 123",
  "IE": "y 10",
  "IE Mobile": "a 10",
  "KaiOS Browser": "y 2.5",
  "Opera": "y 9",
  "Opera Mini": "n all",
  "Opera Mobile": "a 73",
  "QQ Browser": "a 13.1",
  "Safari": "y 5",
  "Safari on iOS": "a 3.2",
  "Samsung Internet": "a 4",
  "UC Browser for Android": "a 15.5"
 },
 "url": "https://html.spec.whatwg.org/multipage/forms.html#number-state-(type=number)"
}