{
 "notes": "Partial support refers to requiring the legacy name \"word-wrap\" (rather than \"overflow-wrap\") to work.",
 "support": {
  "Android Browser": "y 4.4",
  "Baidu Browser": "y 13.18",
  "Blackberry Browser": "y 10",
  "Chrome": "y 23",
  "Chrome for Android": "y 122",
  "Edge": "y 18",
  "Firefox": "y 49",
  "Firefox for Android": "y 123",
  "IE": "a 5.5",
  "IE Mobile": "a 10",
  "KaiOS Browser": "y 3.0",
  "Opera": "y 12.1",
  "Opera Mini": "a all",
  "Opera Mobile": "y 73",
  "QQ Browser": "y 13.1",
  "Safari": "y 6.1",
  "Safari on iOS": "y 7.0",
  "Samsung Internet": "y 4",
  "UC Browser for Android": "y 15.5"
 },
 "url": "https://www.w3.org/TR/css3-text/#overflow-wrap"
}