{
 "notes": "Partial support refers to an [older version](https://www.w3.org/TR/2014/WD-screen-orientation-20140220/) of the draft specification, and the spec has undergone significant changes since, for example renaming the `screen.lockOrientation` method to `screen.orientation.lock`.",
 "support": {
  "Android Browser": "n 122",
  "Baidu Browser": "y 13.18",
  "Blackberry Browser": "n 10",
  "Chrome": "y 38",
  "Chrome for Android": "y 122",
  "Edge": "y 79",
  "Firefox": "y 44",
  "Firefox for Android": "y 123",
  "IE": "n 11",
  "IE Mobile": "n 11",
  "KaiOS Browser": "y 2.5",
  "Opera": "y 25",
  "Opera Mini": "n all",
  "Opera Mobile": "y 73",
  "QQ Browser": "y 13.1",
  "Safari": "y 16.4",
  "Safari on iOS": "y 16.4",
  "Samsung Internet": "y 5.0",
  "UC Browser for Android": "y 15.5"
 },
 "url": "https://www.w3.org/TR/screen-orientation/"
}