{
 "notes": "",
 "support": {
  "Android Browser": "a 122",
  "Baidu Browser": "a 13.18",
  "Blackberry Browser": "n 10",
  "Chrome": "a 91",
  "Chrome for Android": "a 122",
  "Edge": "a 91",
  "Firefox": "a 33",
  "Firefox for Android": "a 123",
  "IE": "n 11",
  "IE Mobile": "n 11",
  "KaiOS Browser": "a 2.5",
  "Opera": "a 77",
  "Opera Mini": "n all",
  "Opera Mobile": "a 73",
  "QQ Browser": "n 13.1",
  "Safari": "a 17.0",
  "Safari on iOS": "a 17.0",
  "Samsung Internet": "a 16.0",
  "UC Browser for Android": "y 15.5"
 },
 "url": "https://w3c.github.io/csswg-drafts/css-counter-styles/"
}