{
 "notes": "",
 "support": {
  "Android Browser": "y 3",
  "Baidu Browser": "y 13.18",
  "Blackberry Browser": "y 7",
  "Chrome": "y 10",
  "Chrome for Android": "y 122",
  "Edge": "y 16",
  "Firefox": "y 4",
  "Firefox for Android": "y 123",
  "IE": "n 11",
  "IE Mobile": "n 11",
  "KaiOS Browser": "y 2.5",
  "Opera": "y 9.5",
  "Opera Mini": "y all",
  "Opera Mobile": "y 10",
  "QQ Browser": "y 13.1",
  "Safari": "y 5.1",
  "Safari on iOS": "y 5.0",
  "Samsung Internet": "y 4",
  "UC Browser for Android": "y 15.5"
 },
 "url": "https://html.spec.whatwg.org/multipage/forms.html#attr-fae-form"
}