{
 "notes": "The basic functions that this information refers to include `console.log`, `console.info`, `console.warn`, `console.error`.",
 "support": {
  "Android Browser": "y 2.1",
  "Baidu Browser": "y 13.18",
  "Blackberry Browser": "n 10",
  "Chrome": "y 4",
  "Chrome for Android": "y 122",
  "Edge": "y 12",
  "Firefox": "y 4",
  "Firefox for Android": "y 123",
  "IE": "y 10",
  "IE Mobile": "n 11",
  "KaiOS Browser": "y 2.5",
  "Opera": "y 11",
  "Opera Mini": "y all",
  "Opera Mobile": "y 73",
  "QQ Browser": "y 13.1",
  "Safari": "y 3.1",
  "Safari on iOS": "y 3.2",
  "Samsung Internet": "y 4",
  "UC Browser for Android": "n 15.5"
 },
 "url": "https://console.spec.whatwg.org/"
}