{
 "notes": "Lack of support in mobile browsers may be due to the OS file picker not having support for selecting a directory.",
 "support": {
  "Android Browser": "n 122",
  "Baidu Browser": "n 13.18",
  "Blackberry Browser": "n 10",
  "Chrome": "y 30",
  "Chrome for Android": "n 122",
  "Edge": "y 14",
  "Firefox": "y 50",
  "Firefox for Android": "n 123",
  "IE": "n 11",
  "IE Mobile": "n 11",
  "KaiOS Browser": "n 3.0",
  "Opera": "y 17",
  "Opera Mini": "n all",
  "Opera Mobile": "n 73",
  "QQ Browser": "y 13.1",
  "Safari": "y 11.1",
  "Safari on iOS": "n 17.4",
  "Samsung Internet": "n 23",
  "UC Browser for Android": "n 15.5"
 },
 "url": "https://wicg.github.io/entries-api/#dom-htmlinputelement-webkitdirectory"
}