{
 "notes": "",
 "support": {
  "Android Browser": "y 122",
  "Baidu Browser": "y 13.18",
  "Blackberry Browser": "n 10",
  "Chrome": "y 86",
  "Chrome for Android": "y 122",
  "Edge": "y 86",
  "Firefox": "y 68",
  "Firefox for Android": "y 123",
  "IE": "n 11",
  "IE Mobile": "n 11",
  "KaiOS Browser": "y 3.0",
  "Opera": "y 72",
  "Opera Mini": "n all",
  "Opera Mobile": "y 73",
  "QQ Browser": "n 13.1",
  "Safari": "y 11.1",
  "Safari on iOS": "y 11.3",
  "Samsung Internet": "y 14.0",
  "UC Browser for Android": "y 15.5"
 },
 "url": "https://w3c.github.io/csswg-drafts/css-pseudo-4/#marker-pseudo"
}