{
 "notes": "The U2F API is [being decommissioned](https://www.yubico.com/blog/google-chrome-u2f-api-decommission-what-the-change-means-for-your-users-and-how-to-prepare/) (only the API, not the U2F protocol) and superseded by [WebAuthn](/webauthn).",
 "support": {
  "Android Browser": "n 122",
  "Baidu Browser": "n 13.18",
  "Blackberry Browser": "n 10",
  "Chrome": "n 125",
  "Chrome for Android": "n 122",
  "Edge": "n 122",
  "Firefox": "n 126",
  "Firefox for Android": "y 123",
  "IE": "n 11",
  "IE Mobile": "n 11",
  "KaiOS Browser": "y 3.0",
  "Opera": "y 42",
  "Opera Mini": "n all",
  "Opera Mobile": "n 73",
  "QQ Browser": "n 13.1",
  "Safari": "y 13",
  "Safari on iOS": "y 13.3",
  "Samsung Internet": "n 23",
  "UC Browser for Android": "n 15.5"
 },
 "url": "https://fidoalliance.org/specs/fido-u2f-v1.0-nfc-bt-amendment-20150514/fido-u2f-javascript-api.html"
}