{
 "notes": "This feature is backwards compatible. Browsers not supporting this feature will simply use the cookie as a regular cookie. There is no need to deliver different cookies to clients.",
 "support": {
  "Android Browser": "y 122",
  "Baidu Browser": "y 13.18",
  "Blackberry Browser": "n 10",
  "Chrome": "y 51",
  "Chrome for Android": "y 122",
  "Edge": "y 16",
  "Firefox": "y 60",
  "Firefox for Android": "y 123",
  "IE": "a 11",
  "IE Mobile": "n 11",
  "KaiOS Browser": "y 3.0",
  "Opera": "y 39",
  "Opera Mini": "n all",
  "Opera Mobile": "y 73",
  "QQ Browser": "u 13.1",
  "Safari": "y 15",
  "Safari on iOS": "y 13.0",
  "Samsung Internet": "y 5.0",
  "UC Browser for Android": "n 15.5"
 },
 "url": "https://tools.ietf.org/html/draft-ietf-httpbis-rfc6265bis-07"
}