{
 "notes": "WebGL support is dependent on GPU support and may not be available on older devices. This is due to the additional requirement for users to have [up to date video drivers](http://www.khronos.org/webgl/wiki/BlacklistsAndWhitelists).\r\n\r\nNote that WebGL is part of the [Khronos Group](http://www.khronos.org/webgl/), not the W3C.",
 "support": {
  "Android Browser": "y 122",
  "Baidu Browser": "y 13.18",
  "Blackberry Browser": "y 10",
  "Chrome": "y 8",
  "Chrome for Android": "y 122",
  "Edge": "y 12",
  "Firefox": "y 4",
  "Firefox for Android": "y 123",
  "IE": "y 11",
  "IE Mobile": "y 11",
  "KaiOS Browser": "y 2.5",
  "Opera": "y 12",
  "Opera Mini": "n all",
  "Opera Mobile": "y 12",
  "QQ Browser": "y 13.1",
  "Safari": "y 5.1",
  "Safari on iOS": "y 8",
  "Samsung Internet": "y 4",
  "UC Browser for Android": "y 15.5"
 },
 "url": "https://www.khronos.org/registry/webgl/specs/1.0/"
}