{
 "notes": "Most mobile devices have a delay in updating the background position after scrolling a page with `fixed` backgrounds.",
 "support": {
  "Android Browser": "n 122",
  "Baidu Browser": "y 13.18",
  "Blackberry Browser": "a 7",
  "Chrome": "y 4",
  "Chrome for Android": "y 122",
  "Edge": "y 12",
  "Firefox": "y 25",
  "Firefox for Android": "y 123",
  "IE": "y 9",
  "IE Mobile": "y 10",
  "KaiOS Browser": "y 2.5",
  "Opera": "y 10.5",
  "Opera Mini": "n all",
  "Opera Mobile": "y 11",
  "QQ Browser": "y 13.1",
  "Safari": "y 15.4",
  "Safari on iOS": "n 17.4",
  "Samsung Internet": "a 5.0",
  "UC Browser for Android": "y 15.5"
 },
 "url": "https://www.w3.org/TR/css3-background/#the-background-attachment"
}