{
 "notes": "As the page is zoomed in the number of device pixels that one CSS pixel covers increases, and therefore the value of devicePixelRatio will also increase.",
 "support": {
  "Android Browser": "y 2.1",
  "Baidu Browser": "y 13.18",
  "Blackberry Browser": "y 7",
  "Chrome": "y 4",
  "Chrome for Android": "y 122",
  "Edge": "y 12",
  "Firefox": "y 18",
  "Firefox for Android": "y 123",
  "IE": "y 11",
  "IE Mobile": "y 11",
  "KaiOS Browser": "y 2.5",
  "Opera": "y 11.6",
  "Opera Mini": "y all",
  "Opera Mobile": "y 12",
  "QQ Browser": "y 13.1",
  "Safari": "y 3.1",
  "Safari on iOS": "y 3.2",
  "Samsung Internet": "y 4",
  "UC Browser for Android": "y 15.5"
 },
 "url": "https://w3c.github.io/csswg-drafts/cssom-view/#dom-window-devicepixelratio"
}