{
 "notes": "Only supported in Android WebViews in apps that target Android Pie, due to [this issue](https://bugs.chromium.org/p/chromium/issues/detail?id=618472)",
 "support": {
  "Android Browser": "y 122",
  "Baidu Browser": "y 13.18",
  "Blackberry Browser": "n 10",
  "Chrome": "y 62",
  "Chrome for Android": "y 122",
  "Edge": "y 79",
  "Firefox": "y 49",
  "Firefox for Android": "y 123",
  "IE": "n 11",
  "IE Mobile": "n 11",
  "KaiOS Browser": "y 3.0",
  "Opera": "y 52",
  "Opera Mini": "n all",
  "Opera Mobile": "y 73",
  "QQ Browser": "y 13.1",
  "Safari": "y 10",
  "Safari on iOS": "y 10.0",
  "Samsung Internet": "y 8.2",
  "UC Browser for Android": "y 15.5"
 },
 "url": "https://w3c.github.io/csswg-drafts/css-color/#hex-notation"
}