{
 "notes": "",
 "support": {
  "Android Browser": "y 122",
  "Baidu Browser": "y 13.18",
  "Blackberry Browser": "n 10",
  "Chrome": "y 77",
  "Chrome for Android": "y 122",
  "Edge": "y 79",
  "Firefox": "y 121",
  "Firefox for Android": "a 123",
  "IE": "n 11",
  "IE Mobile": "n 11",
  "KaiOS Browser": "a 3.0",
  "Opera": "y 64",
  "Opera Mini": "n all",
  "Opera Mobile": "y 73",
  "QQ Browser": "y 13.1",
  "Safari": "y 16.4",
  "Safari on iOS": "y 16.4",
  "Samsung Internet": "y 12.0",
  "UC Browser for Android": "y 15.5"
 },
 "url": "https://html.spec.whatwg.org/multipage/urls-and-fetching.html#lazy-loading-attributes"
}