{
 "notes": "Previously drafted as `:focus-ring`",
 "support": {
  "Android Browser": "y 122",
  "Baidu Browser": "y 13.18",
  "Blackberry Browser": "n 10",
  "Chrome": "y 86",
  "Chrome for Android": "y 122",
  "Edge": "y 86",
  "Firefox": "y 85",
  "Firefox for Android": "y 123",
  "IE": "n 11",
  "IE Mobile": "n 11",
  "KaiOS Browser": "n 3.0",
  "Opera": "y 72",
  "Opera Mini": "n all",
  "Opera Mobile": "y 73",
  "QQ Browser": "n 13.1",
  "Safari": "y 15.4",
  "Safari on iOS": "y 15.4",
  "Samsung Internet": "y 14.0",
  "UC Browser for Android": "n 15.5"
 },
 "url": "https://w3c.github.io/csswg-drafts/selectors-4/#the-focus-visible-pseudo"
}