{
 "notes": "While most commonly used on text fields, datalists can also be used on other input types. IE11 supports the element on `range` fields. Chrome and Opera also support datalists to suggest given values on `range`, `color` and date/time fields. ",
 "support": {
  "Android Browser": "y 4.4.3",
  "Baidu Browser": "y 13.18",
  "Blackberry Browser": "y 10",
  "Chrome": "y 69",
  "Chrome for Android": "y 122",
  "Edge": "y 79",
  "Firefox": "y 110",
  "Firefox for Android": "n 123",
  "IE": "a 10",
  "IE Mobile": "n 11",
  "KaiOS Browser": "n 3.0",
  "Opera": "y 64",
  "Opera Mini": "n all",
  "Opera Mobile": "y 10",
  "QQ Browser": "y 13.1",
  "Safari": "y 12.1",
  "Safari on iOS": "y 12.2",
  "Samsung Internet": "y 4",
  "UC Browser for Android": "y 15.5"
 },
 "url": "https://html.spec.whatwg.org/multipage/forms.html#the-datalist-element"
}