{
 "notes": "",
 "support": {
  "Android Browser": "y 122",
  "Baidu Browser": "n 13.18",
  "Blackberry Browser": "n 10",
  "Chrome": "y 113",
  "Chrome for Android": "y 122",
  "Edge": "y 113",
  "Firefox": "y 89",
  "Firefox for Android": "y 123",
  "IE": "n 11",
  "IE Mobile": "n 11",
  "KaiOS Browser": "n 3.0",
  "Opera": "y 99",
  "Opera Mini": "n all",
  "Opera Mobile": "n 73",
  "QQ Browser": "n 13.1",
  "Safari": "y 17.0",
  "Safari on iOS": "y 17.0",
  "Samsung Internet": "n 23",
  "UC Browser for Android": "n 15.5"
 },
 "url": "https://w3c.github.io/csswg-drafts/css-images-4/#image-set-notation"
}