{
 "notes": "All browsers support the CSS2 version of `text-decoration`, which matches only the `text-decoration-line` values (`underline`, etc.)",
 "support": {
  "Android Browser": "y 122",
  "Baidu Browser": "a 13.18",
  "Blackberry Browser": "n 10",
  "Chrome": "a 57",
  "Chrome for Android": "a 122",
  "Edge": "a 79",
  "Firefox": "a 36",
  "Firefox for Android": "a 123",
  "IE": "n 11",
  "IE Mobile": "n 11",
  "KaiOS Browser": "a 2.5",
  "Opera": "a 44",
  "Opera Mini": "n all",
  "Opera Mobile": "a 73",
  "QQ Browser": "a 13.1",
  "Safari": "a 12.1",
  "Safari on iOS": "n 17.4",
  "Samsung Internet": "a 7.2",
  "UC Browser for Android": "a 15.5"
 },
 "url": "https://www.w3.org/TR/css-text-decor-3/#line-decoration"
}