{
 "notes": "Mac OS X \"Full Keyboard Access\" refers to setting Keyboard→Shortcuts→Full Keyboard Access to \"All controls\" in the System Preferences.\r\n\r\n\"Unknown\" support for mobile browsers is due to lacking a method of tabbing through fields.",
 "support": {
  "Android Browser": "u 122",
  "Baidu Browser": "y 13.18",
  "Blackberry Browser": "u 10",
  "Chrome": "y 15",
  "Chrome for Android": "y 122",
  "Edge": "y 12",
  "Firefox": "y 4",
  "Firefox for Android": "y 123",
  "IE": "y 7",
  "IE Mobile": "u 11",
  "KaiOS Browser": "y 2.5",
  "Opera": "y 9.5",
  "Opera Mini": "u all",
  "Opera Mobile": "y 73",
  "QQ Browser": "y 13.1",
  "Safari": "y 5.1",
  "Safari on iOS": "y 3.2",
  "Samsung Internet": "u 23",
  "UC Browser for Android": "y 15.5"
 },
 "url": "https://html.spec.whatwg.org/multipage/interaction.html#attr-tabindex"
}