{
 "notes": "Not supported in some versions of Android's old WebKit-based WebView.",
 "support": {
  "Android Browser": "y 4.4",
  "Baidu Browser": "y 13.18",
  "Blackberry Browser": "y 10",
  "Chrome": "y 15",
  "Chrome for Android": "y 122",
  "Edge": "y 12",
  "Firefox": "y 11",
  "Firefox for Android": "y 123",
  "IE": "a 9",
  "IE Mobile": "a 10",
  "KaiOS Browser": "y 2.5",
  "Opera": "y 11.6",
  "Opera Mini": "y all",
  "Opera Mobile": "y 12",
  "QQ Browser": "y 13.1",
  "Safari": "y 6.1",
  "Safari on iOS": "y 6.0",
  "Samsung Internet": "y 4",
  "UC Browser for Android": "y 15.5"
 },
 "url": "https://dom.spec.whatwg.org/#interface-customevent"
}