{
 "notes": "WebVTT must be used with the [<track> element](/mdn-html_elements_track).",
 "support": {
  "Android Browser": "y 4.4",
  "Baidu Browser": "y 13.18",
  "Blackberry Browser": "y 10",
  "Chrome": "y 18",
  "Chrome for Android": "y 122",
  "Edge": "y 12",
  "Firefox": "y 31",
  "Firefox for Android": "y 123",
  "IE": "y 10",
  "IE Mobile": "y 11",
  "KaiOS Browser": "y 2.5",
  "Opera": "y 15",
  "Opera Mini": "n all",
  "Opera Mobile": "y 73",
  "QQ Browser": "y 13.1",
  "Safari": "y 6",
  "Safari on iOS": "y 7.0",
  "Samsung Internet": "y 4",
  "UC Browser for Android": "y 15.5"
 },
 "url": "https://w3c.github.io/webvtt/"
}