{
 "notes": "Partial support refers to the lack of compassneedscalibration event. Partial support also refers to the lack of devicemotion event support for Chrome 30- and Opera. Opera Mobile 14 lost the ondevicemotion event support. Firefox 3.6, 4 and 5 support the non-standard [MozOrientation](https://developer.mozilla.org/en/DOM/MozOrientation) event.",
 "support": {
  "Android Browser": "a 3",
  "Baidu Browser": "a 13.18",
  "Blackberry Browser": "a 10",
  "Chrome": "a 7",
  "Chrome for Android": "a 122",
  "Edge": "a 79",
  "Firefox": "a 6",
  "Firefox for Android": "a 123",
  "IE": "a 11",
  "IE Mobile": "y 11",
  "KaiOS Browser": "a 2.5",
  "Opera": "a 15",
  "Opera Mini": "n all",
  "Opera Mobile": "a 73",
  "QQ Browser": "a 13.1",
  "Safari": "n TP",
  "Safari on iOS": "a 4.2",
  "Samsung Internet": "a 4",
  "UC Browser for Android": "a 15.5"
 },
 "url": "https://www.w3.org/TR/orientation-event/"
}