{
 "notes": "Support refers to this format's use in the `audio` element, not other conditions.",
 "support": {
  "Android Browser": "y 2.3",
  "Baidu Browser": "y 13.18",
  "Blackberry Browser": "y 10",
  "Chrome": "y 4",
  "Chrome for Android": "y 122",
  "Edge": "y 17",
  "Firefox": "y 3.5",
  "Firefox for Android": "y 123",
  "IE": "n 11",
  "IE Mobile": "n 11",
  "KaiOS Browser": "y 2.5",
  "Opera": "y 10.5",
  "Opera Mini": "n all",
  "Opera Mobile": "y 11",
  "QQ Browser": "y 13.1",
  "Safari": "a 14.1",
  "Safari on iOS": "a 17.4",
  "Samsung Internet": "y 4",
  "UC Browser for Android": "y 15.5"
 },
 "url": "https://www.xiph.org/vorbis/doc/Vorbis_I_spec.html"
}