{
 "notes": "Browsers have generally decided to not implement DNSSEC validation because the added complexity outweighs the improvements to the browser. DNSSEC is still useful as it is widely used to protect delivery of records between DNS servers, only failing to protect the delivery from the last DNS server to the browser.\r\n\r\n[Certificate transparency](https://developer.mozilla.org/en-US/docs/Web/Security/Certificate_Transparency) is widely used and tries to provide the same security as DNSSEC but by very different means.",
 "support": {
  "Android Browser": "a 2.1",
  "Baidu Browser": "a 13.18",
  "Blackberry Browser": "a 7",
  "Chrome": "a 4",
  "Chrome for Android": "a 122",
  "Edge": "a 12",
  "Firefox": "a 2",
  "Firefox for Android": "a 123",
  "IE": "a 5.5",
  "IE Mobile": "a 10",
  "KaiOS Browser": "a 2.5",
  "Opera": "a 9",
  "Opera Mini": "a all",
  "Opera Mobile": "a 10",
  "QQ Browser": "a 13.1",
  "Safari": "a 3.1",
  "Safari on iOS": "a 3.2",
  "Samsung Internet": "a 4",
  "UC Browser for Android": "a 15.5"
 },
 "url": "https://tools.ietf.org/html/rfc4033"
}