{
 "notes": "As ES6 refers to a huge specification and browsers have various levels of support, \"Supported\" means at least 95% of the spec is supported. \"Partial support\" refers to at least 10% of the spec being supported. For full details see the [Kangax ES6 support table](https://compat-table.github.io/compat-table/es6/).",
 "support": {
  "Android Browser": "y 122",
  "Baidu Browser": "y 13.18",
  "Blackberry Browser": "a 10",
  "Chrome": "y 51",
  "Chrome for Android": "y 122",
  "Edge": "y 15",
  "Firefox": "y 54",
  "Firefox for Android": "y 123",
  "IE": "a 11",
  "IE Mobile": "a 11",
  "KaiOS Browser": "y 3.0",
  "Opera": "y 38",
  "Opera Mini": "n all",
  "Opera Mobile": "y 73",
  "QQ Browser": "y 13.1",
  "Safari": "y 10",
  "Safari on iOS": "y 10.0",
  "Samsung Internet": "y 5.0",
  "UC Browser for Android": "y 15.5"
 },
 "url": "https://tc39.es/ecma262/"
}