{
 "notes": "For screen readers, IE, Chrome & Firefox support the [accessible canvas element sub-DOM](http://www.paciellogroup.com/blog/2012/06/html5-canvas-accessibility-in-firefox-13/).\r\nFirefox & Chrome also support the drawfocus ring.",
 "support": {
  "Android Browser": "y 3",
  "Baidu Browser": "y 13.18",
  "Blackberry Browser": "y 7",
  "Chrome": "y 4",
  "Chrome for Android": "y 122",
  "Edge": "y 12",
  "Firefox": "y 3.6",
  "Firefox for Android": "y 123",
  "IE": "y 9",
  "IE Mobile": "y 10",
  "KaiOS Browser": "y 2.5",
  "Opera": "y 9",
  "Opera Mini": "a all",
  "Opera Mobile": "y 10",
  "QQ Browser": "y 13.1",
  "Safari": "y 4",
  "Safari on iOS": "y 3.2",
  "Samsung Internet": "y 4",
  "UC Browser for Android": "y 15.5"
 },
 "url": "https://html.spec.whatwg.org/multipage/scripting.html#the-canvas-element"
}