{
 "notes": "Webkit and blink-based mobile browsers recognize the property but it does not appear to have any effect.\r\n\r\nThere is currently no unprefixed `user-drag` or other version of the property implemented in browsers or on a standards track as the HTML [draggable](/mdn-api_htmlelement_draggable) attribute/property is the preferred solution.",
 "support": {
  "Android Browser": "n 122",
  "Baidu Browser": "n 13.18",
  "Blackberry Browser": "n 10",
  "Chrome": "a 16",
  "Chrome for Android": "n 122",
  "Edge": "a 79",
  "Firefox": "n 126",
  "Firefox for Android": "n 123",
  "IE": "n 11",
  "IE Mobile": "n 11",
  "KaiOS Browser": "n 3.0",
  "Opera": "a 15",
  "Opera Mini": "n all",
  "Opera Mobile": "n 73",
  "QQ Browser": "n 13.1",
  "Safari": "y 3.1",
  "Safari on iOS": "n 17.4",
  "Samsung Internet": "n 23",
  "UC Browser for Android": "n 15.5"
 },
 "url": "https://developer.apple.com/library/archive/documentation/AppleApplications/Reference/SafariCSSRef/Articles/StandardCSSProperties.html#//apple_ref/doc/uid/TP30001266--webkit-user-drag"
}