{
 "notes": "",
 "support": {
  "Android Browser": "y 122",
  "Baidu Browser": "y 13.18",
  "Blackberry Browser": "n 7",
  "Chrome": "y 52",
  "Chrome for Android": "y 122",
  "Edge": "y 79",
  "Firefox": "y 34",
  "Firefox for Android": "y 123",
  "IE": "n 11",
  "IE Mobile": "n 11",
  "KaiOS Browser": "y 2.5",
  "Opera": "y 39",
  "Opera Mini": "n all",
  "Opera Mobile": "y 73",
  "QQ Browser": "y 13.1",
  "Safari": "y 9.1",
  "Safari on iOS": "y 9.3",
  "Samsung Internet": "y 6.2",
  "UC Browser for Android": "y 15.5"
 },
 "url": "https://w3c.github.io/csswg-drafts/css-fonts-3/#propdef-font-variant-numeric"
}