{
 "notes": "All browsers have removed support. The header was too complicated to use, and when incorrectly implemented, could completely block websites for longer periods of time.\r\n\r\n[Certificate transparency](https://developer.mozilla.org/en-US/docs/Web/Security/Certificate_Transparency) is widely used and tries to provide the same security by very different means.",
 "support": {
  "Android Browser": "n 122",
  "Baidu Browser": "n 13.18",
  "Blackberry Browser": "n 10",
  "Chrome": "n 125",
  "Chrome for Android": "n 122",
  "Edge": "n 122",
  "Firefox": "n 126",
  "Firefox for Android": "n 123",
  "IE": "n 11",
  "IE Mobile": "n 11",
  "KaiOS Browser": "n 3.0",
  "Opera": "n 106",
  "Opera Mini": "n all",
  "Opera Mobile": "n 73",
  "QQ Browser": "n 13.1",
  "Safari": "n TP",
  "Safari on iOS": "n 17.4",
  "Samsung Internet": "n 23",
  "UC Browser for Android": "n 15.5"
 },
 "url": "https://tools.ietf.org/html/rfc7469"
}