{
 "notes": "Support will also depend on whether or not the OS has support for a light/dark theme preference.",
 "support": {
  "Android Browser": "y 122",
  "Baidu Browser": "y 13.18",
  "Blackberry Browser": "n 10",
  "Chrome": "y 76",
  "Chrome for Android": "y 122",
  "Edge": "y 79",
  "Firefox": "y 67",
  "Firefox for Android": "y 123",
  "IE": "n 11",
  "IE Mobile": "n 11",
  "KaiOS Browser": "y 3.0",
  "Opera": "y 62",
  "Opera Mini": "n all",
  "Opera Mobile": "y 73",
  "QQ Browser": "y 13.1",
  "Safari": "y 12.1",
  "Safari on iOS": "y 13.0",
  "Samsung Internet": "y 12.0",
  "UC Browser for Android": "y 15.5"
 },
 "url": "https://w3c.github.io/csswg-drafts/mediaqueries-5/#prefers-color-scheme"
}