{
 "notes": "",
 "support": {
  "Android Browser": "y 4.4",
  "Baidu Browser": "y 13.18",
  "Blackberry Browser": "y 10",
  "Chrome": "y 32",
  "Chrome for Android": "y 122",
  "Edge": "y 12",
  "Firefox": "y 49",
  "Firefox for Android": "y 123",
  "IE": "y 10",
  "IE Mobile": "y 10",
  "KaiOS Browser": "y 3.0",
  "Opera": "y 19",
  "Opera Mini": "y all",
  "Opera Mobile": "y 11",
  "QQ Browser": "y 13.1",
  "Safari": "y 7",
  "Safari on iOS": "y 7.0",
  "Samsung Internet": "y 4",
  "UC Browser for Android": "y 15.5"
 },
 "url": "https://www.w3.org/TR/css3-background/#the-background-repeat"
}