{
 "notes": "",
 "support": {
  "Android Browser": "a 2.1",
  "Baidu Browser": "a 13.18",
  "Blackberry Browser": "a 7",
  "Chrome": "a 4",
  "Chrome for Android": "a 122",
  "Edge": "a 12",
  "Firefox": "y 121",
  "Firefox for Android": "a 123",
  "IE": "a 5.5",
  "IE Mobile": "a 10",
  "KaiOS Browser": "a 2.5",
  "Opera": "a 9",
  "Opera Mini": "a all",
  "Opera Mobile": "a 10",
  "QQ Browser": "a 13.1",
  "Safari": "y 16.0",
  "Safari on iOS": "y 16.0",
  "Samsung Internet": "a 4",
  "UC Browser for Android": "a 15.5"
 },
 "url": "https://w3c.github.io/csswg-drafts/css-text-3/#text-indent-property"
}