{
 "notes": "While not supported in iOS Safari, it does work in iOS WebViews.",
 "support": {
  "Android Browser": "y 3",
  "Baidu Browser": "y 13.18",
  "Blackberry Browser": "y 7",
  "Chrome": "y 5",
  "Chrome for Android": "y 122",
  "Edge": "y 12",
  "Firefox": "y 4",
  "Firefox for Android": "y 123",
  "IE": "y 10",
  "IE Mobile": "y 10",
  "KaiOS Browser": "y 3.0",
  "Opera": "y 9.5",
  "Opera Mini": "n all",
  "Opera Mobile": "y 73",
  "QQ Browser": "y 13.1",
  "Safari": "y 5",
  "Safari on iOS": "n 17.4",
  "Samsung Internet": "y 4",
  "UC Browser for Android": "y 15.5"
 },
 "url": "https://html.spec.whatwg.org/multipage/forms.html#autofocusing-a-form-control:-the-autofocus-attribute"
}