{
 "notes": "Partial support refers to using alternate names:\r\n`::-webkit-input-placeholder` for Chrome/Safari/Opera ([Chrome issue #623345](https://bugs.chromium.org/p/chromium/issues/detail?id=623345)) \r\n`::-ms-input-placeholder` for Edge (also supports webkit prefix)",
 "support": {
  "Android Browser": "y 122",
  "Baidu Browser": "y 13.18",
  "Blackberry Browser": "n 10",
  "Chrome": "y 57",
  "Chrome for Android": "y 122",
  "Edge": "y 79",
  "Firefox": "y 51",
  "Firefox for Android": "y 123",
  "IE": "n 11",
  "IE Mobile": "n 11",
  "KaiOS Browser": "y 3.0",
  "Opera": "y 44",
  "Opera Mini": "n all",
  "Opera Mobile": "y 73",
  "QQ Browser": "y 13.1",
  "Safari": "y 10.1",
  "Safari on iOS": "y 10.3",
  "Samsung Internet": "y 7.2",
  "UC Browser for Android": "y 15.5"
 },
 "url": "https://w3c.github.io/csswg-drafts/css-pseudo-4/#placeholder-pseudo"
}