{
 "notes": "Removed in iOS 8.1 due to poor performance.",
 "support": {
  "Android Browser": "y 4",
  "Baidu Browser": "y 13.18",
  "Blackberry Browser": "y 10",
  "Chrome": "y 13",
  "Chrome for Android": "y 122",
  "Edge": "y 12",
  "Firefox": "y 7",
  "Firefox for Android": "y 123",
  "IE": "y 9",
  "IE Mobile": "y 10",
  "KaiOS Browser": "y 2.5",
  "Opera": "y 15",
  "Opera Mini": "n all",
  "Opera Mobile": "y 73",
  "QQ Browser": "y 13.1",
  "Safari": "y 8",
  "Safari on iOS": "y 9.0",
  "Samsung Internet": "y 4",
  "UC Browser for Android": "y 15.5"
 },
 "url": "https://www.w3.org/TR/navigation-timing/"
}