{
 "notes": "`dataTransfer.items` only supported by Chrome.\r\n\r\nCurrently no browser supports the `dropzone` attribute.\r\n\r\nFirefox supports any kind of DOM elements for `.setDragImage`. Chrome must have either an `HTMLImageElement` or any kind of DOM Element attached to the DOM _and within the viewport_ of the browser for `.setDragImage`.",
 "support": {
  "Android Browser": "y 122",
  "Baidu Browser": "n 13.18",
  "Blackberry Browser": "n 10",
  "Chrome": "y 4",
  "Chrome for Android": "y 122",
  "Edge": "y 18",
  "Firefox": "y 3.5",
  "Firefox for Android": "n 123",
  "IE": "a 5.5",
  "IE Mobile": "y 10",
  "KaiOS Browser": "n 3.0",
  "Opera": "y 12",
  "Opera Mini": "n all",
  "Opera Mobile": "y 12.1",
  "QQ Browser": "y 13.1",
  "Safari": "y 3.1",
  "Safari on iOS": "y 15.0",
  "Samsung Internet": "n 23",
  "UC Browser for Android": "y 15.5"
 },
 "url": "https://html.spec.whatwg.org/multipage/interaction.html#dnd"
}