{
 "notes": "Some old WebKit browsers (like Chrome 24) support `-webkit-text-emphasis`, but does not support CJK languages and is therefore considered unsupported.",
 "support": {
  "Android Browser": "y 122",
  "Baidu Browser": "n 13.18",
  "Blackberry Browser": "n 10",
  "Chrome": "y 99",
  "Chrome for Android": "y 122",
  "Edge": "y 99",
  "Firefox": "y 46",
  "Firefox for Android": "y 123",
  "IE": "n 11",
  "IE Mobile": "n 11",
  "KaiOS Browser": "y 2.5",
  "Opera": "y 86",
  "Opera Mini": "n all",
  "Opera Mobile": "y 73",
  "QQ Browser": "n 13.1",
  "Safari": "y 7.1",
  "Safari on iOS": "y 7.0",
  "Samsung Internet": "y 18.0",
  "UC Browser for Android": "y 15.5"
 },
 "url": "https://w3c.github.io/csswg-drafts/css-text-decor-3/#text-emphasis-property"
}