{
 "notes": "Not all browsers with support for the Audio API also support media streams (e.g. microphone input). See the [getUserMedia/Streams API](/#feat=stream) data for support for that feature.\r\n\r\nFirefox versions < 25 support an alternative, deprecated audio API.\r\n\r\nChrome support [went through some changes](https://developers.google.com/web/updates/2014/07/Web-Audio-Changes-in-m36) as of version 36.",
 "support": {
  "Android Browser": "y 122",
  "Baidu Browser": "y 13.18",
  "Blackberry Browser": "n 10",
  "Chrome": "y 34",
  "Chrome for Android": "y 122",
  "Edge": "y 12",
  "Firefox": "y 25",
  "Firefox for Android": "y 123",
  "IE": "n 11",
  "IE Mobile": "n 11",
  "KaiOS Browser": "y 2.5",
  "Opera": "y 22",
  "Opera Mini": "n all",
  "Opera Mobile": "y 73",
  "QQ Browser": "y 13.1",
  "Safari": "y 14.1",
  "Safari on iOS": "y 14.5",
  "Samsung Internet": "y 4",
  "UC Browser for Android": "y 15.5"
 },
 "url": "https://www.w3.org/TR/webaudio/"
}