{
 "notes": "Transparency for elements in IE8 and older can be achieved using the proprietary \"filter\" property and does not work well with PNG images using alpha transparency.",
 "support": {
  "Android Browser": "y 2.1",
  "Baidu Browser": "y 13.18",
  "Blackberry Browser": "y 7",
  "Chrome": "y 4",
  "Chrome for Android": "y 122",
  "Edge": "y 12",
  "Firefox": "y 2",
  "Firefox for Android": "y 123",
  "IE": "y 9",
  "IE Mobile": "y 10",
  "KaiOS Browser": "y 2.5",
  "Opera": "y 9",
  "Opera Mini": "y all",
  "Opera Mobile": "y 10",
  "QQ Browser": "y 13.1",
  "Safari": "y 3.1",
  "Safari on iOS": "y 3.2",
  "Samsung Internet": "y 4",
  "UC Browser for Android": "y 15.5"
 },
 "url": "https://www.w3.org/TR/css3-color/"
}