{
 "notes": "",
 "support": {
  "Android Browser": "y 122",
  "Baidu Browser": "n 13.18",
  "Blackberry Browser": "n 10",
  "Chrome": "y 111",
  "Chrome for Android": "y 122",
  "Edge": "y 111",
  "Firefox": "y 34",
  "Firefox for Android": "y 123",
  "IE": "n 11",
  "IE Mobile": "n 11",
  "KaiOS Browser": "y 2.5",
  "Opera": "y 98",
  "Opera Mini": "n all",
  "Opera Mobile": "n 73",
  "QQ Browser": "n 13.1",
  "Safari": "y 9.1",
  "Safari on iOS": "y 9.3",
  "Samsung Internet": "y 22",
  "UC Browser for Android": "n 15.5"
 },
 "url": "https://w3c.github.io/csswg-drafts/css-fonts-4/#propdef-font-variant-alternates"
}