{
 "notes": "See also support for the related [DOM range](https://caniuse.com/dom-range) ",
 "support": {
  "Android Browser": "y 4.2",
  "Baidu Browser": "y 13.18",
  "Blackberry Browser": "y 10",
  "Chrome": "y 15",
  "Chrome for Android": "y 122",
  "Edge": "y 12",
  "Firefox": "y 52",
  "Firefox for Android": "y 123",
  "IE": "y 9",
  "IE Mobile": "y 11",
  "KaiOS Browser": "y 3.0",
  "Opera": "y 15",
  "Opera Mini": "n all",
  "Opera Mobile": "y 73",
  "QQ Browser": "y 13.1",
  "Safari": "y 5.1",
  "Safari on iOS": "a 5.0",
  "Samsung Internet": "y 4",
  "UC Browser for Android": "y 15.5"
 },
 "url": "https://www.w3.org/TR/selection-api/"
}