{
 "notes": "",
 "support": {
  "Android Browser": "y 4.4.3",
  "Baidu Browser": "y 13.18",
  "Blackberry Browser": "y 10",
  "Chrome": "y 10",
  "Chrome for Android": "y 122",
  "Edge": "y 12",
  "Firefox": "y 4",
  "Firefox for Android": "y 123",
  "IE": "y 10",
  "IE Mobile": "a 10",
  "KaiOS Browser": "y 2.5",
  "Opera": "y 9.5",
  "Opera Mini": "n all",
  "Opera Mobile": "y 10",
  "QQ Browser": "y 13.1",
  "Safari": "y 10.1",
  "Safari on iOS": "y 10.3",
  "Samsung Internet": "y 4",
  "UC Browser for Android": "y 15.5"
 },
 "url": "https://html.spec.whatwg.org/multipage/forms.html#the-pattern-attribute"
}