{
 "notes": "The legacy Edge browser also offers a compatible implementation known as [ObjectRTC](http://blogs.msdn.com/b/ie/archive/2014/10/27/bringing-interoperable-real-time-communications-to-the-web.aspx). See [Object RTC](https://caniuse.com/#feat=objectrtc) for support details for that API.",
 "support": {
  "Android Browser": "y 122",
  "Baidu Browser": "y 13.18",
  "Blackberry Browser": "n 10",
  "Chrome": "y 56",
  "Chrome for Android": "y 122",
  "Edge": "y 79",
  "Firefox": "y 44",
  "Firefox for Android": "y 123",
  "IE": "n 11",
  "IE Mobile": "n 11",
  "KaiOS Browser": "y 2.5",
  "Opera": "y 43",
  "Opera Mini": "n all",
  "Opera Mobile": "y 73",
  "QQ Browser": "y 13.1",
  "Safari": "y 11",
  "Safari on iOS": "y 11.0",
  "Samsung Internet": "n 23",
  "UC Browser for Android": "y 15.5"
 },
 "url": "https://w3c.github.io/webrtc-pc/"
}