{
 "notes": "Unlike some other link relations, changing the relevant attributes (such as as, crossorigin, and referrerpolicy) of such a link does not trigger a new fetch. This is because the document's module map has already been populated by a previous fetch, and so re-fetching would be pointless.",
 "support": {
  "Android Browser": "y 122",
  "Baidu Browser": "y 13.18",
  "Blackberry Browser": "n 10",
  "Chrome": "y 66",
  "Chrome for Android": "y 122",
  "Edge": "y 79",
  "Firefox": "y 115",
  "Firefox for Android": "y 123",
  "IE": "n 11",
  "IE Mobile": "n 11",
  "KaiOS Browser": "n 3.0",
  "Opera": "y 53",
  "Opera Mini": "n all",
  "Opera Mobile": "y 73",
  "QQ Browser": "y 13.1",
  "Safari": "y 17.0",
  "Safari on iOS": "y 17.0",
  "Samsung Internet": "y 9.2",
  "UC Browser for Android": "y 15.5"
 },
 "url": "https://html.spec.whatwg.org/multipage/links.html#link-type-modulepreload"
}