{
 "notes": "Originally implemented only in Internet Explorer. Although several other browsers support the property, using `transform: scale()` is the recommended solution to scale content. Note though that `transform: scale()` does not work the same as `zoom`. If e.g. `transform: scale(0.6)` is used on the `html` or `body` element then it resizes the entire page, showing a minified page with huge white margins around it, whereas `zoom: 0.6` scales the *elements* on the page, but not the page itself on which the elements are drawn.",
 "support": {
  "Android Browser": "y 2.1",
  "Baidu Browser": "y 13.18",
  "Blackberry Browser": "y 7",
  "Chrome": "y 4",
  "Chrome for Android": "y 122",
  "Edge": "y 12",
  "Firefox": "n 126",
  "Firefox for Android": "n 123",
  "IE": "y 5.5",
  "IE Mobile": "y 10",
  "KaiOS Browser": "n 3.0",
  "Opera": "y 15",
  "Opera Mini": "n all",
  "Opera Mobile": "y 73",
  "QQ Browser": "y 13.1",
  "Safari": "y 4",
  "Safari on iOS": "y 4.0",
  "Samsung Internet": "y 4",
  "UC Browser for Android": "y 15.5"
 },
 "url": "https://developer.mozilla.org/en-US/docs/Web/CSS/zoom"
}