{
 "notes": "See also support for [HTTP2](https://caniuse.com/#feat=http2), successor of SPDY.",
 "support": {
  "Android Browser": "n 122",
  "Baidu Browser": "n 13.18",
  "Blackberry Browser": "n 10",
  "Chrome": "n 125",
  "Chrome for Android": "n 122",
  "Edge": "n 122",
  "Firefox": "n 126",
  "Firefox for Android": "n 123",
  "IE": "y 11",
  "IE Mobile": "y 11",
  "KaiOS Browser": "n 3.0",
  "Opera": "n 106",
  "Opera Mini": "n all",
  "Opera Mobile": "n 73",
  "QQ Browser": "n 13.1",
  "Safari": "y 8",
  "Safari on iOS": "y 8",
  "Samsung Internet": "n 23",
  "UC Browser for Android": "n 15.5"
 },
 "url": "https://www.chromium.org/spdy/"
}