{
 "notes": "",
 "support": {
  "Android Browser": "y 122",
  "Baidu Browser": "y 13.18",
  "Blackberry Browser": "n 10",
  "Chrome": "y 47",
  "Chrome for Android": "y 122",
  "Edge": "y 79",
  "Firefox": "y 49",
  "Firefox for Android": "y 123",
  "IE": "a 5.5",
  "IE Mobile": "a 10",
  "KaiOS Browser": "y 3.0",
  "Opera": "y 34",
  "Opera Mini": "n all",
  "Opera Mobile": "y 73",
  "QQ Browser": "y 13.1",
  "Safari": "y 16.0",
  "Safari on iOS": "y 16.0",
  "Samsung Internet": "y 5.0",
  "UC Browser for Android": "y 15.5"
 },
 "url": "https://www.w3.org/TR/css3-text/#text-align-last-property"
}