{
 "notes": "There used to also be a `datetime` type, but it was [dropped from the HTML spec](https://github.com/whatwg/html/issues/336).",
 "support": {
  "Android Browser": "y 4.4",
  "Baidu Browser": "y 13.18",
  "Blackberry Browser": "y 10",
  "Chrome": "y 25",
  "Chrome for Android": "y 122",
  "Edge": "y 13",
  "Firefox": "a 57",
  "Firefox for Android": "a 123",
  "IE": "n 11",
  "IE Mobile": "n 11",
  "KaiOS Browser": "a 2.5",
  "Opera": "y 9",
  "Opera Mini": "n all",
  "Opera Mobile": "y 10",
  "QQ Browser": "y 13.1",
  "Safari": "a 14.1",
  "Safari on iOS": "a 5.0",
  "Samsung Internet": "y 4",
  "UC Browser for Android": "y 15.5"
 },
 "url": "https://html.spec.whatwg.org/multipage/forms.html#date-state-(type=date)"
}