{
 "notes": "Currently no browsers appear to support the `marks` & `bleed` properties from the latest version of the specification.\r\n\r\n",
 "support": {
  "Android Browser": "u 122",
  "Baidu Browser": "y 13.18",
  "Blackberry Browser": "u 10",
  "Chrome": "y 15",
  "Chrome for Android": "y 122",
  "Edge": "y 79",
  "Firefox": "a 19",
  "Firefox for Android": "a 123",
  "IE": "a 8",
  "IE Mobile": "n 11",
  "KaiOS Browser": "a 2.5",
  "Opera": "y 15",
  "Opera Mini": "u all",
  "Opera Mobile": "y 73",
  "QQ Browser": "y 13.1",
  "Safari": "n TP",
  "Safari on iOS": "n 17.4",
  "Samsung Internet": "y 4",
  "UC Browser for Android": "y 15.5"
 },
 "url": "https://w3c.github.io/csswg-drafts/css-page-3/"
}