{
 "notes": "",
 "support": {
  "Android Browser": "y 122",
  "Baidu Browser": "y 13.18",
  "Blackberry Browser": "u 10",
  "Chrome": "y 65",
  "Chrome for Android": "y 122",
  "Edge": "y 79",
  "Firefox": "y 50",
  "Firefox for Android": "y 123",
  "IE": "n 11",
  "IE Mobile": "n 11",
  "KaiOS Browser": "y 3.0",
  "Opera": "y 52",
  "Opera Mini": "n all",
  "Opera Mobile": "y 73",
  "QQ Browser": "y 13.1",
  "Safari": "y 9",
  "Safari on iOS": "y 9.0",
  "Samsung Internet": "y 9.2",
  "UC Browser for Android": "y 15.5"
 },
 "url": "https://w3c.github.io/csswg-drafts/selectors-4/#the-any-link-pseudo"
}