{
 "notes": "Partial support refers to lack of filter support or buggy result from effects. A [CSS Filter Effects](https://www.w3.org/TR/filter-effects/) specification is in the works that would replace this method.",
 "support": {
  "Android Browser": "a 4.4",
  "Baidu Browser": "a 13.18",
  "Blackberry Browser": "y 10",
  "Chrome": "a 4",
  "Chrome for Android": "a 122",
  "Edge": "a 12",
  "Firefox": "y 3.5",
  "Firefox for Android": "y 123",
  "IE": "a 9",
  "IE Mobile": "n 11",
  "KaiOS Browser": "y 2.5",
  "Opera": "a 9",
  "Opera Mini": "n all",
  "Opera Mobile": "a 10",
  "QQ Browser": "a 13.1",
  "Safari": "a 4",
  "Safari on iOS": "a 3.2",
  "Samsung Internet": "a 4",
  "UC Browser for Android": "a 15.5"
 },
 "url": "https://www.w3.org/TR/SVG11/extend.html#ForeignObjectElement"
}