{
 "notes": "",
 "support": {
  "Android Browser": "y 122",
  "Baidu Browser": "y 13.18",
  "Blackberry Browser": "n 10",
  "Chrome": "y 68",
  "Chrome for Android": "y 122",
  "Edge": "y 79",
  "Firefox": "y 62",
  "Firefox for Android": "y 123",
  "IE": "a 9",
  "IE Mobile": "a 10",
  "KaiOS Browser": "y 2.5",
  "Opera": "y 55",
  "Opera Mini": "a all",
  "Opera Mobile": "y 12.1",
  "QQ Browser": "y 13.1",
  "Safari": "y 16.0",
  "Safari on iOS": "y 16.0",
  "Samsung Internet": "y 10.1",
  "UC Browser for Android": "y 15.5"
 },
 "url": "https://www.w3.org/TR/mediaqueries-4/#resolution"
}