{
 "notes": "Details on partial support can be found on [is ServiceWorker Ready?](https://jakearchibald.github.io/isserviceworkerready/)",
 "support": {
  "Android Browser": "a 122",
  "Baidu Browser": "y 13.18",
  "Blackberry Browser": "n 10",
  "Chrome": "y 45",
  "Chrome for Android": "y 122",
  "Edge": "y 17",
  "Firefox": "y 44",
  "Firefox for Android": "y 123",
  "IE": "n 11",
  "IE Mobile": "n 11",
  "KaiOS Browser": "y 3.0",
  "Opera": "y 32",
  "Opera Mini": "n all",
  "Opera Mobile": "y 73",
  "QQ Browser": "y 13.1",
  "Safari": "y 11.1",
  "Safari on iOS": "y 11.3",
  "Samsung Internet": "y 4",
  "UC Browser for Android": "y 15.5"
 },
 "url": "https://w3c.github.io/ServiceWorker/"
}