{
 "notes": "",
 "support": {
  "Android Browser": "y 4.4",
  "Baidu Browser": "y 13.18",
  "Blackberry Browser": "y 10",
  "Chrome": "y 14",
  "Chrome for Android": "y 122",
  "Edge": "y 13",
  "Firefox": "y 20",
  "Firefox for Android": "y 123",
  "IE": "n 11",
  "IE Mobile": "n 11",
  "KaiOS Browser": "y 2.5",
  "Opera": "y 15",
  "Opera Mini": "n all",
  "Opera Mobile": "y 73",
  "QQ Browser": "y 13.1",
  "Safari": "y 10.1",
  "Safari on iOS": "y 13.0",
  "Samsung Internet": "y 4",
  "UC Browser for Android": "y 15.5"
 },
 "url": "https://html.spec.whatwg.org/multipage/semantics.html#downloading-resources"
}