{
 "notes": "",
 "support": {
  "Android Browser": "y 122",
  "Baidu Browser": "n 13.18",
  "Blackberry Browser": "n 10",
  "Chrome": "y 105",
  "Chrome for Android": "y 122",
  "Edge": "y 105",
  "Firefox": "y 110",
  "Firefox for Android": "y 123",
  "IE": "n 11",
  "IE Mobile": "n 11",
  "KaiOS Browser": "n 3.0",
  "Opera": "y 91",
  "Opera Mini": "n all",
  "Opera Mobile": "y 73",
  "QQ Browser": "n 13.1",
  "Safari": "y 16.0",
  "Safari on iOS": "y 16.0",
  "Samsung Internet": "y 20",
  "UC Browser for Android": "n 15.5"
 },
 "url": "https://www.w3.org/TR/css-contain-3/#container-lengths"
}