{
 "notes": "",
 "support": {
  "Android Browser": "y 122",
  "Baidu Browser": "y 13.18",
  "Blackberry Browser": "n 10",
  "Chrome": "y 87",
  "Chrome for Android": "y 122",
  "Edge": "y 87",
  "Firefox": "y 88",
  "Firefox for Android": "y 123",
  "IE": "n 11",
  "IE Mobile": "n 11",
  "KaiOS Browser": "n 3.0",
  "Opera": "y 74",
  "Opera Mini": "n all",
  "Opera Mobile": "y 73",
  "QQ Browser": "n 13.1",
  "Safari": "a 16.4",
  "Safari on iOS": "a 16.4",
  "Samsung Internet": "y 14.0",
  "UC Browser for Android": "y 15.5"
 },
 "url": "https://datatracker.ietf.org/doc/rfc9114/"
}