{
 "notes": "See also support for [subgrids](#feat=css-subgrid)",
 "support": {
  "Android Browser": "y 122",
  "Baidu Browser": "y 13.18",
  "Blackberry Browser": "n 10",
  "Chrome": "y 57",
  "Chrome for Android": "y 122",
  "Edge": "y 16",
  "Firefox": "y 52",
  "Firefox for Android": "y 123",
  "IE": "n 11",
  "IE Mobile": "n 11",
  "KaiOS Browser": "y 2.5",
  "Opera": "y 44",
  "Opera Mini": "n all",
  "Opera Mobile": "y 73",
  "QQ Browser": "y 13.1",
  "Safari": "y 10.1",
  "Safari on iOS": "y 10.3",
  "Samsung Internet": "y 6.2",
  "UC Browser for Android": "y 15.5"
 },
 "url": "https://www.w3.org/TR/css-grid-1/"
}