{
 "notes": "",
 "support": {
  "Android Browser": "y 122",
  "Baidu Browser": "y 13.18",
  "Blackberry Browser": "n 10",
  "Chrome": "y 76",
  "Chrome for Android": "y 122",
  "Edge": "y 17",
  "Firefox": "y 103",
  "Firefox for Android": "y 123",
  "IE": "n 11",
  "IE Mobile": "n 11",
  "KaiOS Browser": "n 3.0",
  "Opera": "y 64",
  "Opera Mini": "n all",
  "Opera Mobile": "y 73",
  "QQ Browser": "n 13.1",
  "Safari": "n TP",
  "Safari on iOS": "n 17.4",
  "Samsung Internet": "y 12.0",
  "UC Browser for Android": "y 15.5"
 },
 "url": "https://drafts.fxtf.org/filter-effects-2/#BackdropFilterProperty"
}