{
 "notes": "Support was added in Chrome 24, but temporarily removed afterwards due to instability.",
 "support": {
  "Android Browser": "y 122",
  "Baidu Browser": "n 13.18",
  "Blackberry Browser": "y 10",
  "Chrome": "y 109",
  "Chrome for Android": "y 122",
  "Edge": "y 109",
  "Firefox": "y 2",
  "Firefox for Android": "y 123",
  "IE": "n 11",
  "IE Mobile": "n 11",
  "KaiOS Browser": "y 2.5",
  "Opera": "y 95",
  "Opera Mini": "n all",
  "Opera Mobile": "n 73",
  "QQ Browser": "n 13.1",
  "Safari": "y 10",
  "Safari on iOS": "y 5.0",
  "Samsung Internet": "y 21",
  "UC Browser for Android": "n 15.5"
 },
 "url": "https://www.w3.org/TR/MathML/"
}