{
 "notes": "As the specification includes many JavaScript features, un-numbered partial support varies widely and is shown in detail on the [ECMAScript 5 compatibility tables](https://compat-table.github.io/compat-table/es5/) by Kangax.",
 "support": {
  "Android Browser": "y 4.4",
  "Baidu Browser": "y 13.18",
  "Blackberry Browser": "y 10",
  "Chrome": "y 23",
  "Chrome for Android": "y 122",
  "Edge": "y 12",
  "Firefox": "y 21",
  "Firefox for Android": "y 123",
  "IE": "y 10",
  "IE Mobile": "y 10",
  "KaiOS Browser": "y 2.5",
  "Opera": "y 15",
  "Opera Mini": "a all",
  "Opera Mobile": "y 73",
  "QQ Browser": "y 13.1",
  "Safari": "y 6",
  "Safari on iOS": "y 6.0",
  "Samsung Internet": "y 4",
  "UC Browser for Android": "y 15.5"
 },
 "url": "https://www.ecma-international.org/ecma-262/5.1/"
}