{
 "notes": "",
 "support": {
  "Android Browser": "y 122",
  "Baidu Browser": "y 13.18",
  "Blackberry Browser": "a 10",
  "Chrome": "y 50",
  "Chrome for Android": "y 122",
  "Edge": "y 12",
  "Firefox": "y 15",
  "Firefox for Android": "y 123",
  "IE": "a 9",
  "IE Mobile": "y 10",
  "KaiOS Browser": "y 2.5",
  "Opera": "y 37",
  "Opera Mini": "y all",
  "Opera Mobile": "y 12.1",
  "QQ Browser": "y 13.1",
  "Safari": "y 11.1",
  "Safari on iOS": "y 11.3",
  "Samsung Internet": "y 5.0",
  "UC Browser for Android": "y 15.5"
 },
 "url": "https://www.w3.org/TR/SVG/linking.html#SVGFragmentIdentifiers"
}