{
 "notes": "This property is legacy and deprecated.\n[\"Some key events, or their values, might be suppressed by the IME in use\"](https://www.w3.org/TR/2019/WD-uievents-20190530/#keys-IME). On mobile (virtual keyboard), all keys are reported as 229.",
 "support": {
  "Android Browser": "y 122",
  "Baidu Browser": "a 13.18",
  "Blackberry Browser": "y 7",
  "Chrome": "y 4",
  "Chrome for Android": "a 122",
  "Edge": "y 12",
  "Firefox": "y 2",
  "Firefox for Android": "a 123",
  "IE": "y 9",
  "IE Mobile": "y 10",
  "KaiOS Browser": "y 2.5",
  "Opera": "y 10.0",
  "Opera Mini": "n all",
  "Opera Mobile": "y 10",
  "QQ Browser": "y 13.1",
  "Safari": "y 5.1",
  "Safari on iOS": "y 5.0",
  "Samsung Internet": "a 5.0",
  "UC Browser for Android": "y 15.5"
 },
 "url": "https://w3c.github.io/uievents/#dom-uievent-which"
}