{
 "notes": "",
 "support": {
  "Android Browser": "a 4.4",
  "Baidu Browser": "a 13.18",
  "Blackberry Browser": "n 10",
  "Chrome": "a 18",
  "Chrome for Android": "a 122",
  "Edge": "a 79",
  "Firefox": "a 34",
  "Firefox for Android": "a 123",
  "IE": "n 11",
  "IE Mobile": "a 10",
  "KaiOS Browser": "a 2.5",
  "Opera": "a 15",
  "Opera Mini": "n all",
  "Opera Mobile": "a 73",
  "QQ Browser": "a 13.1",
  "Safari": "a 6",
  "Safari on iOS": "a 8",
  "Samsung Internet": "a 6.2",
  "UC Browser for Android": "a 15.5"
 },
 "url": "https://www.w3.org/TR/media-frags/"
}