{
 "notes": "Where support for APNG is missing, only the first frame is displayed",
 "support": {
  "Android Browser": "y 122",
  "Baidu Browser": "y 13.18",
  "Blackberry Browser": "n 10",
  "Chrome": "y 59",
  "Chrome for Android": "y 122",
  "Edge": "y 79",
  "Firefox": "y 3",
  "Firefox for Android": "y 123",
  "IE": "n 11",
  "IE Mobile": "n 11",
  "KaiOS Browser": "y 2.5",
  "Opera": "y 46",
  "Opera Mini": "n all",
  "Opera Mobile": "y 10",
  "QQ Browser": "y 13.1",
  "Safari": "y 8",
  "Safari on iOS": "y 8",
  "Samsung Internet": "y 7.2",
  "UC Browser for Android": "y 15.5"
 },
 "url": "https://www.w3.org/TR/png"
}