{
 "notes": "",
 "support": {
  "Android Browser": "y 122",
  "Baidu Browser": "y 13.18",
  "Blackberry Browser": "n 10",
  "Chrome": "y 84",
  "Chrome for Android": "y 122",
  "Edge": "y 84",
  "Firefox": "y 75",
  "Firefox for Android": "y 123",
  "IE": "n 11",
  "IE Mobile": "n 11",
  "KaiOS Browser": "y 3.0",
  "Opera": "y 71",
  "Opera Mini": "n all",
  "Opera Mobile": "y 73",
  "QQ Browser": "a 13.1",
  "Safari": "y 13.1",
  "Safari on iOS": "y 13.4",
  "Samsung Internet": "a 4",
  "UC Browser for Android": "y 15.5"
 },
 "url": "https://w3c.github.io/csswg-drafts/web-animations/"
}