{
 "notes": "",
 "support": {
  "Android Browser": "y 4.4",
  "Baidu Browser": "y 13.18",
  "Blackberry Browser": "a 7",
  "Chrome": "y 24",
  "Chrome for Android": "y 122",
  "Edge": "y 12",
  "Firefox": "y 29",
  "Firefox for Android": "y 123",
  "IE": "y 11",
  "IE Mobile": "y 11",
  "KaiOS Browser": "y 3.0",
  "Opera": "y 15",
  "Opera Mini": "a all",
  "Opera Mobile": "y 73",
  "QQ Browser": "y 13.1",
  "Safari": "y 10",
  "Safari on iOS": "y 10.0",
  "Samsung Internet": "y 5.0",
  "UC Browser for Android": "y 15.5"
 },
 "url": "https://tc39.es/ecma402/#sup-String.prototype.localeCompare"
}