{
 "notes": "Samsung Internet for GearVR: In Development, release based on Chromium m53 due Q1/2017",
 "support": {
  "Android Browser": "n 122",
  "Baidu Browser": "n 13.18",
  "Blackberry Browser": "n 10",
  "Chrome": "y 33",
  "Chrome for Android": "y 122",
  "Edge": "y 14",
  "Firefox": "y 49",
  "Firefox for Android": "y 123",
  "IE": "n 11",
  "IE Mobile": "n 11",
  "KaiOS Browser": "y 2.5",
  "Opera": "y 27",
  "Opera Mini": "n all",
  "Opera Mobile": "n 73",
  "QQ Browser": "y 13.1",
  "Safari": "y 7",
  "Safari on iOS": "y 7.0",
  "Samsung Internet": "y 5.0",
  "UC Browser for Android": "n 15.5"
 },
 "url": "https://w3c.github.io/speech-api/speechapi.html#tts-section"
}