{
 "notes": "Reported to be supported in some Android 4.x browsers, including Sony Xperia S, Sony TX and HTC.",
 "support": {
  "Android Browser": "y 4.4",
  "Baidu Browser": "y 13.18",
  "Blackberry Browser": "y 7",
  "Chrome": "y 16",
  "Chrome for Android": "y 122",
  "Edge": "y 12",
  "Firefox": "y 11",
  "Firefox for Android": "y 123",
  "IE": "y 10",
  "IE Mobile": "y 10",
  "KaiOS Browser": "y 2.5",
  "Opera": "y 12.1",
  "Opera Mini": "n all",
  "Opera Mobile": "y 12.1",
  "QQ Browser": "y 13.1",
  "Safari": "y 7",
  "Safari on iOS": "y 6.0",
  "Samsung Internet": "y 4",
  "UC Browser for Android": "y 15.5"
 },
 "url": "https://html.spec.whatwg.org/multipage/comms.html#network"
}