{
 "notes": "See also [URLSearchParams](#feat=urlsearchparams).",
 "support": {
  "Android Browser": "y 4.4.3",
  "Baidu Browser": "y 13.18",
  "Blackberry Browser": "n 10",
  "Chrome": "y 32",
  "Chrome for Android": "y 122",
  "Edge": "y 12",
  "Firefox": "y 26",
  "Firefox for Android": "y 123",
  "IE": "n 11",
  "IE Mobile": "n 11",
  "KaiOS Browser": "y 2.5",
  "Opera": "y 19",
  "Opera Mini": "n all",
  "Opera Mobile": "y 73",
  "QQ Browser": "y 13.1",
  "Safari": "y 7.1",
  "Safari on iOS": "y 8",
  "Samsung Internet": "y 4",
  "UC Browser for Android": "y 15.5"
 },
 "url": "https://url.spec.whatwg.org/#api"
}