{
 "notes": "When displaying PDFs inline rather than separately, iOS Safari will only display the first page of the document.",
 "support": {
  "Android Browser": "n 122",
  "Baidu Browser": "n 13.18",
  "Blackberry Browser": "u 10",
  "Chrome": "y 15",
  "Chrome for Android": "n 122",
  "Edge": "y 15",
  "Firefox": "y 19",
  "Firefox for Android": "n 123",
  "IE": "a 11",
  "IE Mobile": "u 11",
  "KaiOS Browser": "n 3.0",
  "Opera": "y 12",
  "Opera Mini": "n all",
  "Opera Mobile": "n 73",
  "QQ Browser": "y 13.1",
  "Safari": "y 4",
  "Safari on iOS": "y 3.2",
  "Samsung Internet": "n 23",
  "UC Browser for Android": "n 15.5"
 },
 "url": "https://www.adobe.com/content/dam/acom/en/devnet/pdf/pdfs/PDF32000_2008.pdf"
}