{
 "notes": "Standard support includes the HTTP `Permissions-Policy` header, `allow` attribute on iframes and the `document.permissionsPolicy` JS API.",
 "support": {
  "Android Browser": "n 122",
  "Baidu Browser": "a 13.18",
  "Blackberry Browser": "n 10",
  "Chrome": "a 88",
  "Chrome for Android": "a 122",
  "Edge": "a 88",
  "Firefox": "n 126",
  "Firefox for Android": "n 123",
  "IE": "n 11",
  "IE Mobile": "n 11",
  "KaiOS Browser": "n 3.0",
  "Opera": "a 95",
  "Opera Mini": "n all",
  "Opera Mobile": "a 73",
  "QQ Browser": "n 13.1",
  "Safari": "n TP",
  "Safari on iOS": "n 17.4",
  "Samsung Internet": "n 23",
  "UC Browser for Android": "n 15.5"
 },
 "url": "https://w3c.github.io/webappsec-permissions-policy/"
}