{
 "notes": "",
 "support": {
  "Android Browser": "n 122",
  "Baidu Browser": "a 13.18",
  "Blackberry Browser": "n 10",
  "Chrome": "y 5",
  "Chrome for Android": "a 122",
  "Edge": "y 12",
  "Firefox": "y 3.6",
  "Firefox for Android": "y 123",
  "IE": "y 10",
  "IE Mobile": "n 11",
  "KaiOS Browser": "y 3.0",
  "Opera": "y 10.6",
  "Opera Mini": "n all",
  "Opera Mobile": "n 73",
  "QQ Browser": "a 13.1",
  "Safari": "y 4",
  "Safari on iOS": "y 6.0",
  "Samsung Internet": "a 5.0",
  "UC Browser for Android": "n 15.5"
 },
 "url": "https://html.spec.whatwg.org/multipage/forms.html#attr-input-multiple"
}