{
 "notes": "",
 "support": {
  "Android Browser": "y 122",
  "Baidu Browser": "u 13.18",
  "Blackberry Browser": "n 10",
  "Chrome": "y 96",
  "Chrome for Android": "y 122",
  "Edge": "y 96",
  "Firefox": "y 79",
  "Firefox for Android": "y 123",
  "IE": "n 11",
  "IE Mobile": "n 11",
  "KaiOS Browser": "n 2.5",
  "Opera": "y 82",
  "Opera Mini": "n all",
  "Opera Mobile": "y 73",
  "QQ Browser": "u 13.1",
  "Safari": "y 15",
  "Safari on iOS": "y 15.0",
  "Samsung Internet": "y 17.0",
  "UC Browser for Android": "y 15.5"
 },
 "url": "https://webassembly.github.io/spec/core/"
}