{
 "notes": "",
 "support": {
  "Android Browser": "y 122",
  "Baidu Browser": "n 13.18",
  "Blackberry Browser": "n 10",
  "Chrome": "y 108",
  "Chrome for Android": "y 122",
  "Edge": "y 108",
  "Firefox": "y 101",
  "Firefox for Android": "y 123",
  "IE": "n 11",
  "IE Mobile": "n 11",
  "KaiOS Browser": "n 3.0",
  "Opera": "y 94",
  "Opera Mini": "n all",
  "Opera Mobile": "n 73",
  "QQ Browser": "n 13.1",
  "Safari": "y 15.4",
  "Safari on iOS": "y 15.4",
  "Samsung Internet": "y 21",
  "UC Browser for Android": "n 15.5"
 },
 "url": "https://www.w3.org/TR/css-values-4/#viewport-variants"
}