{
 "notes": "Firefox and legacy Edge also support this property with the `-webkit-` prefix.",
 "support": {
  "Android Browser": "a 122",
  "Baidu Browser": "n 13.18",
  "Blackberry Browser": "n 10",
  "Chrome": "a 120",
  "Chrome for Android": "a 122",
  "Edge": "a 120",
  "Firefox": "y 49",
  "Firefox for Android": "y 123",
  "IE": "n 11",
  "IE Mobile": "n 11",
  "KaiOS Browser": "y 2.5",
  "Opera": "a 106",
  "Opera Mini": "n all",
  "Opera Mobile": "n 73",
  "QQ Browser": "n 13.1",
  "Safari": "a 14",
  "Safari on iOS": "a 14.0",
  "Samsung Internet": "n 23",
  "UC Browser for Android": "n 15.5"
 },
 "url": "https://drafts.csswg.org/css-backgrounds-4/#background-clip"
}