{
 "notes": "",
 "support": {
  "Android Browser": "n 122",
  "Baidu Browser": "n 13.18",
  "Blackberry Browser": "n 10",
  "Chrome": "n 125",
  "Chrome for Android": "n 122",
  "Edge": "n 122",
  "Firefox": "y 55",
  "Firefox for Android": "y 123",
  "IE": "a 8",
  "IE Mobile": "a 10",
  "KaiOS Browser": "y 3.0",
  "Opera": "n 106",
  "Opera Mini": "n all",
  "Opera Mobile": "n 73",
  "QQ Browser": "n 13.1",
  "Safari": "n TP",
  "Safari on iOS": "n 17.4",
  "Samsung Internet": "n 23",
  "UC Browser for Android": "n 15.5"
 },
 "url": "https://w3c.github.io/csswg-drafts/css-text-3/#text-justify-property"
}