{
 "notes": "WebKit, Blink, and Gecko browsers also support additional vendor specific values.",
 "support": {
  "Android Browser": "y 122",
  "Baidu Browser": "y 13.18",
  "Blackberry Browser": "n 10",
  "Chrome": "y 84",
  "Chrome for Android": "y 122",
  "Edge": "y 84",
  "Firefox": "y 80",
  "Firefox for Android": "y 123",
  "IE": "n 11",
  "IE Mobile": "a 11",
  "KaiOS Browser": "y 3.0",
  "Opera": "y 73",
  "Opera Mini": "n all",
  "Opera Mobile": "y 73",
  "QQ Browser": "n 13.1",
  "Safari": "y 15.4",
  "Safari on iOS": "y 15.4",
  "Samsung Internet": "n 23",
  "UC Browser for Android": "y 15.5"
 },
 "url": "https://www.w3.org/TR/css-ui-4/#appearance-switching"
}