{
 "notes": "The timestamp is not actually high-resolution. To mitigate security threats such as Spectre, browsers currently round the result to varying degrees.",
 "support": {
  "Android Browser": "y 4.4",
  "Baidu Browser": "y 13.18",
  "Blackberry Browser": "y 10",
  "Chrome": "y 24",
  "Chrome for Android": "y 122",
  "Edge": "y 12",
  "Firefox": "y 15",
  "Firefox for Android": "y 123",
  "IE": "y 10",
  "IE Mobile": "y 10",
  "KaiOS Browser": "y 2.5",
  "Opera": "y 15",
  "Opera Mini": "n all",
  "Opera Mobile": "y 73",
  "QQ Browser": "y 13.1",
  "Safari": "y 8",
  "Safari on iOS": "y 9.0",
  "Samsung Internet": "y 4",
  "UC Browser for Android": "y 15.5"
 },
 "url": "https://www.w3.org/TR/hr-time/"
}