{
 "notes": "Browsers without native support can still simulate support using CSS. Partial support refers to only supporting basic ruby, may still be missing writing-mode, Complex ruby and CSS3 Ruby.",
 "support": {
  "Android Browser": "a 3",
  "Baidu Browser": "a 13.18",
  "Blackberry Browser": "a 10",
  "Chrome": "a 5",
  "Chrome for Android": "a 122",
  "Edge": "a 12",
  "Firefox": "y 38",
  "Firefox for Android": "y 123",
  "IE": "a 5.5",
  "IE Mobile": "a 10",
  "KaiOS Browser": "y 2.5",
  "Opera": "a 15",
  "Opera Mini": "n all",
  "Opera Mobile": "a 73",
  "QQ Browser": "a 13.1",
  "Safari": "a 5",
  "Safari on iOS": "a 5.0",
  "Samsung Internet": "a 4",
  "UC Browser for Android": "a 15.5"
 },
 "url": "https://html.spec.whatwg.org/multipage/semantics.html#the-ruby-element"
}