{
 "notes": "To determine what commands are supported, see `Document.queryCommandSupported()`",
 "support": {
  "Android Browser": "y 4.1",
  "Baidu Browser": "y 13.18",
  "Blackberry Browser": "y 10",
  "Chrome": "y 4",
  "Chrome for Android": "y 122",
  "Edge": "y 12",
  "Firefox": "y 9",
  "Firefox for Android": "y 123",
  "IE": "y 5.5",
  "IE Mobile": "y 11",
  "KaiOS Browser": "y 2.5",
  "Opera": "y 10.0",
  "Opera Mini": "n all",
  "Opera Mobile": "y 10",
  "QQ Browser": "y 13.1",
  "Safari": "y 6",
  "Safari on iOS": "y 7.0",
  "Samsung Internet": "y 4",
  "UC Browser for Android": "y 15.5"
 },
 "url": "https://w3c.github.io/editing/execCommand.html#execcommand()"
}