{
 "notes": "",
 "support": {
  "Android Browser": "y 122",
  "Baidu Browser": "y 13.18",
  "Blackberry Browser": "n 10",
  "Chrome": "y 57",
  "Chrome for Android": "y 122",
  "Edge": "y 16",
  "Firefox": "y 52",
  "Firefox for Android": "y 123",
  "IE": "n 11",
  "IE Mobile": "n 11",
  "KaiOS Browser": "y 3.0",
  "Opera": "y 44",
  "Opera Mini": "n all",
  "Opera Mobile": "y 73",
  "QQ Browser": "y 13.1",
  "Safari": "y 11",
  "Safari on iOS": "y 11.0",
  "Samsung Internet": "y 7.2",
  "UC Browser for Android": "y 15.5"
 },
 "url": "https://github.com/WebAssembly/spec"
}