{
 "notes": "",
 "support": {
  "Android Browser": "y 122",
  "Baidu Browser": "y 13.18",
  "Blackberry Browser": "n 10",
  "Chrome": "y 48",
  "Chrome for Android": "y 122",
  "Edge": "y 12",
  "Firefox": "y 41",
  "Firefox for Android": "y 123",
  "IE": "a 5.5",
  "IE Mobile": "n 11",
  "KaiOS Browser": "y 2.5",
  "Opera": "y 35",
  "Opera Mini": "n all",
  "Opera Mobile": "y 73",
  "QQ Browser": "y 13.1",
  "Safari": "y 11",
  "Safari on iOS": "y 11.0",
  "Samsung Internet": "y 5.0",
  "UC Browser for Android": "y 15.5"
 },
 "url": "https://w3c.github.io/csswg-drafts/css-writing-modes-3/#block-flow"
}