{
 "notes": "Support for ARIA is rather complex and currently is not fully supported in any browser. For detailed information on partial support see the [ARIA 1.0 Implementation Report](https://www.w3.org/WAI/ARIA/1.0/CR/implementation-report)\r\n",
 "support": {
  "Android Browser": "a 4.4",
  "Baidu Browser": "a 13.18",
  "Blackberry Browser": "n 10",
  "Chrome": "a 4",
  "Chrome for Android": "a 122",
  "Edge": "a 12",
  "Firefox": "a 2",
  "Firefox for Android": "a 123",
  "IE": "a 8",
  "IE Mobile": "a 10",
  "KaiOS Browser": "a 2.5",
  "Opera": "a 9.5",
  "Opera Mini": "a all",
  "Opera Mobile": "a 10",
  "QQ Browser": "a 13.1",
  "Safari": "a 4",
  "Safari on iOS": "a 3.2",
  "Samsung Internet": "a 4",
  "UC Browser for Android": "a 15.5"
 },
 "url": "https://www.w3.org/TR/wai-aria/"
}