{
 "notes": "\"online\" does not always mean connection to the internet, it can also just mean connection to some network.\r\n\r\nEarly versions of Chrome and Safari always reported \"true\" for `navigator.onLine`",
 "support": {
  "Android Browser": "y 2.3",
  "Baidu Browser": "y 13.18",
  "Blackberry Browser": "y 10",
  "Chrome": "y 14",
  "Chrome for Android": "y 122",
  "Edge": "y 12",
  "Firefox": "y 41",
  "Firefox for Android": "y 123",
  "IE": "y 9",
  "IE Mobile": "y 10",
  "KaiOS Browser": "y 2.5",
  "Opera": "y 15",
  "Opera Mini": "n all",
  "Opera Mobile": "y 73",
  "QQ Browser": "y 13.1",
  "Safari": "y 5",
  "Safari on iOS": "y 4.2",
  "Samsung Internet": "y 4",
  "UC Browser for Android": "y 15.5"
 },
 "url": "https://html.spec.whatwg.org/multipage/browsers.html#browser-state"
}