{
 "notes": "",
 "support": {
  "Android Browser": "y 122",
  "Baidu Browser": "y 13.18",
  "Blackberry Browser": "n 10",
  "Chrome": "y 65",
  "Chrome for Android": "y 122",
  "Edge": "y 79",
  "Firefox": "y 59",
  "Firefox for Android": "y 123",
  "IE": "a 10",
  "IE Mobile": "a 10",
  "KaiOS Browser": "y 3.0",
  "Opera": "y 52",
  "Opera Mini": "n all",
  "Opera Mobile": "y 73",
  "QQ Browser": "y 13.1",
  "Safari": "y 16.0",
  "Safari on iOS": "y 16.0",
  "Samsung Internet": "y 8.2",
  "UC Browser for Android": "y 15.5"
 },
 "url": "https://drafts.csswg.org/css-overscroll/#overscroll-behavior-properties"
}