{
 "notes": "When changing the `innerHTML` content of a node containing a single `CharacterData` node, resulting in a single-but-different `CharacterData` child node, WebKit browsers consider this a `characterData` mutation of the child `CharacterData` node, while other browsers consider it a `childList` mutation of the parent node.",
 "support": {
  "Android Browser": "y 4.4",
  "Baidu Browser": "y 13.18",
  "Blackberry Browser": "y 10",
  "Chrome": "y 27",
  "Chrome for Android": "y 122",
  "Edge": "y 12",
  "Firefox": "y 14",
  "Firefox for Android": "y 123",
  "IE": "y 11",
  "IE Mobile": "y 11",
  "KaiOS Browser": "y 2.5",
  "Opera": "y 15",
  "Opera Mini": "n all",
  "Opera Mobile": "y 73",
  "QQ Browser": "y 13.1",
  "Safari": "y 6.1",
  "Safari on iOS": "y 7.0",
  "Samsung Internet": "y 4",
  "UC Browser for Android": "y 15.5"
 },
 "url": "https://dom.spec.whatwg.org/#mutation-observers"
}