{
 "notes": "Partial support refers to not supporting the `ALLOW-FROM` option.\r\nThe `X-Frame-Options` header has been obsoleted by [the `frame-ancestors` directive](https://www.w3.org/TR/CSP2/#directive-frame-ancestors) from Content Security Policy Level 2.",
 "support": {
  "Android Browser": "a 4",
  "Baidu Browser": "a 13.18",
  "Blackberry Browser": "a 7",
  "Chrome": "a 26",
  "Chrome for Android": "a 122",
  "Edge": "a 79",
  "Firefox": "a 70",
  "Firefox for Android": "a 123",
  "IE": "y 8",
  "IE Mobile": "y 10",
  "KaiOS Browser": "a 3.0",
  "Opera": "a 11.6",
  "Opera Mini": "n all",
  "Opera Mobile": "a 12.1",
  "QQ Browser": "a 13.1",
  "Safari": "a 5.1",
  "Safari on iOS": "a 7.0",
  "Samsung Internet": "a 4",
  "UC Browser for Android": "a 15.5"
 },
 "url": "https://tools.ietf.org/html/rfc7034"
}