{
 "notes": "",
 "support": {
  "Android Browser": "n 122",
  "Baidu Browser": "n 13.18",
  "Blackberry Browser": "y 10",
  "Chrome": "y 22",
  "Chrome for Android": "y 122",
  "Edge": "y 14",
  "Firefox": "y 22",
  "Firefox for Android": "y 123",
  "IE": "n 11",
  "IE Mobile": "n 11",
  "KaiOS Browser": "y 2.5",
  "Opera": "y 25",
  "Opera Mini": "n all",
  "Opera Mobile": "n 73",
  "QQ Browser": "n 13.1",
  "Safari": "y 6",
  "Safari on iOS": "a 16.4",
  "Samsung Internet": "n 23",
  "UC Browser for Android": "y 15.5"
 },
 "url": "https://notifications.spec.whatwg.org/"
}