{
 "notes": "",
 "support": {
  "Android Browser": "n 122",
  "Baidu Browser": "n 13.18",
  "Blackberry Browser": "n 10",
  "Chrome": "a 89",
  "Chrome for Android": "y 122",
  "Edge": "y 95",
  "Firefox": "n 126",
  "Firefox for Android": "y 123",
  "IE": "n 11",
  "IE Mobile": "n 11",
  "KaiOS Browser": "n 3.0",
  "Opera": "n 106",
  "Opera Mini": "n all",
  "Opera Mobile": "y 73",
  "QQ Browser": "n 13.1",
  "Safari": "y 12.1",
  "Safari on iOS": "y 12.2",
  "Samsung Internet": "y 8.2",
  "UC Browser for Android": "n 15.5"
 },
 "url": "https://www.w3.org/TR/web-share/"
}