{
 "notes": "Any ancestor between the sticky element and its user-scrollable container with overflow computed as anything but `visible`/`clip` will effectively prevent sticking behavior.",
 "support": {
  "Android Browser": "y 122",
  "Baidu Browser": "y 13.18",
  "Blackberry Browser": "n 10",
  "Chrome": "y 91",
  "Chrome for Android": "y 122",
  "Edge": "y 91",
  "Firefox": "y 59",
  "Firefox for Android": "y 123",
  "IE": "n 11",
  "IE Mobile": "n 11",
  "KaiOS Browser": "y 3.0",
  "Opera": "y 78",
  "Opera Mini": "n all",
  "Opera Mobile": "y 73",
  "QQ Browser": "a 13.1",
  "Safari": "y 13",
  "Safari on iOS": "y 13.0",
  "Samsung Internet": "y 6.2",
  "UC Browser for Android": "y 15.5"
 },
 "url": "https://w3c.github.io/csswg-drafts/css-position/#sticky-pos"
}