{
 "notes": "Internet Explorer implements Pointer Events specification which supports more input devices than Touch Events one.\r\n\r\nThere is a library on GitHub that is working toward bringing W3C touch events to IE 10 and 11: https://github.com/CamHenlin/TouchPolyfill \r\n\r\nRemoved support in Firefox refers to desktop Firefox only.",
 "support": {
  "Android Browser": "y 2.1",
  "Baidu Browser": "y 13.18",
  "Blackberry Browser": "y 7",
  "Chrome": "y 22",
  "Chrome for Android": "y 122",
  "Edge": "y 79",
  "Firefox": "y 52",
  "Firefox for Android": "y 123",
  "IE": "n 11",
  "IE Mobile": "a 11",
  "KaiOS Browser": "y 3.0",
  "Opera": "y 15",
  "Opera Mini": "n all",
  "Opera Mobile": "y 11",
  "QQ Browser": "y 13.1",
  "Safari": "n TP",
  "Safari on iOS": "y 3.2",
  "Samsung Internet": "y 4",
  "UC Browser for Android": "y 15.5"
 },
 "url": "https://www.w3.org/TR/touch-events/"
}