{
 "notes": "Can be partially emulated in older IE versions using the non-standard \"shadow\" filter.",
 "support": {
  "Android Browser": "y 4",
  "Baidu Browser": "y 13.18",
  "Blackberry Browser": "y 10",
  "Chrome": "y 10",
  "Chrome for Android": "y 122",
  "Edge": "y 12",
  "Firefox": "y 4",
  "Firefox for Android": "y 123",
  "IE": "y 9",
  "IE Mobile": "y 10",
  "KaiOS Browser": "y 2.5",
  "Opera": "y 10.5",
  "Opera Mini": "n all",
  "Opera Mobile": "y 11",
  "QQ Browser": "y 13.1",
  "Safari": "y 5.1",
  "Safari on iOS": "y 5.0",
  "Samsung Internet": "y 4",
  "UC Browser for Android": "y 15.5"
 },
 "url": "https://www.w3.org/TR/css3-background/#box-shadow"
}