{
 "notes": "",
 "support": {
  "Android Browser": "y 122",
  "Baidu Browser": "y 13.18",
  "Blackberry Browser": "n 10",
  "Chrome": "y 89",
  "Chrome for Android": "y 122",
  "Edge": "y 89",
  "Firefox": "y 102",
  "Firefox for Android": "y 123",
  "IE": "n 11",
  "IE Mobile": "n 11",
  "KaiOS Browser": "n 3.0",
  "Opera": "y 76",
  "Opera Mini": "n all",
  "Opera Mobile": "y 73",
  "QQ Browser": "a 13.1",
  "Safari": "a 10",
  "Safari on iOS": "a 10.3",
  "Samsung Internet": "y 15.0",
  "UC Browser for Android": "y 15.5"
 },
 "url": "https://streams.spec.whatwg.org/"
}