{
 "notes": "With introduction of this feature there will be no longer click event fired for non-primary buttons",
 "support": {
  "Android Browser": "y 122",
  "Baidu Browser": "y 13.18",
  "Blackberry Browser": "n 10",
  "Chrome": "y 55",
  "Chrome for Android": "y 122",
  "Edge": "y 79",
  "Firefox": "y 53",
  "Firefox for Android": "y 123",
  "IE": "n 11",
  "IE Mobile": "n 11",
  "KaiOS Browser": "n 3.0",
  "Opera": "y 42",
  "Opera Mini": "n all",
  "Opera Mobile": "y 73",
  "QQ Browser": "y 13.1",
  "Safari": "n TP",
  "Safari on iOS": "n 17.4",
  "Samsung Internet": "y 5.0",
  "UC Browser for Android": "y 15.5"
 },
 "url": "https://w3c.github.io/uievents/#event-type-auxclick"
}