{
 "notes": "Many browsers support the `[crypto.getRandomValues()](#feat=getrandomvalues)` method, but not actual cryptography functionality under `crypto.subtle`.",
 "support": {
  "Android Browser": "y 122",
  "Baidu Browser": "y 13.18",
  "Blackberry Browser": "n 10",
  "Chrome": "y 37",
  "Chrome for Android": "y 122",
  "Edge": "y 12",
  "Firefox": "y 34",
  "Firefox for Android": "y 123",
  "IE": "n 11",
  "IE Mobile": "n 11",
  "KaiOS Browser": "y 2.5",
  "Opera": "y 24",
  "Opera Mini": "n all",
  "Opera Mobile": "y 73",
  "QQ Browser": "y 13.1",
  "Safari": "y 11",
  "Safari on iOS": "y 11.0",
  "Samsung Internet": "y 4",
  "UC Browser for Android": "y 15.5"
 },
 "url": "https://www.w3.org/TR/WebCryptoAPI/"
}