{
 "notes": "",
 "support": {
  "Android Browser": "y 122",
  "Baidu Browser": "y 13.18",
  "Blackberry Browser": "n 10",
  "Chrome": "y 69",
  "Chrome for Android": "y 122",
  "Edge": "y 79",
  "Firefox": "y 83",
  "Firefox for Android": "y 123",
  "IE": "n 11",
  "IE Mobile": "n 11",
  "KaiOS Browser": "y 3.0",
  "Opera": "y 56",
  "Opera Mini": "n all",
  "Opera Mobile": "y 73",
  "QQ Browser": "y 13.1",
  "Safari": "y 12.1",
  "Safari on iOS": "y 12.2",
  "Samsung Internet": "y 10.1",
  "UC Browser for Android": "y 15.5"
 },
 "url": "https://www.w3.org/TR/css-images-4/#conic-gradients"
}