{
 "notes": "",
 "support": {
  "Android Browser": "y 122",
  "Baidu Browser": "y 13.18",
  "Blackberry Browser": "u 10",
  "Chrome": "y 71",
  "Chrome for Android": "y 122",
  "Edge": "y 12",
  "Firefox": "y 32",
  "Firefox for Android": "y 123",
  "IE": "y 9",
  "IE Mobile": "u 11",
  "KaiOS Browser": "y 2.5",
  "Opera": "y 58",
  "Opera Mini": "n all",
  "Opera Mobile": "y 73",
  "QQ Browser": "y 13.1",
  "Safari": "y 17.2",
  "Safari on iOS": "y 17.2",
  "Samsung Internet": "y 10.1",
  "UC Browser for Android": "y 15.5"
 },
 "url": "https://docs.microsoft.com/en-us/typography/opentype/spec/colr"
}