{
 "notes": "",
 "support": {
  "Android Browser": "n 122",
  "Baidu Browser": "y 13.18",
  "Blackberry Browser": "n 10",
  "Chrome": "y 49",
  "Chrome for Android": "y 122",
  "Edge": "y 79",
  "Firefox": "y 29",
  "Firefox for Android": "n 123",
  "IE": "n 11",
  "IE Mobile": "n 11",
  "KaiOS Browser": "y 2.5",
  "Opera": "y 36",
  "Opera Mini": "n all",
  "Opera Mobile": "y 73",
  "QQ Browser": "y 13.1",
  "Safari": "y 14.1",
  "Safari on iOS": "y 14.5",
  "Samsung Internet": "y 5.0",
  "UC Browser for Android": "y 15.5"
 },
 "url": "https://w3c.github.io/mediacapture-record/MediaRecorder.html"
}