{
 "notes": "Partial support refers to supporting the older specification's \"matchesSelector\" name rather than just \"matches\".",
 "support": {
  "Android Browser": "y 122",
  "Baidu Browser": "y 13.18",
  "Blackberry Browser": "n 10",
  "Chrome": "y 34",
  "Chrome for Android": "y 122",
  "Edge": "y 15",
  "Firefox": "y 34",
  "Firefox for Android": "y 123",
  "IE": "n 11",
  "IE Mobile": "n 11",
  "KaiOS Browser": "y 2.5",
  "Opera": "y 21",
  "Opera Mini": "n all",
  "Opera Mobile": "y 73",
  "QQ Browser": "y 13.1",
  "Safari": "y 7.1",
  "Safari on iOS": "y 8",
  "Samsung Internet": "y 5.0",
  "UC Browser for Android": "y 15.5"
 },
 "url": "https://dom.spec.whatwg.org/#dom-element-matches"
}