{
 "notes": "Older iOS versions and Android 4.0.4 claim support, but implementation is too buggy to be useful.",
 "support": {
  "Android Browser": "y 4.2",
  "Baidu Browser": "y 13.18",
  "Blackberry Browser": "y 7",
  "Chrome": "y 5",
  "Chrome for Android": "y 122",
  "Edge": "y 12",
  "Firefox": "y 4",
  "Firefox for Android": "y 123",
  "IE": "y 10",
  "IE Mobile": "y 10",
  "KaiOS Browser": "y 2.5",
  "Opera": "y 11.5",
  "Opera Mini": "n all",
  "Opera Mobile": "y 11.1",
  "QQ Browser": "y 13.1",
  "Safari": "y 6",
  "Safari on iOS": "y 5.0",
  "Samsung Internet": "y 4",
  "UC Browser for Android": "y 15.5"
 },
 "url": "https://html.spec.whatwg.org/multipage/browsers.html#dom-history-pushstate"
}