{
 "notes": "Firefox, Chrome and Safari support the unofficial `-webkit-background-clip: text` (only with prefix). Safari does not support `-webkit-background-clip: text;` for `<button>` elements. But you can put `<span>` inside `<button>` to get the same result.",
 "support": {
  "Android Browser": "y 4.4",
  "Baidu Browser": "y 13.18",
  "Blackberry Browser": "y 7",
  "Chrome": "y 15",
  "Chrome for Android": "y 122",
  "Edge": "y 12",
  "Firefox": "y 4",
  "Firefox for Android": "y 123",
  "IE": "y 9",
  "IE Mobile": "y 10",
  "KaiOS Browser": "y 2.5",
  "Opera": "y 10.5",
  "Opera Mini": "a all",
  "Opera Mobile": "y 10",
  "QQ Browser": "y 13.1",
  "Safari": "y 7",
  "Safari on iOS": "y 7.0",
  "Samsung Internet": "y 4",
  "UC Browser for Android": "y 15.5"
 },
 "url": "https://www.w3.org/TR/css3-background/#backgrounds"
}