{
 "notes": "Support refers to this format's use in the `audio` element, not other conditions.",
 "support": {
  "Android Browser": "y 2.3",
  "Baidu Browser": "y 13.18",
  "Blackberry Browser": "y 7",
  "Chrome": "y 4",
  "Chrome for Android": "y 122",
  "Edge": "y 12",
  "Firefox": "y 22",
  "Firefox for Android": "y 123",
  "IE": "y 9",
  "IE Mobile": "y 10",
  "KaiOS Browser": "y 2.5",
  "Opera": "y 15",
  "Opera Mini": "n all",
  "Opera Mobile": "y 11",
  "QQ Browser": "y 13.1",
  "Safari": "y 4",
  "Safari on iOS": "y 4.0",
  "Samsung Internet": "y 4",
  "UC Browser for Android": "y 15.5"
 },
 "url": "http://mpgedit.org/mpgedit/mpeg_format/MP3Format.html"
}