{
 "notes": "",
 "support": {
  "Android Browser": "y 3",
  "Baidu Browser": "y 13.18",
  "Blackberry Browser": "y 10",
  "Chrome": "y 9",
  "Chrome for Android": "y 122",
  "Edge": "y 12",
  "Firefox": "y 6",
  "Firefox for Android": "y 123",
  "IE": "y 10",
  "IE Mobile": "y 10",
  "KaiOS Browser": "y 2.5",
  "Opera": "y 12.1",
  "Opera Mini": "y all",
  "Opera Mobile": "y 12.1",
  "QQ Browser": "y 13.1",
  "Safari": "y 5.1",
  "Safari on iOS": "y 5.0",
  "Samsung Internet": "y 4",
  "UC Browser for Android": "y 15.5"
 },
 "url": "https://www.w3.org/TR/cssom-view/#dom-window-matchmedia"
}