{
 "notes": "Support refers to the `clip-path` CSS property on HTML elements specifically. Support for `clip-path` in SVG is supported in all browsers with [basic SVG](#feat=svg) support.",
 "support": {
  "Android Browser": "a 122",
  "Baidu Browser": "a 13.18",
  "Blackberry Browser": "n 10",
  "Chrome": "a 55",
  "Chrome for Android": "a 122",
  "Edge": "a 79",
  "Firefox": "y 54",
  "Firefox for Android": "y 123",
  "IE": "n 11",
  "IE Mobile": "n 11",
  "KaiOS Browser": "y 3.0",
  "Opera": "a 42",
  "Opera Mini": "n all",
  "Opera Mobile": "a 73",
  "QQ Browser": "a 13.1",
  "Safari": "a 13.1",
  "Safari on iOS": "a 13.0",
  "Samsung Internet": "n 23",
  "UC Browser for Android": "a 15.5"
 },
 "url": "https://www.w3.org/TR/css-masking-1/#the-clip-path"
}