{
 "notes": "",
 "support": {
  "Android Browser": "y 122",
  "Baidu Browser": "y 13.18",
  "Blackberry Browser": "n 10",
  "Chrome": "y 51",
  "Chrome for Android": "y 122",
  "Edge": "y 79",
  "Firefox": "n 126",
  "Firefox for Android": "n 123",
  "IE": "n 11",
  "IE Mobile": "n 11",
  "KaiOS Browser": "n 3.0",
  "Opera": "y 45",
  "Opera Mini": "n all",
  "Opera Mobile": "y 73",
  "QQ Browser": "y 13.1",
  "Safari": "n TP",
  "Safari on iOS": "y 14.0",
  "Samsung Internet": "y 7.2",
  "UC Browser for Android": "y 15.5"
 },
 "url": "https://www.w3.org/TR/credential-management-1/"
}