{
 "notes": "",
 "support": {
  "Android Browser": "y 4.4.3",
  "Baidu Browser": "y 13.18",
  "Blackberry Browser": "n 10",
  "Chrome": "y 31",
  "Chrome for Android": "y 122",
  "Edge": "y 12",
  "Firefox": "y 42",
  "Firefox for Android": "y 123",
  "IE": "a 11",
  "IE Mobile": "y 11",
  "KaiOS Browser": "y 2.5",
  "Opera": "y 15",
  "Opera Mini": "n all",
  "Opera Mobile": "y 73",
  "QQ Browser": "y 13.1",
  "Safari": "y 8",
  "Safari on iOS": "a 13.0",
  "Samsung Internet": "y 9.2",
  "UC Browser for Android": "y 15.5"
 },
 "url": "https://www.w3.org/TR/media-source/"
}