{
 "notes": "",
 "support": {
  "Android Browser": "y 4.4",
  "Baidu Browser": "y 13.18",
  "Blackberry Browser": "y 10",
  "Chrome": "y 20",
  "Chrome for Android": "y 122",
  "Edge": "y 12",
  "Firefox": "y 4",
  "Firefox for Android": "y 123",
  "IE": "a 6",
  "IE Mobile": "a 11",
  "KaiOS Browser": "y 2.5",
  "Opera": "y 10.0",
  "Opera Mini": "a all",
  "Opera Mobile": "y 10",
  "QQ Browser": "y 13.1",
  "Safari": "y 6",
  "Safari on iOS": "y 6.0",
  "Samsung Internet": "y 4",
  "UC Browser for Android": "y 15.5"
 },
 "url": "https://html.spec.whatwg.org/multipage/forms.html#attr-fieldset-disabled"
}