{
 "notes": "",
 "support": {
  "Android Browser": "n 122",
  "Baidu Browser": "u 13.18",
  "Blackberry Browser": "u 10",
  "Chrome": "n 125",
  "Chrome for Android": "u 122",
  "Edge": "n 122",
  "Firefox": "y 48",
  "Firefox for Android": "y 123",
  "IE": "n 11",
  "IE Mobile": "u 11",
  "KaiOS Browser": "y 2.5",
  "Opera": "n 106",
  "Opera Mini": "n all",
  "Opera Mobile": "n 73",
  "QQ Browser": "n 13.1",
  "Safari": "y 15.4",
  "Safari on iOS": "y 15.4",
  "Samsung Internet": "u 23",
  "UC Browser for Android": "u 15.5"
 },
 "url": "https://w3c.github.io/csswg-drafts/css-color-adjust-1/#propdef-print-color-adjust"
}