{
 "notes": "Whenever possible, font-variant shorthand property or an associated longhand property, font-variant-ligatures, font-variant-caps, font-variant-east-asian, font-variant-alternates, font-variant-numeric or font-variant-position should be used. This property is a low-level feature designed to handle special cases where no other way to enable or access an OpenType font feature exists. In particular, this CSS property shouldn't be used to enable small caps.",
 "support": {
  "Android Browser": "y 122",
  "Baidu Browser": "y 13.18",
  "Blackberry Browser": "n 10",
  "Chrome": "y 48",
  "Chrome for Android": "y 122",
  "Edge": "y 12",
  "Firefox": "y 34",
  "Firefox for Android": "y 123",
  "IE": "y 10",
  "IE Mobile": "n 11",
  "KaiOS Browser": "y 2.5",
  "Opera": "y 35",
  "Opera Mini": "n all",
  "Opera Mobile": "y 73",
  "QQ Browser": "y 13.1",
  "Safari": "y 9.1",
  "Safari on iOS": "y 9.3",
  "Samsung Internet": "y 5.0",
  "UC Browser for Android": "y 15.5"
 },
 "url": "https://w3.org/TR/css3-fonts/#font-rend-props"
}